level,type,name,isin,issue_date,maturity_date,face_value,quantity,coupon,rating
2A,Fixed,GovBond-433,BW251090431,2025-04-13,2029-04-12,100,26,0.022,AAA
1,Floating,SOFR-4176,BP935255879,2024-02-09,2027-02-08,500,36,,
2B,Floating,Emerging-609,ZQ497348624,2025-04-07,2033-04-05,1000,33,,BBB
1,Fixed,GOV-2987,LK257542821,2025-01-16,2044-01-12,1000,30,0.0425,
2A,Fixed,Corp-5024,QB179339387,2024-07-15,2044-07-10,100,46,0.048,AAA
1,Fixed,SOFR-227,NE870712717,2022-07-03,2030-07-01,1000,34,0.0457,
2A,Fixed,GovBond-7287,TH266728356,2024-06-22,2051-06-16,100,37,0.0797,AAA
2B,Floating,Foreign-2961,IS689613566,2022-07-23,2044-07-17,500,47,,BBB
2A,Fixed,Corp-9084,OE953935594,2025-01-14,2046-01-09,100,27,0.0737,AA
2A,Fixed,Corp-1359,NW450181254,2021-05-26,2034-05-23,500,4,0.0451,AAA
2B,Floating,Emerging-3129,ID568643134,2022-11-24,2038-11-20,500,28,,A
2A,Fixed,Corp-683,SY563743222,2025-03-20,2027-03-20,1000,13,0.0634,AA
1,Fixed,GOV-768,XB962367015,2024-08-18,2036-08-15,500,22,0.029,
1,Fixed,TBILL-3878,QJ878577047,2024-11-20,2051-11-14,100,20,0.0254,
1,Fixed,SOFR-4033,JM309589556,2021-02-08,2044-02-03,100,20,0.004,
2A,Fixed,Corp-1895,WF678258442,2024-12-14,2040-12-10,1000,21,0.0381,AAA
2A,Fixed,GovBond-6680,KH225070248,2022-08-22,2052-08-14,1000,14,0.0647,AA
1,Floating,TBILL-9371,DF910655171,2023-01-24,2045-01-18,100,32,,
1,Floating,TBILL-4696,QA149791186,2024-04-08,2035-04-06,500,11,,
2A,Fixed,Corp-8803,UC688747436,2023-07-31,2043-07-26,100,11,0.0361,AAA
2B,Floating,Corp-6712,RS128657143,2021-11-11,2029-11-09,100,19,,A
2B,Fixed,Corp-2973,BZ542748830,2024-06-21,2054-06-14,1000,49,0.0881,A
1,Floating,TBILL-2319,AV375247391,2025-01-08,2054-01-01,100,50,,
2B,Fixed,Foreign-6326,JT837930144,2025-05-21,2041-05-17,100,46,0.0823,BBB
2B,Floating,Emerging-9112,AZ848791299,2025-07-05,2055-06-28,100,46,,A
2B,Fixed,Foreign-1832,QV311100620,2021-04-07,2037-04-03,500,16,0.064,A
2B,Fixed,Foreign-5541,LE787313367,2025-06-15,2043-06-11,1000,7,0.0804,A
1,Fixed,SOFR-6184,FS855166492,2021-09-11,2028-09-09,500,19,0.032,
2A,Fixed,Corp-4451,XK515437067,2024-11-29,2027-11-29,1000,48,0.0378,AAA
2A,Fixed,GovBond-8193,PZ422081950,2024-01-22,2048-01-16,100,38,0.0514,AA
2A,Fixed,GovBond-1447,UQ653259480,2021-03-30,2049-03-23,500,50,0.0693,AAA
2B,Floating,Emerging-2199,KO797146612,2024-02-07,2047-02-01,1000,12,,BBB
2A,Fixed,Corp-1534,ZV908011326,2022-02-04,2026-02-03,500,39,0.0264,AAA
2A,Fixed,GovBond-8307,GQ668443881,2021-02-16,2037-02-12,500,28,0.0211,AAA
2A,Fixed,Corp-5618,SR199999709,2022-06-28,2040-06-23,100,19,0.0334,AAA
2A,Fixed,GovBond-9553,IP018306203,2021-01-11,2041-01-06,1000,21,0.0633,AA
2B,Fixed,Foreign-2112,GR656804532,2024-11-20,2025-11-20,500,30,0.0397,BBB
2A,Fixed,GovBond-6163,FA780697905,2024-01-11,2037-01-07,100,37,0.0565,AA
2A,Fixed,Corp-4299,FP852510186,2023-12-16,2032-12-13,1000,48,0.0531,AA
1,Fixed,SOFR-4405,VU231129730,2024-07-22,2038-07-19,500,45,0.0137,
1,Fixed,TBILL-4605,FC998565924,2023-08-03,2043-07-29,1000,28,0.0048,
2A,Fixed,Corp-8566,VP276522854,2022-04-14,2048-04-07,500,25,0.0421,AAA
2B,Floating,Foreign-591,AD152689130,2025-09-24,2052-09-17,100,33,,A
2B,Floating,Corp-1981,JN658713374,2024-10-31,2043-10-27,1000,20,,A
2A,Fixed,Corp-5220,HW143258846,2020-12-25,2035-12-22,100,4,0.0277,AA
2B,Fixed,Foreign-4215,RE845257646,2023-12-13,2051-12-06,100,3,0.0712,BBB
2A,Fixed,Corp-5896,AN693386413,2025-01-13,2028-01-13,100,47,0.0461,AAA
2A,Fixed,GovBond-7976,MV262181286,2025-05-20,2052-05-13,100,39,0.0247,AAA
1,Floating,TBILL-3600,KA264945300,2024-10-13,2051-10-07,100,38,,
2A,Fixed,GovBond-6237,OH003716966,2023-10-24,2042-10-19,100,16,0.0268,AA
2B,Fixed,Foreign-4803,QK015109933,2025-02-03,2040-01-31,500,14,0.0475,BBB
2A,Fixed,Corp-1156,CC458441721,2022-05-11,2032-05-08,1000,4,0.0571,AAA
2B,Fixed,Emerging-4981,SY149921255,2022-05-08,2036-05-04,1000,29,0.0519,A
2B,Fixed,Emerging-8927,LE555366908,2021-05-26,2035-05-23,500,36,0.0388,BBB
2A,Fixed,Corp-5721,AC499755874,2021-07-10,2035-07-07,500,44,0.0784,AAA
2A,Fixed,Corp-1219,FZ515296921,2022-11-24,2034-11-21,1000,22,0.0691,AA
2B,Floating,Corp-7487,SC417620479,2025-03-16,2054-03-09,500,43,,A
1,Floating,TBILL-8545,XR977498088,2024-04-12,2039-04-09,100,10,,
2A,Fixed,Corp-8581,NB437011029,2022-11-26,2026-11-25,500,26,0.0717,AAA
2B,Fixed,Emerging-8821,XE619469087,2021-03-22,2032-03-19,1000,10,0.0423,A
2A,Fixed,GovBond-1174,GP905038440,2021-12-07,2036-12-03,1000,14,0.064,AA
2A,Fixed,Corp-9436,YZ005481787,2023-12-18,2034-12-15,100,37,0.0215,AAA
2B,Fixed,Corp-5579,UM661922007,2022-09-12,2048-09-05,1000,48,0.0464,BBB
2A,Fixed,GovBond-8617,PK395118576,2025-04-01,2040-03-28,100,6,0.0353,AA
2B,Floating,Foreign-8196,LA542003893,2024-08-25,2054-08-18,1000,21,,BBB
2A,Fixed,Corp-1287,MD339265127,2025-01-19,2032-01-18,1000,9,0.0415,AA
2B,Fixed,Emerging-7838,JF252942943,2023-11-11,2045-11-05,100,16,0.0309,BBB
2B,Floating,Emerging-6114,IQ095211246,2024-09-02,2034-08-31,1000,15,,A
2B,Fixed,Foreign-2118,CK150364508,2025-01-07,2052-01-01,100,1,0.0819,BBB
2B,Fixed,Corp-8514,KY370305939,2025-02-28,2036-02-26,500,7,0.0734,BBB
1,Floating,SOFR-6080,MB364266197,2023-12-02,2033-11-29,500,49,,
2B,Fixed,Foreign-2474,VV846697410,2021-10-08,2048-10-01,1000,31,0.0699,BBB
2A,Fixed,Corp-5454,YQ790667746,2025-07-23,2029-07-22,100,40,0.0267,AA
2A,Fixed,Corp-5260,WZ775361504,2021-08-25,2041-08-20,500,39,0.0676,AA
2A,Fixed,GovBond-4225,QA957758373,2021-01-12,2038-01-08,1000,33,0.0312,AA
1,Floating,GOV-9504,OJ178320991,2025-01-16,2042-01-12,1000,21,,
2B,Floating,Corp-591,SU482368995,2023-11-03,2051-10-27,500,12,,BBB
2B,Fixed,Emerging-6199,RY412262040,2022-01-01,2051-12-25,100,43,0.0846,A
2B,Floating,Foreign-8335,VY304149907,2021-06-12,2038-06-08,500,16,,A
2A,Fixed,GovBond-6184,WF280286146,2022-11-12,2032-11-09,100,31,0.0453,AA
1,Floating,TBILL-9530,PR525745483,2025-11-13,2037-11-10,100,41,,
2B,Floating,Foreign-210,CT636508758,2022-08-04,2037-07-31,500,44,,A
2B,Fixed,Emerging-1649,ZM448928951,2025-03-23,2049-03-17,500,25,0.0354,A
2B,Floating,Foreign-2318,WG012835289,2023-10-15,2043-10-10,100,10,,A
2B,Fixed,Corp-7914,HH013474057,2024-07-31,2027-07-31,100,36,0.0612,BBB
2A,Fixed,GovBond-869,KX047100875,2021-08-14,2050-08-07,500,45,0.0358,AA
2B,Floating,Emerging-9829,HE787111358,2022-07-03,2050-06-26,500,8,,BBB
1,Floating,GOV-7293,MG550010942,2025-07-08,2055-07-01,100,5,,
2A,Fixed,Corp-178,SJ357325873,2022-02-22,2034-02-19,1000,18,0.0787,AAA
2B,Fixed,Corp-6626,WL956089753,2023-05-18,2039-05-14,500,37,0.0805,A
2A,Fixed,GovBond-8,IE917273744,2021-07-08,2048-07-01,100,43,0.0797,AAA
2A,Fixed,Corp-8676,FS191040299,2022-12-31,2043-12-26,100,13,0.0313,AAA
2A,Fixed,Corp-8527,RT669149286,2025-05-22,2054-05-15,500,15,0.0644,AA
2B,Fixed,Corp-6463,MJ861661449,2021-01-13,2031-01-11,100,46,0.0562,A
1,Floating,TBILL-5710,KA273999333,2021-03-15,2041-03-10,1000,28,,
1,Fixed,GOV-4090,UR679557853,2021-02-16,2036-02-13,100,1,0.0227,
2A,Fixed,GovBond-5980,GD226301001,2020-12-31,2032-12-28,500,26,0.0533,AA
2A,Fixed,GovBond-6043,QO453275674,2021-02-20,2040-02-16,100,10,0.0328,AA
2B,Fixed,Corp-8494,ZI789517567,2022-09-26,2040-09-21,500,48,0.0661,A
2A,Fixed,GovBond-636,II031549177,2021-12-10,2035-12-07,1000,25,0.0417,AA
2B,Fixed,Corp-5449,HT522810782,2022-05-12,2040-05-07,500,6,0.0726,BBB
2B,Fixed,Emerging-3958,FZ665248375,2025-09-20,2041-09-16,1000,38,0.0637,BBB
2B,Fixed,Corp-5555,ZU995443340,2021-09-16,2047-09-10,500,50,0.0409,BBB
2A,Fixed,GovBond-1335,BO814956509,2022-10-01,2035-09-28,1000,13,0.0663,AAA
2A,Fixed,Corp-2900,IN865710326,2025-05-18,2035-05-16,500,2,0.0527,AA
2B,Floating,Emerging-2760,JF367859361,2024-11-14,2049-11-08,100,13,,A
2B,Floating,Foreign-9617,YC893977429,2020-12-29,2045-12-23,1000,41,,A
1,Fixed,SOFR-3556,MM340531410,2022-04-16,2043-04-11,1000,24,0.0128,
2A,Fixed,GovBond-4121,QK713095430,2024-01-22,2049-01-15,500,31,0.078,AAA
2B,Floating,Corp-1278,KC828464977,2023-12-10,2046-12-04,1000,48,,A
1,Fixed,GOV-4600,SQ313889179,2023-06-13,2029-06-11,500,30,0.0459,
2B,Floating,Emerging-1223,NA035281101,2020-12-18,2028-12-16,1000,35,,A
2B,Fixed,Corp-5625,SB715371404,2023-05-18,2053-05-10,1000,7,0.0561,A
2A,Fixed,GovBond-816,EB437107939,2025-05-19,2049-05-13,500,31,0.0373,AA
2A,Fixed,GovBond-4326,QF709584502,2023-04-09,2027-04-08,100,13,0.073,AAA
2A,Fixed,GovBond-773,TF383353926,2025-06-26,2052-06-19,500,31,0.0733,AAA
2B,Fixed,Emerging-7468,XE216259437,2021-08-30,2033-08-27,500,24,0.0785,A
2A,Fixed,GovBond-9457,YC752760645,2025-08-21,2026-08-21,1000,45,0.0346,AAA
2A,Fixed,Corp-9536,VM482605665,2021-02-12,2029-02-10,500,49,0.0609,AAA
2A,Fixed,GovBond-4437,DF806552784,2023-01-06,2038-01-02,1000,13,0.0506,AA
1,Fixed,TBILL-9275,WF039560369,2022-07-29,2046-07-23,100,3,0.0468,
2B,Fixed,Emerging-3206,UN731637019,2023-09-27,2033-09-24,500,47,0.0416,A
2A,Fixed,GovBond-7068,MU647949372,2021-05-24,2030-05-22,100,8,0.0778,AAA
2B,Floating,Foreign-5314,MH684435821,2025-03-25,2028-03-24,500,35,,A
1,Floating,GOV-5183,OZ285622668,2021-10-18,2032-10-15,1000,29,,
2B,Floating,Foreign-198,LF521535097,2021-12-08,2033-12-05,1000,22,,BBB
2B,Fixed,Emerging-2676,US318475836,2023-02-04,2047-01-29,100,11,0.0341,BBB
2A,Fixed,GovBond-546,TD133796181,2025-06-14,2029-06-13,500,7,0.0404,AA
2B,Fixed,Corp-3410,YO354029096,2024-09-10,2049-09-04,500,10,0.0881,A
2B,Floating,Foreign-3581,ZL531724520,2024-08-14,2052-08-07,100,30,,BBB
2A,Fixed,Corp-4495,DW873595851,2024-10-10,2052-10-03,100,17,0.0765,AAA
2B,Floating,Foreign-4707,WS810793810,2024-01-06,2029-01-04,1000,22,,A
2B,Fixed,Corp-5494,LZ393209479,2025-03-10,2042-03-06,500,22,0.0887,BBB
2B,Floating,Emerging-2007,HP224335897,2025-08-04,2038-08-01,1000,45,,BBB
1,Floating,SOFR-5446,WK152870222,2022-10-08,2046-10-02,500,32,,
2B,Fixed,Emerging-9944,CG123685080,2025-06-05,2037-06-02,500,49,0.0729,BBB
2B,Fixed,Corp-9909,DY210513825,2025-08-27,2035-08-25,1000,5,0.0437,A
2B,Fixed,Foreign-715,YZ336821315,2023-09-01,2041-08-27,500,48,0.0418,A
2B,Floating,Foreign-9485,QT040725514,2021-05-29,2046-05-23,500,24,,BBB
2B,Floating,Foreign-4321,ME589796045,2021-11-25,2027-11-24,1000,25,,A
2B,Floating,Foreign-7021,MM304706865,2020-11-26,2041-11-21,100,46,,A
2B,Fixed,Corp-8220,SZ137356422,2025-01-29,2052-01-23,1000,20,0.084,BBB
1,Floating,SOFR-8025,JQ338674457,2023-01-07,2028-01-06,500,48,,
2B,Fixed,Corp-7447,TW967083136,2022-08-01,2033-07-29,100,49,0.0589,BBB
2B,Floating,Foreign-1143,YK675652423,2025-04-25,2029-04-24,1000,31,,BBB
2A,Fixed,Corp-8426,TF727258680,2021-08-19,2028-08-17,500,2,0.0509,AA
2A,Fixed,GovBond-4873,FM276593700,2025-07-21,2031-07-20,1000,24,0.0358,AA
2B,Floating,Foreign-6675,EY497471905,2022-03-29,2030-03-27,100,50,,A
2B,Fixed,Emerging-2357,CM647794150,2022-07-19,2044-07-13,1000,24,0.0579,A
1,Fixed,GOV-3649,XO660416765,2021-11-10,2039-11-06,100,2,0.0343,
2A,Fixed,GovBond-5054,TB617875798,2022-02-25,2051-02-18,100,15,0.0538,AAA
2B,Fixed,Foreign-4150,YN515820146,2023-08-17,2035-08-14,500,46,0.0343,BBB
2B,Fixed,Emerging-7709,PW124863687,2025-09-09,2033-09-07,100,2,0.0562,BBB
2B,Floating,Foreign-9988,AN997996338,2023-04-30,2049-04-23,1000,9,,BBB
2B,Fixed,Foreign-931,ZD035822876,2022-11-22,2039-11-18,1000,46,0.0508,A
2B,Floating,Foreign-4418,BY652947967,2025-06-23,2026-06-23,1000,48,,A
2B,Floating,Corp-7499,NS554686207,2021-05-22,2049-05-15,500,29,,A
2A,Fixed,GovBond-8585,XB133938318,2025-01-23,2034-01-21,100,18,0.0779,AA
2A,Fixed,Corp-4081,IK571872810,2022-02-07,2041-02-02,500,17,0.059,AA
2A,Fixed,Corp-5151,DZ967455658,2023-02-04,2031-02-02,500,18,0.0798,AAA
2A,Fixed,Corp-4293,TG696541324,2025-06-24,2037-06-21,100,50,0.0638,AAA
1,Floating,SOFR-9203,ZJ591346865,2025-08-18,2053-08-11,100,39,,
2A,Fixed,GovBond-5818,HZ055779850,2023-09-03,2037-08-30,100,14,0.0233,AAA
2A,Fixed,Corp-6044,VJ214195234,2024-05-20,2042-05-16,500,9,0.0479,AAA
1,Floating,SOFR-7046,UN238879094,2021-01-25,2030-01-23,500,4,,
2A,Fixed,GovBond-8935,SO444532077,2021-02-01,2027-01-31,1000,17,0.0392,AA
2A,Fixed,GovBond-2151,BR502469615,2021-08-28,2030-08-26,1000,30,0.0317,AA
2B,Fixed,Emerging-3509,FY058957590,2023-07-03,2051-06-26,100,8,0.0351,BBB
2B,Floating,Emerging-1102,EJ297971187,2021-01-30,2031-01-28,500,22,,BBB
2A,Fixed,GovBond-1219,RJ654556980,2021-01-29,2028-01-28,1000,18,0.0216,AAA
2A,Fixed,GovBond-2970,WN471395678,2022-10-26,2035-10-23,500,25,0.0628,AAA
2A,Fixed,GovBond-9971,EZ826853904,2025-04-06,2036-04-03,100,46,0.0764,AA
1,Fixed,SOFR-1212,RT237775730,2025-04-29,2054-04-22,100,32,0.0057,
2A,Fixed,Corp-1913,AL546799529,2024-12-10,2052-12-03,100,3,0.0764,AA
1,Floating,SOFR-9199,KJ857700702,2024-01-15,2034-01-12,500,30,,
2B,Fixed,Corp-9449,RG699973541,2024-07-27,2035-07-25,1000,38,0.0478,BBB
2B,Fixed,Foreign-4479,YU760485827,2024-10-06,2049-09-30,500,50,0.0352,BBB
1,Fixed,GOV-9192,VX639357331,2023-05-08,2030-05-06,1000,37,0.0273,
2A,Fixed,GovBond-2507,XF552050492,2025-04-24,2029-04-23,500,27,0.0392,AAA
1,Fixed,GOV-6291,RG868767923,2024-12-26,2028-12-25,500,48,0.028,
2B,Fixed,Emerging-4800,CF483911821,2022-10-01,2038-09-27,500,2,0.0789,A
2A,Fixed,Corp-7967,FC663423930,2024-09-19,2038-09-16,100,19,0.0795,AAA
2A,Fixed,GovBond-194,IJ812603583,2021-11-15,2046-11-09,1000,30,0.02,AA
2A,Fixed,Corp-3326,MF553662143,2022-05-07,2036-05-03,500,38,0.0265,AAA
2A,Fixed,Corp-8295,SX234244507,2024-02-05,2026-02-04,1000,4,0.027,AAA
2A,Fixed,GovBond-24,HO268226683,2025-06-02,2050-05-27,1000,32,0.0775,AA
2B,Floating,Corp-8097,UI248165522,2023-02-27,2033-02-24,100,13,,A
2B,Fixed,Emerging-5026,XF256101680,2023-08-23,2048-08-16,500,37,0.0843,BBB
2B,Fixed,Corp-8663,BC127566779,2022-08-28,2037-08-24,100,17,0.0792,BBB
2A,Fixed,Corp-8831,ZI734135910,2025-10-09,2046-10-04,100,7,0.0411,AAA
2B,Fixed,Corp-9492,WU168155960,2024-05-05,2034-05-03,500,25,0.0878,BBB
1,Floating,TBILL-2827,RK516767278,2022-04-28,2036-04-24,100,24,,
2A,Fixed,GovBond-491,AB017538205,2022-11-17,2038-11-13,100,15,0.0661,AAA
1,Floating,TBILL-8532,WS184305600,2023-08-22,2043-08-17,100,39,,
2B,Floating,Emerging-7006,AO886951866,2025-10-03,2050-09-27,500,50,,BBB
1,Floating,TBILL-4252,KU006934172,2025-05-06,2042-05-02,500,47,,
2B,Fixed,Foreign-7786,HY896443763,2024-01-30,2028-01-29,500,26,0.0793,A
2B,Fixed,Corp-3063,NP026922640,2022-07-04,2036-06-30,500,42,0.0604,A
1,Fixed,TBILL-9289,JS159753334,2021-05-09,2043-05-04,1000,26,0.0274,
2B,Floating,Foreign-9099,TO927766154,2024-11-04,2047-10-30,100,21,,A
2B,Floating,Foreign-6510,PV312326632,2021-02-19,2033-02-16,500,5,,A
2A,Fixed,GovBond-6072,VM486742178,2021-01-24,2042-01-19,100,49,0.0533,AA
1,Fixed,SOFR-216,KD078671820,2024-09-26,2036-09-23,100,49,0.0168,
2A,Fixed,GovBond-4890,UI834159264,2023-08-19,2027-08-18,1000,10,0.0638,AA
2B,Floating,Foreign-6183,KV259574469,2021-06-18,2039-06-14,100,43,,BBB
2A,Fixed,Corp-7688,GV542953514,2025-04-23,2027-04-23,500,29,0.0674,AA
2A,Fixed,GovBond-5311,QV185522386,2022-01-24,2030-01-22,100,48,0.0485,AA
2A,Fixed,GovBond-9656,WF257330997,2024-07-07,2049-07-01,500,49,0.0558,AAA
2A,Fixed,Corp-2424,EQ616296020,2021-08-22,2040-08-17,100,19,0.039,AA
2B,Floating,Emerging-9125,QH392342416,2024-09-04,2043-08-31,100,6,,BBB
2A,Fixed,GovBond-9649,ZO290408571,2024-03-18,2044-03-13,1000,39,0.0362,AAA
2B,Fixed,Corp-9067,SX120978743,2023-06-15,2031-06-13,500,31,0.0707,BBB
2A,Fixed,Corp-471,JO805294139,2024-09-15,2049-09-09,500,31,0.0412,AA
2A,Fixed,GovBond-2327,TW488031783,2020-12-04,2034-12-01,1000,49,0.0243,AAA
1,Floating,GOV-3778,ZD637098131,2025-07-16,2029-07-15,1000,35,,
2B,Fixed,Emerging-2926,GT678865252,2021-12-31,2048-12-24,100,14,0.0634,A
1,Floating,TBILL-7848,OX043604853,2021-11-07,2034-11-04,100,12,,
1,Fixed,SOFR-1278,YR996612934,2023-03-14,2032-03-11,100,25,0.0347,
2B,Floating,Corp-1713,KS136753187,2023-03-15,2043-03-10,500,23,,A
1,Fixed,GOV-9300,SG827401317,2021-06-02,2026-06-01,1000,15,0.0104,
2A,Fixed,GovBond-958,UQ610100972,2021-06-22,2039-06-18,500,41,0.026,AA
2B,Fixed,Foreign-4348,TQ259558453,2023-05-16,2053-05-08,100,5,0.0719,A
2A,Fixed,Corp-8334,ZD590681977,2024-11-19,2033-11-17,100,28,0.0328,AAA
2B,Fixed,Foreign-5389,SR644526883,2025-03-31,2055-03-24,1000,42,0.0576,A
2A,Fixed,GovBond-9670,HJ571872501,2022-06-05,2041-05-31,1000,45,0.0628,AA
2A,Fixed,GovBond-2860,NR471871898,2024-04-01,2046-03-27,1000,27,0.0751,AAA
2A,Fixed,GovBond-5647,HK686615433,2023-04-11,2052-04-03,1000,33,0.0765,AAA
1,Floating,SOFR-9062,BJ538602859,2021-02-26,2044-02-21,500,45,,
2B,Fixed,Foreign-3429,WA766755222,2023-02-21,2042-02-16,100,44,0.0854,A
1,Fixed,TBILL-8812,JS777452579,2022-12-18,2051-12-11,1000,4,0.0466,
2A,Fixed,Corp-4932,MF836430446,2022-07-31,2038-07-27,1000,5,0.055,AA
1,Fixed,SOFR-2782,ZM675609956,2023-10-25,2029-10-23,100,14,0.0253,
2B,Fixed,Corp-6686,LU757133555,2025-04-19,2043-04-15,1000,33,0.0776,BBB
2A,Fixed,GovBond-1921,KU639522027,2025-01-25,2052-01-19,1000,34,0.0373,AA
1,Floating,TBILL-6113,PA979216346,2024-04-14,2054-04-07,100,48,,
2B,Floating,Corp-1787,FE117836648,2023-06-23,2044-06-17,500,47,,A
2B,Floating,Foreign-9525,OK810194551,2024-09-19,2045-09-14,500,29,,A
2B,Fixed,Foreign-6052,ZS354780304,2024-01-03,2038-12-30,100,20,0.057,A
2B,Floating,Emerging-5079,AT941798042,2024-06-05,2027-06-05,1000,13,,BBB
1,Fixed,SOFR-8814,MD909932024,2021-01-21,2034-01-18,500,5,0.019,
2B,Floating,Corp-2528,XI040542088,2023-03-20,2032-03-17,100,4,,BBB
1,Floating,TBILL-8615,YS225874789,2023-06-04,2027-06-03,500,5,,
1,Floating,GOV-8463,GT237701885,2025-10-11,2035-10-09,100,26,,
2A,Fixed,GovBond-9345,CC246780703,2024-08-31,2032-08-29,500,35,0.052,AAA
2B,Fixed,Foreign-2528,YK371711850,2023-09-09,2039-09-05,500,49,0.0367,A
2B,Fixed,Emerging-7851,QO685140315,2023-04-24,2044-04-18,500,39,0.0697,BBB
2A,Fixed,Corp-6085,BN195593219,2022-12-30,2052-12-22,1000,33,0.0577,AAA
2A,Fixed,Corp-1930,GX233171005,2025-10-07,2040-10-03,100,6,0.0641,AA
2A,Fixed,GovBond-2783,ZA746749378,2020-12-18,2026-12-17,500,41,0.0334,AAA
2B,Fixed,Foreign-7127,DX248277116,2022-06-22,2032-06-19,100,13,0.0534,BBB
2B,Floating,Emerging-3279,XO440846758,2025-11-13,2041-11-09,500,41,,A
2B,Floating,Corp-3073,BS163382598,2025-01-07,2048-01-02,500,20,,BBB
2B,Fixed,Emerging-8331,UN798340587,2024-02-06,2026-02-05,500,9,0.0603,BBB
1,Floating,TBILL-6049,LX385978772,2025-03-25,2041-03-21,1000,15,,
2B,Floating,Emerging-8598,RJ305323584,2023-12-19,2049-12-12,1000,21,,BBB
2B,Fixed,Emerging-49,TM248519400,2025-03-22,2055-03-15,1000,28,0.0605,A
2B,Fixed,Corp-2136,NS300026172,2024-07-04,2048-06-28,500,7,0.0763,A
2A,Fixed,GovBond-3545,TN581170245,2025-10-03,2045-09-28,500,49,0.0381,AAA
2A,Fixed,Corp-1417,QQ600320922,2023-11-26,2041-11-21,1000,16,0.0713,AAA
1,Fixed,SOFR-1202,JY059428432,2025-11-05,2037-11-02,1000,10,0.0082,
1,Floating,SOFR-1616,ED831397364,2025-03-29,2037-03-26,100,31,,
1,Floating,GOV-711,YY617205799,2024-11-12,2041-11-08,500,37,,
1,Floating,SOFR-6377,TH721967480,2023-08-30,2053-08-22,500,35,,
1,Floating,TBILL-9483,DU798264711,2025-05-30,2029-05-29,100,9,,
2B,Fixed,Foreign-8927,NT458039014,2024-05-23,2026-05-23,100,48,0.0461,A
2A,Fixed,GovBond-5497,JJ944545623,2023-02-18,2041-02-13,1000,4,0.0534,AAA
2B,Fixed,Foreign-2271,CL913941916,2022-08-26,2036-08-22,1000,7,0.0836,A
1,Floating,SOFR-3734,TS872442076,2021-12-31,2035-12-28,1000,4,,
2B,Fixed,Emerging-1875,WJ389829477,2025-07-20,2046-07-15,500,33,0.0391,BBB
2A,Fixed,Corp-4939,FJ164816298,2021-06-24,2035-06-21,100,19,0.0681,AAA
2B,Floating,Foreign-5141,IT080378389,2023-05-06,2040-05-01,500,48,,A
2A,Fixed,Corp-4800,PW834374946,2021-07-26,2045-07-20,500,1,0.0427,AA
2B,Fixed,Foreign-1566,BK309290493,2021-03-02,2039-02-26,1000,34,0.0763,A
2B,Floating,Emerging-1649,MF027559340,2024-12-13,2053-12-06,100,28,,BBB
2A,Fixed,GovBond-469,QW092437477,2025-01-04,2032-01-03,500,10,0.0307,AA
2B,Floating,Emerging-6934,JG831787433,2024-06-21,2038-06-18,1000,50,,BBB
2A,Fixed,GovBond-2818,PO767807844,2024-04-01,2028-03-31,500,28,0.0665,AA
2A,Fixed,Corp-8912,SA158497661,2022-09-23,2033-09-20,1000,9,0.0497,AAA
2A,Fixed,Corp-9376,VY577452381,2022-07-30,2030-07-28,1000,39,0.0546,AAA
2B,Fixed,Corp-5684,RL701894917,2021-05-04,2035-05-01,100,17,0.0797,BBB
1,Floating,SOFR-4189,LL526416774,2023-01-03,2049-12-27,500,16,,
2A,Fixed,GovBond-4547,LJ213010151,2021-02-10,2043-02-05,1000,3,0.0327,AAA
2B,Fixed,Foreign-8219,SU754281032,2021-02-17,2044-02-12,500,27,0.0589,BBB
2B,Fixed,Foreign-8052,WL908528564,2021-01-04,2031-01-02,100,5,0.0512,A
2B,Floating,Emerging-307,HW248026434,2025-09-07,2028-09-06,500,37,,A
2B,Fixed,Emerging-4715,VW108999943,2023-11-24,2053-11-16,100,14,0.0638,A
2A,Fixed,GovBond-6210,HF869549258,2022-02-14,2033-02-11,500,43,0.0665,AA
2B,Floating,Emerging-4143,PA053564308,2021-11-19,2046-11-13,500,39,,A
1,Fixed,SOFR-3434,WU979031052,2025-01-12,2055-01-05,500,12,0.029,
2B,Floating,Corp-1349,TI147842724,2024-10-13,2037-10-10,1000,3,,A
1,Floating,SOFR-6445,TB573782474,2024-10-12,2046-10-07,1000,31,,
2A,Fixed,Corp-3801,DD130795849,2022-07-13,2052-07-05,100,18,0.031,AA
2A,Fixed,GovBond-304,DR791346161,2024-05-10,2045-05-05,500,17,0.0579,AA
2B,Floating,Foreign-7626,PP911501258,2022-08-09,2051-08-02,500,15,,BBB
2A,Fixed,Corp-5283,LX574760714,2025-04-17,2028-04-16,1000,23,0.0587,AAA
2A,Fixed,Corp-1612,FK995261982,2022-09-07,2045-09-01,500,20,0.0242,AAA
2B,Fixed,Corp-6132,XC455645451,2021-06-11,2031-06-09,1000,32,0.0491,A
2B,Fixed,Foreign-6679,IT634600376,2021-06-27,2041-06-22,100,6,0.0468,BBB
2A,Fixed,Corp-1449,EH192388900,2021-09-18,2029-09-16,1000,7,0.0759,AAA
2A,Fixed,Corp-2898,RA411974525,2023-11-12,2036-11-08,1000,40,0.0226,AA
2B,Fixed,Corp-4880,AU436043542,2025-04-23,2043-04-19,500,31,0.0306,A
2B,Floating,Emerging-6642,UV935468636,2021-08-19,2033-08-16,100,48,,A
2B,Floating,Foreign-9900,XV778754129,2024-09-09,2043-09-05,500,24,,BBB
1,Fixed,TBILL-6207,HI631000411,2022-10-25,2026-10-24,1000,13,0.0124,
2B,Floating,Foreign-1596,PA183495904,2024-09-14,2051-09-08,100,32,,BBB
2B,Fixed,Foreign-1924,LV169136061,2023-03-14,2038-03-10,100,27,0.0437,A
2B,Fixed,Emerging-9979,TX288072089,2021-07-18,2040-07-13,1000,19,0.0632,BBB
1,Floating,TBILL-8669,AZ044645575,2022-03-24,2049-03-17,1000,23,,
2A,Fixed,GovBond-3945,TH250726064,2025-05-28,2034-05-26,1000,12,0.0465,AAA
2A,Fixed,GovBond-1959,WX359738697,2023-09-25,2028-09-23,100,17,0.0698,AA
2A,Fixed,Corp-3443,OA214266622,2021-06-27,2033-06-24,1000,34,0.0266,AA
2A,Fixed,Corp-1126,XH890398173,2023-08-03,2047-07-28,500,8,0.0251,AAA
2B,Floating,Corp-249,VG032701341,2025-08-05,2042-08-01,500,43,,BBB
1,Floating,SOFR-5250,AY452210244,2025-09-21,2048-09-15,100,34,,
2B,Floating,Corp-2780,MP357999731,2022-09-26,2042-09-21,100,47,,BBB
2B,Floating,Corp-4816,FM054962391,2024-04-13,2052-04-06,500,27,,BBB
2B,Floating,Foreign-2170,PI498915240,2024-11-18,2037-11-15,100,29,,A
2B,Fixed,Foreign-464,TQ300906102,2025-05-05,2030-05-04,100,23,0.032,BBB
1,Fixed,SOFR-4585,ON748215273,2021-01-05,2038-01-01,100,37,0.0166,
2A,Fixed,GovBond-4789,YH287435004,2024-08-29,2043-08-25,100,25,0.0745,AA
1,Floating,GOV-8868,ZM451809388,2024-09-23,2048-09-17,100,34,,
2B,Fixed,Emerging-3265,DB699058679,2024-07-31,2047-07-26,500,10,0.0821,A
2A,Fixed,Corp-1810,HZ295292715,2025-06-17,2040-06-13,500,12,0.0624,AAA
1,Floating,GOV-5965,KP013560498,2021-12-22,2029-12-20,500,41,,
2A,Fixed,Corp-8440,DM123793307,2023-09-02,2053-08-25,100,33,0.0411,AAA
2B,Fixed,Emerging-4214,AW741464428,2023-01-03,2046-12-28,100,24,0.0736,BBB
1,Fixed,GOV-4463,VL803813895,2024-08-31,2048-08-25,500,32,0.0429,
2B,Floating,Emerging-517,UB218772090,2024-11-15,2052-11-08,100,10,,BBB
2B,Floating,Emerging-3511,LN285868157,2023-07-06,2045-06-30,100,46,,BBB
2B,Fixed,Emerging-6647,DW384081817,2024-12-06,2038-12-03,100,13,0.0787,BBB
2A,Fixed,GovBond-5817,HM646417075,2022-11-19,2042-11-14,100,30,0.0615,AA
2A,Fixed,GovBond-1903,NS509639589,2022-03-16,2035-03-13,1000,27,0.0541,AA
1,Fixed,GOV-6132,SS546292860,2025-05-09,2037-05-06,100,27,0.0428,
2B,Floating,Foreign-7542,VS759913986,2024-06-27,2027-06-27,1000,29,,BBB
2A,Fixed,Corp-5105,QM647986549,2021-08-30,2043-08-25,100,10,0.0436,AA
2B,Fixed,Foreign-7155,YA187885446,2021-02-08,2051-02-01,100,26,0.0491,BBB
1,Floating,GOV-251,VK343945950,2025-04-30,2026-04-30,1000,17,,
2A,Fixed,Corp-790,LQ250944300,2024-02-20,2035-02-17,500,41,0.0516,AA
2A,Fixed,Corp-3267,VL795129688,2021-12-16,2048-12-09,500,9,0.0204,AAA
2A,Fixed,GovBond-2305,DW558375981,2024-06-24,2049-06-18,100,45,0.0564,AAA
1,Floating,GOV-9498,GK907274906,2025-01-18,2029-01-17,1000,27,,
1,Fixed,SOFR-9369,JE446943719,2024-11-09,2038-11-06,1000,31,0.0488,
2B,Fixed,Corp-2254,XG357834075,2021-09-22,2031-09-20,1000,3,0.0882,BBB
2B,Fixed,Corp-6571,CG449037629,2025-11-15,2036-11-12,1000,41,0.0541,BBB
2A,Fixed,Corp-5867,IW108270739,2024-11-19,2034-11-17,1000,27,0.0495,AA
2B,Fixed,Corp-7342,MX998174851,2021-02-20,2039-02-16,1000,6,0.0422,BBB
2A,Fixed,GovBond-3734,AZ029978543,2024-01-30,2046-01-24,500,20,0.0507,AA
1,Floating,GOV-6788,WW138611597,2023-12-18,2043-12-13,500,28,,
2B,Floating,Foreign-483,BO690322371,2022-04-06,2026-04-05,100,9,,A
2A,Fixed,GovBond-7202,IQ415425990,2023-11-15,2027-11-14,500,40,0.042,AA
2A,Fixed,Corp-5251,YQ383262680,2025-11-05,2051-10-30,100,32,0.0257,AAA
1,Floating,GOV-2944,EH674799158,2022-05-20,2052-05-12,1000,46,,
1,Fixed,TBILL-3554,PH551590886,2025-04-16,2051-04-10,1000,46,0.0089,
1,Fixed,TBILL-7495,GQ004256124,2023-11-26,2048-11-19,500,38,0.0397,
2B,Fixed,Foreign-1095,OF064639784,2025-06-20,2052-06-13,500,34,0.0363,BBB
2B,Floating,Emerging-6213,XH371624838,2024-09-22,2036-09-19,500,3,,BBB
2B,Floating,Foreign-3317,HU688957695,2023-11-29,2042-11-24,1000,10,,BBB
2B,Floating,Emerging-4935,YP109701270,2024-01-09,2049-01-02,1000,48,,BBB
2B,Floating,Emerging-8016,ET113794022,2023-08-10,2030-08-08,100,31,,BBB
2B,Floating,Foreign-1137,VR001823203,2021-09-30,2031-09-28,500,26,,BBB
2A,Fixed,GovBond-310,HA790948196,2023-03-12,2041-03-07,1000,16,0.0228,AAA
2B,Fixed,Foreign-8796,QL483503424,2021-07-20,2036-07-16,500,17,0.0741,A
2B,Floating,Foreign-7025,DL496884513,2023-09-11,2042-09-06,100,46,,BBB
2A,Fixed,Corp-6063,YE126295573,2024-02-09,2042-02-04,500,5,0.0714,AA
1,Fixed,TBILL-9907,IL920893362,2021-10-06,2041-10-01,500,32,0.0204,
2A,Fixed,Corp-512,VL633376545,2024-11-04,2032-11-02,500,19,0.0735,AA
2A,Fixed,GovBond-2618,VN306449230,2021-03-26,2029-03-24,1000,48,0.0479,AAA
2B,Floating,Emerging-1253,KI489444133,2022-05-09,2027-05-08,500,7,,A
2A,Fixed,Corp-8545,GX515587553,2023-07-24,2027-07-23,500,45,0.0368,AA
1,Fixed,SOFR-4263,GJ554082572,2024-04-20,2044-04-15,100,13,0.0027,
2B,Fixed,Emerging-4120,KW555898866,2022-06-19,2038-06-15,100,3,0.0759,BBB
2A,Fixed,GovBond-2242,WJ045694222,2025-09-04,2036-09-01,1000,33,0.031,AA
1,Floating,SOFR-820,FI330807935,2024-11-21,2047-11-16,500,2,,
1,Fixed,TBILL-6495,LB324740576,2021-12-09,2041-12-04,100,7,0.0287,
2B,Fixed,Corp-4534,VB556414142,2023-01-23,2031-01-21,500,15,0.0684,A
1,Floating,SOFR-4853,DH360651345,2025-02-12,2027-02-12,500,49,,
2B,Fixed,Emerging-82,IM439505479,2024-12-05,2031-12-04,1000,18,0.0603,BBB
2B,Floating,Foreign-9568,RZ322593346,2024-01-04,2038-12-31,1000,19,,A
2B,Fixed,Emerging-6556,IM440253578,2025-05-01,2027-05-01,100,23,0.059,BBB
2A,Fixed,GovBond-5261,UX527108185,2023-04-22,2038-04-18,1000,42,0.0609,AAA
2B,Fixed,Emerging-2914,UE747021004,2023-08-29,2030-08-27,100,3,0.0335,BBB
2A,Fixed,Corp-3975,RQ505827237,2024-04-23,2039-04-20,1000,2,0.0627,AA
2A,Fixed,GovBond-1591,PS750455533,2025-03-28,2027-03-28,100,49,0.0252,AAA
1,Fixed,TBILL-9818,HK931981760,2024-05-24,2033-05-22,1000,20,0.0144,
2B,Fixed,Corp-2113,CK895872628,2021-11-17,2049-11-10,1000,40,0.0578,BBB
2B,Floating,Corp-1190,WW064530002,2022-03-21,2032-03-18,1000,17,,BBB
2A,Fixed,Corp-6661,VB134525772,2024-07-02,2045-06-27,1000,39,0.05,AA
2A,Fixed,Corp-6946,NT477041591,2021-02-28,2043-02-23,1000,48,0.0225,AAA
2A,Fixed,GovBond-6248,WS231021144,2021-08-27,2039-08-23,500,6,0.0376,AA
1,Fixed,GOV-3053,JT527712546,2024-12-24,2054-12-17,1000,38,0.0323,
2A,Fixed,GovBond-9188,JB470850818,2021-02-22,2045-02-16,1000,10,0.0525,AA
2A,Fixed,GovBond-3054,SJ752193807,2021-09-16,2027-09-15,500,42,0.0548,AA
2B,Fixed,Corp-7992,RZ020368411,2021-02-01,2033-01-29,1000,38,0.0762,A
2B,Fixed,Corp-6005,XK382538759,2024-01-29,2042-01-24,1000,10,0.0556,BBB
2A,Fixed,Corp-8949,DU653440308,2022-06-13,2040-06-08,500,50,0.0599,AAA
2A,Fixed,GovBond-8545,JD986696071,2025-06-19,2033-06-17,500,27,0.0375,AA
1,Fixed,GOV-6315,YZ293141310,2023-11-13,2038-11-09,500,45,0.048,
2A,Fixed,GovBond-8587,WO452717664,2025-07-09,2053-07-02,1000,9,0.0481,AA
2A,Fixed,GovBond-7020,QF752363021,2024-07-16,2030-07-15,1000,49,0.0347,AAA
2B,Floating,Emerging-3721,TY597959190,2023-11-15,2026-11-14,100,6,,A
2B,Fixed,Corp-492,LE477519852,2021-12-20,2048-12-13,100,43,0.0565,BBB
1,Floating,SOFR-3342,WD562477095,2024-04-20,2041-04-16,100,27,,
2A,Fixed,GovBond-9127,FO402921245,2022-03-30,2049-03-23,1000,16,0.0338,AA
2A,Fixed,GovBond-4322,GZ144052024,2025-04-02,2031-04-01,1000,21,0.049,AAA
2B,Fixed,Foreign-499,RF742650737,2021-06-30,2031-06-28,100,40,0.0492,A
2A,Fixed,GovBond-7991,KZ219730357,2023-12-21,2039-12-17,500,2,0.0252,AA
2B,Floating,Emerging-6460,EY519584712,2021-08-08,2040-08-03,1000,47,,A
2B,Fixed,Corp-8699,OY946755835,2020-12-29,2046-12-23,100,31,0.054,A
2B,Floating,Foreign-9587,TB012844408,2021-05-12,2029-05-10,100,21,,BBB
1,Fixed,SOFR-3379,KT558794895,2024-12-17,2042-12-13,500,6,0.0411,
2A,Fixed,GovBond-5751,FD686133147,2021-05-26,2038-05-22,100,17,0.053,AAA
2A,Fixed,GovBond-1670,LM430618648,2025-02-22,2038-02-19,1000,20,0.0363,AA
2B,Fixed,Emerging-8665,FA814510537,2024-01-24,2052-01-17,500,23,0.044,A
2A,Fixed,Corp-380,XD351401904,2021-04-27,2027-04-26,500,44,0.0708,AA
2B,Floating,Foreign-3161,NA049892706,2023-10-14,2039-10-10,500,47,,A
2B,Floating,Foreign-2987,IL801833943,2021-08-05,2035-08-02,1000,48,,A
2B,Fixed,Corp-9948,GC315183758,2025-05-09,2040-05-05,500,49,0.0548,A
2B,Fixed,Foreign-2750,XM090819507,2024-01-10,2033-01-07,500,42,0.0319,A
2B,Floating,Corp-7184,XH046261390,2023-04-20,2042-04-15,1000,20,,A
2A,Fixed,Corp-367,BP261286000,2023-01-18,2027-01-17,1000,22,0.072,AAA
2B,Floating,Foreign-9730,HA065050751,2025-02-04,2033-02-02,100,10,,A
2B,Fixed,Foreign-9003,OT771134548,2020-11-24,2041-11-19,500,43,0.0385,BBB
2B,Floating,Emerging-3990,GW775128043,2021-02-10,2040-02-06,100,42,,A
2A,Fixed,GovBond-6614,CG942396328,2023-06-21,2037-06-17,100,16,0.0416,AA
2B,Fixed,Foreign-5763,OJ407376793,2025-11-04,2049-10-29,100,13,0.0742,A
2B,Floating,Foreign-3039,ZH161452176,2025-11-17,2026-11-17,100,50,,A
2B,Floating,Foreign-2711,FH477842048,2023-01-19,2032-01-17,1000,1,,A
2A,Fixed,Corp-9248,CT869844914,2025-09-17,2044-09-12,1000,8,0.0527,AAA
2B,Floating,Emerging-6260,LX507985920,2024-04-07,2040-04-03,1000,30,,BBB
2B,Floating,Foreign-8414,OF337032274,2025-01-22,2054-01-15,1000,20,,A
2A,Fixed,GovBond-2358,UB514033692,2021-09-10,2037-09-06,100,19,0.0505,AA
2B,Fixed,Corp-971,MY387510221,2021-01-17,2050-01-10,100,1,0.0845,A
2A,Fixed,GovBond-4147,YQ971008311,2023-05-05,2052-04-27,1000,36,0.0635,AA
2B,Floating,Foreign-1582,CI781625505,2023-05-21,2041-05-16,1000,8,,A
2B,Floating,Corp-1121,VK099181421,2021-10-22,2043-10-17,500,4,,A
2B,Fixed,Foreign-2436,NS971253728,2022-04-04,2042-03-30,500,24,0.0527,A
2A,Fixed,GovBond-8999,FF594606919,2025-07-20,2052-07-13,500,31,0.0622,AA
1,Floating,GOV-3808,RG587618810,2022-11-23,2044-11-17,500,41,,
2A,Fixed,GovBond-7703,KV681994727,2025-02-01,2032-01-31,1000,8,0.0465,AAA
2A,Fixed,Corp-6449,KA151042266,2025-10-14,2032-10-12,100,35,0.0211,AA
2B,Floating,Foreign-7840,OT874989109,2021-12-04,2045-11-28,500,26,,BBB
1,Fixed,GOV-2376,AM300469708,2022-10-02,2033-09-29,1000,22,0.0484,
2A,Fixed,GovBond-1705,YR945429963,2022-11-19,2036-11-15,500,3,0.0775,AA
2B,Fixed,Corp-3665,BQ205258728,2024-01-27,2043-01-22,1000,36,0.0591,A
2A,Fixed,Corp-784,LN714166836,2022-01-25,2030-01-23,100,16,0.0483,AAA
2B,Fixed,Emerging-7124,VF867161589,2023-06-17,2031-06-15,100,49,0.0641,BBB
1,Floating,GOV-9842,KF777668819,2023-11-30,2038-11-26,100,38,,
1,Floating,GOV-8354,KK969587567,2023-12-14,2025-12-13,500,11,,
2A,Fixed,GovBond-9694,ME048267899,2022-12-05,2051-11-28,1000,37,0.0312,AAA
2B,Fixed,Corp-5074,PO056482694,2021-05-13,2045-05-07,500,17,0.035,BBB
1,Fixed,GOV-3230,ZX944224575,2021-06-01,2027-05-31,500,26,0.0235,
2A,Fixed,Corp-1603,FI549077612,2022-06-30,2033-06-27,100,19,0.0626,AAA
2B,Fixed,Foreign-2719,GC353957333,2022-10-10,2035-10-07,1000,49,0.0449,BBB
2B,Fixed,Foreign-8216,BO422486517,2022-04-06,2038-04-02,500,31,0.0701,BBB
2B,Fixed,Emerging-2172,DC357566611,2024-10-11,2046-10-06,100,50,0.0485,A
2A,Fixed,Corp-2748,VK805224677,2025-06-09,2051-06-03,1000,47,0.0524,AA
2B,Fixed,Corp-4623,OY937149733,2021-12-11,2047-12-05,1000,1,0.0623,BBB
2A,Fixed,Corp-7402,AM158956996,2023-04-08,2038-04-04,1000,6,0.066,AAA
1,Floating,TBILL-6965,DQ631180980,2022-03-26,2035-03-23,1000,23,,
1,Floating,SOFR-7742,WG583144015,2021-01-18,2034-01-15,1000,37,,
2A,Fixed,Corp-6584,YM355926966,2021-05-22,2048-05-15,1000,31,0.0382,AA
2B,Fixed,Corp-1839,YR560924341,2022-01-28,2043-01-23,100,11,0.045,BBB
2A,Fixed,Corp-3318,SU761325033,2025-09-18,2052-09-11,100,23,0.0629,AAA
2A,Fixed,GovBond-6704,CX089375199,2021-05-21,2035-05-18,500,42,0.0293,AA
2B,Floating,Foreign-9143,MU032004588,2025-09-12,2041-09-08,1000,3,,BBB
2B,Floating,Foreign-206,NY138410503,2023-08-30,2039-08-26,1000,2,,BBB
1,Floating,SOFR-1620,IU606668439,2023-01-06,2038-01-02,100,16,,
2A,Fixed,Corp-4275,XS593125845,2022-04-06,2028-04-04,500,8,0.0296,AA
2B,Floating,Emerging-4375,AF990707193,2023-02-20,2043-02-15,500,14,,BBB
2A,Fixed,Corp-1043,XO316794966,2021-11-30,2032-11-27,1000,22,0.0674,AA
2B,Floating,Emerging-716,GM343991063,2023-11-09,2029-11-07,500,44,,A
2B,Floating,Foreign-954,HS194062355,2023-08-04,2039-07-31,1000,50,,BBB
2B,Floating,Foreign-6198,HO025788913,2021-08-28,2038-08-24,500,29,,BBB
2B,Floating,Corp-4396,LH409129252,2023-04-29,2033-04-26,1000,48,,A
2A,Fixed,Corp-6699,NI239576631,2024-03-28,2032-03-26,1000,46,0.0307,AA
2A,Fixed,Corp-3790,MH937022943,2022-06-27,2052-06-19,100,28,0.0676,AAA
1,Floating,TBILL-8798,WK778631825,2023-11-26,2034-11-23,500,38,,
2A,Fixed,Corp-3031,LF468640925,2021-03-14,2027-03-13,100,23,0.0603,AA
2B,Fixed,Foreign-4036,DS652519412,2021-12-15,2046-12-09,1000,30,0.0301,A
2A,Fixed,Corp-1243,NC733457518,2023-01-18,2039-01-14,1000,11,0.0484,AAA
2A,Fixed,GovBond-9191,FM699398329,2023-02-11,2039-02-07,1000,11,0.0428,AAA
2B,Floating,Emerging-7239,RE924277571,2024-12-04,2035-12-02,500,1,,A
2B,Floating,Corp-8821,HK108321966,2021-09-20,2046-09-14,500,29,,A
2A,Fixed,Corp-7632,FL975822964,2023-06-10,2036-06-06,100,38,0.0515,AA
2B,Floating,Foreign-6672,UZ090213718,2022-10-17,2039-10-13,100,25,,A
2B,Floating,Foreign-462,ZE896471491,2024-07-27,2052-07-20,100,39,,BBB
2A,Fixed,Corp-8779,OH875100974,2021-03-03,2029-03-01,500,47,0.0305,AAA
2A,Fixed,Corp-3078,IS916561784,2025-02-19,2030-02-18,1000,39,0.0458,AAA
2B,Floating,Corp-9421,JU803003245,2023-10-13,2044-10-07,1000,17,,A
2A,Fixed,Corp-6353,LW245248400,2023-11-20,2052-11-12,1000,37,0.0324,AA
2B,Fixed,Foreign-4441,TB590290528,2023-04-19,2042-04-14,100,40,0.0498,A
1,Floating,SOFR-2401,ST018180872,2024-06-21,2037-06-18,100,46,,
2B,Fixed,Foreign-3298,YR202187091,2022-11-29,2025-11-28,500,14,0.0758,A
2B,Floating,Emerging-2099,EU211674218,2025-05-09,2032-05-07,100,35,,BBB
2A,Fixed,GovBond-4767,CI695127272,2025-04-05,2035-04-03,1000,4,0.0722,AA
2B,Floating,Corp-8652,FH773142001,2021-04-01,2050-03-25,1000,38,,A
2A,Fixed,GovBond-9514,LW857110459,2021-02-07,2043-02-02,1000,17,0.0776,AA
2B,Floating,Emerging-7447,JY156119458,2021-04-25,2033-04-22,1000,16,,A
2B,Fixed,Corp-35,YF531258000,2024-02-23,2036-02-20,500,20,0.0687,BBB
2B,Fixed,Emerging-8488,TK900609499,2024-04-08,2037-04-05,500,37,0.0766,A
2A,Fixed,Corp-11,LT835197258,2022-12-03,2035-11-30,100,39,0.0556,AAA
2A,Fixed,GovBond-2067,TA181978611,2022-02-26,2051-02-19,1000,10,0.0621,AA
2B,Fixed,Corp-926,NL143216896,2021-08-08,2040-08-03,500,17,0.0706,BBB
2B,Floating,Foreign-3879,ZV999404840,2022-08-25,2029-08-23,500,29,,A
2B,Fixed,Emerging-7599,PA961942667,2024-08-07,2049-08-01,1000,41,0.0418,BBB
2A,Fixed,GovBond-6048,CW278616310,2024-08-05,2032-08-03,100,27,0.067,AAA
2B,Floating,Emerging-7558,WO271885398,2023-06-27,2042-06-22,100,40,,BBB
2B,Floating,Corp-1679,IT529735423,2024-09-17,2041-09-13,100,36,,BBB
2A,Fixed,GovBond-8756,DE504255811,2022-11-07,2044-11-01,500,10,0.0447,AAA
2B,Floating,Emerging-2921,OR812738674,2025-03-01,2049-02-23,100,49,,BBB
2B,Fixed,Emerging-6523,HF751273179,2022-11-21,2039-11-17,100,25,0.0396,A
2A,Fixed,GovBond-9657,CG083047009,2024-03-17,2028-03-16,500,8,0.0277,AA
1,Floating,TBILL-342,JV930112281,2025-04-19,2054-04-12,100,34,,
2A,Fixed,Corp-8232,UT031474224,2025-07-09,2028-07-08,100,35,0.0612,AAA
1,Floating,SOFR-1485,XK786021510,2023-11-13,2034-11-10,1000,5,,
2A,Fixed,GovBond-6301,SI499156844,2024-11-09,2036-11-06,500,25,0.0685,AAA
1,Floating,GOV-9194,PO764290738,2024-07-04,2035-07-02,1000,30,,
2B,Fixed,Emerging-6121,TH020142146,2024-07-21,2031-07-20,100,37,0.0405,A
2B,Fixed,Foreign-6414,PK375272063,2022-06-01,2027-05-31,100,13,0.0577,A
2A,Fixed,GovBond-62,TW586013840,2025-07-13,2054-07-06,500,15,0.0347,AAA
2B,Fixed,Corp-9910,NX318407208,2022-10-30,2040-10-25,500,33,0.0546,A
2B,Fixed,Corp-7743,RY229220165,2024-12-13,2051-12-07,100,24,0.0894,BBB
2A,Fixed,Corp-2902,UQ697062124,2022-01-18,2043-01-13,100,50,0.0282,AA
2A,Fixed,Corp-7925,RF552274539,2021-12-19,2045-12-13,500,2,0.0645,AA
2B,Fixed,Emerging-8104,QV016725868,2024-07-23,2046-07-18,500,26,0.0778,A
2B,Floating,Emerging-3481,SF436422828,2025-05-13,2045-05-08,500,9,,A
2B,Fixed,Foreign-289,RX154200398,2020-12-30,2038-12-26,1000,2,0.0354,BBB
2A,Fixed,GovBond-3458,EE303936623,2023-07-25,2038-07-21,100,12,0.0271,AA
2B,Floating,Corp-6111,WJ079488748,2021-03-04,2039-02-28,500,48,,BBB
2B,Fixed,Corp-799,VR251702541,2022-03-25,2048-03-18,500,21,0.0816,BBB
2A,Fixed,GovBond-6351,PT772995318,2025-03-21,2053-03-14,1000,23,0.066,AA
1,Floating,GOV-421,EN822858216,2025-08-02,2035-07-31,100,33,,
2B,Fixed,Emerging-337,FX966500678,2023-10-21,2041-10-16,100,16,0.0439,A
1,Floating,GOV-4363,GI088075388,2024-05-19,2045-05-14,1000,29,,
1,Fixed,TBILL-5510,SO210592415,2021-09-17,2040-09-12,500,37,0.0087,
1,Fixed,TBILL-6141,DJ547324814,2021-05-30,2043-05-25,1000,35,0.0181,
2B,Fixed,Foreign-5801,ND243346247,2025-09-01,2053-08-25,500,29,0.0674,BBB
2B,Floating,Foreign-9443,KN330366329,2024-07-19,2029-07-18,100,4,,A
2A,Fixed,GovBond-4174,BW906994422,2021-03-26,2046-03-20,100,21,0.0516,AA
2A,Fixed,GovBond-1425,GN949912541,2024-07-07,2048-07-01,500,8,0.075,AA
2B,Fixed,Emerging-4553,RO118530879,2023-12-26,2034-12-23,100,18,0.0365,A
2B,Floating,Foreign-5223,CG768142878,2025-08-11,2042-08-07,100,27,,A
1,Fixed,SOFR-1961,JF696519880,2024-06-12,2046-06-07,500,10,0.0377,
2B,Fixed,Emerging-427,KH500024058,2025-01-01,2046-12-27,100,33,0.0638,BBB
1,Floating,SOFR-1252,YY255481562,2023-06-25,2028-06-23,100,44,,
2B,Fixed,Corp-4549,MY696336883,2022-11-16,2045-11-10,100,40,0.0716,BBB
1,Fixed,GOV-386,BR920283186,2023-06-15,2038-06-11,100,46,0.0183,
1,Fixed,TBILL-8105,QU805855471,2024-10-19,2039-10-16,1000,14,0.0349,
2A,Fixed,Corp-7720,TF324422606,2024-07-26,2045-07-21,1000,27,0.0636,AAA
2A,Fixed,GovBond-1854,PO318882341,2022-02-18,2042-02-13,1000,4,0.0512,AA
2A,Fixed,GovBond-3136,DA909771263,2024-07-20,2026-07-20,500,42,0.0451,AA
2A,Fixed,GovBond-8422,YF787412082,2024-11-22,2034-11-20,500,7,0.0684,AAA
2A,Fixed,GovBond-6648,WP818416791,2025-08-08,2030-08-07,500,23,0.0214,AAA
2B,Floating,Foreign-9895,OL042239616,2024-08-11,2045-08-06,1000,7,,BBB
2B,Fixed,Emerging-3810,AY648944523,2025-05-28,2040-05-24,500,17,0.0346,A
2B,Floating,Corp-4952,LS373190595,2024-09-21,2054-09-14,500,42,,A
2A,Fixed,GovBond-3767,AD639311357,2025-02-11,2051-02-05,1000,33,0.0384,AA
1,Floating,SOFR-3332,UB868990920,2025-09-22,2055-09-15,100,7,,
1,Fixed,TBILL-9071,JL549148980,2025-07-20,2033-07-18,100,7,0.047,
2A,Fixed,Corp-572,GI661627596,2025-07-22,2053-07-15,500,22,0.0202,AA
1,Floating,SOFR-1463,XT621549656,2022-02-08,2045-02-02,1000,9,,
2A,Fixed,GovBond-5441,EQ283215851,2021-10-23,2038-10-19,500,12,0.0297,AA
1,Floating,TBILL-9705,VO685749638,2023-09-24,2039-09-20,500,44,,
2B,Fixed,Foreign-9301,XL551495796,2024-03-19,2046-03-14,1000,4,0.0891,BBB
2B,Floating,Foreign-677,NW733631861,2022-06-21,2051-06-14,1000,15,,BBB
1,Floating,TBILL-5720,HD750968021,2023-07-22,2048-07-15,500,7,,
1,Floating,GOV-4125,MV890386439,2021-04-21,2041-04-16,100,28,,
2A,Fixed,Corp-6487,ZI652229919,2025-07-20,2053-07-13,100,47,0.0335,AA
1,Fixed,SOFR-7239,NO750887880,2023-06-15,2038-06-11,1000,27,0.0323,
2A,Fixed,GovBond-9021,LI636136275,2024-08-16,2046-08-11,1000,21,0.034,AAA
1,Fixed,SOFR-6446,CZ939184463,2021-09-22,2043-09-17,1000,4,0.0296,
2B,Fixed,Corp-3874,GW721154794,2023-11-06,2045-10-31,500,8,0.0498,BBB
2B,Floating,Emerging-889,CW647168038,2023-10-20,2049-10-13,100,5,,BBB
1,Fixed,SOFR-2388,SO168195312,2022-10-06,2039-10-02,100,32,0.0226,
2B,Floating,Emerging-8274,GP421857765,2021-01-11,2035-01-08,500,35,,A
2B,Fixed,Emerging-7631,IP506681982,2025-05-09,2053-05-02,100,14,0.0553,A
1,Fixed,TBILL-325,QN991824687,2022-05-17,2039-05-13,100,25,0.0186,
2A,Fixed,GovBond-9897,PZ557816724,2024-04-20,2046-04-15,500,37,0.0526,AAA
2B,Fixed,Corp-6582,CV669074095,2025-11-15,2035-11-13,1000,43,0.0336,A
1,Fixed,SOFR-7038,LY623649242,2023-08-07,2045-08-01,1000,37,0.026,
2A,Fixed,GovBond-5966,UN330172946,2025-01-03,2030-01-02,500,22,0.0744,AA
2B,Floating,Foreign-3044,FF872137979,2022-07-30,2044-07-24,1000,44,,BBB
2B,Fixed,Foreign-7239,OK434495675,2025-03-06,2029-03-05,500,37,0.0469,A
2A,Fixed,GovBond-6026,QZ346099156,2025-01-19,2045-01-14,1000,6,0.0613,AAA
2B,Floating,Foreign-9477,VJ717531966,2023-09-28,2031-09-26,500,9,,A
2A,Fixed,GovBond-6338,KW594290531,2022-10-10,2032-10-07,1000,32,0.0298,AAA
2A,Fixed,Corp-3279,VM004786712,2025-04-10,2032-04-08,1000,37,0.0552,AAA
2B,Floating,Corp-6293,JE321095374,2024-11-19,2027-11-19,1000,3,,BBB
2B,Fixed,Corp-397,CD964624995,2023-01-10,2035-01-07,500,13,0.0846,BBB
2A,Fixed,Corp-3934,VM492490169,2024-11-06,2037-11-03,100,41,0.0354,AA
2A,Fixed,GovBond-1236,PB987619971,2025-10-09,2036-10-06,1000,20,0.0728,AA
2A,Fixed,Corp-4669,IP313566033,2021-01-18,2035-01-15,1000,12,0.0327,AAA
2A,Fixed,Corp-9767,NP965862142,2023-11-17,2045-11-11,1000,18,0.0759,AA
1,Floating,SOFR-8738,RV960191770,2021-05-23,2044-05-17,100,27,,
2A,Fixed,GovBond-9547,YK598255646,2025-07-20,2046-07-15,100,49,0.0673,AA
2B,Floating,Corp-3111,ZZ844955492,2021-01-20,2039-01-16,1000,23,,A
2A,Fixed,GovBond-196,GS618409231,2025-04-24,2032-04-22,500,27,0.0276,AAA
2A,Fixed,Corp-4126,JE946598001,2021-02-19,2032-02-17,500,44,0.0676,AAA
2B,Floating,Emerging-4445,FB077168710,2024-09-27,2038-09-24,500,22,,BBB
2B,Floating,Foreign-1602,MI147790414,2024-12-28,2045-12-23,500,13,,BBB
2A,Fixed,GovBond-1863,GZ583339770,2025-03-22,2030-03-21,500,5,0.0684,AA
2B,Floating,Corp-7765,AL446504141,2023-07-20,2039-07-16,1000,34,,A
2A,Fixed,Corp-7244,MM494838427,2024-06-08,2047-06-03,1000,5,0.0424,AAA
2A,Fixed,Corp-4730,EG091255860,2023-01-09,2029-01-07,500,48,0.0276,AAA
2A,Fixed,GovBond-4179,EN347214250,2025-02-18,2044-02-14,1000,33,0.0787,AA
2A,Fixed,Corp-858,CN490305760,2022-06-20,2043-06-15,500,47,0.0437,AAA
2B,Fixed,Foreign-6138,AC822294947,2024-07-02,2031-07-01,1000,7,0.0879,BBB
1,Floating,GOV-2185,OF604486080,2022-02-25,2051-02-18,100,47,,
2A,Fixed,Corp-7688,AU679884592,2024-05-20,2040-05-16,100,23,0.0605,AA
2A,Fixed,GovBond-4658,ES802596257,2025-01-22,2030-01-21,100,41,0.0761,AA
2A,Fixed,GovBond-944,NY378071096,2021-12-23,2039-12-19,500,35,0.0462,AA
2B,Floating,Corp-5195,ZM687335343,2023-10-24,2034-10-21,100,15,,A
2B,Floating,Emerging-6339,TM754404646,2022-09-21,2045-09-15,1000,2,,BBB
2A,Fixed,GovBond-5579,GX684827148,2024-07-21,2048-07-15,1000,21,0.0518,AAA
2A,Fixed,GovBond-1836,JG494258390,2022-04-11,2042-04-06,100,47,0.0544,AA
1,Floating,TBILL-9755,XB714026448,2024-07-19,2044-07-14,500,49,,
2A,Fixed,Corp-4006,VK677851376,2025-04-20,2055-04-13,100,31,0.0506,AA
2A,Fixed,Corp-2841,GS200142475,2025-03-06,2026-03-06,1000,25,0.0234,AA
1,Floating,GOV-4362,YV660516785,2022-01-27,2048-01-21,1000,45,,
2B,Fixed,Emerging-3558,NV969784614,2022-11-27,2031-11-25,100,39,0.0309,A
2A,Fixed,Corp-7042,CW575605076,2024-07-16,2047-07-11,1000,13,0.0614,AA
2B,Floating,Foreign-6726,DG809677537,2024-12-09,2040-12-05,500,15,,BBB
2B,Fixed,Corp-3453,ZQ858419183,2025-04-22,2030-04-21,1000,42,0.0593,A
2A,Fixed,Corp-9569,FY991399652,2025-01-30,2040-01-27,500,39,0.0306,AAA
2A,Fixed,Corp-3728,XZ094280339,2025-03-18,2041-03-14,500,42,0.0258,AAA
2A,Fixed,Corp-6793,ZG517863698,2025-03-03,2034-03-01,1000,40,0.0602,AA
1,Fixed,TBILL-2725,TL213055591,2020-11-30,2048-11-23,1000,2,0.0311,
2B,Fixed,Corp-5620,XG548376564,2023-09-12,2048-09-05,1000,15,0.0322,BBB
1,Floating,SOFR-3420,IG587253617,2022-12-06,2025-12-05,500,16,,
2A,Fixed,GovBond-7972,WI308968291,2024-01-21,2040-01-17,1000,10,0.0283,AA
2A,Fixed,Corp-139,VV331610645,2023-03-28,2033-03-25,1000,6,0.0262,AAA
2B,Floating,Corp-3434,AY908714721,2021-08-13,2038-08-09,1000,23,,BBB
2A,Fixed,GovBond-3937,EV784087049,2025-11-08,2037-11-05,100,42,0.0376,AA
2A,Fixed,GovBond-6070,BZ671091900,2022-10-09,2039-10-05,500,30,0.0572,AA
2A,Fixed,GovBond-648,NS904426107,2022-07-26,2045-07-20,1000,41,0.0764,AAA
2A,Fixed,GovBond-3993,NH336192753,2024-11-27,2048-11-21,100,2,0.0694,AA
1,Floating,SOFR-5886,NP582633276,2020-11-20,2049-11-13,500,29,,
2B,Fixed,Emerging-7772,UT673586197,2023-11-13,2037-11-09,500,33,0.0462,BBB
2A,Fixed,GovBond-2935,UN115064472,2022-04-04,2033-04-01,1000,38,0.0651,AAA
1,Fixed,GOV-642,VW967070240,2021-07-23,2042-07-18,100,31,0.0029,
2B,Floating,Emerging-2358,JE532726210,2025-11-09,2041-11-05,1000,10,,BBB
1,Fixed,TBILL-8167,ZC434022156,2020-11-21,2035-11-18,500,45,0.0372,
2A,Fixed,Corp-4570,UG321349713,2021-12-15,2044-12-09,500,9,0.0448,AA
2B,Fixed,Foreign-1496,JC205065411,2021-02-23,2048-02-17,500,32,0.0645,A
2A,Fixed,Corp-8682,MT286336608,2025-02-20,2040-02-17,100,7,0.0505,AAA
1,Floating,TBILL-1987,BS079702425,2023-01-18,2047-01-12,1000,42,,
2A,Fixed,Corp-3069,OY042827619,2024-08-14,2040-08-10,500,22,0.0676,AA
2A,Fixed,GovBond-8936,HG219289987,2024-09-21,2031-09-20,100,42,0.0663,AAA
2B,Fixed,Foreign-2257,CY582691623,2023-01-03,2026-01-02,500,43,0.0785,BBB
2A,Fixed,Corp-1780,VO146047281,2023-10-11,2039-10-07,1000,1,0.0665,AA
2B,Floating,Corp-4389,XK948030921,2023-03-25,2033-03-22,1000,4,,BBB
2B,Fixed,Foreign-3841,VK883570657,2023-08-20,2041-08-15,500,42,0.0336,A
2B,Floating,Corp-6101,YT068512735,2024-10-31,2031-10-30,1000,4,,A
2B,Floating,Foreign-7164,MO609165951,2020-11-29,2028-11-27,1000,26,,A
2A,Fixed,GovBond-7123,FC333992431,2021-12-15,2028-12-13,1000,30,0.0649,AA
2B,Fixed,Emerging-5216,LW061474918,2023-05-31,2040-05-26,1000,35,0.0314,BBB
2A,Fixed,GovBond-2595,KH657545946,2025-11-12,2033-11-10,100,14,0.0427,AAA
2A,Fixed,Corp-3558,LG414597055,2022-06-16,2042-06-11,500,13,0.0784,AA
2B,Fixed,Emerging-9418,DS586747227,2024-05-02,2036-04-29,1000,44,0.0512,A
2B,Fixed,Corp-9845,YK455839111,2022-08-03,2051-07-27,500,28,0.0747,A
2A,Fixed,GovBond-4656,PA386139700,2024-08-15,2043-08-11,1000,18,0.0422,AA
2A,Fixed,Corp-3853,RH821711229,2023-06-18,2043-06-13,1000,49,0.0773,AAA
2B,Fixed,Corp-7797,DE820154506,2024-04-10,2047-04-05,1000,37,0.0535,BBB
2A,Fixed,GovBond-6402,ZU772938194,2024-10-07,2050-10-01,500,49,0.0315,AAA
2B,Fixed,Emerging-8386,JU962860621,2025-09-26,2036-09-23,500,6,0.0589,A
2B,Fixed,Foreign-9378,MI524347476,2024-11-13,2038-11-10,500,1,0.0885,BBB
1,Floating,TBILL-5843,YT225468816,2024-07-28,2044-07-23,500,50,,
1,Floating,TBILL-7221,CV444079438,2021-06-19,2050-06-12,500,9,,
2B,Floating,Foreign-120,SC949937855,2021-06-17,2035-06-14,1000,9,,BBB
1,Floating,GOV-9728,ZH943536384,2025-07-16,2037-07-13,500,13,,
2B,Fixed,Emerging-2723,XE956891347,2023-05-12,2046-05-06,100,5,0.041,A
2B,Floating,Corp-9161,JN985028507,2021-03-13,2049-03-06,100,40,,BBB
2A,Fixed,GovBond-4375,NV223453809,2020-12-08,2038-12-04,100,15,0.0776,AA
2B,Fixed,Emerging-3945,CA657494069,2024-04-13,2038-04-10,500,25,0.0756,BBB
2B,Floating,Emerging-6420,DD579703617,2024-02-26,2032-02-24,100,14,,A
1,Fixed,GOV-3602,OW954618189,2022-03-01,2046-02-23,500,45,0.0258,
1,Fixed,GOV-9648,NM195891581,2020-12-16,2050-12-09,500,43,0.0343,
2B,Fixed,Foreign-7459,PV476463203,2025-08-19,2054-08-12,100,10,0.0527,BBB
2B,Fixed,Foreign-8586,ZH682295357,2023-07-04,2027-07-03,1000,46,0.0822,A
2A,Fixed,Corp-79,BQ268168183,2021-08-03,2030-08-01,1000,38,0.0584,AA
2B,Floating,Emerging-1314,JY034620165,2021-01-21,2031-01-19,500,6,,A
2B,Floating,Corp-5478,GY134083863,2022-08-01,2038-07-28,100,39,,A
2A,Fixed,GovBond-4547,EG008676220,2022-02-09,2032-02-07,1000,43,0.032,AAA
1,Floating,TBILL-8563,LO878480369,2021-08-18,2038-08-14,1000,1,,
2B,Fixed,Emerging-6583,UH856491102,2022-01-09,2032-01-07,500,8,0.0344,BBB
2B,Fixed,Corp-6514,UP147881968,2023-05-06,2039-05-02,500,5,0.082,A
2A,Fixed,Corp-2136,GO947771331,2025-11-02,2034-10-31,500,3,0.0288,AAA
2A,Fixed,Corp-8300,JJ231266986,2025-09-19,2027-09-19,100,50,0.0657,AA
2B,Floating,Foreign-507,ME138656472,2024-11-19,2039-11-16,500,20,,A
2B,Floating,Corp-2340,AY057312197,2021-07-18,2038-07-14,500,8,,BBB
2A,Fixed,Corp-2902,IH718762201,2022-10-09,2035-10-06,100,20,0.0268,AAA
2B,Floating,Corp-8017,IL031608133,2022-03-27,2041-03-22,1000,9,,A
2B,Fixed,Foreign-3960,KX548207252,2025-01-10,2034-01-08,500,3,0.0798,A
2B,Floating,Corp-8608,ZN722035431,2023-07-07,2027-07-06,500,46,,BBB
2A,Fixed,GovBond-23,OQ807630880,2023-11-30,2050-11-23,500,14,0.0559,AAA
2A,Fixed,Corp-5932,RF084582376,2024-09-22,2048-09-16,1000,40,0.0422,AAA
2B,Fixed,Emerging-428,HL210689276,2023-11-30,2047-11-24,500,41,0.0437,A
2B,Floating,Corp-9404,TU516980715,2025-05-25,2036-05-22,1000,44,,A
2A,Fixed,GovBond-4644,KW205180866,2022-07-11,2029-07-09,1000,9,0.0431,AAA
2A,Fixed,GovBond-3718,WK604780546,2023-07-11,2027-07-10,100,49,0.0472,AA
2B,Fixed,Corp-1207,MY607202026,2024-01-01,2053-12-24,1000,46,0.0896,BBB
2A,Fixed,Corp-4554,CC852638405,2024-08-25,2053-08-18,1000,2,0.0496,AAA
2B,Fixed,Foreign-2591,QH993364736,2024-08-07,2029-08-06,1000,14,0.0587,A
2A,Fixed,GovBond-9684,FY105809239,2024-03-14,2031-03-13,1000,50,0.0242,AA
2A,Fixed,GovBond-6306,WY336246493,2024-03-22,2028-03-21,500,33,0.0251,AA
2A,Fixed,Corp-5796,MK301014753,2022-08-12,2052-08-04,500,20,0.0442,AAA
2A,Fixed,GovBond-5311,YQ366697160,2023-09-24,2037-09-20,500,35,0.0232,AAA
2B,Fixed,Foreign-6583,HR238508550,2024-09-30,2043-09-26,100,16,0.0899,BBB
2A,Fixed,Corp-1630,FT976724483,2023-01-23,2031-01-21,1000,15,0.0523,AA
2B,Floating,Corp-8538,WX163877528,2020-12-12,2038-12-08,100,10,,BBB
1,Fixed,TBILL-6223,OR481230678,2021-11-26,2025-11-25,1000,26,0.014,
2B,Fixed,Emerging-4546,YY107188916,2020-11-27,2028-11-25,100,42,0.0767,A
2A,Fixed,GovBond-762,GV173782013,2025-03-16,2040-03-12,500,14,0.0675,AAA
2A,Fixed,Corp-1482,RK453109358,2025-03-31,2029-03-30,1000,14,0.061,AA
2A,Fixed,GovBond-2195,JV626518647,2023-08-31,2036-08-27,1000,10,0.0239,AAA
2A,Fixed,GovBond-6975,HD014776821,2022-04-24,2048-04-17,100,36,0.0595,AA
1,Fixed,TBILL-8734,KO364072206,2022-01-04,2038-12-31,100,38,0.013,
2A,Fixed,GovBond-623,VG182820621,2025-06-23,2033-06-21,1000,7,0.0364,AA
2B,Fixed,Foreign-3999,HS425341954,2024-03-16,2027-03-16,500,36,0.0826,BBB
2A,Fixed,Corp-5100,WB513019146,2024-03-09,2052-03-02,100,6,0.073,AA
2A,Fixed,GovBond-942,NF181649463,2021-11-05,2036-11-01,100,32,0.0332,AAA
2A,Fixed,Corp-1913,HK842094647,2024-12-31,2040-12-27,500,36,0.0718,AAA
2B,Floating,Corp-5621,OQ951987030,2024-01-16,2037-01-12,100,7,,A
1,Floating,SOFR-9099,KQ697609108,2023-08-20,2033-08-17,100,27,,
2B,Fixed,Emerging-3890,HV224287601,2021-05-07,2031-05-05,1000,13,0.0315,BBB
1,Floating,GOV-5554,OW676203884,2023-12-16,2048-12-09,500,30,,
2A,Fixed,Corp-8757,GV422582614,2024-01-01,2026-12-31,100,47,0.0551,AA
2A,Fixed,Corp-7227,YS068346110,2022-09-21,2041-09-16,100,8,0.0617,AA
2A,Fixed,Corp-146,LM637097715,2024-05-06,2040-05-02,1000,47,0.0468,AA
2B,Floating,Emerging-8160,BG910203562,2023-11-20,2036-11-16,100,19,,A
2B,Fixed,Foreign-4691,VD688777839,2021-04-13,2045-04-07,1000,10,0.0688,BBB
1,Floating,TBILL-5499,NQ729346371,2025-04-14,2033-04-12,500,32,,
2B,Fixed,Emerging-5781,DD391347828,2021-02-17,2033-02-14,1000,34,0.0605,A
2B,Fixed,Foreign-8661,IJ781372469,2022-06-01,2033-05-29,100,18,0.084,A
2A,Fixed,Corp-3732,MR697789367,2023-01-21,2045-01-15,500,46,0.0255,AA
2A,Fixed,GovBond-3023,UN597245319,2023-04-08,2027-04-07,100,4,0.0611,AA
2B,Fixed,Emerging-1557,ZZ715426328,2023-05-06,2034-05-03,100,10,0.0435,A
2B,Fixed,Foreign-5933,VC527555264,2020-12-13,2034-12-10,100,29,0.0692,BBB
2A,Fixed,Corp-6065,ZT901390510,2024-08-15,2052-08-08,100,16,0.0272,AAA
2B,Floating,Foreign-9811,MN593087242,2024-05-21,2051-05-15,500,23,,BBB
2A,Fixed,GovBond-7292,FO205091088,2025-10-31,2048-10-25,1000,6,0.0607,AAA
1,Floating,SOFR-2430,DE070483709,2025-05-14,2042-05-10,1000,35,,
2A,Fixed,GovBond-7452,IU811414616,2023-09-27,2032-09-24,500,6,0.0657,AA
2B,Fixed,Corp-4086,IF943832212,2023-03-29,2039-03-25,500,35,0.0756,A
2A,Fixed,Corp-6542,NU873972021,2022-03-02,2045-02-24,100,29,0.0637,AA
2A,Fixed,Corp-9650,PB932721561,2024-09-23,2049-09-17,500,24,0.078,AAA
1,Fixed,TBILL-4898,QM817554171,2024-04-11,2040-04-07,500,16,0.0042,
2A,Fixed,Corp-3650,SC145612007,2021-08-30,2041-08-25,1000,6,0.0461,AA
1,Fixed,TBILL-269,XM898539304,2021-01-06,2035-01-03,1000,36,0.0415,
1,Floating,SOFR-647,OM455662050,2023-01-18,2030-01-16,1000,26,,
2B,Floating,Corp-2832,HF811438412,2024-04-24,2047-04-19,500,31,,A
1,Fixed,GOV-2768,BJ176180471,2025-01-09,2051-01-03,1000,30,0.0436,
2A,Fixed,GovBond-5770,CU570666498,2021-10-27,2047-10-21,100,20,0.0781,AAA
2B,Fixed,Emerging-4740,FS090617425,2025-01-16,2047-01-11,500,13,0.0757,A
2A,Fixed,GovBond-1598,LO496167686,2025-06-23,2030-06-22,500,38,0.0375,AA
2B,Fixed,Emerging-8835,KF984953179,2025-06-18,2052-06-11,500,22,0.0465,A
2B,Fixed,Emerging-8062,WK442289951,2025-08-17,2050-08-11,100,46,0.0863,BBB
2B,Fixed,Emerging-4095,DI650470092,2022-03-10,2052-03-02,1000,5,0.0698,BBB
1,Fixed,SOFR-2198,HS348822062,2022-11-20,2038-11-16,100,12,0.0219,
1,Fixed,TBILL-1544,SY784984135,2025-02-21,2027-02-21,500,7,0.021,
2B,Floating,Emerging-587,NJ938791766,2020-12-15,2037-12-11,100,35,,BBB
2B,Floating,Emerging-9771,VJ862856459,2023-09-23,2034-09-20,1000,22,,BBB
2A,Fixed,Corp-749,NJ062589757,2023-01-12,2045-01-06,100,35,0.0616,AA
2A,Fixed,GovBond-2577,VG911758337,2023-04-29,2053-04-21,1000,32,0.0725,AA
2B,Floating,Foreign-3905,EQ706371783,2024-04-10,2044-04-05,100,46,,BBB
2A,Fixed,Corp-9211,FA426574825,2022-07-26,2042-07-21,500,23,0.0536,AA
2A,Fixed,GovBond-3616,SB806284827,2024-08-26,2029-08-25,500,21,0.0377,AA
2A,Fixed,Corp-8303,KP511635734,2023-05-11,2052-05-03,100,16,0.0287,AAA
1,Fixed,TBILL-9097,ML800357285,2023-06-18,2039-06-14,100,33,0.0428,
2A,Fixed,Corp-3287,GH885111159,2023-03-15,2051-03-08,1000,26,0.0506,AAA
1,Fixed,GOV-2254,ON659272809,2023-08-09,2050-08-02,100,47,0.0487,
2A,Fixed,Corp-6847,AK565751225,2024-06-18,2026-06-18,500,35,0.0765,AA
2A,Fixed,GovBond-8265,UQ662553022,2022-01-27,2038-01-23,500,37,0.0209,AAA
1,Fixed,GOV-5608,GD801312504,2021-08-17,2046-08-11,100,47,0.0262,
2A,Fixed,GovBond-3116,VE753733342,2022-07-10,2034-07-07,100,15,0.0543,AA
2A,Fixed,Corp-1689,SF716335895,2024-03-16,2040-03-12,500,2,0.0326,AA
2A,Fixed,Corp-9591,LH725829357,2023-04-07,2037-04-03,500,6,0.0688,AA
2A,Fixed,GovBond-1677,YO446652109,2024-10-30,2043-10-26,500,50,0.0521,AAA
1,Floating,SOFR-4275,AV907018602,2024-05-10,2045-05-05,100,6,,
1,Floating,GOV-6157,HI250758803,2022-03-01,2029-02-27,500,35,,
2B,Fixed,Emerging-2869,LH614268160,2025-04-14,2036-04-11,100,33,0.0627,BBB
2B,Fixed,Corp-4801,PC382468426,2021-05-22,2043-05-17,500,41,0.0512,A
1,Fixed,GOV-3811,WJ832063199,2022-12-12,2028-12-10,1000,1,0.0379,
2B,Fixed,Emerging-8236,TO164682602,2024-10-03,2033-10-01,1000,1,0.0789,BBB
2B,Floating,Corp-80,RJ558602763,2025-03-15,2029-03-14,100,25,,BBB
2B,Fixed,Emerging-9813,ZR256688961,2024-08-29,2032-08-27,500,10,0.0494,BBB
2A,Fixed,GovBond-865,SW539069069,2022-06-24,2032-06-21,100,15,0.0511,AAA
2A,Fixed,GovBond-8109,PQ554268648,2024-05-01,2031-04-30,500,18,0.0722,AAA
2A,Fixed,Corp-5314,DX647701435,2025-07-24,2026-07-24,1000,28,0.0641,AA
2B,Floating,Corp-9220,YG431728311,2021-10-28,2027-10-27,1000,5,,A
2B,Floating,Emerging-6280,BX922182909,2022-10-14,2030-10-12,1000,12,,BBB
1,Fixed,SOFR-402,BF769098596,2022-12-08,2031-12-06,500,35,0.0089,
1,Floating,GOV-123,FY656624839,2021-02-26,2040-02-22,500,50,,
2B,Fixed,Emerging-4032,ZP625698694,2025-01-21,2026-01-21,500,19,0.0336,BBB
2B,Fixed,Emerging-8667,OI106322755,2023-04-29,2052-04-21,500,35,0.0894,BBB
2B,Floating,Emerging-7927,DW875009064,2025-03-12,2053-03-05,1000,35,,BBB
2B,Fixed,Foreign-9100,QM734906154,2024-01-11,2040-01-07,100,33,0.0675,A
1,Fixed,GOV-1846,JX418483108,2022-08-25,2043-08-20,100,6,0.0005,
2B,Floating,Emerging-6102,JT696657056,2025-10-02,2043-09-28,100,48,,BBB
2A,Fixed,Corp-8139,JR154355606,2022-08-08,2041-08-03,500,5,0.0791,AA
2A,Fixed,Corp-796,CY766095519,2025-03-01,2031-02-28,500,31,0.0771,AA
2B,Fixed,Emerging-824,LE167115731,2025-06-28,2050-06-22,500,46,0.0684,BBB
2A,Fixed,GovBond-6027,EV676378195,2024-05-27,2029-05-26,1000,39,0.0545,AA
2A,Fixed,GovBond-3626,OV757895605,2025-11-09,2046-11-04,100,48,0.0681,AA
2A,Fixed,Corp-6481,TZ154416089,2024-11-04,2030-11-03,500,46,0.0381,AAA
2B,Floating,Emerging-4467,BT142381771,2024-11-13,2050-11-07,100,46,,BBB
1,Floating,TBILL-9407,BQ828495742,2021-12-02,2034-11-29,100,30,,
2B,Fixed,Emerging-3868,FY137865766,2022-11-25,2026-11-24,1000,2,0.0681,A
2B,Floating,Foreign-8873,WJ874321234,2025-03-06,2028-03-05,1000,27,,BBB
2B,Fixed,Emerging-7293,HI411635058,2023-10-13,2052-10-05,100,20,0.074,BBB
2A,Fixed,GovBond-9649,GV231564296,2021-02-09,2034-02-06,1000,43,0.0312,AA
2A,Fixed,Corp-6086,IO919815756,2020-12-02,2049-11-25,500,38,0.0711,AAA
2B,Fixed,Foreign-595,HI555873398,2020-12-08,2043-12-03,1000,3,0.0462,BBB
2B,Floating,Emerging-149,RS076825144,2022-10-10,2027-10-09,500,28,,BBB
1,Fixed,SOFR-9453,JK340711117,2022-09-02,2041-08-28,100,6,0.0095,
2B,Floating,Emerging-792,SM946112970,2022-11-05,2029-11-03,500,3,,BBB
2A,Fixed,GovBond-3653,YY899460260,2023-10-03,2026-10-02,1000,39,0.0513,AA
2A,Fixed,Corp-6056,MR327995058,2023-05-19,2034-05-16,1000,11,0.0417,AAA
2A,Fixed,Corp-4244,ES615978192,2025-06-07,2031-06-06,100,2,0.0486,AAA
2A,Fixed,Corp-377,EW379936220,2025-01-16,2031-01-15,100,42,0.0729,AA
2A,Fixed,GovBond-2456,OX333001955,2022-10-22,2040-10-17,100,22,0.0274,AA
2A,Fixed,GovBond-4403,QJ439478687,2022-10-10,2029-10-08,500,16,0.0307,AA
2B,Floating,Emerging-4741,ZV557645632,2023-11-12,2042-11-07,500,38,,BBB
1,Floating,TBILL-1288,NZ274959832,2024-09-28,2054-09-21,500,19,,
2A,Fixed,GovBond-8175,PU768791281,2021-01-19,2047-01-13,100,3,0.0318,AA
1,Fixed,TBILL-7586,IQ333238123,2024-01-01,2048-12-25,1000,18,0.0092,
2B,Floating,Corp-4817,QK429993189,2021-06-12,2036-06-08,100,40,,A
1,Fixed,SOFR-9482,AI390164536,2024-04-21,2040-04-17,100,13,0.0217,
2B,Fixed,Corp-3520,RX077280690,2025-04-21,2029-04-20,1000,21,0.071,A
2A,Fixed,Corp-4865,CR007378324,2023-06-14,2051-06-07,100,37,0.0252,AA
2B,Fixed,Emerging-1980,EV535749075,2020-12-01,2034-11-28,500,3,0.0369,A
2A,Fixed,GovBond-5082,UE571796346,2021-09-04,2040-08-30,100,21,0.0629,AA
1,Floating,SOFR-8943,UF903661247,2023-02-19,2052-02-12,1000,48,,
2B,Fixed,Emerging-4010,NM203295263,2024-10-01,2049-09-25,100,11,0.0619,BBB
2B,Floating,Corp-3173,BD012331244,2023-03-08,2042-03-03,1000,42,,BBB
2B,Floating,Foreign-9317,AV753030388,2021-04-24,2047-04-18,1000,18,,BBB
1,Fixed,GOV-8711,EK114850714,2021-07-17,2037-07-13,500,30,0.0426,
2B,Floating,Corp-5699,PF120977299,2022-05-27,2032-05-24,1000,37,,BBB
2B,Fixed,Foreign-5514,JD371587573,2021-06-02,2032-05-30,100,39,0.0404,A
2B,Fixed,Emerging-7918,FT980562169,2022-03-05,2041-02-28,500,27,0.0316,A
2A,Fixed,Corp-4374,WO037044918,2020-12-14,2026-12-13,1000,50,0.0581,AAA
2A,Fixed,Corp-8153,MC423805750,2021-03-14,2026-03-13,100,27,0.0627,AAA
2A,Fixed,GovBond-4302,SK433406807,2023-11-19,2036-11-15,1000,36,0.0249,AA
1,Fixed,SOFR-9078,XH282947162,2022-11-16,2027-11-15,1000,44,0.0006,
1,Floating,TBILL-9838,SE352516430,2022-12-24,2048-12-17,500,13,,
1,Floating,SOFR-1327,EP498493615,2021-04-22,2037-04-18,1000,32,,
2A,Fixed,Corp-7001,BY107408231,2021-11-25,2030-11-23,1000,7,0.0424,AAA
2B,Fixed,Foreign-9894,SR389930788,2023-04-30,2033-04-27,1000,5,0.0758,BBB
2A,Fixed,Corp-9437,JA676679651,2022-04-01,2047-03-26,1000,41,0.0495,AAA
2A,Fixed,Corp-2568,OM939030395,2025-07-27,2029-07-26,1000,14,0.0437,AAA
2A,Fixed,Corp-6616,KU647276442,2024-03-19,2046-03-14,500,35,0.0514,AA
2B,Fixed,Foreign-2071,BU353167545,2024-09-29,2038-09-26,100,48,0.061,BBB
1,Fixed,SOFR-7030,AF830143248,2023-12-08,2044-12-02,500,38,0.0436,
2A,Fixed,Corp-7023,GB900691469,2021-06-06,2029-06-04,500,6,0.0452,AA
2B,Fixed,Foreign-1862,KY828668334,2023-11-20,2040-11-15,1000,37,0.0478,A
2A,Fixed,GovBond-4867,VM402053575,2022-03-13,2039-03-09,100,31,0.0228,AA
2A,Fixed,GovBond-9706,RF839189049,2023-10-05,2028-10-03,1000,27,0.0437,AAA
2A,Fixed,Corp-1376,WO653094054,2024-01-04,2045-12-29,100,35,0.0695,AA
2B,Fixed,Corp-9231,SE796955230,2025-06-29,2048-06-23,500,44,0.0335,BBB
2B,Floating,Emerging-6145,AU115950616,2023-04-10,2040-04-05,500,23,,BBB
1,Floating,TBILL-5470,EK623405694,2022-05-31,2038-05-27,1000,44,,
2B,Floating,Corp-8780,XX347781802,2023-10-06,2043-10-01,500,1,,A
2B,Floating,Foreign-8272,HJ104587353,2024-04-18,2032-04-16,100,14,,A
2A,Fixed,Corp-4154,PM375431971,2024-08-18,2048-08-12,1000,48,0.0422,AAA
2A,Fixed,Corp-2653,QD337635451,2023-07-21,2028-07-19,1000,4,0.041,AA
2A,Fixed,Corp-9600,HQ446855799,2024-11-28,2044-11-23,100,33,0.0745,AAA
2A,Fixed,Corp-7972,SM204040521,2025-08-12,2039-08-09,100,30,0.0304,AA
2B,Fixed,Emerging-9402,EA347896819,2024-10-08,2040-10-04,500,12,0.0745,BBB
2A,Fixed,Corp-2127,TD052842587,2021-04-10,2042-04-05,1000,15,0.0222,AA
2B,Floating,Emerging-4184,LY815818632,2024-02-18,2043-02-13,500,46,,A
2B,Fixed,Corp-8754,VH645606009,2023-01-18,2050-01-11,1000,20,0.0679,A
2B,Floating,Corp-4075,RF809551523,2023-04-17,2042-04-12,100,4,,A
2B,Fixed,Foreign-5794,OI958244094,2021-06-17,2033-06-14,100,10,0.0809,A
2A,Fixed,Corp-9701,KJ243165895,2025-08-01,2040-07-28,100,29,0.045,AAA
2B,Floating,Corp-223,EG357811403,2023-11-26,2047-11-20,1000,4,,A
2B,Floating,Emerging-4684,NL070465160,2021-06-14,2038-06-10,1000,23,,A
2A,Fixed,GovBond-9833,NH992478996,2023-05-30,2039-05-26,1000,9,0.0625,AAA
2A,Fixed,GovBond-1484,VS032931407,2024-10-29,2028-10-28,100,25,0.0542,AAA
1,Floating,GOV-5962,QI808084674,2021-03-28,2037-03-24,500,19,,
2A,Fixed,Corp-7801,KO759061227,2023-08-20,2047-08-14,100,24,0.0266,AAA
1,Fixed,TBILL-3266,MH018669706,2021-04-06,2035-04-03,100,2,0.0398,
2A,Fixed,Corp-4945,AM044654183,2024-05-13,2042-05-09,100,17,0.0759,AA
2B,Fixed,Corp-1382,DE273160929,2023-05-01,2039-04-27,100,3,0.0536,A
2A,Fixed,Corp-3364,ML417665909,2024-04-05,2040-04-01,500,7,0.0608,AA
2B,Fixed,Foreign-9468,ID084775659,2023-03-23,2043-03-18,1000,28,0.0416,BBB
2B,Floating,Corp-6502,SL164304120,2022-06-08,2045-06-02,1000,9,,A
2B,Fixed,Emerging-6913,DW877160465,2022-04-27,2046-04-21,100,17,0.0818,A
2A,Fixed,Corp-3938,ZA585069078,2022-08-23,2050-08-16,100,39,0.0686,AAA
2A,Fixed,GovBond-8627,UM180450308,2021-10-29,2027-10-28,100,42,0.0498,AAA
1,Fixed,GOV-8354,KJ461937643,2024-09-07,2048-09-01,500,34,0.0072,
2A,Fixed,Corp-1244,EB437915631,2024-01-09,2046-01-03,500,46,0.0361,AA
2B,Floating,Foreign-2004,CO237639614,2022-05-04,2050-04-27,100,11,,BBB
1,Floating,TBILL-5072,XS243642885,2021-08-30,2027-08-29,100,30,,
2B,Fixed,Emerging-7891,TV092863021,2025-03-23,2043-03-19,500,44,0.0794,BBB
2A,Fixed,Corp-500,FV771728852,2021-07-27,2049-07-20,1000,2,0.0239,AAA
2A,Fixed,GovBond-6384,NQ666443967,2022-08-20,2043-08-15,100,1,0.058,AA
2A,Fixed,Corp-9028,QI365950806,2021-03-10,2031-03-08,100,10,0.0202,AA
2A,Fixed,Corp-7186,XM240470538,2024-07-23,2036-07-20,500,38,0.0659,AAA
2B,Floating,Foreign-4841,ZV564572001,2021-03-03,2045-02-25,1000,44,,BBB
2A,Fixed,Corp-4492,DJ535417560,2021-03-05,2047-02-27,1000,50,0.0514,AAA
1,Fixed,TBILL-5700,YW547403890,2021-01-11,2029-01-09,1000,21,0.0022,
2A,Fixed,GovBond-7816,RE896465048,2022-01-17,2048-01-11,100,6,0.0594,AAA
2A,Fixed,Corp-6082,LI206725976,2021-12-24,2032-12-21,100,33,0.0446,AAA
1,Fixed,SOFR-6361,PM116043984,2025-07-17,2038-07-14,100,6,0.0444,
2B,Floating,Emerging-8524,AN392820602,2024-02-21,2038-02-17,100,2,,BBB
2B,Floating,Foreign-7280,EV628547258,2025-03-14,2031-03-13,1000,3,,BBB
2A,Fixed,Corp-2576,MC884023944,2024-02-18,2028-02-17,100,1,0.0559,AAA
1,Fixed,SOFR-6303,KU801696397,2024-04-06,2054-03-30,100,29,0.0091,
2A,Fixed,GovBond-4211,VE899058904,2020-12-25,2047-12-19,100,43,0.0495,AAA
2B,Fixed,Emerging-4988,AR847131387,2024-05-13,2031-05-12,1000,32,0.0671,A
2B,Floating,Emerging-1571,KR290557340,2025-10-07,2047-10-02,1000,12,,A
1,Floating,GOV-2680,EX971773785,2022-05-30,2032-05-27,100,24,,
1,Fixed,TBILL-3211,UN135403104,2023-09-21,2042-09-16,1000,4,0.0194,
2B,Fixed,Emerging-2171,VW963344551,2021-11-30,2043-11-25,1000,26,0.064,BBB
2A,Fixed,GovBond-2044,EK080249870,2023-03-11,2039-03-07,500,2,0.0473,AAA
1,Fixed,TBILL-1604,PJ916930322,2022-09-06,2031-09-04,1000,16,0.0391,
1,Floating,SOFR-5782,DZ639954181,2021-04-23,2049-04-16,100,40,,
2A,Fixed,GovBond-5711,UY432971515,2023-04-18,2036-04-14,500,35,0.0642,AAA
2A,Fixed,Corp-7705,IY229032122,2024-06-29,2054-06-22,500,34,0.0569,AAA
2B,Floating,Foreign-8104,VJ176887180,2023-10-22,2050-10-15,1000,27,,BBB
2B,Floating,Emerging-5753,QO256080343,2022-02-08,2038-02-04,1000,34,,BBB
2A,Fixed,Corp-2045,OQ881812334,2022-12-06,2033-12-03,1000,42,0.0305,AA
2A,Fixed,Corp-222,FX695523964,2024-06-24,2049-06-18,1000,36,0.0542,AAA
2B,Fixed,Emerging-2562,CJ899392340,2024-08-18,2028-08-17,1000,21,0.0836,A
2B,Fixed,Corp-4124,EM696960250,2025-03-08,2030-03-07,1000,37,0.065,BBB
2A,Fixed,GovBond-4036,AK493926895,2024-07-18,2051-07-12,500,30,0.0721,AAA
2A,Fixed,GovBond-6866,PF864134381,2021-12-27,2028-12-25,1000,2,0.0291,AA
2B,Floating,Foreign-7605,HH511998107,2021-01-12,2031-01-10,100,39,,A
2B,Floating,Emerging-4610,FP947824155,2024-11-28,2044-11-23,500,11,,BBB
1,Fixed,SOFR-3297,JI450099325,2025-03-18,2042-03-14,500,29,0.0217,
2B,Floating,Corp-4984,FX132625866,2024-07-28,2027-07-28,1000,47,,BBB
2A,Fixed,GovBond-8282,WW724426143,2023-11-08,2050-11-01,500,37,0.074,AA
2B,Fixed,Foreign-9726,FA410518414,2022-06-07,2042-06-02,1000,16,0.0729,BBB
2A,Fixed,Corp-7446,LR381090658,2023-08-15,2040-08-10,1000,25,0.0582,AAA
2A,Fixed,GovBond-5912,IO927542716,2022-03-08,2037-03-04,100,12,0.0741,AA
2A,Fixed,Corp-7910,OB711035437,2021-08-10,2042-08-05,500,48,0.0254,AAA
2B,Floating,Emerging-3446,ZC320430912,2023-02-22,2045-02-16,100,32,,BBB
2B,Fixed,Corp-438,JQ927596243,2021-10-28,2026-10-27,500,40,0.0309,A
2B,Floating,Corp-9884,JK500390832,2022-01-08,2043-01-03,500,38,,A
2A,Fixed,Corp-5971,UH196124562,2024-04-02,2047-03-28,1000,3,0.0793,AA
2B,Floating,Foreign-5519,EC352259553,2025-05-01,2044-04-26,100,18,,A
2A,Fixed,Corp-6150,SF607443191,2025-05-05,2043-05-01,100,6,0.0585,AAA
2A,Fixed,GovBond-1638,XX174565824,2022-07-24,2041-07-19,500,4,0.0391,AAA
2A,Fixed,GovBond-7732,TE407393545,2022-03-11,2041-03-06,500,1,0.0216,AA
2A,Fixed,Corp-1156,EP269795973,2024-05-18,2044-05-13,1000,27,0.0257,AAA
1,Floating,GOV-3344,XA566625942,2021-11-18,2030-11-16,1000,15,,
2A,Fixed,GovBond-1121,LP960672096,2025-09-04,2037-09-01,100,14,0.0262,AA
2B,Floating,Foreign-1953,DT356424509,2023-05-15,2049-05-08,500,40,,BBB
1,Fixed,SOFR-4469,PW956422171,2022-06-29,2044-06-23,1000,28,0.0174,
2B,Fixed,Emerging-4873,SJ453012223,2021-06-08,2032-06-05,500,50,0.0549,A
2A,Fixed,GovBond-9746,KX270709093,2020-11-20,2042-11-15,1000,16,0.0556,AA
2A,Fixed,Corp-1021,OZ427855023,2022-11-06,2048-10-30,500,11,0.0349,AAA
2B,Floating,Corp-8162,TU440388024,2021-11-20,2029-11-18,1000,28,,A
2A,Fixed,GovBond-6089,BR274424818,2024-04-18,2035-04-16,100,49,0.0363,AA
2A,Fixed,GovBond-6827,YU401897394,2024-06-24,2038-06-21,1000,21,0.0507,AA
2A,Fixed,GovBond-6431,HB693188420,2024-05-04,2027-05-04,500,42,0.0371,AAA
2A,Fixed,Corp-1848,JP143785075,2020-12-17,2043-12-12,100,23,0.0559,AAA
2A,Fixed,GovBond-9698,LX733820074,2025-10-27,2030-10-26,1000,23,0.0318,AA
2A,Fixed,GovBond-5248,SC412027892,2024-11-10,2041-11-06,500,25,0.0345,AA
1,Floating,TBILL-896,VZ170239952,2024-05-10,2039-05-07,500,9,,
2A,Fixed,GovBond-1552,HL621790074,2025-03-06,2046-03-01,500,8,0.0578,AAA
2A,Fixed,Corp-7902,IT804880943,2022-01-10,2042-01-05,1000,32,0.0784,AA
1,Fixed,SOFR-6257,MM875942860,2022-01-27,2044-01-22,100,8,0.0448,
2B,Floating,Emerging-7281,RZ677954306,2022-11-15,2037-11-11,100,8,,BBB
2A,Fixed,Corp-2008,MS573960817,2021-07-01,2047-06-25,500,19,0.0532,AAA
2B,Fixed,Corp-8627,PH691064325,2021-12-17,2033-12-14,1000,33,0.0693,BBB
2B,Floating,Corp-343,XM494823849,2022-11-30,2050-11-23,1000,50,,A
2B,Floating,Emerging-9354,ZV968627593,2023-09-10,2052-09-02,100,4,,BBB
2B,Floating,Corp-7741,XZ533444897,2024-12-27,2032-12-25,500,29,,BBB
2A,Fixed,GovBond-2426,GH346270127,2022-03-20,2043-03-15,100,10,0.0709,AA
2A,Fixed,GovBond-401,DC428424029,2023-09-10,2048-09-03,100,29,0.062,AA
1,Floating,GOV-7283,OM518976152,2024-08-21,2049-08-15,1000,4,,
2B,Floating,Corp-3601,UQ146281259,2022-08-31,2045-08-25,500,44,,BBB
2B,Fixed,Foreign-5441,IK851981395,2025-05-08,2032-05-06,100,7,0.0876,BBB
2B,Fixed,Emerging-1522,ZL190544114,2024-07-22,2049-07-16,500,12,0.0447,A
2B,Fixed,Foreign-9284,IM559046138,2024-02-21,2037-02-17,100,5,0.0516,BBB
2A,Fixed,Corp-6644,FB375070561,2020-11-25,2027-11-24,1000,22,0.0516,AAA
1,Fixed,GOV-6944,HC204755435,2024-05-24,2041-05-20,1000,37,0.0223,
1,Fixed,TBILL-4337,LZ955450804,2025-07-31,2040-07-27,1000,9,0.0164,
2B,Fixed,Foreign-6188,TQ515628655,2025-10-04,2035-10-02,1000,27,0.061,BBB
1,Fixed,SOFR-6743,BP786020898,2022-08-19,2044-08-13,500,13,0.0404,
1,Floating,GOV-4129,IU371352978,2025-02-24,2053-02-17,500,38,,
2B,Floating,Corp-9455,VM274442313,2022-09-25,2037-09-21,1000,38,,BBB
2A,Fixed,GovBond-2767,ZG180882312,2020-11-24,2041-11-19,1000,29,0.056,AAA
2A,Fixed,GovBond-650,AP987059293,2024-01-04,2038-12-31,500,46,0.0294,AA
1,Floating,SOFR-2187,PU220600986,2021-11-21,2042-11-16,500,7,,
2A,Fixed,GovBond-5908,XO475859129,2024-12-02,2025-12-02,500,28,0.0536,AA
2A,Fixed,GovBond-5260,KF715463680,2021-01-22,2049-01-15,100,21,0.0606,AAA
2A,Fixed,Corp-7550,BR504531109,2024-11-27,2035-11-25,1000,35,0.0786,AA
2A,Fixed,Corp-9733,RY692171140,2023-05-29,2036-05-25,500,15,0.0684,AAA
2B,Floating,Foreign-6685,ND273475520,2024-10-01,2051-09-25,500,49,,BBB
2B,Fixed,Foreign-2496,IY688797456,2022-09-18,2050-09-11,500,25,0.0557,A
1,Fixed,SOFR-8133,FD874135548,2025-07-07,2031-07-06,1000,17,0.0358,
2B,Fixed,Corp-5945,LG194100243,2025-09-18,2027-09-18,1000,6,0.0796,BBB
2B,Floating,Foreign-865,NT983700985,2024-09-11,2053-09-04,1000,3,,BBB
2B,Fixed,Corp-8630,YK980493578,2025-04-27,2027-04-27,500,5,0.0443,BBB
2A,Fixed,GovBond-4778,BO770495903,2021-02-10,2039-02-06,1000,24,0.05,AA
1,Floating,TBILL-4768,UQ842828519,2021-02-15,2032-02-13,500,29,,
2A,Fixed,GovBond-3224,FY197240594,2022-08-10,2050-08-03,500,1,0.0437,AA
2A,Fixed,GovBond-3076,RW164281277,2024-10-03,2041-09-29,100,40,0.0669,AAA
2A,Fixed,GovBond-831,NB985818063,2021-04-30,2050-04-23,1000,13,0.0763,AA
2B,Fixed,Foreign-6828,PZ523823857,2025-10-22,2045-10-17,500,45,0.0373,A
2A,Fixed,Corp-831,NJ327457190,2024-06-04,2034-06-02,100,15,0.0409,AAA
2B,Fixed,Corp-2045,BW747537972,2021-04-10,2040-04-05,100,17,0.0607,BBB
1,Floating,GOV-5385,ZF734255013,2025-04-27,2036-04-24,500,49,,
2A,Fixed,Corp-12,LA388121599,2025-06-25,2039-06-22,500,49,0.0517,AA
2A,Fixed,Corp-2270,HF473290873,2021-04-12,2031-04-10,500,46,0.0627,AA
2A,Fixed,Corp-5787,XH299338361,2025-09-12,2026-09-12,500,22,0.0559,AA
2B,Fixed,Corp-6881,KQ355394254,2021-04-10,2026-04-09,500,14,0.0345,A
2A,Fixed,GovBond-8924,TI092476125,2024-08-20,2040-08-16,500,25,0.0431,AA
2B,Fixed,Foreign-2827,RF764997201,2022-05-02,2052-04-24,500,29,0.044,BBB
2A,Fixed,Corp-8265,EY781438783,2022-12-01,2026-11-30,100,30,0.0611,AA
2A,Fixed,GovBond-7496,RG436345985,2022-02-17,2029-02-15,1000,22,0.0332,AA
2A,Fixed,GovBond-50,LY819604503,2025-05-09,2030-05-08,100,16,0.0464,AA
2A,Fixed,Corp-2565,QX637698914,2024-08-16,2037-08-13,100,36,0.0777,AA
2A,Fixed,Corp-3914,DF097657006,2022-10-19,2028-10-17,100,49,0.061,AA
2A,Fixed,Corp-7787,WH132107383,2021-10-13,2030-10-11,500,38,0.0599,AA
2B,Fixed,Foreign-159,HY585503744,2021-09-01,2030-08-30,1000,7,0.0385,A
2A,Fixed,Corp-1525,NV396030929,2022-03-01,2036-02-26,1000,16,0.0222,AAA
2A,Fixed,GovBond-1142,WY486347164,2024-10-28,2033-10-26,100,49,0.0507,AAA
2A,Fixed,Corp-9060,LK007809279,2024-05-21,2039-05-18,100,47,0.0286,AA
2B,Fixed,Foreign-7589,XY031793472,2021-05-30,2047-05-24,1000,18,0.0482,BBB
2B,Fixed,Foreign-4926,XB148090700,2022-04-13,2046-04-07,100,34,0.0805,A
2A,Fixed,GovBond-6623,RX348717740,2023-09-02,2045-08-27,100,9,0.0759,AAA
2A,Fixed,Corp-2819,CD535310390,2023-09-19,2033-09-16,500,13,0.0523,AAA
2B,Fixed,Emerging-3107,DX214508435,2020-12-11,2027-12-10,1000,43,0.0411,BBB
2B,Fixed,Emerging-5625,RD234458884,2022-09-09,2029-09-07,500,36,0.0321,BBB
1,Floating,TBILL-118,JK924493432,2024-03-04,2026-03-04,500,36,,
2B,Fixed,Corp-9721,DZ537085361,2025-11-02,2046-10-28,1000,7,0.055,BBB
2B,Fixed,Emerging-2744,IH517423577,2024-08-16,2039-08-13,1000,38,0.0325,BBB
2A,Fixed,GovBond-27,XS494137481,2023-09-29,2028-09-27,100,19,0.061,AAA
2A,Fixed,GovBond-5994,AC152272636,2020-12-21,2036-12-17,1000,29,0.045,AAA
2B,Floating,Emerging-6626,WM798737290,2021-10-25,2034-10-22,100,19,,BBB
2A,Fixed,Corp-4146,UZ626510001,2021-07-06,2031-07-04,1000,44,0.0456,AAA
1,Fixed,SOFR-5008,CY569531989,2024-05-23,2053-05-16,500,18,0.009,
2A,Fixed,GovBond-719,LO205302121,2025-07-10,2050-07-04,100,42,0.0202,AA
2B,Fixed,Emerging-7847,NV656110718,2025-05-12,2028-05-11,1000,28,0.0342,A
2A,Fixed,Corp-8083,KL240092289,2021-10-23,2032-10-20,1000,5,0.0521,AA
2A,Fixed,Corp-4727,ZB033671376,2025-09-29,2037-09-26,1000,20,0.0661,AA
2B,Floating,Emerging-3846,OW348043762,2021-06-03,2032-05-31,500,47,,BBB
1,Fixed,TBILL-1259,AI965614330,2022-01-01,2047-12-26,1000,48,0.0052,
2A,Fixed,GovBond-5865,SF502835875,2021-09-12,2050-09-05,500,9,0.055,AAA
1,Fixed,TBILL-3869,LM413436393,2024-01-17,2038-01-13,500,8,0.0242,
2A,Fixed,Corp-6669,GT200414030,2024-06-26,2033-06-24,100,49,0.0298,AA
2B,Floating,Emerging-4530,GD664010074,2025-06-28,2051-06-22,500,2,,A
2A,Fixed,GovBond-4754,BJ801879609,2022-09-03,2041-08-29,1000,16,0.0626,AA
2B,Fixed,Emerging-7664,JF725583441,2023-08-29,2045-08-23,500,28,0.0383,BBB
1,Fixed,TBILL-3378,CI561482593,2022-10-22,2033-10-19,500,10,0.0173,
2B,Fixed,Emerging-900,SY263328230,2025-03-25,2046-03-20,100,6,0.0336,BBB
2B,Fixed,Foreign-2253,PN889992286,2020-11-25,2043-11-20,100,20,0.0474,BBB
2A,Fixed,GovBond-6749,DA495219421,2025-09-03,2038-08-31,1000,39,0.0628,AAA
1,Fixed,TBILL-8060,LE388421871,2025-11-02,2036-10-30,100,47,0.047,
2A,Fixed,GovBond-2863,HO843237777,2023-12-30,2039-12-26,1000,1,0.0674,AA
2A,Fixed,Corp-6436,SS205796044,2025-01-29,2053-01-22,1000,49,0.035,AAA
2B,Fixed,Foreign-8624,NO355229204,2025-03-25,2042-03-21,100,35,0.0497,A
1,Fixed,SOFR-3860,DG795546705,2021-09-06,2031-09-04,100,31,0.0403,
1,Floating,GOV-5274,AX502572602,2021-08-24,2051-08-17,500,18,,
2A,Fixed,GovBond-5178,AF755498106,2021-04-28,2050-04-21,500,40,0.0485,AAA
2A,Fixed,Corp-5845,NK301030057,2023-01-10,2049-01-03,500,47,0.0586,AA
1,Fixed,GOV-7484,FC883693345,2024-08-28,2042-08-24,500,26,0.0281,
2A,Fixed,GovBond-9930,XZ673368344,2025-05-14,2032-05-12,1000,45,0.0607,AAA
2B,Floating,Emerging-7696,SQ657605617,2022-09-22,2037-09-18,100,17,,A
2A,Fixed,Corp-995,GC764664137,2023-01-10,2037-01-06,500,23,0.0743,AA
2A,Fixed,GovBond-3115,WE870979476,2021-04-01,2030-03-30,1000,17,0.036,AAA
2A,Fixed,GovBond-4433,SR633051233,2025-09-15,2048-09-09,100,38,0.0682,AA
2B,Floating,Foreign-1067,TU742392831,2023-12-05,2041-11-30,100,23,,BBB
2B,Fixed,Foreign-663,PL190914666,2022-07-21,2029-07-19,500,26,0.0695,A
2A,Fixed,Corp-8997,XD278878036,2025-02-02,2047-01-28,1000,20,0.0527,AA
2B,Fixed,Foreign-1256,IT239939855,2022-02-13,2049-02-06,500,1,0.0838,A
2A,Fixed,GovBond-2484,LS897580437,2021-06-12,2031-06-10,100,34,0.0759,AA
2B,Fixed,Corp-7558,DE386830958,2023-07-08,2041-07-03,500,27,0.0709,A
2B,Fixed,Corp-6351,HP326530239,2022-11-08,2032-11-05,1000,33,0.063,A
2B,Floating,Emerging-6698,RS518407787,2023-09-07,2033-09-04,500,47,,BBB
2B,Floating,Corp-1460,CX422538476,2024-09-29,2034-09-27,500,18,,BBB
2A,Fixed,GovBond-557,VY429366930,2025-11-05,2044-10-31,100,13,0.0643,AAA
2B,Fixed,Foreign-1144,MT054076522,2021-10-02,2047-09-26,500,44,0.0581,A
2B,Fixed,Corp-7676,UM517456068,2025-03-26,2030-03-25,1000,23,0.0804,BBB
2A,Fixed,GovBond-8192,FU327074160,2022-02-03,2029-02-01,500,12,0.0404,AA
2B,Floating,Foreign-5153,AG469875421,2025-05-26,2041-05-22,1000,18,,A
1,Fixed,GOV-8695,QF178374397,2021-01-20,2034-01-17,500,11,0.0333,
2A,Fixed,Corp-3053,IJ643791103,2021-03-30,2028-03-28,500,15,0.0417,AA
2B,Fixed,Emerging-3638,TZ355150774,2025-01-01,2030-12-31,500,11,0.0532,BBB
2A,Fixed,Corp-2280,WN399686108,2025-01-10,2034-01-08,100,30,0.0662,AA
2B,Floating,Emerging-7628,NR054234973,2025-04-18,2054-04-11,1000,48,,BBB
1,Floating,SOFR-2079,IC197651637,2025-07-11,2054-07-04,1000,22,,
2A,Fixed,GovBond-7863,FK578282151,2023-07-01,2046-06-25,500,20,0.0638,AA
2B,Floating,Corp-145,TH751045985,2021-04-08,2035-04-05,100,19,,BBB
2A,Fixed,GovBond-2175,WH309586359,2025-09-09,2039-09-06,100,50,0.0761,AA
2A,Fixed,Corp-1596,LD318957439,2024-06-10,2045-06-05,1000,48,0.0541,AA
2A,Fixed,GovBond-6293,LN466033871,2023-08-16,2033-08-13,500,16,0.0449,AA
2A,Fixed,Corp-1736,FM451276962,2025-02-12,2047-02-07,1000,34,0.0339,AAA
2A,Fixed,Corp-2315,SA170750399,2024-03-27,2037-03-24,1000,10,0.0754,AAA
1,Fixed,GOV-6985,TU331516822,2024-08-19,2054-08-12,1000,32,0.0175,
1,Fixed,TBILL-9776,OY415625897,2024-09-10,2028-09-09,100,10,0.0455,
2A,Fixed,Corp-7115,WR773762835,2022-05-11,2038-05-07,1000,21,0.0433,AA
1,Fixed,TBILL-1358,GE218945842,2021-03-28,2041-03-23,1000,17,0.0477,
2B,Fixed,Foreign-772,PK658409465,2024-10-05,2050-09-29,100,6,0.0572,A
1,Floating,TBILL-8273,IL113358652,2025-01-01,2044-12-27,100,4,,
2A,Fixed,Corp-192,OU699196952,2023-11-04,2028-11-02,1000,29,0.0733,AAA
1,Fixed,TBILL-9055,JX612608107,2025-11-01,2044-10-27,100,7,0.0052,
2A,Fixed,GovBond-6886,UC708862083,2021-08-29,2032-08-26,100,12,0.0516,AA
2A,Fixed,Corp-4924,OM784829985,2024-01-30,2049-01-23,100,37,0.0747,AA
2A,Fixed,Corp-5222,BR424369469,2021-10-20,2040-10-15,500,22,0.0369,AAA
1,Floating,SOFR-5425,GP015022693,2022-01-12,2051-01-05,1000,45,,
2A,Fixed,Corp-1623,AR318695228,2025-11-13,2054-11-06,1000,26,0.0577,AA
2A,Fixed,Corp-2121,KK283053548,2021-01-05,2048-12-29,500,35,0.0424,AA
2B,Fixed,Corp-1387,HI862543713,2024-09-04,2033-09-02,1000,11,0.0791,A
2B,Floating,Corp-8103,FT235349123,2025-08-28,2047-08-23,100,3,,BBB
1,Floating,SOFR-8677,RY285203054,2023-07-26,2049-07-19,1000,11,,
2A,Fixed,GovBond-7529,WE037549728,2021-03-05,2037-03-01,100,22,0.0424,AA
2B,Fixed,Foreign-9614,TE495010976,2021-12-21,2041-12-16,500,12,0.0617,A
2A,Fixed,Corp-2606,XI656595317,2021-11-08,2047-11-02,1000,38,0.074,AA
1,Floating,TBILL-4778,RD147727307,2022-04-06,2035-04-03,100,5,,
2B,Floating,Emerging-9682,ZL825358052,2021-06-12,2032-06-09,1000,1,,BBB
2A,Fixed,GovBond-331,KC789532059,2023-08-27,2037-08-23,1000,4,0.0634,AA
2B,Floating,Foreign-1756,VY811889395,2021-04-03,2039-03-30,500,13,,A
1,Fixed,GOV-4199,SS648086853,2023-03-02,2046-02-24,1000,4,0.035,
2B,Floating,Foreign-9355,ZM257345461,2023-05-01,2053-04-23,500,5,,BBB
2A,Fixed,Corp-6025,GY225173363,2022-06-25,2031-06-23,100,4,0.0527,AA
1,Fixed,GOV-9351,PF592623273,2023-11-01,2032-10-29,1000,44,0.0122,
1,Fixed,SOFR-6264,XR065312458,2022-12-25,2028-12-23,1000,31,0.0134,
2A,Fixed,GovBond-4285,DB228100597,2021-09-26,2042-09-21,100,15,0.0765,AA
1,Fixed,TBILL-975,JW568611506,2025-09-29,2026-09-29,100,7,0.0267,
2A,Fixed,GovBond-5637,OP423827507,2025-11-10,2031-11-09,100,48,0.0666,AAA
2A,Fixed,Corp-8387,NA675347028,2025-02-19,2030-02-18,500,19,0.0501,AAA
2B,Fixed,Foreign-2181,WH987701642,2024-07-14,2029-07-13,100,9,0.0349,A
2B,Floating,Emerging-343,SI161230245,2022-01-08,2033-01-05,1000,19,,BBB
2B,Fixed,Foreign-2785,WZ533723334,2022-02-19,2040-02-15,100,40,0.0393,A
2A,Fixed,Corp-3270,JX204164376,2023-06-08,2035-06-05,500,34,0.0664,AAA
2A,Fixed,Corp-9381,PZ783325194,2024-09-23,2041-09-19,100,21,0.0584,AA
2B,Floating,Corp-1842,MP286158360,2022-04-15,2045-04-09,100,27,,A
2A,Fixed,Corp-6642,NP450581090,2022-02-01,2039-01-28,1000,23,0.0315,AAA
2A,Fixed,Corp-2577,LK724926057,2021-05-20,2043-05-15,1000,18,0.0509,AA
2A,Fixed,GovBond-9112,WY344618144,2023-12-09,2044-12-03,1000,15,0.071,AAA
2B,Floating,Foreign-804,QT550233259,2025-10-21,2043-10-17,1000,41,,BBB
2A,Fixed,Corp-2584,LB811191634,2025-08-22,2049-08-16,100,16,0.0365,AAA
2A,Fixed,GovBond-9191,IF265705478,2025-02-28,2050-02-22,100,32,0.067,AA
1,Floating,GOV-5831,RF605947534,2025-01-08,2027-01-08,100,40,,
2A,Fixed,GovBond-5123,FU282772579,2022-07-29,2043-07-24,500,28,0.0409,AA
2A,Fixed,Corp-7852,YV282139735,2023-04-17,2032-04-14,100,42,0.0672,AAA
2B,Fixed,Foreign-8360,LW246942858,2023-08-09,2034-08-06,500,25,0.0668,A
2B,Floating,Corp-8117,KA652616677,2024-12-25,2035-12-23,1000,7,,BBB
2A,Fixed,GovBond-1960,OJ881182331,2024-09-05,2035-09-03,500,15,0.0419,AA
2A,Fixed,GovBond-6613,IC435581454,2024-09-16,2054-09-09,500,6,0.0319,AAA
2B,Floating,Corp-5983,YO132066705,2024-10-10,2052-10-03,100,33,,A
2B,Floating,Corp-7264,SJ530146118,2023-04-22,2027-04-21,1000,18,,BBB
1,Floating,TBILL-8537,QS879282728,2021-01-01,2029-12-30,1000,36,,
1,Fixed,SOFR-4568,YK344235599,2020-12-18,2040-12-13,1000,26,0.0485,
2B,Floating,Emerging-2247,JI803062826,2025-03-14,2034-03-12,500,24,,BBB
2A,Fixed,GovBond-2337,ZM436884777,2023-12-22,2050-12-15,100,41,0.0234,AA
2A,Fixed,Corp-7788,JI547424830,2021-08-31,2044-08-25,100,22,0.0774,AAA
2B,Floating,Emerging-3650,NN785435055,2025-09-01,2050-08-26,100,23,,A
1,Floating,SOFR-8255,NH400681385,2025-05-19,2046-05-14,1000,18,,
2A,Fixed,Corp-7306,XE781851617,2024-12-03,2037-11-30,500,17,0.0244,AA
2A,Fixed,GovBond-1748,AH815175050,2022-01-27,2049-01-20,500,50,0.0775,AAA
2B,Floating,Emerging-1448,JD038509294,2025-05-30,2029-05-29,500,28,,A
2B,Fixed,Corp-9987,FR084965587,2021-07-16,2033-07-13,1000,39,0.0614,BBB
2B,Floating,Foreign-2289,MM465067859,2022-02-04,2029-02-02,500,37,,A
2B,Floating,Emerging-1951,HF021506206,2025-02-19,2039-02-16,500,13,,A
2B,Floating,Foreign-4606,HN096348262,2025-03-09,2037-03-06,1000,12,,BBB
2A,Fixed,Corp-6681,VM914841637,2021-04-05,2050-03-29,100,4,0.061,AA
2B,Floating,Corp-1151,YY742939023,2021-01-18,2038-01-14,100,7,,BBB
2B,Floating,Corp-7665,EK370788144,2024-12-01,2043-11-27,1000,16,,A
2B,Floating,Corp-7115,HQ901716975,2025-05-19,2054-05-12,100,38,,A
2B,Floating,Foreign-4047,NJ509167890,2023-03-10,2027-03-09,500,1,,A
2A,Fixed,Corp-4875,YQ215628389,2023-12-05,2029-12-03,1000,36,0.0656,AAA
2B,Floating,Corp-6659,QW460060368,2025-08-18,2040-08-14,100,20,,A
2B,Floating,Emerging-5190,YZ989137198,2025-07-18,2038-07-15,1000,34,,A
2A,Fixed,Corp-8252,YS516090398,2021-09-26,2032-09-23,1000,30,0.0573,AA
2B,Fixed,Foreign-9186,WP020186388,2024-05-19,2046-05-14,100,42,0.0439,A
1,Floating,TBILL-5881,LL795162850,2023-08-08,2032-08-05,1000,6,,
2A,Fixed,GovBond-2628,YN017413865,2025-06-12,2028-06-11,1000,7,0.0676,AA
2A,Fixed,GovBond-5410,HV047419300,2024-09-07,2033-09-05,100,39,0.0764,AAA
2A,Fixed,Corp-2500,PN422364967,2021-10-01,2028-09-29,100,41,0.0516,AAA
1,Floating,SOFR-9985,YB399251349,2022-09-01,2037-08-28,500,29,,
2B,Floating,Foreign-7625,VS791545819,2024-01-29,2047-01-23,1000,40,,A
2B,Floating,Emerging-1894,LS432575565,2025-01-25,2050-01-19,500,17,,A
2A,Fixed,Corp-4969,FG612630747,2025-05-01,2038-04-28,100,30,0.0427,AA
1,Fixed,TBILL-8458,OL210150960,2024-01-22,2051-01-15,1000,50,0.0247,
1,Fixed,TBILL-6402,FA794402123,2024-12-25,2028-12-24,1000,14,0.0277,
2A,Fixed,GovBond-4373,BJ149165008,2021-06-18,2031-06-16,500,28,0.077,AAA
2B,Floating,Foreign-6495,QU888816560,2021-05-21,2039-05-17,100,29,,A
2A,Fixed,GovBond-2403,DN464878597,2025-02-03,2041-01-30,500,10,0.0497,AAA
1,Fixed,GOV-8699,QA009384781,2024-11-30,2048-11-24,1000,1,0.0404,
2B,Fixed,Corp-2561,OE954251577,2023-03-02,2039-02-26,500,39,0.044,A
2A,Fixed,GovBond-4639,GP801072405,2022-03-20,2045-03-14,500,37,0.0648,AA
1,Floating,TBILL-6148,UJ895430305,2023-02-12,2043-02-07,100,28,,
2B,Fixed,Foreign-4759,EA735154129,2022-05-11,2045-05-05,100,49,0.0651,A
2A,Fixed,Corp-4835,UT047344189,2023-01-14,2046-01-08,100,8,0.027,AAA
2A,Fixed,Corp-5137,CO298589978,2022-10-08,2028-10-06,100,23,0.0474,AA
2B,Fixed,Corp-7555,XD739067541,2023-02-25,2049-02-18,100,8,0.0518,A
2A,Fixed,GovBond-8754,FL897667950,2025-01-09,2038-01-06,100,20,0.0381,AAA
2B,Floating,Corp-3723,XG002335868,2022-04-17,2042-04-12,100,50,,BBB
2A,Fixed,GovBond-3437,WU522370189,2023-04-05,2046-03-30,1000,37,0.0556,AA
2A,Fixed,GovBond-8141,WZ676414851,2021-04-22,2044-04-16,1000,16,0.042,AA
2A,Fixed,Corp-9144,LW657824738,2025-08-18,2032-08-16,1000,39,0.0228,AA
1,Fixed,SOFR-2068,NT438745008,2021-01-28,2042-01-23,1000,38,0.017,
2A,Fixed,GovBond-8362,QB212272134,2022-10-01,2037-09-27,100,36,0.059,AAA
2A,Fixed,Corp-2609,GK884045912,2021-01-20,2046-01-14,100,41,0.0461,AA
2B,Floating,Foreign-749,HU071831231,2023-08-31,2038-08-27,1000,25,,A
2A,Fixed,GovBond-1848,QV728567924,2021-05-07,2047-05-01,500,31,0.0531,AAA
2B,Fixed,Foreign-572,YM777508141,2025-02-28,2032-02-27,100,19,0.0464,BBB
2A,Fixed,GovBond-8762,TD021446945,2021-06-23,2029-06-21,100,20,0.0719,AA
2A,Fixed,Corp-9694,HK880950361,2025-10-09,2048-10-03,100,25,0.0734,AAA
2A,Fixed,Corp-7805,CN771356491,2024-11-08,2040-11-04,1000,8,0.0387,AA
2B,Floating,Foreign-5348,MA671818942,2024-01-10,2036-01-07,100,32,,BBB
2B,Fixed,Foreign-297,QD297501798,2021-09-17,2026-09-16,1000,18,0.0347,A
2B,Fixed,Emerging-1327,UN646462624,2024-10-13,2050-10-07,1000,18,0.0422,BBB
2B,Floating,Foreign-125,VH814661532,2022-08-11,2048-08-04,1000,21,,A
1,Fixed,GOV-7417,DZ981659610,2023-03-23,2052-03-15,500,8,0.0144,
2A,Fixed,Corp-9638,PR254056728,2023-12-01,2025-11-30,500,44,0.0655,AAA
2A,Fixed,GovBond-6289,AY723013156,2024-09-15,2039-09-12,1000,35,0.0769,AAA
2A,Fixed,Corp-4726,DX321296227,2025-09-10,2040-09-06,500,13,0.029,AA
2B,Floating,Emerging-3422,KZ555699739,2025-10-02,2049-09-26,500,25,,BBB
1,Fixed,TBILL-865,RX114520517,2024-02-17,2049-02-10,100,49,0.0299,
2A,Fixed,GovBond-6175,ZW845262864,2020-11-25,2033-11-22,1000,41,0.0383,AA
2A,Fixed,Corp-2154,IG864363869,2024-01-24,2035-01-21,500,41,0.0414,AAA
2A,Fixed,Corp-94,EQ353758326,2021-05-21,2035-05-18,500,39,0.0438,AAA
2B,Floating,Corp-4096,ED825571120,2023-07-02,2031-06-30,1000,27,,BBB
2A,Fixed,GovBond-135,DC880359738,2024-12-10,2046-12-05,100,1,0.0598,AAA
2A,Fixed,GovBond-1018,TV569006749,2023-08-21,2047-08-15,100,20,0.0427,AAA
2B,Floating,Foreign-2067,FW438925699,2022-08-13,2029-08-11,1000,15,,BBB
2B,Fixed,Emerging-2349,AR522511275,2023-05-03,2038-04-29,100,28,0.0325,BBB
2B,Floating,Corp-1995,QE598729754,2025-01-02,2041-12-29,100,42,,BBB
2B,Floating,Emerging-1732,QB332719556,2024-06-04,2053-05-28,500,41,,A
2B,Floating,Emerging-5580,VL199010853,2021-12-04,2049-11-27,1000,7,,A
1,Floating,SOFR-3652,RK531879922,2024-01-10,2042-01-05,100,16,,
2B,Fixed,Emerging-3594,AC147357751,2023-12-08,2030-12-06,1000,40,0.0706,A
2A,Fixed,GovBond-9326,PB637133356,2023-03-08,2048-03-01,100,14,0.0556,AAA
2A,Fixed,GovBond-5065,TJ522160250,2025-06-09,2042-06-05,100,34,0.061,AAA
2B,Floating,Emerging-7504,OH918005428,2021-08-28,2034-08-25,500,22,,A
2B,Floating,Foreign-5044,IK473600759,2021-09-12,2047-09-06,500,38,,BBB
1,Fixed,SOFR-5368,TH816959010,2023-04-09,2028-04-07,500,3,0.0482,
2A,Fixed,GovBond-5908,EC212361182,2022-02-28,2032-02-26,100,20,0.0262,AA
2B,Fixed,Corp-850,ZO924026672,2024-09-21,2029-09-20,1000,26,0.0438,BBB
2A,Fixed,Corp-485,YW354490980,2021-06-01,2041-05-27,1000,32,0.0337,AAA
2A,Fixed,Corp-265,UQ929844352,2021-07-16,2049-07-09,1000,41,0.0651,AA
2A,Fixed,Corp-3008,CS726227821,2023-08-05,2031-08-03,500,40,0.0483,AA
2B,Fixed,Emerging-429,ZL884673801,2023-03-29,2037-03-25,500,44,0.0603,BBB
2B,Floating,Emerging-4016,XG010285158,2025-09-05,2028-09-04,500,4,,A
2B,Fixed,Corp-6500,OR796576027,2023-03-11,2031-03-09,500,34,0.0743,A
2B,Floating,Corp-9455,WR963118632,2021-12-31,2025-12-30,500,4,,A
2B,Fixed,Emerging-7247,UH372919692,2022-10-26,2035-10-23,500,44,0.0872,BBB
1,Fixed,GOV-1461,LP083667887,2022-08-02,2048-07-26,100,1,0.0134,
2B,Floating,Corp-2235,IL616735030,2021-01-04,2026-01-03,500,42,,A
2A,Fixed,GovBond-5532,VB087000426,2023-10-01,2029-09-29,500,32,0.0761,AAA
2A,Fixed,Corp-1307,NU600859485,2021-03-06,2030-03-04,100,20,0.0721,AAA
1,Fixed,GOV-4414,RP716013400,2024-05-04,2027-05-04,1000,41,0.009,
2A,Fixed,GovBond-7381,HR841139832,2025-05-12,2053-05-05,1000,23,0.03,AAA
2B,Floating,Corp-6187,WD463844132,2023-02-20,2037-02-16,500,30,,BBB
2A,Fixed,GovBond-6355,VC618516511,2021-08-04,2034-08-01,100,33,0.0537,AAA
2B,Floating,Foreign-4036,FZ504759216,2021-02-22,2042-02-17,1000,15,,A
2B,Fixed,Foreign-4555,ET915806699,2021-02-23,2036-02-20,100,34,0.0319,BBB
2A,Fixed,Corp-9280,PS471320564,2021-01-22,2050-01-15,500,34,0.0332,AA
2A,Fixed,Corp-9409,KC718341681,2024-01-10,2044-01-05,500,27,0.0492,AAA
2A,Fixed,GovBond-9855,NR769770089,2023-05-01,2040-04-26,100,20,0.0416,AA
2A,Fixed,Corp-8323,TX305385531,2023-07-06,2033-07-03,500,37,0.0552,AAA
2A,Fixed,Corp-6594,VM859157567,2024-06-03,2028-06-02,100,48,0.0626,AA
1,Fixed,GOV-5220,TM507351571,2022-12-30,2038-12-26,1000,11,0.0432,
1,Fixed,GOV-1541,HO441993574,2022-08-09,2040-08-04,500,46,0.0046,
1,Fixed,TBILL-3822,UM913492242,2024-01-29,2033-01-26,1000,7,0.016,
2B,Fixed,Corp-4953,CP202250509,2025-04-06,2055-03-30,500,33,0.0488,BBB
1,Fixed,SOFR-789,NR955505896,2022-06-08,2048-06-01,100,12,0.0068,
2A,Fixed,Corp-7311,EF123036849,2022-02-04,2036-02-01,100,15,0.0586,AAA
2A,Fixed,GovBond-4283,EB088541553,2021-06-28,2042-06-23,1000,7,0.034,AA
2B,Floating,Foreign-9524,AH787805760,2024-12-20,2054-12-13,500,46,,A
2A,Fixed,GovBond-593,PY413728528,2025-08-14,2028-08-13,500,23,0.0312,AA
1,Floating,SOFR-6999,BF504723591,2023-10-05,2046-09-29,100,7,,
2B,Floating,Corp-6624,GC885889746,2025-02-01,2040-01-29,500,39,,BBB
2A,Fixed,GovBond-9989,KZ310294105,2023-09-05,2044-08-30,500,7,0.0655,AAA
2A,Fixed,GovBond-6971,ZX384321601,2022-08-11,2030-08-09,1000,27,0.0446,AA
2A,Fixed,GovBond-5814,BS339099838,2020-12-28,2042-12-23,1000,41,0.0741,AA
2B,Floating,Emerging-992,XU725408854,2022-05-23,2049-05-16,1000,27,,A
2A,Fixed,GovBond-1331,WZ948493128,2025-08-11,2032-08-09,1000,29,0.077,AAA
1,Fixed,TBILL-4433,QG258778384,2025-05-04,2055-04-27,1000,24,0.0343,
2A,Fixed,GovBond-6022,KL162870722,2021-07-08,2041-07-03,100,18,0.0606,AAA
2A,Fixed,GovBond-5438,FD856797905,2021-05-09,2044-05-03,500,42,0.06,AAA
2A,Fixed,Corp-1138,DF460393945,2024-07-23,2052-07-16,500,12,0.0332,AAA
2A,Fixed,Corp-1235,NJ498863511,2022-06-17,2050-06-10,1000,5,0.06,AA
2B,Fixed,Corp-1478,RF026172811,2022-02-04,2048-01-29,1000,35,0.0685,A
2B,Floating,Foreign-7945,WR582069166,2024-12-10,2053-12-03,1000,7,,BBB
2A,Fixed,GovBond-1040,NF823476676,2022-08-19,2044-08-13,1000,39,0.0691,AA
2B,Fixed,Emerging-5029,GM467767623,2023-08-04,2046-07-29,500,21,0.0564,A
2B,Fixed,Foreign-9618,OE797563516,2021-02-25,2047-02-19,500,17,0.0565,A
2B,Fixed,Foreign-4346,HZ891838599,2022-05-11,2047-05-05,500,20,0.0352,A
2A,Fixed,GovBond-2247,NA317960634,2024-07-12,2052-07-05,500,14,0.0681,AA
2A,Fixed,GovBond-820,PF276165583,2023-02-05,2047-01-30,1000,36,0.0417,AAA
2A,Fixed,Corp-743,CQ949015323,2022-04-30,2035-04-27,1000,33,0.0389,AAA
2A,Fixed,GovBond-3912,DB910086048,2022-06-06,2029-06-04,1000,3,0.0302,AA
2A,Fixed,Corp-5833,IH748561719,2024-04-06,2034-04-04,1000,31,0.0311,AA
1,Floating,TBILL-355,LU637978045,2025-06-26,2027-06-26,1000,17,,
1,Floating,SOFR-5788,NL149341438,2021-11-11,2029-11-09,100,35,,
2A,Fixed,GovBond-6161,NH318476374,2023-05-17,2037-05-13,500,17,0.0369,AA
2B,Fixed,Foreign-6744,BE133633543,2021-03-24,2034-03-21,500,16,0.046,BBB
2B,Fixed,Corp-4636,QQ384303024,2025-07-01,2045-06-26,500,32,0.0764,BBB
2B,Floating,Emerging-1256,IM451248766,2021-03-10,2042-03-05,500,9,,A
1,Fixed,SOFR-4847,YK188394120,2024-09-23,2050-09-17,100,19,0.0361,
2B,Fixed,Foreign-8348,ES618666386,2023-02-24,2048-02-18,1000,15,0.0301,BBB
2B,Fixed,Emerging-211,RC971101235,2021-01-27,2044-01-22,100,25,0.0402,A
2B,Fixed,Foreign-7552,XP773413316,2024-03-30,2038-03-27,500,42,0.0481,BBB
2B,Fixed,Foreign-1278,BB254653751,2025-05-28,2047-05-23,500,8,0.0742,A
2B,Fixed,Foreign-875,RV607475266,2025-01-23,2033-01-21,100,42,0.0549,BBB
2B,Floating,Corp-7447,SW542298420,2022-03-04,2043-02-27,1000,4,,A
2A,Fixed,Corp-8458,HQ647970644,2023-09-01,2039-08-28,1000,28,0.0635,AAA
2B,Fixed,Foreign-6294,EE059537909,2023-12-18,2035-12-15,1000,14,0.0564,BBB
2B,Fixed,Corp-6208,XE023616109,2024-06-01,2037-05-29,100,42,0.0357,BBB
2B,Fixed,Emerging-8354,YF473169343,2023-08-24,2035-08-21,500,3,0.0303,BBB
2B,Floating,Emerging-877,LU590729964,2021-11-04,2050-10-28,1000,27,,BBB
1,Fixed,TBILL-4524,DS476673432,2024-12-07,2030-12-06,1000,20,0.0016,
2A,Fixed,GovBond-6394,WE375101455,2020-11-19,2037-11-15,1000,22,0.0282,AAA
2A,Fixed,GovBond-9910,UE056116010,2022-10-31,2026-10-30,500,15,0.0599,AAA
1,Fixed,TBILL-402,AI697335044,2024-06-17,2040-06-13,100,13,0.0296,
2B,Floating,Corp-2855,IK736052903,2023-07-14,2028-07-12,1000,45,,A
2B,Fixed,Foreign-7617,XB384831774,2024-06-16,2036-06-13,1000,50,0.0505,BBB
1,Floating,GOV-9450,YQ582564178,2025-01-08,2026-01-08,1000,44,,
2A,Fixed,GovBond-6403,DH617115784,2024-07-10,2041-07-06,100,36,0.0586,AAA
2A,Fixed,GovBond-2691,LM597396658,2023-07-14,2043-07-09,1000,13,0.0774,AAA
1,Fixed,GOV-8286,YN869759346,2021-07-03,2041-06-28,1000,31,0.0417,
2A,Fixed,Corp-8853,AC716439065,2020-12-02,2039-11-28,500,23,0.0498,AAA
2B,Fixed,Foreign-2351,AM411291049,2024-02-17,2048-02-11,100,27,0.0592,A
2A,Fixed,Corp-1310,XB208159646,2022-02-01,2037-01-28,500,26,0.0312,AA
2A,Fixed,Corp-2541,DV172291820,2024-02-19,2051-02-12,100,3,0.0541,AA
2B,Fixed,Emerging-8667,WL361285580,2022-12-01,2047-11-25,100,3,0.0701,A
2B,Floating,Emerging-7998,WG457862534,2021-01-26,2042-01-21,100,26,,A
1,Fixed,SOFR-4662,EY399766078,2022-03-11,2035-03-08,1000,18,0.0231,
2B,Floating,Foreign-6022,CX506105061,2022-03-07,2047-03-01,1000,41,,BBB
2B,Fixed,Emerging-156,VK529869157,2022-10-13,2031-10-11,1000,17,0.074,BBB
2B,Fixed,Corp-5859,BP498069819,2023-02-15,2039-02-11,100,21,0.0472,A
2B,Fixed,Emerging-4538,ZS638192175,2021-07-16,2030-07-14,1000,14,0.0895,A
2A,Fixed,Corp-8693,JE816376752,2021-07-14,2044-07-08,500,42,0.0752,AAA
2A,Fixed,Corp-6418,OF735422668,2025-10-06,2031-10-05,500,36,0.0619,AAA
2B,Fixed,Corp-4667,CI799634792,2022-04-03,2039-03-30,500,8,0.0494,A
2A,Fixed,Corp-8136,UH855290490,2023-01-12,2036-01-09,500,28,0.0328,AA
2A,Fixed,GovBond-7457,OE235362958,2024-10-22,2037-10-19,1000,43,0.0383,AAA
2B,Floating,Emerging-2431,WG980215464,2020-11-22,2050-11-15,500,1,,BBB
2B,Floating,Corp-7417,TF213141649,2024-02-12,2027-02-11,500,11,,A
2B,Fixed,Corp-599,LB097360903,2022-03-17,2035-03-14,500,36,0.0859,BBB
1,Fixed,TBILL-7703,HN768342492,2022-10-13,2051-10-06,1000,17,0.0162,
2A,Fixed,Corp-6947,YB382616057,2025-01-11,2053-01-04,500,35,0.0265,AAA
2A,Fixed,GovBond-145,YM149563231,2022-10-10,2031-10-08,100,37,0.0321,AA
2A,Fixed,Corp-9715,KM384878310,2022-09-15,2030-09-13,1000,43,0.0674,AAA
2A,Fixed,Corp-4811,SC402134943,2021-08-19,2032-08-16,1000,40,0.0484,AAA
2B,Fixed,Emerging-5103,OI416975969,2021-05-17,2037-05-13,1000,40,0.0688,A
2A,Fixed,GovBond-1490,DX820259276,2022-10-06,2027-10-05,100,34,0.0701,AAA
2B,Fixed,Emerging-3342,ST455788781,2022-05-26,2041-05-21,500,21,0.0421,A
2B,Fixed,Emerging-9462,AH526463501,2023-01-27,2042-01-22,1000,35,0.0724,BBB
2B,Floating,Emerging-7399,AB181231633,2024-01-15,2032-01-13,500,6,,A
2A,Fixed,Corp-5506,SY749997741,2023-09-02,2051-08-26,1000,35,0.0721,AAA
2A,Fixed,GovBond-4435,OH871636555,2022-10-02,2035-09-29,100,11,0.0545,AA
2B,Fixed,Emerging-9492,TS097385493,2021-08-22,2041-08-17,500,25,0.0564,A
2A,Fixed,GovBond-2885,AA365058933,2021-10-07,2047-10-01,1000,45,0.0263,AAA
2B,Fixed,Emerging-1461,FV254733907,2021-09-18,2050-09-11,100,22,0.0381,A
2B,Floating,Corp-7190,UR221202120,2020-12-28,2027-12-27,100,9,,BBB
2B,Fixed,Foreign-3854,BU851099939,2021-10-31,2031-10-29,100,39,0.0515,BBB
2A,Fixed,Corp-289,JE412731203,2025-01-06,2032-01-05,500,5,0.0436,AA
2B,Floating,Foreign-759,SH149223891,2022-06-25,2026-06-24,500,48,,BBB
2B,Floating,Foreign-6096,EH187817348,2022-03-24,2048-03-17,100,46,,BBB
1,Floating,SOFR-9604,AX998971180,2022-03-14,2029-03-12,1000,29,,
1,Fixed,GOV-6952,XG104137479,2024-06-09,2041-06-05,100,10,0.0431,
2A,Fixed,GovBond-4338,CX378128644,2022-11-27,2047-11-21,1000,49,0.042,AA
2A,Fixed,GovBond-2129,UL139703882,2021-07-15,2028-07-13,500,18,0.0291,AA
2B,Fixed,Corp-7812,UW568545979,2024-03-11,2054-03-04,1000,19,0.05,BBB
2B,Fixed,Emerging-1772,VN076973399,2025-01-27,2030-01-26,500,23,0.0841,A
2B,Floating,Emerging-8215,KR098862409,2022-05-29,2033-05-26,1000,44,,BBB
2A,Fixed,Corp-3452,AV137533740,2023-07-17,2043-07-12,100,16,0.075,AA
2B,Fixed,Emerging-9026,OD542773894,2025-07-20,2040-07-16,100,49,0.0487,A
2A,Fixed,GovBond-4798,JG298709458,2025-07-06,2055-06-29,100,38,0.0505,AA
2A,Fixed,GovBond-10,GR046878297,2025-03-21,2031-03-20,1000,27,0.0707,AAA
1,Floating,SOFR-4832,JZ345798386,2024-10-01,2053-09-24,1000,9,,
1,Fixed,SOFR-3756,IE353088603,2020-12-25,2038-12-21,1000,14,0.0235,
2A,Fixed,Corp-6972,MI817944030,2020-12-12,2045-12-06,500,46,0.0673,AA
2A,Fixed,Corp-6756,XY663623627,2025-10-07,2051-10-01,1000,19,0.0322,AA
1,Floating,SOFR-601,ER451349140,2021-11-04,2050-10-28,500,33,,
2A,Fixed,Corp-8471,RZ861289637,2020-11-27,2049-11-20,1000,43,0.0349,AA
2A,Fixed,Corp-5410,TR896345918,2024-09-27,2032-09-25,500,1,0.0293,AAA
2B,Fixed,Emerging-4329,XZ485336148,2021-06-06,2026-06-05,500,17,0.0321,BBB
2A,Fixed,GovBond-6247,SC765605245,2022-11-08,2045-11-02,500,48,0.0374,AAA
2A,Fixed,GovBond-5844,NR795174306,2023-05-01,2041-04-26,500,50,0.0237,AAA
2A,Fixed,GovBond-2733,PO438177673,2022-09-04,2039-08-31,500,23,0.0346,AAA
2B,Floating,Foreign-4654,JD755199210,2022-12-20,2038-12-16,1000,13,,BBB
2A,Fixed,Corp-469,RL766537646,2025-06-01,2037-05-29,500,20,0.0268,AA
2B,Floating,Foreign-5175,KW962186289,2021-03-10,2028-03-08,100,32,,A
2A,Fixed,Corp-4733,GW834568961,2025-10-19,2052-10-12,1000,19,0.0401,AAA
2B,Floating,Corp-3032,YT979268080,2023-12-05,2053-11-27,100,30,,A
2A,Fixed,GovBond-9337,GF471582366,2022-12-31,2038-12-27,500,9,0.0709,AAA
2A,Fixed,Corp-2204,DM517902344,2021-12-23,2040-12-18,100,32,0.0568,AAA
2A,Fixed,Corp-8343,DI081932189,2024-02-28,2039-02-24,500,35,0.0209,AAA
2B,Floating,Emerging-197,PZ420837076,2025-09-12,2055-09-05,1000,27,,A
2B,Fixed,Foreign-4575,WD494533262,2023-11-27,2030-11-25,500,41,0.043,A
2B,Floating,Foreign-3930,II762718363,2020-11-29,2042-11-24,100,33,,A
1,Fixed,TBILL-1995,KZ595048260,2025-09-22,2033-09-20,1000,39,0.0067,
1,Floating,GOV-9011,BU829286668,2022-11-29,2046-11-23,100,8,,
2B,Floating,Foreign-9080,VB975351036,2022-02-08,2027-02-07,500,2,,A
1,Floating,GOV-6413,RN839547327,2021-01-06,2033-01-03,1000,8,,
1,Floating,TBILL-2887,CU100997118,2023-12-15,2030-12-13,1000,13,,
1,Fixed,TBILL-8198,UB579157276,2023-05-28,2044-05-22,1000,33,0.0298,
2B,Fixed,Emerging-9476,PZ915539746,2022-01-06,2046-12-31,500,20,0.0782,BBB
1,Fixed,TBILL-9131,LP689151131,2024-04-30,2029-04-29,1000,36,0.0373,
2A,Fixed,Corp-1258,RZ812897089,2021-09-02,2039-08-29,1000,36,0.0552,AA
2B,Floating,Foreign-1499,MW313773653,2024-03-16,2052-03-09,100,41,,BBB
2A,Fixed,Corp-6654,EK860554237,2021-07-28,2048-07-21,1000,39,0.0372,AAA
2B,Floating,Emerging-4913,JT146374210,2022-10-27,2045-10-21,500,39,,BBB
2A,Fixed,GovBond-6050,XN166826935,2023-09-16,2030-09-14,1000,28,0.0669,AAA
2A,Fixed,Corp-4083,MG799063883,2021-09-21,2032-09-18,1000,1,0.0781,AAA
2B,Floating,Foreign-8564,NQ906677743,2025-07-31,2045-07-26,100,46,,BBB
2B,Fixed,Emerging-3183,FR903608476,2020-12-08,2032-12-05,100,6,0.0846,BBB
1,Floating,TBILL-315,MW541831040,2025-11-11,2042-11-07,500,25,,
2A,Fixed,GovBond-7088,VI624080938,2022-03-18,2048-03-11,1000,48,0.0632,AA
2A,Fixed,Corp-3254,ZV788394412,2023-12-19,2025-12-18,500,46,0.0222,AA
2A,Fixed,GovBond-3741,HC229852942,2023-07-09,2042-07-04,1000,25,0.0409,AAA
2B,Fixed,Corp-2329,QV756103115,2022-08-12,2045-08-06,500,42,0.0803,BBB
1,Floating,TBILL-7383,JX516693234,2021-08-04,2044-07-29,100,11,,
2A,Fixed,GovBond-5359,EV166620488,2022-08-29,2031-08-27,100,49,0.0277,AAA
2A,Fixed,GovBond-3349,IW506825697,2021-04-16,2026-04-15,100,9,0.0545,AAA
2A,Fixed,GovBond-7400,QI089694502,2023-02-25,2033-02-22,500,24,0.0247,AAA
2A,Fixed,Corp-6106,BI933366213,2021-04-09,2036-04-05,1000,26,0.0434,AA
1,Floating,GOV-2219,SR339912917,2023-12-18,2052-12-10,500,13,,
2A,Fixed,Corp-1054,UN633008760,2025-01-24,2042-01-20,1000,12,0.0259,AAA
2A,Fixed,Corp-9258,NE761976090,2021-07-04,2043-06-29,1000,34,0.0757,AAA
2A,Fixed,Corp-8434,EO537050801,2025-02-11,2031-02-10,1000,41,0.0222,AAA
1,Fixed,GOV-3408,QL737635903,2022-08-15,2043-08-10,500,36,0.0174,
2B,Fixed,Corp-3707,KW989323895,2025-02-22,2026-02-22,1000,20,0.0403,BBB
2B,Fixed,Corp-6665,JX251821693,2023-03-03,2036-02-28,100,47,0.0322,BBB
2B,Fixed,Foreign-2033,IN344615080,2025-04-26,2036-04-23,1000,16,0.0656,A
2A,Fixed,Corp-844,HS184836342,2024-12-09,2052-12-02,100,44,0.043,AA
2B,Floating,Corp-5283,OL637555187,2025-08-31,2037-08-28,500,38,,BBB
2A,Fixed,GovBond-3637,HV175014545,2023-03-01,2050-02-22,1000,12,0.0724,AA
2A,Fixed,GovBond-213,YW639908022,2022-07-19,2046-07-13,1000,23,0.071,AA
1,Floating,TBILL-2655,YI364956365,2023-04-22,2030-04-20,100,17,,
2B,Floating,Foreign-2462,QB041234488,2025-08-04,2040-07-31,1000,44,,A
2A,Fixed,Corp-1353,SJ129104203,2023-07-03,2045-06-27,500,44,0.0374,AAA
2A,Fixed,Corp-6823,SO699059457,2025-02-21,2051-02-15,1000,3,0.0234,AAA
2B,Floating,Corp-538,KA078254596,2024-02-28,2052-02-21,500,34,,A
1,Fixed,TBILL-1970,GM951929726,2025-07-09,2029-07-08,100,10,0.0102,
2A,Fixed,Corp-9214,SB563781800,2022-11-09,2045-11-03,100,14,0.0284,AAA
2A,Fixed,Corp-2681,UU116676784,2022-07-04,2026-07-03,1000,17,0.0551,AAA
2A,Fixed,Corp-9813,EX553726062,2022-10-17,2052-10-09,500,3,0.0301,AAA
1,Fixed,GOV-3666,NQ053851814,2025-08-07,2053-07-31,100,31,0.0333,
2A,Fixed,Corp-2874,KW789075563,2025-02-19,2042-02-15,1000,30,0.0418,AA
2B,Fixed,Emerging-4394,JK814617548,2025-05-03,2031-05-02,100,15,0.0697,A
2B,Fixed,Corp-6508,HS465865529,2023-02-10,2052-02-03,500,34,0.0798,A
2B,Floating,Foreign-7310,JN760087575,2022-05-23,2041-05-18,100,18,,A
2A,Fixed,Corp-9088,GJ447004548,2022-06-30,2030-06-28,500,19,0.0744,AA
2B,Fixed,Corp-8544,YJ475338411,2024-12-11,2042-12-07,1000,39,0.0613,A
1,Fixed,GOV-623,VG149193019,2022-11-17,2047-11-11,1000,20,0.0226,
2B,Fixed,Corp-4465,IF015234738,2025-07-25,2047-07-20,100,4,0.0877,A
2A,Fixed,Corp-8338,HQ690443107,2025-09-11,2033-09-09,500,10,0.0581,AAA
2A,Fixed,Corp-931,BG060395685,2023-03-10,2031-03-08,100,28,0.0651,AAA
2A,Fixed,GovBond-1559,UQ207952821,2025-06-07,2040-06-03,500,50,0.0533,AA
1,Fixed,TBILL-8304,SS276982104,2023-11-21,2050-11-14,500,40,0.0065,
2A,Fixed,GovBond-2226,AG708914514,2024-08-17,2048-08-11,100,14,0.0492,AAA
2B,Fixed,Corp-4997,CY819464094,2025-09-21,2038-09-18,100,15,0.0852,BBB
2B,Floating,Foreign-2558,QL396447578,2024-05-01,2039-04-28,1000,34,,A
2B,Fixed,Corp-665,EI873032526,2021-09-05,2048-08-29,100,5,0.0534,BBB
2B,Floating,Emerging-668,XU276544968,2021-07-02,2030-06-30,100,2,,A
2A,Fixed,GovBond-7760,EC779085636,2021-02-12,2044-02-07,500,13,0.069,AAA
2A,Fixed,Corp-469,YE980984826,2022-12-18,2046-12-12,1000,43,0.0678,AAA
2A,Fixed,Corp-2745,UF998972710,2023-09-18,2046-09-12,500,1,0.0243,AAA
2B,Floating,Emerging-6718,WJ273419851,2021-02-23,2040-02-19,100,21,,BBB
2B,Fixed,Emerging-9503,AP861260301,2022-05-09,2035-05-06,1000,40,0.0769,BBB
2B,Floating,Emerging-856,WG745470467,2023-07-30,2041-07-25,500,32,,A
1,Floating,SOFR-6146,VM005731072,2023-10-02,2039-09-28,500,6,,
2B,Floating,Emerging-8605,QU670742459,2023-07-27,2045-07-21,100,36,,A
1,Fixed,SOFR-6293,QR080957815,2024-12-11,2043-12-07,1000,45,0.0036,
2A,Fixed,Corp-8437,PU079837828,2021-10-13,2035-10-10,1000,25,0.0466,AAA
2B,Fixed,Emerging-6225,WH274778278,2021-07-11,2037-07-07,100,37,0.0722,BBB
2B,Fixed,Emerging-6472,EE582913738,2023-12-30,2034-12-27,1000,8,0.0866,A
2B,Floating,Emerging-4231,LG604673377,2022-03-28,2045-03-22,100,48,,BBB
1,Floating,TBILL-7044,PC964723559,2023-01-18,2037-01-14,1000,24,,
2A,Fixed,GovBond-5998,DV812036774,2021-11-16,2032-11-13,100,1,0.0395,AA
2A,Fixed,Corp-1270,CM562457866,2023-10-15,2029-10-13,500,18,0.0767,AA
2B,Floating,Foreign-8961,ZJ617216286,2024-07-24,2045-07-19,1000,4,,BBB
2A,Fixed,Corp-785,IM027348771,2021-06-17,2050-06-10,1000,40,0.0362,AA
2A,Fixed,Corp-212,CV971379321,2022-09-25,2034-09-22,1000,22,0.0207,AA
2B,Floating,Emerging-7034,QM955602976,2021-12-24,2037-12-20,100,18,,A
2A,Fixed,Corp-7790,XM338236829,2022-09-13,2038-09-09,1000,38,0.0344,AAA
2B,Floating,Corp-9625,QP688877831,2021-07-05,2034-07-02,1000,9,,BBB
2A,Fixed,Corp-4926,AK059534210,2023-01-01,2052-12-24,500,33,0.0286,AAA
2A,Fixed,Corp-8418,FJ190696794,2024-07-16,2037-07-13,100,20,0.0345,AAA
1,Fixed,TBILL-1248,BY400898329,2024-04-13,2041-04-09,500,44,0.0281,
2A,Fixed,Corp-3296,NS566436801,2021-07-26,2026-07-25,1000,37,0.0751,AA
2B,Floating,Corp-6535,ES426553816,2021-01-28,2039-01-24,1000,30,,BBB
2B,Fixed,Emerging-6486,NV205971752,2022-05-31,2033-05-28,500,16,0.085,A
2B,Floating,Foreign-3880,WG950218207,2022-04-14,2028-04-12,1000,2,,BBB
2A,Fixed,GovBond-2362,ZT866106898,2025-08-10,2033-08-08,1000,20,0.0735,AAA
2A,Fixed,GovBond-7162,RB102760339,2021-06-03,2049-05-27,500,10,0.0384,AA
1,Fixed,TBILL-8520,MO444645940,2022-05-02,2044-04-26,500,14,0.0006,
2A,Fixed,GovBond-8546,OB020164376,2025-04-18,2055-04-11,100,7,0.0584,AAA
2B,Fixed,Emerging-9573,FZ942912991,2024-09-26,2047-09-21,1000,2,0.072,A
2A,Fixed,GovBond-1394,CX750725343,2021-11-03,2046-10-28,500,50,0.0245,AA
2A,Fixed,Corp-2837,DO115626580,2021-08-17,2045-08-11,500,33,0.0533,AAA
2A,Fixed,GovBond-9321,OK542682823,2022-11-17,2033-11-14,1000,29,0.0528,AA
2B,Fixed,Emerging-9470,LW656904069,2024-07-24,2049-07-18,100,12,0.0743,BBB
1,Floating,TBILL-6081,GF633750050,2022-04-27,2029-04-25,1000,46,,
2A,Fixed,GovBond-1778,YK150095903,2025-04-03,2036-03-31,100,45,0.0513,AA
2B,Fixed,Emerging-4912,WA644007504,2024-08-20,2028-08-19,500,36,0.0722,A
1,Fixed,TBILL-3014,NG914650321,2024-04-08,2038-04-05,1000,10,0.0326,
2A,Fixed,Corp-3863,ZP176754102,2021-01-06,2042-01-01,100,8,0.0452,AA
2A,Fixed,GovBond-4353,KT129794972,2022-01-02,2030-12-31,1000,27,0.0544,AAA
2A,Fixed,Corp-7084,KH317095958,2021-11-02,2050-10-26,100,4,0.0638,AAA
1,Fixed,SOFR-4251,QC651779114,2025-05-27,2043-05-23,100,12,0.029,
2B,Fixed,Emerging-6970,YJ733866149,2025-09-29,2041-09-25,500,36,0.0685,A
1,Floating,GOV-4296,GT873905360,2022-06-29,2046-06-23,1000,47,,
2B,Fixed,Emerging-4898,VW388580236,2020-11-19,2047-11-13,500,47,0.0736,BBB
2A,Fixed,Corp-5782,AS107780153,2022-05-01,2038-04-27,100,37,0.0642,AAA
2B,Fixed,Foreign-2716,KR981152009,2021-12-13,2042-12-08,500,16,0.0325,A
2A,Fixed,GovBond-8668,EK115536048,2024-12-25,2036-12-22,1000,9,0.0346,AAA
2B,Fixed,Foreign-1886,ZG194647759,2025-11-17,2030-11-16,100,34,0.0805,A
2B,Floating,Emerging-3714,SB555658880,2022-10-16,2035-10-13,500,19,,A
2B,Floating,Foreign-7865,XN975572423,2022-09-24,2050-09-17,1000,22,,BBB
2B,Floating,Foreign-6422,VK401455852,2021-05-18,2043-05-13,1000,24,,A
2B,Fixed,Corp-5125,LU055641366,2023-05-01,2031-04-29,100,20,0.0738,BBB
2B,Floating,Corp-5236,BG087935430,2020-12-17,2033-12-14,500,45,,BBB
2B,Fixed,Emerging-6618,WD080277524,2024-02-28,2028-02-27,500,15,0.0328,A
1,Fixed,GOV-381,ZF203380183,2021-02-25,2051-02-18,100,23,0.0198,
2A,Fixed,Corp-1732,RG564367698,2022-03-16,2045-03-10,500,45,0.0465,AAA
1,Fixed,TBILL-8611,YR140678783,2024-08-08,2026-08-08,100,42,0.0085,
2B,Fixed,Corp-7132,AA953123306,2025-08-12,2035-08-10,500,13,0.0701,A
2B,Floating,Foreign-4653,XR637320323,2025-06-07,2050-06-01,1000,3,,A
2B,Floating,Corp-7633,UT200641897,2025-08-01,2050-07-26,100,48,,BBB
2B,Fixed,Foreign-5720,KS581158034,2022-08-28,2048-08-21,100,42,0.0727,A
2A,Fixed,Corp-8279,DE527341258,2023-10-12,2042-10-07,1000,20,0.0702,AAA
2A,Fixed,GovBond-1933,CA112525427,2023-08-31,2044-08-25,100,11,0.0712,AA
2B,Floating,Corp-5832,LN272390695,2025-04-12,2034-04-10,1000,38,,BBB
2A,Fixed,GovBond-34,MW965302465,2025-02-24,2041-02-20,1000,44,0.0329,AA
2B,Floating,Foreign-2764,YU107439056,2022-05-23,2043-05-18,100,11,,BBB
2A,Fixed,GovBond-8201,WV730595277,2023-12-20,2053-12-12,100,6,0.0573,AA
2A,Fixed,Corp-1083,TY891635950,2022-04-07,2042-04-02,100,11,0.0543,AAA
1,Fixed,SOFR-4972,MD579784798,2021-03-17,2048-03-10,500,8,0.0408,
1,Floating,SOFR-3438,EA657805691,2024-03-12,2049-03-06,100,37,,
2B,Fixed,Foreign-6406,FF470324378,2023-09-05,2034-09-02,500,36,0.059,BBB
2A,Fixed,GovBond-3803,BF605337067,2021-05-04,2032-05-01,1000,38,0.0207,AA
2B,Floating,Foreign-3521,WB995753996,2024-05-19,2029-05-18,100,41,,BBB
2B,Fixed,Corp-7398,IZ217114203,2022-02-07,2052-01-31,1000,25,0.0488,A
2B,Fixed,Corp-2118,CT864133678,2025-09-12,2054-09-05,1000,38,0.0429,BBB
2A,Fixed,Corp-6087,NF101357657,2023-07-14,2039-07-10,500,17,0.0769,AAA
1,Floating,GOV-2814,PY540946851,2023-07-01,2051-06-24,500,38,,
2A,Fixed,GovBond-31,GY024213529,2025-09-25,2055-09-18,100,7,0.0524,AA
1,Fixed,GOV-5535,SS561832024,2022-10-27,2050-10-20,500,10,0.0448,
2A,Fixed,GovBond-1211,RA716660731,2025-04-16,2050-04-10,1000,49,0.0607,AAA
2A,Fixed,Corp-5711,YM590757322,2025-06-17,2041-06-13,100,40,0.0535,AAA
2A,Fixed,Corp-3113,MZ287492566,2021-08-11,2026-08-10,500,7,0.0242,AAA
2A,Fixed,Corp-530,YV052046421,2022-03-24,2044-03-18,100,46,0.0657,AAA
2B,Floating,Foreign-8607,JP805945947,2022-11-27,2033-11-24,1000,34,,BBB
2A,Fixed,GovBond-3659,OZ756682820,2022-05-28,2029-05-26,500,15,0.0523,AAA
2A,Fixed,GovBond-8364,GJ170886882,2022-07-28,2043-07-23,500,21,0.0791,AA
1,Fixed,SOFR-2739,XH981920615,2023-12-28,2035-12-25,500,38,0.0317,
1,Floating,TBILL-5048,ZY618602934,2024-10-16,2044-10-11,500,17,,
2B,Fixed,Corp-4477,IO786151838,2020-12-23,2045-12-17,500,48,0.0709,A
1,Fixed,TBILL-3195,JT449989753,2024-09-07,2043-09-03,500,17,0.0248,
2B,Floating,Foreign-9994,FF238726652,2022-05-20,2037-05-16,1000,42,,A
2A,Fixed,GovBond-9968,EX728823645,2020-11-29,2026-11-28,100,30,0.0583,AA
2A,Fixed,GovBond-3408,ZQ527633054,2021-04-20,2042-04-15,100,27,0.0335,AA
2A,Fixed,GovBond-4361,CO237323079,2022-08-16,2032-08-13,1000,47,0.0772,AA
2A,Fixed,GovBond-6317,HL656586535,2022-02-20,2036-02-17,1000,37,0.064,AAA
2B,Fixed,Emerging-3007,WH543400282,2021-11-14,2043-11-09,1000,1,0.0695,BBB
2B,Fixed,Emerging-4029,FX026125079,2021-08-30,2037-08-26,500,13,0.0825,BBB
2A,Fixed,GovBond-717,ZT340875137,2023-06-23,2053-06-15,100,27,0.0236,AA
2B,Floating,Foreign-1827,UM542853963,2022-04-03,2028-04-01,500,25,,A
2B,Floating,Emerging-288,QK816372014,2021-04-09,2041-04-04,500,32,,A
2A,Fixed,GovBond-450,JM348546858,2022-03-13,2035-03-10,100,15,0.0295,AA
1,Floating,SOFR-9600,OS129478138,2021-10-05,2042-09-30,500,18,,
2B,Floating,Corp-3831,NY489844298,2024-11-14,2052-11-07,100,24,,A
2A,Fixed,GovBond-3434,UF207367944,2022-05-04,2043-04-29,1000,46,0.0348,AAA
1,Floating,GOV-1443,EI096025044,2025-07-13,2046-07-08,500,41,,
2A,Fixed,GovBond-8682,FC483783080,2022-01-12,2050-01-05,500,33,0.0448,AA
2B,Fixed,Emerging-9638,PS335372904,2025-09-13,2033-09-11,1000,19,0.0741,A
2A,Fixed,GovBond-9454,OC354401305,2024-03-28,2042-03-24,100,6,0.0403,AA
2A,Fixed,Corp-180,UC718017505,2021-02-16,2039-02-12,500,1,0.0741,AA
2A,Fixed,Corp-3136,DH363785832,2023-07-03,2049-06-26,500,9,0.0596,AA
1,Fixed,SOFR-3793,PW129938220,2023-10-10,2036-10-06,100,7,0.0099,
1,Fixed,TBILL-5926,BA944486265,2022-08-13,2038-08-09,1000,22,0.016,
1,Fixed,SOFR-1320,DD848706298,2024-06-17,2030-06-16,1000,23,0.0499,
2A,Fixed,Corp-7148,IF046402011,2024-09-18,2030-09-17,100,17,0.073,AAA
2A,Fixed,GovBond-4912,IV323444283,2023-07-10,2047-07-04,100,16,0.0408,AAA
2B,Floating,Emerging-8302,KE739493532,2021-01-10,2051-01-03,100,29,,BBB
2A,Fixed,GovBond-8338,TV897688839,2023-11-20,2038-11-16,100,45,0.0675,AAA
2B,Fixed,Foreign-6959,FK308763829,2024-12-09,2040-12-05,500,38,0.0654,A
2B,Fixed,Foreign-9116,BV732777608,2021-05-23,2043-05-18,500,43,0.0682,A
2B,Fixed,Corp-1768,BL751342684,2021-04-12,2032-04-09,1000,20,0.0533,BBB
2A,Fixed,Corp-320,QY193662483,2021-08-08,2033-08-05,500,19,0.0589,AAA
1,Fixed,SOFR-4494,FB288891761,2023-01-20,2047-01-14,1000,47,0.0269,
2A,Fixed,Corp-9915,PA350849286,2023-02-28,2053-02-20,500,16,0.0397,AA
1,Fixed,GOV-8321,TW216777926,2024-09-27,2042-09-23,1000,11,0.0135,
2B,Fixed,Foreign-4196,NN626108968,2025-07-16,2047-07-11,500,44,0.034,BBB
2B,Fixed,Foreign-4434,YZ549506070,2025-06-25,2054-06-18,100,4,0.0738,A
1,Floating,SOFR-5127,AR959151024,2021-10-29,2049-10-22,100,14,,
2B,Floating,Emerging-7054,PS751912965,2021-07-04,2034-07-01,100,41,,BBB
2B,Floating,Corp-9394,BX125747762,2021-03-05,2048-02-27,500,22,,BBB
2B,Fixed,Emerging-232,PI408145419,2024-09-11,2054-09-04,1000,3,0.0704,BBB
2B,Fixed,Emerging-4733,VU349613892,2025-10-25,2029-10-24,1000,3,0.0734,BBB
2A,Fixed,GovBond-8807,CI806649751,2024-03-05,2051-02-27,1000,21,0.0414,AA
1,Fixed,GOV-1166,LO100703803,2025-04-22,2037-04-19,500,19,0.015,
2A,Fixed,Corp-5921,BH074358456,2024-03-22,2043-03-18,1000,28,0.0599,AA
2A,Fixed,Corp-7596,VL350241661,2025-06-09,2054-06-02,500,42,0.0202,AAA
1,Fixed,TBILL-2622,YC654059282,2021-04-12,2035-04-09,500,36,0.0347,
2A,Fixed,Corp-5461,ML165484818,2021-09-30,2047-09-24,100,49,0.0648,AAA
2A,Fixed,GovBond-3477,VW028139904,2022-05-20,2052-05-12,1000,35,0.0438,AA
2B,Fixed,Corp-1044,KQ822183070,2022-01-13,2027-01-12,1000,17,0.0424,A
2A,Fixed,GovBond-8813,BB395637481,2021-08-11,2048-08-04,100,34,0.0654,AA
2B,Fixed,Corp-6898,QB654957210,2021-07-26,2047-07-20,100,46,0.0621,A
2B,Fixed,Foreign-255,MH232706473,2021-12-27,2037-12-23,100,17,0.0825,BBB
2B,Fixed,Emerging-2097,AR413430578,2021-07-13,2044-07-07,1000,29,0.0522,A
2B,Fixed,Corp-6377,ON634834323,2021-05-24,2030-05-22,500,43,0.0617,BBB
2A,Fixed,GovBond-4991,KY521187834,2022-05-02,2039-04-28,500,40,0.0388,AAA
2B,Floating,Corp-3911,UM415401530,2023-06-20,2038-06-16,500,41,,A
1,Fixed,GOV-4058,RQ643409051,2023-08-13,2041-08-08,500,6,0.0031,
2B,Fixed,Foreign-4015,OD362216210,2023-01-18,2044-01-13,500,29,0.0629,BBB
2A,Fixed,GovBond-3907,VN693486629,2022-10-11,2046-10-05,1000,27,0.0625,AAA
2B,Fixed,Emerging-4364,BL289024628,2025-08-12,2032-08-10,500,47,0.0762,BBB
2A,Fixed,GovBond-6175,FP642745598,2020-12-27,2034-12-24,500,18,0.0642,AAA
2B,Floating,Foreign-2345,AI111586933,2025-02-01,2038-01-29,1000,28,,BBB
1,Fixed,TBILL-3324,YT900741001,2021-11-28,2048-11-21,100,42,0.0222,
2B,Fixed,Foreign-1480,UH564857508,2025-01-11,2035-01-09,100,20,0.0705,BBB
2B,Fixed,Corp-25,ER097922625,2021-11-24,2029-11-22,100,25,0.0642,BBB
1,Floating,TBILL-944,QE223577343,2022-09-11,2031-09-09,500,25,,
1,Floating,GOV-1946,LX105821671,2022-11-15,2040-11-10,100,28,,
2A,Fixed,GovBond-6451,IQ889798308,2025-08-22,2039-08-19,100,39,0.0261,AA
2A,Fixed,GovBond-9812,MQ668191391,2024-08-28,2029-08-27,1000,47,0.0789,AA
2B,Fixed,Emerging-318,IW568946841,2025-05-15,2042-05-11,1000,29,0.0464,A
1,Fixed,GOV-4093,MB102198955,2025-06-10,2039-06-07,1000,18,0.0136,
2A,Fixed,GovBond-3558,LV199223756,2025-05-21,2042-05-17,100,11,0.0292,AA
2B,Fixed,Foreign-3712,FR179465421,2021-03-23,2032-03-20,500,21,0.0566,BBB
2A,Fixed,GovBond-5272,FW426959504,2021-08-11,2047-08-05,500,13,0.0592,AA
2B,Floating,Foreign-8845,DV242915802,2024-06-12,2051-06-06,500,31,,BBB
2A,Fixed,Corp-1008,CQ172963882,2023-06-15,2030-06-13,100,45,0.071,AAA
2B,Fixed,Emerging-434,RJ357591843,2025-10-27,2032-10-25,500,20,0.0361,A
2A,Fixed,Corp-3895,EN894716287,2025-08-26,2055-08-19,1000,48,0.0224,AA
1,Floating,TBILL-7639,HT494700445,2021-05-19,2031-05-17,500,18,,
2B,Fixed,Foreign-1942,SA473113163,2025-05-20,2040-05-16,1000,42,0.0711,A
2A,Fixed,Corp-1709,RP109760028,2025-01-15,2043-01-11,100,6,0.0784,AAA
2B,Floating,Emerging-5973,SB954197849,2022-05-15,2051-05-08,100,31,,A
2B,Fixed,Emerging-3580,DN893559661,2022-09-02,2043-08-28,1000,10,0.0857,BBB
2B,Floating,Corp-5083,DJ811020005,2021-01-16,2029-01-14,500,24,,A
2B,Floating,Corp-8753,YI121513894,2021-05-08,2033-05-05,100,29,,BBB
2A,Fixed,GovBond-2084,VA262733080,2021-09-06,2038-09-02,500,26,0.0349,AAA
1,Fixed,GOV-6377,YA401572899,2025-03-19,2040-03-15,500,16,0.0424,
2B,Floating,Foreign-583,SV357000598,2023-09-28,2029-09-26,100,42,,BBB
2A,Fixed,Corp-4469,BJ594822093,2022-07-03,2031-07-01,500,44,0.0233,AAA
2A,Fixed,Corp-3792,TX627344452,2025-08-15,2042-08-11,100,43,0.0602,AAA
1,Floating,GOV-3294,BM565626599,2023-05-30,2042-05-25,500,4,,
2A,Fixed,Corp-7024,GJ381637414,2021-07-14,2030-07-12,1000,19,0.0697,AA
1,Floating,TBILL-3556,PY935004589,2022-05-28,2049-05-21,500,41,,
2A,Fixed,GovBond-8906,TU266617832,2021-06-03,2037-05-30,1000,49,0.0629,AA
2A,Fixed,GovBond-8366,BR364095088,2023-11-29,2046-11-23,1000,35,0.0441,AA
2B,Floating,Foreign-2035,LY092155494,2024-02-06,2031-02-04,1000,28,,A
2B,Floating,Foreign-7095,TA708571627,2023-01-24,2045-01-18,1000,36,,A
1,Fixed,SOFR-9794,GN281945760,2024-12-11,2042-12-07,1000,12,0.0252,
2B,Floating,Foreign-4168,MO937944581,2022-08-04,2028-08-02,1000,34,,BBB
1,Fixed,GOV-8287,VM395292947,2023-10-31,2041-10-26,100,13,0.0374,
2A,Fixed,GovBond-8348,TL113076845,2021-07-11,2042-07-06,100,20,0.0436,AA
2B,Floating,Corp-9705,FY162735071,2023-02-03,2039-01-30,100,12,,BBB
2A,Fixed,GovBond-4687,GY933303516,2025-09-07,2042-09-03,1000,3,0.0268,AAA
1,Fixed,TBILL-4134,JA788478697,2025-02-13,2054-02-06,500,48,0.0258,
2B,Fixed,Foreign-7705,KJ693516553,2023-12-24,2051-12-17,1000,32,0.0666,BBB
1,Fixed,TBILL-2224,XC268603688,2023-06-28,2036-06-24,500,21,0.0122,
2A,Fixed,GovBond-1115,GL164410484,2021-06-27,2034-06-24,1000,32,0.0349,AA
2A,Fixed,GovBond-7603,HT976130605,2022-05-24,2039-05-20,100,10,0.0436,AAA
2A,Fixed,GovBond-1576,KD526369342,2022-02-03,2031-02-01,100,38,0.0205,AA
2A,Fixed,Corp-3288,WR200801265,2025-02-27,2032-02-26,500,39,0.022,AA
1,Fixed,GOV-3072,BQ628963773,2023-01-25,2039-01-21,1000,45,0.021,
2B,Fixed,Emerging-9246,BA626182107,2023-12-25,2025-12-24,100,27,0.0432,BBB
2A,Fixed,Corp-8753,RZ922794551,2021-11-28,2035-11-25,1000,42,0.0346,AA
2B,Floating,Foreign-8440,ZQ173270870,2024-11-26,2045-11-21,100,1,,BBB
2B,Floating,Corp-2889,UR244957667,2025-01-25,2026-01-25,100,4,,A
2B,Floating,Foreign-8210,UG986986163,2025-01-25,2046-01-20,500,1,,BBB
2B,Fixed,Corp-6669,XR306457309,2023-09-07,2034-09-04,100,26,0.0586,BBB
2B,Fixed,Corp-4701,BX448155676,2023-12-05,2053-11-27,500,36,0.0585,A
2B,Floating,Emerging-7728,PD915792454,2022-03-25,2052-03-17,500,13,,A
2B,Fixed,Corp-6572,GN448032028,2021-10-20,2033-10-17,500,12,0.0664,BBB
2B,Fixed,Emerging-5797,SP194857404,2021-08-29,2045-08-23,500,16,0.0389,BBB
2A,Fixed,GovBond-6158,YK004587222,2025-08-15,2030-08-14,1000,21,0.0394,AAA
2B,Floating,Corp-1008,JY192215164,2025-04-17,2049-04-11,100,25,,A
1,Fixed,TBILL-9191,XS330026058,2024-05-03,2050-04-27,1000,30,0.0232,
2A,Fixed,GovBond-1634,PT791516284,2022-09-13,2039-09-09,100,10,0.0702,AAA
2A,Fixed,Corp-1366,SE482564813,2025-02-18,2046-02-13,500,7,0.055,AAA
1,Floating,GOV-9767,GO660270028,2023-06-21,2030-06-19,500,6,,
2B,Floating,Emerging-2939,FD318198695,2023-12-12,2030-12-10,1000,34,,BBB
2B,Fixed,Corp-6248,TV543945526,2022-11-21,2046-11-15,1000,25,0.0686,BBB
2B,Floating,Foreign-5000,JP053164797,2024-11-06,2047-11-01,500,43,,BBB
2B,Floating,Corp-2445,RS846828274,2024-03-06,2041-03-02,500,2,,BBB
2A,Fixed,GovBond-9282,MA696107201,2025-06-26,2032-06-24,1000,45,0.0606,AA
1,Floating,TBILL-6219,HI447989931,2021-08-20,2051-08-13,1000,20,,
2A,Fixed,GovBond-7634,GF677010782,2023-01-22,2044-01-17,1000,16,0.0563,AA
2B,Fixed,Emerging-5067,LQ537613955,2024-09-14,2030-09-13,500,47,0.0759,A
1,Fixed,TBILL-454,EO846048277,2024-04-23,2031-04-22,100,10,0.0474,
1,Fixed,GOV-3945,SG632456465,2023-05-15,2048-05-08,100,42,0.0067,
2A,Fixed,Corp-5475,OC020103848,2025-07-13,2045-07-08,1000,35,0.0609,AAA
2B,Floating,Corp-6398,FD800356477,2023-09-14,2032-09-11,1000,18,,A
2B,Fixed,Corp-8990,UX027947842,2025-04-18,2052-04-11,1000,15,0.0497,A
2A,Fixed,Corp-5936,AO170940702,2023-11-24,2033-11-21,500,34,0.0793,AAA
2B,Floating,Foreign-1335,EQ293183236,2025-04-04,2036-04-01,100,2,,A
2B,Floating,Emerging-2902,PX120120562,2025-09-15,2048-09-09,500,37,,A
2A,Fixed,Corp-2724,EW662845061,2023-08-12,2044-08-06,100,11,0.0378,AA
2A,Fixed,Corp-2940,VM841303672,2021-06-09,2032-06-06,1000,43,0.0576,AAA
2A,Fixed,GovBond-6184,TO444636034,2025-02-13,2048-02-08,500,25,0.027,AA
2A,Fixed,GovBond-5357,LA465458278,2021-12-23,2029-12-21,500,26,0.0545,AA
2A,Fixed,Corp-282,IV827260613,2021-10-13,2027-10-12,500,31,0.0461,AA
1,Floating,TBILL-4865,QO231944558,2023-02-22,2032-02-20,100,1,,
2B,Fixed,Emerging-1055,UD093744145,2023-07-28,2032-07-25,1000,9,0.0399,BBB
1,Floating,SOFR-1139,IQ646783737,2025-07-08,2027-07-08,1000,19,,
2B,Floating,Foreign-2645,MF407720757,2022-10-12,2043-10-07,500,8,,BBB
1,Floating,TBILL-7329,TV979972471,2024-04-09,2034-04-07,500,15,,
2B,Floating,Corp-7957,KI158989102,2024-11-01,2037-10-29,100,47,,BBB
2B,Fixed,Foreign-5965,UA733693195,2025-09-27,2033-09-25,100,7,0.0535,BBB
2A,Fixed,GovBond-357,AB443135564,2022-08-22,2046-08-16,1000,6,0.0279,AA
2B,Floating,Foreign-8265,BJ165439066,2021-05-20,2049-05-13,1000,19,,BBB
2A,Fixed,GovBond-789,HP745274472,2025-08-20,2042-08-16,1000,1,0.0603,AA
2B,Fixed,Foreign-3557,YC170638995,2025-04-14,2053-04-07,500,3,0.0531,A
2B,Fixed,Corp-4023,PU163736071,2023-02-03,2035-01-31,100,31,0.0316,A
2A,Fixed,GovBond-5776,TD095344476,2025-03-07,2034-03-05,1000,28,0.0492,AAA
1,Fixed,GOV-103,QV757878461,2024-03-10,2054-03-03,100,12,0.028,
2A,Fixed,Corp-2125,JK843675929,2023-01-06,2045-12-31,500,9,0.0213,AA
2B,Floating,Corp-6377,MF984376535,2021-10-12,2028-10-10,1000,43,,BBB
2A,Fixed,Corp-4941,IC534507947,2023-12-09,2047-12-03,100,37,0.0604,AAA
2B,Floating,Emerging-784,KP269461201,2022-11-25,2036-11-21,500,20,,A
2B,Fixed,Emerging-3255,FB694583797,2022-11-28,2043-11-23,1000,44,0.0754,A
1,Floating,SOFR-3548,MZ584617154,2023-10-12,2047-10-06,100,11,,
2A,Fixed,Corp-6961,GZ405626377,2021-09-30,2048-09-23,1000,4,0.0371,AAA
2B,Fixed,Emerging-3522,CB398976512,2023-04-05,2042-03-31,500,47,0.0741,A
2B,Floating,Emerging-207,HF068638156,2021-10-11,2042-10-06,100,41,,BBB
1,Fixed,TBILL-7810,HV822641042,2023-05-18,2029-05-16,1000,37,0.0306,
2A,Fixed,Corp-6453,XK163761703,2025-07-14,2030-07-13,100,19,0.0373,AA
1,Fixed,GOV-1788,TR610855330,2025-02-24,2043-02-20,500,47,0.0288,
2A,Fixed,Corp-9347,LJ607751585,2024-07-13,2042-07-09,1000,14,0.0783,AA
1,Floating,SOFR-6601,KB684369253,2022-05-09,2052-05-01,100,44,,
2A,Fixed,GovBond-609,YE096294667,2021-03-14,2048-03-07,100,12,0.0379,AA
2B,Fixed,Emerging-2815,ZX118535787,2025-03-08,2030-03-07,500,24,0.0652,A
2B,Fixed,Emerging-3865,TN037159169,2023-10-08,2048-10-01,500,3,0.0682,BBB
1,Floating,TBILL-6282,PP741705080,2022-08-16,2050-08-09,500,32,,
2B,Floating,Corp-8512,NA920304295,2023-06-14,2046-06-08,1000,45,,BBB
2A,Fixed,Corp-884,QF089646383,2023-07-12,2052-07-04,100,5,0.0475,AA
1,Fixed,TBILL-6444,FJ805746875,2022-08-27,2044-08-21,100,44,0.0428,
2A,Fixed,Corp-3925,VE909069547,2023-03-13,2048-03-06,100,11,0.0401,AA
2B,Floating,Corp-6234,DU032283937,2021-08-04,2029-08-02,500,5,,A
1,Fixed,SOFR-6902,YV785487893,2023-10-11,2040-10-06,500,13,0.0117,
2B,Floating,Foreign-2434,EB392610913,2023-08-27,2035-08-24,100,35,,BBB
2B,Floating,Emerging-1072,LG192494521,2021-11-25,2035-11-22,100,22,,BBB
2B,Fixed,Foreign-4044,GR971216000,2023-01-18,2030-01-16,100,25,0.0528,A
1,Floating,GOV-1837,GR406123667,2022-11-24,2040-11-19,1000,22,,
2B,Floating,Emerging-5033,RI442658980,2024-08-11,2029-08-10,500,46,,A
1,Floating,SOFR-7043,GQ660935026,2021-06-06,2037-06-02,500,28,,
2B,Fixed,Foreign-8940,SW033255914,2024-08-29,2048-08-23,500,8,0.0731,A
2B,Fixed,Foreign-9315,MB342779179,2024-12-31,2041-12-27,1000,5,0.0617,A
1,Fixed,TBILL-8459,SF636253469,2024-12-30,2031-12-29,1000,45,0.0235,
2A,Fixed,Corp-8055,OL462574265,2023-05-08,2031-05-06,100,36,0.0544,AAA
2A,Fixed,GovBond-2844,LA907936971,2021-11-03,2037-10-30,500,5,0.0217,AA
2A,Fixed,Corp-8873,NS939534774,2023-03-05,2033-03-02,100,42,0.0258,AAA
2A,Fixed,GovBond-2267,LU645440011,2021-01-11,2044-01-06,1000,32,0.0274,AA
2B,Fixed,Emerging-4144,RW157909284,2023-11-20,2028-11-18,1000,20,0.0881,BBB
2B,Fixed,Emerging-1840,PJ855578663,2024-08-20,2049-08-14,500,2,0.0839,A
2A,Fixed,GovBond-8354,LG852270378,2022-06-06,2033-06-03,500,35,0.0368,AAA
1,Fixed,GOV-3859,AZ840753741,2025-01-30,2038-01-27,500,28,0.0271,
2A,Fixed,GovBond-6817,PN666578154,2022-07-06,2026-07-05,100,27,0.064,AAA
2B,Fixed,Corp-857,IZ324811099,2024-04-26,2038-04-23,100,11,0.0534,A
2B,Fixed,Corp-1538,DX065417129,2024-11-05,2039-11-02,100,29,0.031,A
2A,Fixed,Corp-4768,VQ153676065,2022-12-14,2038-12-10,500,12,0.0437,AA
2A,Fixed,GovBond-5508,SD497061358,2025-09-21,2037-09-18,1000,9,0.0661,AA
2A,Fixed,GovBond-457,DT230600790,2022-04-14,2043-04-09,1000,45,0.063,AAA
2B,Floating,Foreign-7092,PA862590262,2023-03-08,2029-03-06,100,9,,BBB
2B,Floating,Foreign-7355,WZ322677648,2021-02-06,2038-02-02,1000,37,,A
2B,Floating,Foreign-3914,YI246799028,2022-04-27,2050-04-20,500,30,,A
2A,Fixed,GovBond-4031,CS404306863,2023-04-14,2048-04-07,1000,11,0.0693,AAA
2B,Floating,Foreign-5348,ZS048300113,2021-10-18,2026-10-17,1000,18,,A
2B,Floating,Corp-3117,WG999113648,2022-01-14,2044-01-09,1000,41,,BBB
2A,Fixed,GovBond-8001,MV402216794,2023-03-26,2043-03-21,500,23,0.05,AA
1,Floating,GOV-3840,TW774421606,2024-04-25,2030-04-24,500,24,,
2B,Fixed,Corp-9601,PG129105633,2022-12-02,2045-11-26,100,9,0.0392,BBB
2A,Fixed,Corp-3007,PC588514345,2024-09-22,2054-09-15,1000,29,0.0228,AAA
2B,Fixed,Foreign-6797,KV180491637,2025-04-16,2048-04-10,500,14,0.084,A
2A,Fixed,Corp-4408,OE976841031,2023-07-18,2038-07-14,100,13,0.0499,AAA
2B,Floating,Corp-3263,VA798047276,2022-12-22,2051-12-15,1000,8,,A
2B,Fixed,Emerging-2368,WH911391228,2025-11-04,2030-11-03,500,28,0.0747,A
2B,Fixed,Corp-2994,OH154935801,2023-08-28,2047-08-22,500,40,0.0419,A
1,Floating,SOFR-395,PE967390865,2025-02-17,2037-02-14,500,34,,
2A,Fixed,GovBond-6263,PU361608206,2022-03-08,2037-03-04,1000,12,0.0547,AA
2A,Fixed,GovBond-4807,JA943038379,2023-03-01,2046-02-23,500,26,0.0251,AAA
2B,Fixed,Foreign-179,BT111529987,2024-07-31,2051-07-25,100,30,0.0687,A
2B,Fixed,Emerging-9519,RV701361620,2022-06-07,2028-06-05,1000,37,0.0426,BBB
2A,Fixed,GovBond-3555,KI308401649,2022-11-11,2045-11-05,100,1,0.0354,AA
2A,Fixed,GovBond-5709,WM906737326,2020-12-28,2034-12-25,1000,11,0.0624,AAA
2B,Floating,Emerging-9687,AQ139775664,2024-01-09,2029-01-07,500,23,,A
1,Fixed,GOV-5770,VO145947747,2022-12-14,2033-12-11,1000,47,0.046,
2B,Floating,Emerging-525,SJ923809838,2022-01-24,2050-01-17,500,40,,BBB
1,Floating,TBILL-3404,KX591688492,2024-10-31,2031-10-30,1000,17,,
1,Floating,TBILL-2431,CC738844623,2024-02-14,2033-02-11,1000,30,,
2A,Fixed,Corp-7625,NH969658936,2021-01-24,2047-01-18,1000,42,0.0253,AAA
1,Floating,TBILL-2988,WJ391642474,2021-01-06,2028-01-05,500,5,,
1,Fixed,TBILL-8809,EK694611552,2025-09-01,2038-08-29,1000,47,0.0226,
2B,Fixed,Corp-1334,QN091688044,2021-10-02,2037-09-28,1000,4,0.0502,A
2B,Fixed,Corp-8305,YG465495689,2024-09-09,2044-09-04,100,49,0.0704,A
2A,Fixed,Corp-5211,PE732449452,2025-05-10,2042-05-06,100,37,0.0448,AA
2B,Floating,Emerging-4791,WP153765414,2022-03-18,2034-03-15,1000,45,,A
2A,Fixed,GovBond-7544,ZB393201199,2022-11-25,2049-11-18,1000,45,0.0777,AA
1,Fixed,TBILL-3096,UI553589278,2022-04-14,2045-04-08,100,19,0.0158,
2B,Floating,Corp-6343,HO558422613,2024-10-23,2040-10-19,100,6,,A
2B,Fixed,Corp-6608,GE286810315,2022-01-22,2036-01-19,1000,8,0.0407,BBB
2A,Fixed,GovBond-1050,QQ958763591,2022-04-28,2042-04-23,100,5,0.0541,AA
2A,Fixed,Corp-2020,HL488718176,2025-05-12,2030-05-11,100,3,0.049,AAA
2B,Floating,Foreign-3362,DP717829825,2022-06-17,2049-06-10,1000,15,,A
1,Fixed,SOFR-8017,DZ557716626,2021-05-29,2033-05-26,100,5,0.0484,
2A,Fixed,GovBond-9923,MR046056048,2024-11-09,2044-11-04,1000,42,0.0241,AA
2B,Fixed,Corp-7025,YW734092236,2022-01-08,2050-01-01,1000,44,0.0418,BBB
2A,Fixed,Corp-5340,RK884304473,2023-12-26,2034-12-23,1000,4,0.0234,AA
2B,Floating,Corp-5600,LC898430808,2025-08-13,2048-08-07,1000,5,,A
2B,Floating,Emerging-9420,PZ383055545,2020-12-04,2033-12-01,1000,11,,A
1,Floating,TBILL-5478,CZ856687408,2023-01-18,2038-01-14,1000,15,,
1,Floating,GOV-1390,AJ515024244,2024-01-25,2054-01-17,100,3,,
2A,Fixed,Corp-8250,HK618835860,2021-04-25,2035-04-22,100,11,0.0317,AA
2A,Fixed,GovBond-471,XW624633790,2022-01-31,2038-01-27,100,26,0.026,AA
2B,Floating,Corp-9469,EH262012758,2024-12-29,2043-12-25,1000,46,,A
2B,Floating,Foreign-9695,TY406472851,2025-02-07,2027-02-07,1000,19,,A
2B,Fixed,Emerging-4337,NR765460717,2024-07-07,2043-07-03,500,6,0.036,BBB
2A,Fixed,Corp-2568,PP136355088,2023-04-30,2046-04-24,1000,47,0.064,AA
2A,Fixed,GovBond-5272,ST803923486,2021-02-27,2035-02-24,500,11,0.0432,AA
2B,Fixed,Emerging-5076,AP348896152,2024-03-06,2050-02-28,1000,30,0.0887,BBB
2A,Fixed,Corp-9030,LZ904922541,2025-04-22,2031-04-21,1000,50,0.0598,AAA
2A,Fixed,GovBond-6330,OE790963274,2023-02-08,2053-01-31,500,38,0.0323,AA
2A,Fixed,Corp-5528,VQ111342955,2021-06-13,2042-06-08,1000,15,0.0545,AA
1,Fixed,TBILL-1278,HO121863638,2023-10-17,2036-10-13,100,24,0.0071,
1,Floating,GOV-8739,MD816758314,2023-09-04,2035-09-01,500,36,,
1,Fixed,TBILL-5456,QT657579001,2021-06-28,2042-06-23,500,36,0.0452,
2B,Floating,Emerging-1763,JT422753960,2022-12-02,2044-11-26,1000,34,,A
2B,Floating,Foreign-5893,VF244305140,2025-08-16,2037-08-13,500,35,,BBB
2A,Fixed,GovBond-7964,IC183362819,2025-04-03,2029-04-02,1000,43,0.0372,AAA
2A,Fixed,Corp-6730,SQ309391833,2024-05-04,2042-04-30,100,7,0.0633,AAA
2B,Floating,Corp-5457,XB599085865,2024-10-20,2050-10-14,1000,8,,BBB
2B,Floating,Emerging-6501,PD422858465,2020-12-30,2043-12-25,500,21,,BBB
1,Floating,GOV-5467,AX086909045,2025-05-29,2039-05-26,500,31,,
2A,Fixed,GovBond-6401,BQ346247074,2025-09-25,2040-09-21,1000,32,0.0249,AAA
2A,Fixed,Corp-1683,VT873501989,2021-12-22,2031-12-20,500,1,0.0552,AAA
1,Fixed,TBILL-6039,QH982234003,2025-11-11,2052-11-04,500,10,0.0332,
1,Fixed,SOFR-8543,OF426826448,2025-08-31,2034-08-29,100,9,0.0063,
1,Fixed,TBILL-4468,HA187418087,2025-10-22,2033-10-20,1000,19,0.0381,
1,Fixed,SOFR-6184,SP397008895,2021-01-05,2032-01-03,1000,48,0.0453,
2B,Floating,Corp-6882,BN850117696,2025-09-30,2043-09-26,500,37,,A
2A,Fixed,GovBond-1791,UN300279598,2021-01-27,2028-01-26,1000,40,0.0546,AA
2B,Fixed,Foreign-4134,SN771233873,2022-02-23,2044-02-18,1000,13,0.0556,BBB
1,Fixed,GOV-6046,BO272178141,2025-05-20,2048-05-14,100,3,0.0349,
2A,Fixed,GovBond-3797,ED628922316,2021-03-24,2031-03-22,500,11,0.0625,AAA
2B,Floating,Foreign-4327,ZQ802799352,2024-01-08,2043-01-03,100,1,,BBB
1,Fixed,SOFR-8891,AL876213100,2024-04-27,2043-04-23,1000,44,0.0451,
1,Fixed,TBILL-1649,SY883298777,2023-04-18,2043-04-13,1000,29,0.0053,
2A,Fixed,GovBond-3617,OL022013017,2022-11-30,2036-11-26,500,25,0.0516,AA
1,Floating,GOV-827,YH336949591,2023-07-02,2038-06-28,500,48,,
2A,Fixed,GovBond-8679,WN042088607,2024-03-06,2054-02-27,1000,7,0.0489,AA
2A,Fixed,GovBond-1212,GC667519077,2023-07-13,2047-07-07,100,39,0.0462,AAA
2B,Fixed,Emerging-4950,UW244833880,2021-04-23,2045-04-17,500,21,0.0686,BBB
2B,Floating,Corp-5995,WB591246008,2021-09-21,2047-09-15,1000,20,,BBB
1,Floating,GOV-6682,GN475233063,2021-04-21,2051-04-14,100,47,,
2B,Fixed,Foreign-769,WD826337535,2021-04-14,2031-04-12,1000,46,0.039,A
2B,Fixed,Corp-5741,JI223096587,2025-09-04,2035-09-02,1000,13,0.0751,BBB
1,Fixed,SOFR-8091,KM057925207,2022-12-30,2035-12-27,500,50,0.0492,
2A,Fixed,GovBond-9051,QQ264696816,2022-01-17,2051-01-10,100,29,0.0728,AAA
1,Fixed,SOFR-9495,QN722043940,2021-05-07,2051-04-30,100,27,0.0257,
2B,Fixed,Foreign-9517,IW118692454,2025-08-17,2054-08-10,100,2,0.0605,BBB
2B,Floating,Corp-9436,BI017066132,2025-10-07,2049-10-01,500,8,,BBB
2B,Fixed,Foreign-8415,YR969879805,2024-07-01,2044-06-26,500,14,0.0596,BBB
2A,Fixed,GovBond-8524,IE550148664,2024-10-25,2028-10-24,100,1,0.0692,AA
2A,Fixed,GovBond-1001,IU554683544,2025-08-05,2049-07-30,100,4,0.0306,AAA
2A,Fixed,GovBond-7067,AU756542261,2024-01-13,2028-01-12,500,18,0.0645,AA
2A,Fixed,Corp-5387,LR975515271,2022-09-22,2040-09-17,1000,16,0.0346,AAA
2B,Floating,Corp-7276,PK400403724,2021-07-22,2028-07-20,500,47,,BBB
2A,Fixed,GovBond-8266,SO519297626,2022-11-01,2032-10-29,1000,24,0.0274,AAA
1,Floating,TBILL-8818,PL752868281,2021-10-19,2051-10-12,1000,48,,
2B,Floating,Foreign-5805,KN204137423,2021-04-05,2031-04-03,100,48,,BBB
2A,Fixed,Corp-6447,VA141991715,2021-08-28,2045-08-22,1000,44,0.0376,AA
2A,Fixed,GovBond-756,DC274832813,2025-07-28,2036-07-25,100,4,0.046,AA
2A,Fixed,Corp-4831,QH360423721,2023-11-25,2027-11-24,500,3,0.0501,AA
2A,Fixed,Corp-1227,ZK180495797,2023-04-19,2039-04-15,1000,43,0.0732,AAA
2A,Fixed,GovBond-7615,VU357094696,2023-07-24,2028-07-22,1000,42,0.0418,AAA
2A,Fixed,Corp-3159,SF188097901,2025-01-13,2046-01-08,500,39,0.054,AA
2B,Fixed,Foreign-6364,FZ255387938,2024-05-17,2045-05-12,500,23,0.0639,BBB
2A,Fixed,Corp-9541,HL412472256,2024-05-01,2052-04-24,100,8,0.0293,AA
2B,Fixed,Emerging-6258,PI631594709,2021-05-13,2047-05-07,100,25,0.0389,A
1,Fixed,SOFR-1671,ER269268980,2021-04-09,2048-04-02,100,13,0.0457,
1,Fixed,GOV-4147,PP761467139,2021-09-18,2047-09-12,1000,45,0.0364,
2B,Fixed,Corp-7145,WY849700151,2023-05-14,2030-05-12,1000,22,0.0663,A
2B,Fixed,Corp-556,SA943309977,2025-05-23,2031-05-22,500,25,0.0744,BBB
2A,Fixed,Corp-6378,NF205947174,2022-06-30,2028-06-28,100,49,0.0509,AA
2B,Fixed,Emerging-576,FV381485145,2021-11-02,2050-10-26,1000,26,0.0753,A
2B,Floating,Corp-2373,AS972098820,2024-02-02,2052-01-26,1000,14,,A
2B,Fixed,Foreign-9380,RR452103692,2025-04-03,2032-04-01,100,7,0.0841,BBB
2A,Fixed,Corp-2751,DO776956581,2024-06-17,2035-06-15,1000,4,0.0656,AAA
2B,Floating,Emerging-7364,FH780715806,2022-08-13,2045-08-07,500,44,,A
1,Fixed,GOV-2809,BL764325565,2023-12-30,2053-12-22,100,36,0.013,
1,Floating,GOV-3716,WB550129798,2024-08-15,2043-08-11,100,46,,
1,Fixed,TBILL-7601,DN205620474,2024-07-03,2051-06-27,100,19,0.0364,
2B,Floating,Foreign-5259,WF909655941,2022-11-02,2047-10-27,500,37,,BBB
2B,Fixed,Corp-4261,AR744701538,2024-11-09,2047-11-04,100,11,0.08,BBB
2A,Fixed,GovBond-4193,RJ185500793,2025-05-05,2028-05-04,500,8,0.0392,AAA
2A,Fixed,GovBond-5342,XG427213741,2024-04-04,2040-03-31,100,41,0.0513,AAA
2B,Floating,Foreign-8586,HK158134572,2022-10-27,2037-10-23,500,44,,A
2B,Fixed,Foreign-4738,MJ102054012,2023-12-10,2034-12-07,100,12,0.0704,A
1,Floating,TBILL-1775,XH974747057,2023-02-03,2031-02-01,1000,25,,
2A,Fixed,GovBond-5998,BF773131264,2021-01-17,2026-01-16,100,7,0.0573,AA
2B,Fixed,Corp-4692,SQ601901014,2020-12-26,2034-12-23,500,8,0.0787,A
2A,Fixed,GovBond-687,SK049180007,2025-04-22,2029-04-21,500,28,0.036,AAA
2B,Floating,Emerging-9557,DC455918069,2022-10-11,2046-10-05,100,17,,BBB
2B,Fixed,Corp-8573,AR024427105,2021-11-16,2032-11-13,500,27,0.0504,BBB
2B,Floating,Foreign-8997,YO386637177,2023-09-02,2033-08-30,500,7,,A
2B,Fixed,Corp-2435,GH628470495,2023-02-09,2026-02-08,1000,29,0.0899,BBB
2A,Fixed,GovBond-3847,QC891861069,2024-08-14,2049-08-08,100,36,0.0506,AA
2A,Fixed,GovBond-6210,GY489799319,2022-10-15,2029-10-13,1000,31,0.0633,AAA
2B,Floating,Emerging-9974,YC247243138,2024-01-14,2030-01-12,1000,42,,A
2B,Floating,Emerging-7722,CQ577227672,2022-08-06,2040-08-01,1000,7,,BBB
1,Fixed,TBILL-1789,SA510997069,2022-09-24,2035-09-21,500,6,0.03,
1,Fixed,GOV-3175,WC553125837,2021-04-12,2037-04-08,1000,24,0.0253,
1,Floating,GOV-4826,OM264793606,2022-12-07,2041-12-02,100,35,,
2B,Floating,Emerging-7224,JH150301078,2023-01-08,2045-01-02,100,10,,BBB
1,Fixed,TBILL-1799,WS837039539,2025-03-02,2027-03-02,1000,42,0.0429,
2B,Fixed,Emerging-5684,LL249497934,2023-10-26,2035-10-23,100,23,0.0868,BBB
2B,Floating,Foreign-202,YJ180605489,2024-11-30,2049-11-24,1000,18,,A
2A,Fixed,GovBond-1170,AK737043068,2025-06-08,2052-06-01,100,18,0.0263,AAA
2B,Floating,Foreign-7952,TJ756761413,2021-06-23,2037-06-19,500,37,,BBB
2A,Fixed,GovBond-3587,BM569373278,2024-03-04,2038-03-01,100,7,0.061,AAA
2A,Fixed,GovBond-9964,HL347986504,2022-02-10,2046-02-04,1000,10,0.0461,AAA
2B,Fixed,Foreign-9659,JD210124237,2021-05-26,2035-05-23,1000,31,0.078,BBB
2B,Floating,Foreign-6556,MW789182490,2023-05-14,2045-05-08,100,12,,A
2A,Fixed,GovBond-6526,WT895762559,2021-09-02,2030-08-31,100,4,0.0752,AA
2B,Fixed,Corp-4040,GC007573734,2025-10-10,2042-10-06,1000,26,0.0483,A
2B,Fixed,Foreign-2378,GD760724957,2022-07-14,2049-07-07,1000,47,0.0398,A
2A,Fixed,GovBond-5014,CE709336179,2023-04-06,2042-04-01,1000,2,0.0469,AA
2A,Fixed,GovBond-658,BL607945515,2025-10-23,2041-10-19,100,17,0.0613,AA
2B,Fixed,Corp-587,ZC867094940,2024-04-26,2048-04-20,500,20,0.0582,A
2A,Fixed,GovBond-3320,UP370415836,2020-11-27,2039-11-23,500,16,0.0381,AAA
2A,Fixed,GovBond-2318,KT137489297,2022-06-11,2033-06-08,1000,1,0.0798,AA
2B,Floating,Emerging-1793,TS210662985,2020-12-22,2049-12-15,1000,36,,BBB
2B,Floating,Emerging-7975,JD724750843,2022-03-11,2051-03-04,500,11,,BBB
2A,Fixed,Corp-4216,IZ780276441,2024-06-21,2054-06-14,100,45,0.0538,AAA
2B,Fixed,Corp-306,FB324023180,2021-06-21,2041-06-16,500,20,0.0711,BBB
1,Floating,TBILL-3135,UX466336496,2021-09-16,2038-09-12,100,44,,
2A,Fixed,GovBond-239,JL255713024,2023-06-29,2033-06-26,500,33,0.079,AA
2B,Fixed,Corp-7552,VF396612874,2023-09-15,2044-09-09,500,28,0.0382,BBB
2B,Floating,Corp-1247,QI614762416,2024-11-22,2028-11-21,100,29,,A
1,Fixed,SOFR-9020,PR777100016,2023-06-05,2046-05-30,100,50,0.0088,
2B,Fixed,Corp-7545,TW342427014,2025-05-23,2035-05-21,500,41,0.0522,A
2B,Fixed,Emerging-4844,FE285374269,2021-01-26,2036-01-23,500,9,0.0462,BBB
2B,Fixed,Corp-829,EF398178686,2024-02-13,2052-02-06,500,3,0.0518,A
2B,Fixed,Emerging-7033,BL181501262,2023-08-22,2040-08-17,1000,42,0.0616,BBB
2B,Floating,Foreign-8779,DF763345311,2023-09-21,2027-09-20,500,29,,BBB
1,Fixed,SOFR-8969,SL991785562,2025-10-27,2049-10-21,500,39,0.0313,
2B,Floating,Emerging-3833,SL385085917,2023-02-19,2043-02-14,100,25,,BBB
2A,Fixed,GovBond-5405,TS712678006,2024-11-19,2032-11-17,1000,49,0.0737,AA
2B,Floating,Emerging-4920,HE392328390,2025-03-21,2048-03-15,100,40,,A
2B,Fixed,Foreign-2413,UF674708738,2022-03-30,2043-03-25,100,18,0.0406,A
2B,Floating,Foreign-2038,GG095442105,2022-08-03,2026-08-02,1000,27,,A
2B,Floating,Emerging-4378,OG011105222,2021-01-25,2026-01-24,1000,31,,A
2B,Floating,Corp-9484,VY029652311,2023-05-17,2030-05-15,500,32,,BBB
1,Floating,SOFR-1965,BG886696575,2022-06-24,2036-06-20,100,40,,
2A,Fixed,GovBond-3343,VI200586591,2023-06-04,2048-05-28,1000,45,0.0328,AAA
2B,Fixed,Emerging-3945,AQ010182241,2024-01-26,2048-01-20,1000,13,0.0417,A
2B,Fixed,Foreign-2371,LW415565403,2023-12-12,2041-12-07,1000,28,0.0595,BBB
2A,Fixed,Corp-1921,PW281474826,2024-12-27,2053-12-20,100,38,0.0549,AAA
2A,Fixed,GovBond-6924,YX139598815,2022-02-17,2052-02-10,500,1,0.0416,AA
1,Fixed,SOFR-8390,DX975357285,2024-02-21,2044-02-16,500,38,0.0448,
2B,Floating,Corp-3712,XM300124607,2022-01-22,2050-01-15,1000,1,,A
2A,Fixed,GovBond-8325,ZJ976504923,2025-09-01,2054-08-25,100,23,0.065,AA
2B,Floating,Foreign-4902,XG925443724,2021-01-30,2049-01-23,500,22,,A
2B,Fixed,Emerging-6238,BW996967743,2025-01-26,2031-01-25,100,46,0.0301,A
2B,Fixed,Emerging-6566,VM767584500,2020-12-14,2033-12-11,1000,29,0.0546,A
2B,Fixed,Corp-5273,GK458963985,2023-08-16,2027-08-15,100,4,0.0342,A
2A,Fixed,Corp-6923,CH609354813,2022-08-17,2032-08-14,1000,7,0.0521,AAA
2A,Fixed,GovBond-2422,SH235913205,2023-10-11,2043-10-06,500,11,0.0263,AAA
2B,Floating,Emerging-8377,FG264182844,2023-11-03,2030-11-01,1000,7,,A
2A,Fixed,GovBond-7446,TT117928501,2022-09-21,2048-09-14,100,13,0.0693,AAA
2A,Fixed,Corp-4512,NY273467400,2021-12-17,2035-12-14,1000,30,0.0378,AA
2B,Floating,Corp-5229,ED475524253,2021-06-30,2026-06-29,100,9,,BBB
2A,Fixed,GovBond-2097,TX353148541,2023-08-06,2038-08-02,1000,36,0.062,AAA
2A,Fixed,GovBond-5531,LR113567252,2021-10-20,2048-10-13,1000,11,0.0796,AA
2B,Fixed,Emerging-9315,UP509776616,2025-08-01,2028-07-31,500,39,0.0854,BBB
2B,Floating,Emerging-5697,DY409437192,2025-07-15,2051-07-09,100,3,,A
2A,Fixed,GovBond-9143,MU347586667,2024-08-13,2032-08-11,1000,22,0.045,AA
2A,Fixed,GovBond-1923,BL827860400,2022-07-05,2041-06-30,500,37,0.0535,AAA
2A,Fixed,GovBond-510,FW801979995,2022-06-13,2028-06-11,500,30,0.0302,AAA
1,Fixed,GOV-9578,TM917241886,2020-12-21,2042-12-16,100,36,0.0348,
2A,Fixed,Corp-8078,QU751604149,2025-03-07,2039-03-04,500,7,0.0764,AA
2A,Fixed,GovBond-2405,YX887682140,2025-08-28,2039-08-25,1000,40,0.0389,AAA
2A,Fixed,GovBond-2937,WL729435738,2023-08-30,2036-08-26,1000,22,0.0496,AAA
2A,Fixed,Corp-4940,ZC323708848,2021-06-18,2041-06-13,100,37,0.0518,AA
2A,Fixed,Corp-8438,DM500685872,2023-08-07,2040-08-02,1000,9,0.0522,AA
2A,Fixed,Corp-2908,KO526774244,2025-01-31,2045-01-26,100,21,0.0256,AA
1,Fixed,GOV-5402,UH155416194,2024-03-26,2032-03-24,1000,22,0.0488,
2B,Floating,Corp-191,DV505484145,2021-05-29,2031-05-27,1000,39,,A
2A,Fixed,Corp-1202,WQ380945819,2022-09-13,2047-09-07,100,21,0.0433,AAA
2A,Fixed,GovBond-2638,NH752573754,2022-10-01,2036-09-27,1000,22,0.0625,AA
2A,Fixed,Corp-8104,TK334068527,2022-07-17,2033-07-14,500,30,0.0272,AA
2A,Fixed,Corp-798,RE264628647,2025-08-20,2053-08-13,1000,44,0.0217,AA
2B,Fixed,Emerging-8179,OB775964242,2023-09-12,2043-09-07,500,20,0.0458,BBB
1,Floating,SOFR-6867,JK846105344,2023-01-01,2036-12-28,500,11,,
2A,Fixed,Corp-6252,DN260584262,2023-12-13,2027-12-12,1000,25,0.037,AAA
2A,Fixed,Corp-739,YQ406215810,2023-01-29,2031-01-27,100,25,0.0673,AA
2B,Fixed,Emerging-5507,DL095944534,2021-12-11,2026-12-10,100,50,0.0717,A
1,Fixed,SOFR-2269,UW285098146,2021-10-01,2050-09-24,500,27,0.018,
1,Fixed,TBILL-2229,HF790406190,2025-07-28,2051-07-22,500,15,0.0241,
2B,Fixed,Corp-4610,LH294013708,2023-10-15,2050-10-08,500,47,0.045,BBB
2A,Fixed,GovBond-5162,ZM802112919,2022-06-29,2031-06-27,1000,24,0.0429,AAA
2A,Fixed,GovBond-8973,XP754604033,2022-02-02,2045-01-27,500,25,0.068,AA
2A,Fixed,Corp-9827,QP907307608,2024-04-07,2050-04-01,100,49,0.0741,AA
2A,Fixed,Corp-9191,OE410001082,2023-07-30,2032-07-27,500,21,0.0768,AAA
2B,Fixed,Emerging-8200,GQ709977634,2022-11-14,2045-11-08,100,25,0.0794,BBB
2A,Fixed,GovBond-8962,TY756790578,2025-09-10,2044-09-05,500,34,0.0345,AAA
2A,Fixed,Corp-9422,ZO295863690,2022-05-16,2038-05-12,1000,19,0.0263,AA
2A,Fixed,Corp-8002,YQ209776417,2024-08-03,2033-08-01,500,26,0.0793,AA
2A,Fixed,GovBond-7887,CQ941000831,2024-07-14,2035-07-12,100,29,0.0678,AAA
1,Fixed,GOV-3646,OJ513786246,2022-03-07,2027-03-06,100,32,0.0126,
2B,Floating,Foreign-435,WM717428519,2023-06-13,2039-06-09,500,12,,A
2B,Floating,Corp-9343,LJ579636014,2022-08-13,2030-08-11,1000,29,,BBB
2A,Fixed,Corp-6396,GC249343698,2024-07-11,2040-07-07,100,38,0.0785,AAA
2A,Fixed,Corp-3701,SW293338045,2025-07-31,2052-07-24,1000,34,0.0285,AA
2A,Fixed,Corp-9737,XV664007920,2021-06-28,2042-06-23,100,30,0.0408,AA
2A,Fixed,Corp-4636,QN356838530,2022-06-19,2029-06-17,500,44,0.0309,AA
1,Fixed,GOV-7952,LO512957172,2021-05-18,2036-05-14,500,44,0.0001,
2B,Fixed,Emerging-4831,JG304672833,2020-12-13,2033-12-10,1000,34,0.0432,BBB
2A,Fixed,GovBond-6604,PG347689972,2024-06-12,2028-06-11,500,46,0.0759,AA
2A,Fixed,GovBond-752,KV931475399,2021-05-27,2029-05-25,1000,46,0.0289,AAA
2A,Fixed,GovBond-6418,JP601905618,2022-07-24,2044-07-18,1000,3,0.0676,AA
2A,Fixed,GovBond-6553,DP263593667,2021-05-24,2038-05-20,100,6,0.0459,AA
2B,Floating,Emerging-1551,FD362902332,2021-10-01,2041-09-26,1000,13,,A
2B,Floating,Foreign-7356,OI897184572,2022-03-02,2035-02-27,500,42,,A
1,Fixed,SOFR-389,YP100115970,2023-05-19,2031-05-17,100,22,0.0169,
2A,Fixed,GovBond-4742,FM224839993,2023-07-27,2026-07-26,1000,8,0.0387,AA
2B,Floating,Emerging-1177,ZC053820085,2021-10-12,2039-10-08,1000,6,,BBB
2A,Fixed,GovBond-1287,FF199842415,2024-04-11,2034-04-09,500,25,0.0687,AAA
2B,Floating,Corp-3834,RR311575205,2024-09-10,2037-09-07,1000,7,,BBB
1,Floating,GOV-6076,KM849333465,2024-03-25,2046-03-20,1000,49,,
1,Floating,TBILL-8911,LN199013879,2022-11-15,2045-11-09,500,49,,
2B,Floating,Emerging-205,BI874044922,2022-08-07,2028-08-05,1000,39,,BBB
2B,Floating,Emerging-9268,AA868711557,2023-12-27,2046-12-21,500,1,,A
2A,Fixed,GovBond-2798,EB501175197,2021-09-06,2036-09-02,100,50,0.042,AA
2B,Fixed,Corp-5270,QJ772608176,2024-10-17,2026-10-17,1000,43,0.0804,BBB
2A,Fixed,Corp-9035,FE373043867,2021-08-09,2031-08-07,100,41,0.0435,AAA
2B,Floating,Foreign-7902,DO336527520,2025-05-03,2054-04-26,100,28,,A
2B,Floating,Emerging-3553,FG899940315,2025-04-13,2054-04-06,1000,16,,BBB
2B,Floating,Corp-9829,HL871584884,2025-07-11,2039-07-08,500,42,,A
2B,Fixed,Corp-3851,FT970045768,2021-02-13,2039-02-09,500,29,0.031,A
2B,Floating,Emerging-3133,EZ639352337,2024-09-18,2033-09-16,500,7,,A
1,Floating,GOV-2158,CO201522722,2021-03-10,2049-03-03,1000,28,,
1,Fixed,SOFR-8992,CD351040955,2022-07-11,2049-07-04,500,39,0.0281,
2A,Fixed,Corp-6488,IF205892702,2021-12-17,2044-12-11,1000,18,0.0454,AA
2B,Fixed,Corp-5633,UV031764480,2025-03-13,2039-03-10,100,50,0.038,A
2A,Fixed,GovBond-9034,KN500084437,2023-07-14,2050-07-07,1000,38,0.0652,AA
2B,Fixed,Corp-4098,ZK229821976,2024-09-07,2047-09-02,500,34,0.0335,A
2B,Floating,Foreign-2942,UF725322811,2021-04-01,2048-03-25,500,16,,A
2B,Floating,Emerging-1349,SB818462251,2025-09-01,2035-08-30,100,6,,A
2B,Fixed,Foreign-6238,JH778914629,2023-05-04,2041-04-29,100,23,0.084,BBB
2A,Fixed,GovBond-4566,QM824219759,2024-08-22,2054-08-15,1000,3,0.0467,AA
2A,Fixed,GovBond-237,WB747490808,2025-10-07,2030-10-06,500,1,0.0763,AA
2A,Fixed,GovBond-6130,DH935988311,2022-05-11,2040-05-06,500,6,0.0591,AA
2B,Fixed,Foreign-4686,UQ217890575,2024-09-16,2026-09-16,500,21,0.0786,A
1,Floating,TBILL-5547,ZQ778722724,2024-11-03,2035-11-01,100,7,,
2B,Floating,Foreign-3720,OR946449636,2022-05-23,2049-05-16,1000,28,,BBB
2A,Fixed,Corp-7397,QS493973723,2025-11-06,2055-10-30,500,34,0.0717,AA
2A,Fixed,Corp-6757,AJ576405867,2023-06-08,2042-06-03,1000,36,0.0485,AAA
2A,Fixed,GovBond-9862,ZX274130223,2024-08-08,2040-08-04,1000,24,0.032,AA
2B,Fixed,Emerging-6188,EP963571734,2023-01-28,2053-01-20,100,32,0.0894,A
2A,Fixed,Corp-5972,WF914467742,2022-06-13,2047-06-07,500,18,0.0584,AAA
1,Fixed,SOFR-9706,MY593807340,2024-10-15,2028-10-14,500,34,0.015,
2B,Floating,Foreign-5917,JI987653880,2025-09-21,2035-09-19,100,18,,BBB
1,Floating,GOV-686,QP267325059,2025-02-06,2046-02-01,100,14,,
2A,Fixed,Corp-6072,WS308460576,2025-01-09,2038-01-06,100,18,0.0471,AA
2B,Floating,Corp-9253,LP314406985,2022-04-11,2030-04-09,1000,31,,BBB
2B,Floating,Emerging-528,QZ852467307,2021-08-08,2028-08-06,500,2,,BBB
2A,Fixed,GovBond-16,KV785945208,2022-08-17,2031-08-15,1000,27,0.057,AA
2B,Floating,Emerging-9991,WW660638629,2025-07-07,2053-06-30,1000,46,,A
1,Floating,SOFR-9316,IF533878842,2023-12-10,2031-12-08,100,25,,
2B,Floating,Corp-7079,VQ428181455,2025-05-30,2053-05-23,1000,29,,A
2A,Fixed,GovBond-9026,QC631748861,2025-02-23,2053-02-16,100,29,0.0287,AA
1,Fixed,GOV-1535,YU964487675,2024-05-08,2029-05-07,100,10,0.02,
1,Fixed,TBILL-106,UQ772127400,2025-11-12,2053-11-05,500,12,0.0439,
2B,Floating,Foreign-449,OA208917300,2021-12-04,2048-11-27,1000,11,,BBB
2A,Fixed,Corp-5749,FX666482139,2023-10-04,2051-09-27,100,17,0.0724,AA
2B,Floating,Emerging-2191,RL653411935,2021-03-11,2049-03-04,100,15,,A
2B,Fixed,Emerging-623,XS687984156,2023-06-13,2046-06-07,1000,2,0.0744,A
2A,Fixed,GovBond-4398,PA711440055,2022-01-05,2041-12-31,1000,8,0.0291,AAA
2A,Fixed,Corp-3668,BJ895943722,2022-09-27,2039-09-23,1000,34,0.0687,AAA
2A,Fixed,Corp-1079,GQ251897122,2025-01-15,2050-01-09,1000,28,0.0688,AA
2B,Floating,Corp-6754,FH952508708,2022-11-24,2026-11-23,1000,24,,BBB
1,Fixed,SOFR-1038,FR974154574,2024-10-03,2054-09-26,500,18,0.0436,
1,Fixed,SOFR-4788,FL401613756,2021-06-20,2043-06-15,1000,43,0.0175,
1,Floating,SOFR-9584,IN071570140,2021-03-22,2050-03-15,1000,26,,
2A,Fixed,GovBond-2853,IR701657526,2021-07-17,2031-07-15,100,9,0.0237,AA
1,Fixed,TBILL-9452,LK492959819,2021-02-05,2048-01-30,1000,39,0.0166,
2B,Floating,Corp-2065,HL657499690,2022-10-15,2037-10-11,100,28,,BBB
2B,Fixed,Emerging-3647,GJ108432848,2021-02-23,2039-02-19,100,3,0.0835,BBB
1,Floating,TBILL-310,CI183888332,2022-06-03,2051-05-27,500,11,,
2B,Fixed,Corp-535,XV744794945,2021-08-07,2045-08-01,100,17,0.0314,A
2A,Fixed,GovBond-7265,AX378643565,2023-09-05,2034-09-02,1000,7,0.046,AAA
2B,Fixed,Emerging-7390,TT995125450,2022-11-05,2037-11-01,500,2,0.0737,A
1,Floating,SOFR-9336,HG723238369,2023-08-04,2049-07-28,1000,3,,
2B,Fixed,Emerging-7263,AY036426516,2024-07-13,2033-07-11,100,3,0.0815,BBB
2B,Floating,Foreign-3671,UY964084176,2021-02-25,2043-02-20,100,42,,A
1,Floating,GOV-4668,MX833259802,2023-11-02,2031-10-31,500,49,,
2A,Fixed,GovBond-6735,UX765637351,2024-01-30,2050-01-23,100,4,0.0375,AA
2B,Floating,Emerging-2258,YJ622078556,2024-04-24,2050-04-18,100,11,,BBB
2B,Floating,Corp-9522,JZ328315133,2025-06-03,2040-05-30,1000,5,,A
2B,Floating,Emerging-6752,QZ613938527,2025-07-15,2049-07-09,1000,39,,A
1,Fixed,SOFR-1271,VJ450494698,2022-07-10,2026-07-09,500,15,0.0111,
1,Fixed,TBILL-6934,VB717829861,2024-03-03,2053-02-24,500,22,0.0393,
1,Fixed,TBILL-3850,BT484507282,2020-12-14,2027-12-13,1000,2,0.0366,
2B,Fixed,Emerging-1873,GJ983371780,2023-08-08,2030-08-06,1000,7,0.0715,BBB
2A,Fixed,GovBond-8636,YO875111848,2023-01-21,2050-01-14,100,10,0.0663,AAA
2B,Fixed,Foreign-6720,IA779772274,2025-08-05,2046-07-31,1000,14,0.0601,A
2A,Fixed,Corp-9883,LF565752333,2021-12-26,2034-12-23,500,14,0.0253,AA
2A,Fixed,Corp-3413,NE777024135,2022-12-08,2030-12-06,500,29,0.0781,AA
2A,Fixed,GovBond-1976,LG605911035,2023-01-08,2042-01-03,500,3,0.0622,AA
2A,Fixed,GovBond-471,PJ547726084,2025-06-27,2049-06-21,100,19,0.0396,AA
2B,Fixed,Corp-1204,BV851517086,2023-05-23,2040-05-18,100,37,0.0872,BBB
2B,Floating,Foreign-857,ZF830090438,2024-01-22,2039-01-18,100,19,,BBB
1,Floating,GOV-8386,CT581264643,2022-11-16,2046-11-10,100,14,,
2A,Fixed,Corp-5863,XH038200790,2020-12-20,2042-12-15,500,39,0.063,AAA
2B,Fixed,Corp-9393,MS297823147,2025-10-07,2029-10-06,1000,15,0.0623,A
1,Floating,TBILL-4713,XS532977453,2025-04-19,2035-04-17,1000,47,,
2B,Floating,Corp-1553,GR972164525,2023-03-10,2039-03-06,500,40,,BBB
2B,Floating,Emerging-7133,HH759200341,2022-06-10,2031-06-08,100,8,,A
2B,Floating,Corp-8308,KX913805626,2022-10-04,2041-09-29,500,31,,A
2A,Fixed,GovBond-7427,JT825870059,2025-04-28,2048-04-22,500,23,0.0752,AA
2B,Floating,Foreign-9636,FA081956277,2025-11-13,2047-11-08,500,19,,BBB
2B,Floating,Foreign-705,YT461006641,2024-12-30,2045-12-25,100,37,,BBB
2B,Fixed,Foreign-9510,VX763196133,2025-07-23,2044-07-18,1000,5,0.0849,A
2A,Fixed,GovBond-3725,RI341649629,2023-12-30,2053-12-22,1000,25,0.0691,AAA
1,Floating,TBILL-7496,JV621638975,2021-09-10,2035-09-07,1000,44,,
1,Fixed,GOV-8566,JD510843489,2024-09-16,2029-09-15,500,38,0.0139,
2A,Fixed,GovBond-7358,RC031464894,2022-06-10,2031-06-08,100,32,0.0551,AAA
2A,Fixed,Corp-8966,HM629618059,2020-12-19,2043-12-14,1000,38,0.0327,AAA
2B,Fixed,Corp-7375,FF636541032,2022-07-18,2046-07-12,100,41,0.0774,BBB
1,Floating,TBILL-702,US791410811,2023-06-29,2030-06-27,1000,25,,
2B,Fixed,Foreign-3342,DU008505092,2024-09-06,2051-08-31,500,32,0.0566,A
1,Fixed,TBILL-917,PQ402172794,2022-05-29,2040-05-24,500,34,0.0341,
1,Floating,GOV-6513,IK314303590,2021-05-29,2027-05-28,1000,28,,
1,Fixed,TBILL-6340,JN050740846,2025-11-03,2035-11-01,1000,8,0.0454,
2B,Fixed,Emerging-9340,QC971842807,2025-04-11,2045-04-06,100,14,0.0701,BBB
2B,Floating,Foreign-1474,NJ184303650,2025-03-10,2050-03-04,1000,2,,A
2A,Fixed,Corp-2263,KW692438917,2022-07-16,2027-07-15,500,45,0.0453,AA
2A,Fixed,Corp-3181,ZF899046696,2024-01-03,2032-01-01,500,50,0.0651,AA
2B,Floating,Corp-4362,EE310891594,2021-03-03,2035-02-28,500,40,,A
2A,Fixed,GovBond-7847,UH342084616,2021-05-04,2036-04-30,1000,23,0.0407,AAA
2A,Fixed,GovBond-232,PY150144887,2024-01-01,2026-12-31,100,29,0.0646,AAA
2B,Fixed,Corp-1900,EG903069645,2025-01-27,2032-01-26,100,8,0.048,A
2B,Floating,Corp-2905,SS368021329,2024-01-15,2053-01-07,1000,2,,BBB
2B,Fixed,Corp-561,HX122055873,2025-10-25,2050-10-19,1000,7,0.0891,A
1,Fixed,GOV-647,VO536792729,2021-02-26,2043-02-21,1000,35,0.0213,
2A,Fixed,Corp-8346,OJ964651310,2024-09-05,2030-09-04,1000,29,0.0652,AA
2B,Floating,Corp-4731,QV054688561,2023-08-02,2034-07-30,1000,34,,A
2B,Fixed,Corp-2296,VZ579923110,2025-04-29,2029-04-28,1000,49,0.0494,BBB
2B,Floating,Emerging-8464,XH850724322,2025-03-27,2043-03-23,500,2,,A
2B,Floating,Emerging-1511,AD523730748,2021-01-01,2042-12-27,500,36,,A
2B,Fixed,Foreign-6071,MP412579883,2022-02-09,2034-02-06,100,25,0.0692,BBB
2B,Fixed,Foreign-3582,AV420133537,2022-08-10,2037-08-06,100,35,0.0593,A
2B,Fixed,Foreign-5850,ZZ603518193,2024-02-29,2032-02-27,1000,13,0.0418,BBB
1,Fixed,TBILL-5724,TK266331905,2021-01-05,2040-01-01,100,41,0.0124,
1,Fixed,TBILL-6674,KI278972400,2025-01-25,2030-01-24,500,2,0.038,
2B,Floating,Corp-2594,BB616233542,2023-11-05,2039-11-01,100,34,,A
2B,Fixed,Corp-4569,YS778460932,2022-08-31,2042-08-26,1000,28,0.0629,A
2A,Fixed,Corp-4528,WR076673917,2022-07-17,2026-07-16,100,27,0.0356,AAA
2B,Fixed,Corp-9539,MV161566812,2023-08-20,2049-08-13,1000,11,0.0392,A
1,Floating,SOFR-7763,ID474202343,2023-12-27,2038-12-23,500,31,,
2A,Fixed,Corp-6083,PW266774531,2023-08-08,2034-08-05,100,20,0.0367,AA
2B,Floating,Corp-842,CJ780894205,2023-02-22,2048-02-16,100,1,,BBB
2A,Fixed,Corp-7331,UN699096287,2023-01-12,2052-01-05,500,1,0.0297,AAA
2B,Fixed,Foreign-9763,AT987669107,2022-08-06,2037-08-02,500,17,0.0379,A
2B,Floating,Corp-7157,OX010034030,2021-11-02,2039-10-29,1000,9,,BBB
1,Fixed,GOV-2865,CH394157918,2023-03-22,2045-03-16,100,1,0.0017,
1,Fixed,TBILL-8408,JA715110172,2024-06-30,2034-06-28,1000,14,0.0247,
2A,Fixed,Corp-582,YE888506931,2021-09-14,2042-09-09,1000,18,0.0449,AAA
2A,Fixed,Corp-5125,PN064825010,2025-08-27,2048-08-21,500,31,0.0732,AAA
2B,Fixed,Foreign-3960,RQ475056635,2025-01-09,2031-01-08,1000,44,0.0594,BBB
1,Fixed,TBILL-75,RQ391153228,2025-11-09,2042-11-05,1000,40,0.0013,
2A,Fixed,GovBond-4158,TG697219631,2025-01-13,2054-01-06,500,19,0.0241,AA
2B,Floating,Emerging-2514,QN691155862,2025-01-29,2035-01-27,1000,37,,A
1,Floating,TBILL-1665,RF706397868,2021-12-13,2049-12-06,1000,3,,
2B,Floating,Corp-1452,TV441911012,2023-11-18,2043-11-13,100,18,,BBB
2A,Fixed,Corp-5261,XO082948775,2023-06-23,2033-06-20,100,48,0.068,AAA
2B,Fixed,Emerging-8919,ND954935230,2022-12-15,2051-12-08,1000,26,0.0769,A
2A,Fixed,GovBond-5408,YW720375126,2024-10-28,2028-10-27,100,2,0.045,AAA
2A,Fixed,Corp-9117,GH732805671,2024-05-03,2051-04-27,100,41,0.0683,AA
2A,Fixed,Corp-5518,AC187579951,2023-03-15,2045-03-09,500,22,0.0402,AA
2B,Floating,Corp-4904,SM689411520,2022-10-08,2035-10-05,100,3,,A
2B,Fixed,Foreign-1363,HY375962680,2024-06-22,2034-06-20,100,46,0.0776,BBB
1,Fixed,SOFR-4000,XC402708717,2023-07-01,2048-06-24,100,31,0.0343,
2B,Fixed,Corp-1243,XR664798568,2024-01-23,2030-01-21,500,23,0.0376,A
1,Fixed,GOV-299,XL148612745,2024-04-29,2030-04-28,500,37,0.0242,
2A,Fixed,Corp-8586,HI848136961,2022-10-23,2046-10-17,1000,21,0.0778,AAA
1,Fixed,TBILL-9915,UM052622608,2021-07-29,2051-07-22,500,20,0.0231,
2B,Fixed,Emerging-7684,UF889092772,2024-12-23,2037-12-20,500,18,0.0683,A
2B,Floating,Foreign-4790,GN225589258,2025-09-18,2052-09-11,100,35,,BBB
2B,Fixed,Corp-8836,YE878206928,2023-12-23,2036-12-19,1000,5,0.0657,BBB
2A,Fixed,Corp-8123,QS313427363,2020-12-24,2043-12-19,100,22,0.0638,AAA
1,Fixed,GOV-4634,LL797274838,2024-04-08,2026-04-08,500,4,0.0434,
2A,Fixed,Corp-9745,YR789628940,2022-07-20,2042-07-15,1000,37,0.0505,AA
2B,Floating,Corp-3728,TI964643734,2025-05-03,2029-05-02,500,13,,A
2B,Floating,Foreign-6656,UE651192139,2025-08-02,2031-08-01,100,35,,A
2B,Fixed,Emerging-6867,ZT464491829,2024-10-25,2054-10-18,100,31,0.073,A
2B,Floating,Corp-2938,VO785831283,2025-09-08,2053-09-01,1000,46,,A
2B,Fixed,Emerging-8837,ZY133137283,2022-04-25,2051-04-18,100,13,0.0539,A
2A,Fixed,GovBond-3575,LF163617221,2022-01-30,2033-01-27,500,9,0.0407,AA
2A,Fixed,Corp-5501,KX985712460,2023-01-21,2051-01-14,1000,2,0.0753,AAA
2B,Floating,Corp-1569,OC924489275,2024-12-28,2046-12-23,1000,3,,BBB
2B,Floating,Emerging-3950,VC163472605,2022-11-16,2045-11-10,1000,27,,BBB
2A,Fixed,GovBond-6419,AX786149324,2021-12-03,2044-11-27,1000,47,0.0434,AAA
2A,Fixed,GovBond-9818,VQ175633201,2021-08-27,2031-08-25,500,37,0.034,AAA
2B,Floating,Emerging-7660,CR448177392,2025-07-26,2051-07-20,1000,44,,A
2A,Fixed,GovBond-9615,MW137858230,2025-08-09,2034-08-07,100,21,0.0232,AA
1,Floating,GOV-3692,XY371461295,2023-03-24,2044-03-18,500,17,,
2A,Fixed,Corp-6248,QV208493635,2025-04-02,2035-03-31,500,33,0.0225,AA
2A,Fixed,GovBond-1438,JW523456467,2025-06-20,2035-06-18,100,1,0.0408,AA
2B,Fixed,Emerging-5169,ME609476700,2021-08-14,2041-08-09,100,4,0.0324,BBB
2B,Floating,Foreign-194,AU526616111,2023-06-03,2053-05-26,1000,28,,BBB
2A,Fixed,Corp-5548,WW907764142,2022-06-25,2033-06-22,500,11,0.0731,AA
2B,Fixed,Corp-3721,YW159477142,2020-11-21,2042-11-16,500,18,0.071,BBB
2A,Fixed,Corp-2454,ID834594888,2023-03-18,2044-03-12,500,34,0.0796,AA
2A,Fixed,GovBond-860,TE006714223,2022-07-10,2051-07-03,500,12,0.0287,AAA
2B,Fixed,Foreign-2778,UO267773784,2024-03-24,2031-03-23,1000,30,0.0393,BBB
2B,Fixed,Corp-5444,IE182511456,2024-10-15,2029-10-14,500,3,0.0503,BBB
1,Fixed,TBILL-3867,MD198258979,2023-03-02,2037-02-26,100,5,0.0241,
2B,Floating,Corp-2343,EP185860874,2024-11-29,2045-11-24,1000,33,,BBB
2A,Fixed,GovBond-4651,OA484095339,2023-12-07,2025-12-06,500,46,0.0593,AAA
2A,Fixed,GovBond-2512,OH987582242,2021-01-24,2047-01-18,1000,50,0.0586,AA
2A,Fixed,Corp-2888,US282875679,2023-07-05,2043-06-30,1000,35,0.0512,AAA
2B,Fixed,Foreign-5846,IR371355131,2021-11-29,2026-11-28,100,50,0.0558,BBB
2B,Floating,Foreign-5411,QV456284103,2025-07-24,2048-07-18,1000,35,,A
2A,Fixed,GovBond-7624,XC737818072,2021-08-18,2045-08-12,1000,43,0.076,AA
2B,Fixed,Corp-5956,WH949426728,2021-06-30,2027-06-29,100,33,0.0578,A
2B,Fixed,Foreign-1028,GY672198799,2021-03-28,2036-03-24,500,49,0.0339,A
2B,Floating,Emerging-7283,UB814965669,2024-09-27,2043-09-23,1000,24,,BBB
1,Fixed,TBILL-872,VP581978041,2025-08-03,2046-07-29,1000,3,0.019,
2B,Fixed,Corp-2530,BK530804765,2022-12-11,2043-12-06,1000,21,0.0348,A
1,Floating,TBILL-9292,YJ140301246,2025-10-04,2030-10-03,1000,40,,
1,Fixed,SOFR-2114,LQ954775211,2023-10-06,2039-10-02,1000,4,0.0076,
2A,Fixed,Corp-6006,EK368404303,2023-03-14,2037-03-10,1000,8,0.0408,AAA
2B,Floating,Corp-7529,CZ767039132,2022-07-26,2026-07-25,500,44,,BBB
2A,Fixed,Corp-3050,JG210961610,2025-03-07,2045-03-02,100,36,0.047,AA
2A,Fixed,Corp-8663,NH003591354,2024-02-14,2027-02-13,500,1,0.0412,AAA
2B,Fixed,Corp-2593,EF097134932,2024-05-20,2027-05-20,100,41,0.0314,A
2B,Floating,Emerging-7440,RG763100408,2023-03-10,2051-03-03,100,15,,BBB
2A,Fixed,Corp-7333,QF603349259,2022-03-20,2044-03-14,100,9,0.0266,AA
2A,Fixed,GovBond-1013,MS335648067,2022-11-04,2035-11-01,500,29,0.0368,AA
2A,Fixed,Corp-833,MK206613344,2021-06-05,2035-06-02,100,33,0.075,AAA
2B,Floating,Corp-1025,KR433122582,2025-06-24,2039-06-21,500,25,,A
2A,Fixed,Corp-7887,MI633962539,2024-06-13,2049-06-07,1000,41,0.0748,AAA
2B,Fixed,Corp-7907,TD159856839,2022-02-23,2034-02-20,1000,32,0.0796,A
1,Fixed,GOV-460,GF560488422,2025-07-18,2034-07-16,100,42,0.0098,
1,Floating,TBILL-267,EG937387625,2022-10-20,2040-10-15,500,31,,
2B,Floating,Emerging-7926,PF359159041,2024-04-18,2034-04-16,100,8,,BBB
2A,Fixed,GovBond-8996,AA948137913,2022-05-15,2045-05-09,1000,43,0.0426,AAA
2B,Floating,Foreign-948,DJ407654842,2024-02-01,2050-01-25,500,25,,A
2B,Fixed,Corp-1063,VS339330504,2022-06-23,2037-06-19,500,11,0.086,BBB
2B,Floating,Foreign-8632,RF654758875,2023-09-11,2026-09-10,1000,3,,A
2A,Fixed,Corp-1398,DX568309303,2021-09-14,2030-09-12,500,28,0.0554,AAA
2B,Floating,Foreign-8812,XZ416605498,2022-01-15,2047-01-09,1000,44,,BBB
2A,Fixed,Corp-1125,WA301649655,2024-11-20,2049-11-14,1000,5,0.0449,AAA
1,Floating,GOV-5110,PX505150927,2023-06-17,2041-06-12,500,4,,
2B,Fixed,Corp-7756,UJ162261538,2023-08-14,2044-08-08,500,36,0.063,A
1,Fixed,SOFR-4198,OX178580592,2024-02-26,2026-02-25,1000,16,0.0131,
2A,Fixed,Corp-3714,ZS991667053,2023-03-20,2042-03-15,100,47,0.0516,AA
2B,Fixed,Foreign-6197,TP379711671,2024-03-05,2041-03-01,500,14,0.0469,BBB
1,Fixed,GOV-2781,ZU586130444,2022-10-21,2028-10-19,1000,34,0.0495,
2B,Fixed,Emerging-9444,NB056119348,2021-07-02,2040-06-27,1000,48,0.0621,BBB
2B,Floating,Corp-6280,PF647632588,2024-04-19,2052-04-12,100,42,,BBB
2B,Fixed,Foreign-6261,DU995645888,2023-12-02,2033-11-29,500,47,0.087,BBB
1,Fixed,GOV-6540,WP333465641,2024-06-09,2034-06-07,500,44,0.0214,
1,Fixed,GOV-1354,NC816377380,2024-03-04,2054-02-25,100,25,0.0477,
2B,Fixed,Emerging-8608,ND073763162,2024-06-26,2041-06-22,500,6,0.0338,A
2B,Fixed,Foreign-375,FN087925123,2021-05-28,2034-05-25,1000,7,0.0364,BBB
2B,Floating,Emerging-9280,JC917545833,2023-02-02,2040-01-29,100,38,,A
2A,Fixed,GovBond-9361,JE577752767,2021-02-10,2036-02-07,500,44,0.061,AAA
2B,Fixed,Foreign-9319,LU693177381,2022-11-14,2051-11-07,1000,21,0.0696,A
2A,Fixed,Corp-3035,JJ222072412,2023-03-21,2046-03-15,1000,7,0.0316,AAA
2A,Fixed,Corp-6559,TO133713359,2021-08-14,2036-08-10,1000,14,0.0437,AAA
1,Fixed,SOFR-5646,ZJ828092503,2025-09-27,2031-09-26,1000,43,0.0357,
2B,Floating,Corp-9646,CM085191938,2024-01-19,2030-01-17,1000,23,,A
1,Fixed,TBILL-3669,QN065063334,2021-08-08,2038-08-04,500,3,0.01,
1,Floating,SOFR-5577,JC013960260,2024-04-07,2042-04-03,500,36,,
1,Fixed,TBILL-437,ER435533536,2024-03-13,2032-03-11,500,9,0.0212,
1,Fixed,GOV-8362,NL660071501,2021-03-11,2041-03-06,500,11,0.0327,
2A,Fixed,Corp-1203,VO738425341,2022-11-12,2035-11-09,1000,43,0.0798,AAA
1,Fixed,GOV-1829,MF567652117,2021-11-07,2042-11-02,100,33,0.0106,
2A,Fixed,Corp-7758,YT220475307,2024-07-08,2046-07-03,100,14,0.0248,AAA
1,Floating,SOFR-2382,RQ096551163,2023-08-08,2034-08-05,1000,49,,
1,Floating,SOFR-2934,KE449802218,2022-08-16,2026-08-15,100,16,,
2B,Fixed,Foreign-4450,IR118909832,2021-04-21,2045-04-15,100,10,0.0875,A
2A,Fixed,Corp-1978,MK304220354,2021-01-24,2032-01-22,100,10,0.0783,AA
2A,Fixed,GovBond-9359,NP944568076,2024-10-24,2026-10-24,1000,7,0.0672,AAA
1,Fixed,TBILL-8150,PC607771946,2025-09-18,2038-09-15,1000,3,0.0123,
1,Fixed,GOV-7767,SG529081739,2024-03-25,2029-03-24,100,37,0.0305,
1,Fixed,SOFR-8507,DU994719921,2022-05-29,2026-05-28,500,21,0.0148,
2A,Fixed,Corp-4784,WY504523331,2023-05-23,2050-05-16,100,26,0.0497,AA
1,Floating,SOFR-1794,ZV586254559,2024-11-01,2048-10-26,100,33,,
2B,Fixed,Corp-707,YO921530376,2025-08-16,2030-08-15,500,49,0.089,BBB
2B,Fixed,Foreign-2911,KM363643930,2025-08-11,2044-08-06,1000,23,0.0346,A
1,Floating,SOFR-2152,WH452464848,2023-06-21,2035-06-18,500,35,,
1,Floating,TBILL-5633,YM297266443,2020-12-10,2026-12-09,100,6,,
2B,Floating,Emerging-9429,CA089142885,2021-11-01,2026-10-31,500,26,,A
2B,Fixed,Foreign-5934,XD708069008,2023-12-16,2045-12-10,100,11,0.0719,BBB
2B,Floating,Foreign-1719,RF600950492,2023-04-09,2045-04-03,500,40,,A
2A,Fixed,Corp-6792,KF621655700,2023-11-25,2025-11-24,500,21,0.0495,AA
2A,Fixed,Corp-370,OR612138663,2021-08-09,2046-08-03,500,21,0.0415,AAA
2B,Floating,Corp-4352,IG840601784,2022-02-21,2036-02-18,1000,17,,A
1,Floating,TBILL-4540,NX966690703,2023-10-16,2037-10-12,100,25,,
2A,Fixed,Corp-752,FV675304668,2024-12-01,2034-11-29,1000,7,0.0274,AAA
1,Fixed,TBILL-2883,KF021081187,2022-09-22,2036-09-18,500,36,0.0087,
2B,Fixed,Emerging-8981,NV882830479,2024-04-07,2030-04-06,500,11,0.053,BBB
2A,Fixed,Corp-4401,OS478002004,2024-08-14,2040-08-10,100,12,0.0233,AAA
2A,Fixed,GovBond-4755,EK590442665,2021-10-05,2041-09-30,1000,31,0.0358,AAA
2A,Fixed,Corp-8466,YM309577144,2023-06-02,2030-05-31,1000,18,0.0585,AA
2A,Fixed,GovBond-6698,GP235714275,2025-07-11,2035-07-09,1000,47,0.0358,AA
2A,Fixed,GovBond-97,SF077035026,2025-04-13,2031-04-12,1000,40,0.0464,AAA
2B,Floating,Foreign-6515,QB777810012,2021-01-25,2043-01-20,500,3,,A
2A,Fixed,Corp-1981,OI161522327,2023-12-24,2042-12-19,1000,20,0.072,AA
2B,Fixed,Foreign-2391,JO494316040,2020-12-31,2035-12-28,1000,17,0.0694,A
2A,Fixed,GovBond-9992,JJ393121054,2024-04-05,2045-03-31,100,19,0.0574,AAA
2B,Fixed,Emerging-3945,IX920017460,2020-12-21,2030-12-19,1000,47,0.0847,A
2B,Fixed,Emerging-6211,EN904122262,2023-05-29,2050-05-22,100,24,0.0378,BBB
2A,Fixed,GovBond-1946,AY031126919,2020-11-23,2040-11-18,500,49,0.0264,AA
2B,Fixed,Emerging-9860,KY989664070,2021-03-07,2033-03-04,500,35,0.0386,A
2A,Fixed,Corp-916,DW945892136,2021-10-03,2041-09-28,1000,27,0.0445,AAA
2B,Fixed,Emerging-4196,CO954040703,2024-02-27,2028-02-26,100,46,0.0351,BBB
1,Fixed,SOFR-4003,FF550922379,2024-11-22,2049-11-16,1000,44,0.0459,
1,Fixed,SOFR-9842,QB112075085,2022-10-01,2047-09-25,1000,15,0.0002,
2A,Fixed,Corp-2582,YY394408106,2025-02-12,2032-02-11,100,2,0.0237,AAA
2B,Fixed,Emerging-2510,XU199049031,2025-09-08,2038-09-05,100,37,0.0771,BBB
2A,Fixed,Corp-2502,IU189840155,2022-04-05,2027-04-04,1000,43,0.034,AAA
2B,Fixed,Emerging-9210,OL381967293,2023-03-10,2041-03-05,1000,8,0.0844,BBB
2B,Fixed,Emerging-4876,MM308803865,2025-10-02,2044-09-27,500,27,0.0376,BBB
1,Floating,TBILL-4708,NR274929588,2022-06-09,2027-06-08,100,6,,
1,Fixed,TBILL-7981,SB889672141,2021-06-10,2047-06-04,1000,23,0.0107,
2A,Fixed,GovBond-7490,KM948145891,2024-06-05,2032-06-03,100,26,0.0403,AAA
2A,Fixed,Corp-7877,OT553193974,2024-01-15,2048-01-09,500,25,0.0288,AAA
2A,Fixed,Corp-6455,FI844501882,2025-01-19,2027-01-19,100,42,0.0372,AAA
2A,Fixed,GovBond-9799,PV124996462,2023-12-13,2035-12-10,1000,18,0.0304,AAA
2B,Floating,Corp-8353,GW251628472,2021-11-23,2045-11-17,1000,7,,A
1,Floating,TBILL-2100,UX447517155,2024-09-11,2031-09-10,100,19,,
1,Fixed,TBILL-1957,JZ407575061,2024-09-15,2028-09-14,1000,28,0.0195,
2A,Fixed,Corp-7072,CU070761711,2024-03-03,2051-02-25,100,40,0.0435,AA
1,Fixed,GOV-2602,XS886129978,2024-01-09,2033-01-06,100,33,0.0046,
2A,Fixed,GovBond-8560,AA413043478,2021-02-07,2031-02-05,1000,15,0.0657,AA
2A,Fixed,Corp-873,MG449317353,2023-08-28,2044-08-22,100,27,0.0232,AAA
2A,Fixed,Corp-8069,PA331027588,2023-10-14,2044-10-08,100,11,0.0639,AA
1,Floating,GOV-671,CK042155457,2025-07-25,2036-07-22,500,47,,
2B,Floating,Emerging-3768,MA864046767,2023-03-24,2047-03-18,500,3,,A
2B,Fixed,Emerging-13,XA165370387,2025-04-02,2046-03-28,500,25,0.0618,A
2A,Fixed,GovBond-2739,DB712777731,2022-06-23,2047-06-17,1000,29,0.0365,AAA
2B,Fixed,Foreign-6864,TF448779185,2024-04-29,2043-04-25,500,14,0.0833,A
2B,Fixed,Corp-6039,YE614681775,2024-07-12,2033-07-10,500,2,0.0564,BBB
2A,Fixed,GovBond-453,HX573027594,2023-12-12,2036-12-08,500,6,0.0368,AAA
1,Floating,TBILL-2514,CP382271137,2024-05-11,2026-05-11,1000,16,,
2A,Fixed,GovBond-4424,CL980417622,2024-09-21,2047-09-16,500,37,0.0268,AAA
2B,Floating,Corp-7033,ZQ756629783,2024-07-06,2051-06-30,100,30,,BBB
2B,Fixed,Emerging-1022,QE088915546,2023-03-08,2036-03-04,1000,14,0.0499,BBB
2A,Fixed,Corp-6899,BO936003248,2022-01-04,2029-01-02,100,38,0.0335,AAA
1,Fixed,TBILL-3313,WH487449998,2022-11-04,2043-10-30,1000,45,0.0025,
2B,Fixed,Emerging-6150,XE215945917,2022-06-27,2029-06-25,1000,42,0.0615,BBB
2B,Floating,Corp-7027,YS253177516,2022-05-03,2030-05-01,500,3,,A
2A,Fixed,Corp-9429,YG556338729,2021-10-29,2028-10-27,100,26,0.0207,AA
2A,Fixed,Corp-5274,XG458200861,2024-02-20,2054-02-12,500,18,0.0447,AAA
1,Fixed,SOFR-9511,OO255467149,2023-11-17,2037-11-13,100,32,0.0077,
2B,Floating,Foreign-26,VU820460034,2024-03-17,2037-03-14,100,22,,BBB
2A,Fixed,Corp-8871,QC621392584,2023-07-28,2027-07-27,500,21,0.0293,AAA
2B,Floating,Emerging-2357,PS657243117,2023-02-12,2027-02-11,100,10,,BBB
2B,Fixed,Foreign-5208,AB865999754,2024-03-10,2051-03-04,500,42,0.0431,BBB
2A,Fixed,GovBond-4624,JO303160910,2022-12-25,2027-12-24,100,46,0.0236,AA
2A,Fixed,GovBond-5273,OU040103313,2023-05-19,2051-05-12,500,50,0.0352,AA
1,Floating,TBILL-5721,LX120294022,2023-08-22,2046-08-16,500,24,,
1,Floating,TBILL-3195,RW927068727,2022-02-21,2033-02-18,1000,32,,
2B,Fixed,Foreign-2058,NB784761767,2020-12-08,2047-12-02,100,21,0.077,BBB
2B,Floating,Emerging-6113,VE685567197,2025-04-26,2027-04-26,100,43,,BBB
1,Floating,TBILL-6948,NY211568091,2025-06-05,2039-06-02,100,15,,
2A,Fixed,GovBond-4976,TG819013490,2021-11-01,2033-10-29,1000,34,0.033,AAA
1,Floating,GOV-4909,SI802856647,2025-05-07,2026-05-07,1000,11,,
2B,Fixed,Corp-2085,IN876335111,2025-06-06,2044-06-01,500,33,0.0892,A
2A,Fixed,GovBond-8890,CW376207447,2023-09-19,2044-09-13,100,27,0.0767,AAA
2A,Fixed,GovBond-1338,UW799607614,2021-11-26,2047-11-20,1000,49,0.0303,AA
2A,Fixed,GovBond-6282,TN118159215,2021-04-19,2036-04-15,100,17,0.0473,AAA
1,Floating,TBILL-9577,XG397740328,2024-03-27,2046-03-22,100,7,,
2A,Fixed,Corp-4296,JH383492709,2025-04-20,2055-04-13,100,13,0.0584,AAA
2A,Fixed,Corp-1940,XE576389454,2023-08-23,2042-08-18,500,8,0.0744,AA
2B,Floating,Corp-6680,HJ640482722,2023-12-10,2035-12-07,500,21,,BBB
2A,Fixed,GovBond-1058,FA303592165,2025-05-28,2045-05-23,1000,5,0.0249,AA
1,Floating,SOFR-7921,XS897579074,2023-12-01,2025-11-30,1000,30,,
2B,Floating,Foreign-2700,WY023210098,2025-04-20,2055-04-13,1000,12,,BBB
2A,Fixed,Corp-3825,CO057332268,2020-12-20,2040-12-15,500,38,0.0488,AAA
2A,Fixed,GovBond-4018,KC848570400,2022-04-14,2042-04-09,100,19,0.0695,AA
2A,Fixed,Corp-8586,IY968031182,2024-03-02,2030-03-01,500,34,0.033,AA
1,Fixed,SOFR-5026,FF737863156,2025-09-09,2047-09-04,500,22,0.0218,
2A,Fixed,Corp-980,HF873826873,2021-09-09,2048-09-02,100,14,0.0629,AAA
1,Fixed,TBILL-6652,MD866177173,2022-04-04,2032-04-01,100,41,0.0285,
2B,Fixed,Foreign-1296,CW301600779,2025-10-15,2027-10-15,100,43,0.0373,BBB
2A,Fixed,GovBond-1098,FY420771353,2022-01-20,2047-01-14,100,38,0.0367,AA
2B,Fixed,Corp-7950,YV150668519,2021-06-15,2042-06-10,500,3,0.06,BBB
2B,Floating,Foreign-5858,GW349902008,2021-09-09,2050-09-02,1000,33,,A
2A,Fixed,GovBond-3275,NY759960645,2025-06-13,2055-06-06,1000,11,0.0504,AA
2A,Fixed,GovBond-3897,GB414845336,2024-03-26,2030-03-25,100,16,0.0454,AA
2B,Fixed,Emerging-259,JB073911279,2024-06-29,2027-06-29,100,9,0.0675,BBB
2A,Fixed,Corp-6074,XK782638541,2025-01-05,2054-12-29,1000,17,0.0754,AAA
2A,Fixed,Corp-6620,GH089996391,2024-05-26,2048-05-20,1000,50,0.041,AA
1,Floating,TBILL-6003,SO104111816,2023-06-13,2044-06-07,100,11,,
2B,Floating,Foreign-2977,MG399488734,2024-02-22,2043-02-17,100,13,,A
2A,Fixed,GovBond-1456,JJ618540933,2021-09-12,2037-09-08,1000,30,0.0296,AAA
2A,Fixed,GovBond-166,TS814760255,2022-05-03,2027-05-02,500,23,0.0396,AA
2A,Fixed,Corp-5276,WS502899272,2023-08-24,2053-08-16,100,26,0.0667,AA
2B,Floating,Emerging-118,SX377581323,2025-09-24,2035-09-22,100,47,,BBB
2A,Fixed,GovBond-1610,JE458972410,2021-06-14,2035-06-11,1000,17,0.0577,AA
2A,Fixed,Corp-5883,FV123541326,2022-06-22,2027-06-21,1000,8,0.0352,AAA
2B,Fixed,Corp-6032,PG831996546,2024-07-07,2052-06-30,1000,13,0.0543,A
1,Floating,TBILL-2568,GL492777009,2025-01-13,2033-01-11,500,44,,
2B,Floating,Foreign-5758,WO849147939,2023-09-13,2045-09-07,1000,6,,A
2A,Fixed,Corp-1218,VK716873322,2022-10-10,2026-10-09,500,44,0.0201,AA
2B,Fixed,Emerging-6138,GO806651462,2024-03-28,2046-03-23,500,16,0.0576,BBB
2A,Fixed,Corp-5088,CI852098607,2021-08-13,2026-08-12,1000,38,0.0316,AAA
1,Floating,SOFR-7199,AM295188932,2025-06-09,2030-06-08,1000,33,,
2B,Fixed,Corp-7142,AA780137736,2023-08-29,2039-08-25,500,9,0.0565,BBB
1,Floating,GOV-854,XJ424649742,2022-09-28,2042-09-23,100,41,,
2B,Fixed,Emerging-8347,ZP392029500,2021-06-09,2051-06-02,500,1,0.0894,BBB
2B,Fixed,Corp-7451,JL778918046,2021-09-06,2030-09-04,500,38,0.0482,BBB
2B,Fixed,Corp-9295,ML396550792,2024-02-23,2052-02-16,500,17,0.0477,BBB
2B,Floating,Emerging-8843,IC330397523,2021-07-03,2034-06-30,1000,40,,A
2A,Fixed,GovBond-3183,IC281561434,2023-08-10,2040-08-05,1000,42,0.0519,AA
2B,Floating,Corp-8168,OB236188336,2025-09-28,2052-09-21,100,1,,BBB
2A,Fixed,GovBond-8044,AW649589571,2021-05-17,2034-05-14,100,12,0.0336,AA
2A,Fixed,GovBond-7901,UM940300020,2020-12-25,2032-12-22,100,44,0.0491,AA
2B,Fixed,Foreign-6784,JW742077927,2023-02-21,2030-02-19,100,36,0.0537,A
2B,Floating,Foreign-6973,FN424532026,2023-10-17,2040-10-12,1000,15,,BBB
2A,Fixed,GovBond-4649,UE321521087,2023-01-22,2045-01-16,1000,2,0.0347,AA
2A,Fixed,Corp-3158,MX289183072,2023-11-30,2043-11-25,500,13,0.0271,AA
2B,Floating,Foreign-86,XB863701830,2025-02-18,2037-02-15,100,10,,A
2B,Fixed,Foreign-7111,WV370952855,2023-02-06,2045-01-31,500,47,0.0854,A
2B,Fixed,Foreign-7735,EH089457234,2023-09-18,2050-09-11,500,29,0.0528,A
2B,Fixed,Emerging-3164,ZC172003095,2022-01-01,2044-12-26,1000,15,0.0498,A
2B,Fixed,Corp-3203,VE241966867,2024-10-16,2034-10-14,1000,45,0.0542,A
1,Fixed,GOV-8230,YP236523398,2022-02-27,2038-02-23,500,27,0.0,
2A,Fixed,GovBond-463,HM481002044,2024-05-02,2027-05-02,1000,5,0.0347,AA
2B,Floating,Foreign-616,RU106572290,2024-05-01,2052-04-24,500,10,,A
2A,Fixed,Corp-6430,LI199142049,2022-02-13,2031-02-11,1000,35,0.0661,AAA
2B,Floating,Corp-3743,TC075843222,2023-12-10,2046-12-04,100,12,,A
2B,Fixed,Corp-2045,EQ080955300,2021-03-24,2033-03-21,100,41,0.0326,A
1,Floating,TBILL-6596,VQ484831910,2023-09-28,2053-09-20,1000,14,,
2B,Floating,Emerging-6473,FT624378286,2022-09-04,2029-09-02,500,24,,BBB
2B,Fixed,Corp-2030,IG326266218,2022-12-22,2051-12-15,1000,19,0.0348,BBB
2B,Fixed,Emerging-1629,ME288443638,2023-06-27,2047-06-21,500,50,0.0681,A
1,Floating,SOFR-806,KC541938633,2023-03-16,2049-03-09,1000,3,,
2B,Floating,Foreign-8009,ZE657038010,2022-08-13,2033-08-10,1000,21,,BBB
2A,Fixed,Corp-4223,OB790691077,2023-01-19,2044-01-14,1000,12,0.0577,AA
2B,Floating,Foreign-826,XP352556361,2023-04-13,2041-04-08,500,6,,A
2B,Floating,Foreign-7171,IU576745658,2023-03-24,2043-03-19,500,36,,A
2A,Fixed,Corp-8362,XN216677711,2022-04-09,2031-04-07,1000,28,0.02,AAA
2B,Floating,Foreign-4847,GI187942992,2024-11-25,2051-11-19,100,30,,A
2A,Fixed,Corp-1259,SK235488331,2023-05-15,2026-05-14,1000,12,0.0617,AAA
2A,Fixed,GovBond-8903,AZ444607536,2021-06-18,2028-06-16,100,29,0.0678,AA
2B,Floating,Emerging-9131,ZK190946053,2021-07-06,2049-06-29,100,4,,BBB
2B,Fixed,Emerging-7259,FL877663012,2023-06-14,2040-06-09,500,36,0.0748,A
2A,Fixed,Corp-9782,IT265051731,2025-09-11,2028-09-10,100,25,0.0336,AAA
2A,Fixed,Corp-2025,OZ379511464,2025-11-02,2039-10-30,500,10,0.046,AAA
2B,Fixed,Corp-2099,SB252583401,2022-07-17,2027-07-16,100,35,0.0666,BBB
2A,Fixed,Corp-2736,DO820767787,2024-11-13,2041-11-09,1000,27,0.063,AAA
2A,Fixed,Corp-3626,IQ644232222,2025-11-09,2044-11-04,100,31,0.0745,AA
2B,Floating,Corp-6409,KK320096328,2022-08-31,2042-08-26,100,20,,BBB
2A,Fixed,Corp-5364,UM905182341,2020-12-06,2028-12-04,100,43,0.0713,AAA
1,Floating,SOFR-1172,KV179785229,2023-05-30,2026-05-29,500,35,,
2A,Fixed,GovBond-1969,QL138858847,2025-09-30,2050-09-24,500,45,0.0236,AA
2A,Fixed,Corp-3242,TK009960634,2021-05-30,2042-05-25,500,49,0.0633,AA
2B,Floating,Foreign-5162,NO256034893,2023-02-03,2035-01-31,100,22,,BBB
2B,Floating,Emerging-1558,JG181463562,2023-02-22,2051-02-15,100,34,,BBB
1,Fixed,SOFR-9235,IQ002515113,2021-02-18,2045-02-12,1000,21,0.0066,
2B,Floating,Foreign-2973,OJ322681203,2022-02-17,2036-02-14,500,18,,BBB
1,Floating,SOFR-5836,TQ749154801,2021-03-08,2045-03-02,500,9,,
2A,Fixed,GovBond-2216,SC037290328,2022-01-31,2046-01-25,1000,6,0.0535,AAA
2B,Fixed,Foreign-1722,TV788710142,2025-11-16,2028-11-15,100,42,0.0637,BBB
2A,Fixed,GovBond-8557,IP022170580,2021-05-13,2026-05-12,500,30,0.0405,AA
2B,Fixed,Emerging-9490,TP150379075,2025-10-05,2039-10-02,100,16,0.0605,A
2A,Fixed,GovBond-8034,SM155298070,2022-07-16,2033-07-13,100,4,0.0796,AA
2A,Fixed,GovBond-6092,BO022919265,2022-09-26,2039-09-22,100,1,0.0666,AAA
2A,Fixed,Corp-3911,NA811864688,2022-03-19,2031-03-17,500,30,0.0557,AAA
2B,Floating,Emerging-3417,JF186934291,2024-07-25,2034-07-23,500,15,,BBB
2A,Fixed,Corp-7469,CE805312719,2022-04-01,2032-03-29,100,22,0.0528,AAA
2B,Fixed,Corp-2653,KG726828014,2023-04-20,2035-04-17,100,35,0.0711,A
2B,Floating,Emerging-6251,VX503043206,2023-03-26,2035-03-23,100,1,,A
2B,Fixed,Emerging-7995,YX988529758,2022-11-15,2040-11-10,1000,25,0.0301,A
2A,Fixed,Corp-6853,DA247979734,2023-10-04,2036-09-30,1000,43,0.0624,AA
1,Floating,GOV-2128,MF334790330,2024-06-29,2046-06-24,1000,9,,
2A,Fixed,GovBond-400,XM735605821,2025-08-26,2034-08-24,100,9,0.0297,AAA
1,Fixed,GOV-3613,LE254187858,2023-06-06,2037-06-02,1000,30,0.0397,
2B,Fixed,Corp-6674,MQ527006415,2021-09-29,2040-09-24,100,34,0.0654,A
2A,Fixed,Corp-7063,IU939023476,2022-12-09,2040-12-04,500,19,0.0211,AA
2A,Fixed,GovBond-3691,YP970170903,2022-11-18,2045-11-12,100,10,0.0518,AA
2B,Fixed,Corp-9796,RY034017092,2024-12-21,2034-12-19,500,48,0.0804,A
1,Fixed,TBILL-2807,SW331736701,2023-10-16,2042-10-11,500,5,0.011,
2B,Floating,Foreign-408,QX119735745,2025-11-08,2055-11-01,1000,9,,BBB
2A,Fixed,Corp-2472,NX037481843,2021-04-28,2039-04-24,100,4,0.0581,AA
2B,Fixed,Corp-3888,VM634002899,2024-02-18,2044-02-13,100,34,0.031,BBB
2B,Floating,Foreign-3897,CX404630189,2023-11-17,2037-11-13,1000,9,,BBB
2A,Fixed,Corp-959,LO480239909,2021-04-10,2042-04-05,1000,30,0.0452,AA
2B,Floating,Corp-2545,CZ139153964,2021-07-03,2026-07-02,100,24,,BBB
2A,Fixed,Corp-1469,YP681555052,2021-04-09,2037-04-05,500,46,0.0256,AAA
2B,Floating,Emerging-9417,SR221649901,2023-02-12,2027-02-11,100,37,,BBB
2B,Fixed,Emerging-1390,LW144950211,2022-02-03,2031-02-01,1000,48,0.0612,A
2B,Floating,Corp-3621,IQ815949921,2025-08-30,2038-08-27,100,45,,A
2B,Fixed,Corp-4008,OF718829252,2025-07-28,2030-07-27,100,15,0.0564,A
2B,Floating,Foreign-2512,RR352584904,2021-12-11,2032-12-08,100,14,,A
2B,Floating,Foreign-318,VS457449885,2025-04-04,2050-03-29,1000,32,,A
2B,Floating,Foreign-9951,WU599915197,2022-08-27,2031-08-25,100,12,,A
2B,Fixed,Corp-5977,DM920168674,2021-08-01,2051-07-25,1000,14,0.0635,BBB
2B,Floating,Emerging-9212,VI774077769,2023-11-17,2045-11-11,500,27,,A
1,Floating,SOFR-3772,VY226316949,2024-11-17,2053-11-10,100,3,,
2B,Fixed,Emerging-9301,DG857637959,2022-01-09,2030-01-07,500,38,0.0849,A
1,Fixed,TBILL-4743,HA981053481,2023-05-18,2048-05-11,100,17,0.0349,
2B,Floating,Foreign-5144,MG674510792,2025-07-11,2036-07-08,100,24,,BBB
2A,Fixed,GovBond-4005,FB124534376,2023-03-20,2040-03-15,100,16,0.0482,AA
1,Fixed,TBILL-66,IS669538471,2023-10-23,2028-10-21,1000,40,0.0053,
2B,Fixed,Corp-3917,QJ379128984,2025-05-01,2039-04-28,100,29,0.0425,A
2A,Fixed,Corp-4634,BV003426010,2025-08-06,2032-08-04,500,12,0.0268,AA
1,Floating,TBILL-7096,RJ543024577,2023-05-07,2029-05-05,500,33,,
2A,Fixed,Corp-9899,HR809405283,2025-05-06,2052-04-29,500,35,0.0706,AA
2B,Floating,Emerging-9080,EX700140508,2022-10-09,2028-10-07,500,30,,A
2B,Floating,Emerging-1037,CG210752553,2022-08-11,2052-08-03,100,31,,BBB
2A,Fixed,Corp-5667,WG387195253,2023-08-19,2031-08-17,1000,32,0.0397,AA
2A,Fixed,GovBond-3472,WG142859341,2023-10-31,2040-10-26,1000,9,0.062,AA
2B,Fixed,Corp-9921,QT442129920,2025-08-19,2045-08-14,100,35,0.0752,BBB
2A,Fixed,Corp-8377,BT384386304,2023-12-25,2026-12-24,500,35,0.0228,AAA
2A,Fixed,GovBond-7012,OH955544353,2022-05-26,2035-05-23,100,14,0.0343,AA
2B,Fixed,Emerging-6501,UA182423079,2025-08-23,2034-08-21,100,38,0.0517,BBB
2A,Fixed,GovBond-4730,AA558626601,2023-11-23,2052-11-15,500,7,0.0438,AAA
2A,Fixed,GovBond-272,WF994764439,2025-08-21,2028-08-20,100,11,0.037,AAA
2A,Fixed,Corp-8940,ZE339481197,2025-04-25,2051-04-19,500,14,0.0695,AA
1,Fixed,SOFR-644,BC220841375,2024-04-22,2040-04-18,100,40,0.0247,
2B,Floating,Corp-79,PS606999257,2024-09-13,2032-09-11,1000,34,,A
2B,Floating,Corp-2918,IC896672326,2025-04-03,2053-03-27,100,1,,BBB
1,Floating,SOFR-7290,XL307575754,2021-10-14,2045-10-08,100,13,,
2B,Fixed,Corp-3387,PD154829471,2022-05-29,2037-05-25,500,2,0.0788,BBB
2B,Fixed,Emerging-712,MD725607941,2025-04-21,2045-04-16,1000,23,0.0416,BBB
1,Fixed,TBILL-4988,RB792248815,2023-07-23,2047-07-17,1000,6,0.0098,
2B,Floating,Emerging-7294,AS458947032,2021-01-18,2032-01-16,100,16,,A
2A,Fixed,Corp-7777,PT602404142,2024-11-23,2029-11-22,100,35,0.0456,AAA
2B,Floating,Foreign-5417,HT579317342,2022-02-21,2043-02-16,500,45,,A
2A,Fixed,Corp-2144,HR755969884,2025-10-28,2026-10-28,500,10,0.0394,AA
2A,Fixed,Corp-8164,BC633563456,2022-03-09,2050-03-02,100,39,0.0415,AAA
2B,Fixed,Foreign-9348,VZ146884627,2023-06-13,2039-06-09,100,40,0.0336,A
2B,Fixed,Foreign-6892,SN214219613,2022-11-28,2046-11-22,1000,14,0.0708,BBB
1,Floating,SOFR-2369,DN702826870,2023-07-08,2053-06-30,500,17,,
2B,Floating,Foreign-1306,EK300679882,2025-11-16,2035-11-14,100,4,,A
2B,Floating,Emerging-6856,PW742959203,2023-12-06,2037-12-02,100,41,,BBB
2B,Floating,Foreign-8523,TP452942264,2023-05-26,2042-05-21,100,6,,A
1,Fixed,SOFR-8227,HS278508854,2021-09-10,2031-09-08,500,7,0.0332,
2B,Fixed,Emerging-6374,GB844547376,2025-06-01,2046-05-27,500,48,0.0855,BBB
2A,Fixed,Corp-4132,CV653640264,2021-09-25,2044-09-19,500,39,0.0481,AA
2B,Floating,Emerging-4835,FR458416228,2021-01-19,2051-01-12,500,36,,BBB
2A,Fixed,GovBond-1934,JP076513894,2022-09-17,2042-09-12,1000,22,0.0736,AAA
1,Fixed,SOFR-3992,UI479987298,2021-04-08,2032-04-05,500,8,0.0208,
2B,Fixed,Emerging-7977,ET672483089,2021-07-09,2037-07-05,100,7,0.0357,A
2B,Fixed,Foreign-6927,PZ594921828,2024-05-19,2028-05-18,500,21,0.0626,BBB
2A,Fixed,Corp-1926,TN935650653,2024-12-01,2031-11-30,100,30,0.0722,AA
2B,Fixed,Foreign-9294,PW466001216,2023-03-08,2044-03-02,100,5,0.0802,BBB
2B,Fixed,Corp-2751,KF207974884,2022-03-27,2040-03-22,500,16,0.0355,BBB
1,Fixed,GOV-9197,RL421377721,2023-02-04,2042-01-30,500,39,0.0187,
1,Floating,TBILL-2045,DJ771722816,2020-11-30,2046-11-24,1000,24,,
2A,Fixed,Corp-390,UI627812835,2021-06-14,2036-06-10,500,13,0.0736,AA
2A,Fixed,Corp-7597,GP965690277,2021-05-08,2047-05-02,1000,35,0.0484,AA
2A,Fixed,Corp-5253,AA184507600,2022-08-29,2050-08-22,1000,44,0.0293,AAA
2B,Fixed,Corp-2944,MO123300262,2023-05-25,2036-05-21,1000,33,0.0875,A
2B,Floating,Foreign-4194,VB617192717,2022-10-07,2048-09-30,1000,12,,A
2B,Floating,Foreign-6455,TV173841310,2025-04-17,2034-04-15,100,43,,BBB
2A,Fixed,Corp-1986,SV538457431,2024-01-23,2032-01-21,100,47,0.02,AA
2B,Fixed,Emerging-6468,JO990038082,2024-04-13,2028-04-12,500,32,0.0853,BBB
1,Fixed,GOV-5592,BN254302083,2021-07-31,2045-07-25,100,46,0.0184,
2B,Floating,Foreign-7951,SV204417443,2022-11-08,2050-11-01,1000,22,,BBB
1,Floating,GOV-217,SZ058796776,2023-03-12,2040-03-07,1000,6,,
2A,Fixed,GovBond-3695,HE904479024,2021-11-27,2031-11-25,500,30,0.0736,AAA
1,Floating,SOFR-4950,QW430906145,2024-07-22,2030-07-21,1000,37,,
2A,Fixed,GovBond-2750,ME483378082,2022-12-07,2031-12-05,500,48,0.0758,AA
2B,Floating,Foreign-5611,HO851139180,2022-06-07,2043-06-02,500,3,,BBB
2A,Fixed,Corp-3498,MN048626303,2024-05-18,2027-05-18,500,35,0.0406,AA
2B,Fixed,Foreign-7736,WG822313634,2023-08-12,2030-08-10,100,41,0.0302,A
2B,Floating,Corp-9907,HG568258890,2022-06-29,2045-06-23,100,4,,BBB
1,Floating,SOFR-4622,ST919521243,2025-02-12,2049-02-06,100,25,,
2B,Fixed,Emerging-7141,FA671861540,2023-08-23,2043-08-18,100,33,0.0633,A
2A,Fixed,GovBond-1953,JO551363376,2023-10-07,2046-10-01,500,23,0.062,AA
1,Fixed,SOFR-7645,EK963699473,2025-08-22,2029-08-21,500,21,0.0249,
2B,Floating,Corp-2030,XU051150846,2023-01-04,2028-01-03,1000,23,,A
2B,Floating,Emerging-2652,NO035818687,2022-12-22,2040-12-17,500,33,,A
2A,Fixed,GovBond-3962,AL488039410,2024-12-22,2028-12-21,500,38,0.065,AAA
1,Fixed,SOFR-3020,JV788944005,2021-01-13,2038-01-09,1000,8,0.0354,
2A,Fixed,Corp-4217,HE150225855,2022-01-16,2035-01-13,500,32,0.0447,AAA
2A,Fixed,GovBond-3166,TQ060485750,2025-08-23,2031-08-22,500,8,0.0332,AAA
2A,Fixed,GovBond-5406,WL175458968,2021-11-25,2027-11-24,500,27,0.0329,AA
2A,Fixed,Corp-8096,MN828674898,2021-08-07,2032-08-04,500,44,0.0718,AAA
2A,Fixed,GovBond-8583,BN299956103,2023-01-26,2048-01-20,1000,9,0.0352,AAA
2B,Fixed,Emerging-5287,YJ135259768,2024-08-18,2048-08-12,1000,37,0.057,BBB
2A,Fixed,Corp-6917,AR034608274,2021-07-13,2051-07-06,100,19,0.021,AA
2B,Fixed,Emerging-8676,CD145648384,2023-04-13,2042-04-08,500,39,0.0414,BBB
2B,Floating,Emerging-6434,KD728152666,2024-02-23,2035-02-20,1000,18,,A
1,Fixed,TBILL-7964,DC594153929,2024-11-10,2046-11-05,1000,4,0.0302,
2A,Fixed,GovBond-4118,CO649847640,2023-02-19,2050-02-12,100,6,0.0482,AA
1,Fixed,SOFR-5390,ZE552223266,2025-06-08,2045-06-03,100,40,0.0355,
2B,Floating,Corp-7416,SR987180609,2024-02-15,2044-02-10,100,41,,BBB
2B,Floating,Corp-2490,WN517455091,2022-07-04,2034-07-01,100,36,,A
2A,Fixed,GovBond-1348,ZI819189206,2022-12-06,2032-12-03,1000,26,0.0543,AAA
1,Fixed,TBILL-4742,CI875932161,2023-04-23,2041-04-18,1000,36,0.0053,
2A,Fixed,GovBond-6071,PA705828591,2023-01-09,2048-01-03,1000,16,0.0688,AA
2A,Fixed,Corp-2310,AA232418198,2023-03-25,2032-03-22,1000,19,0.0543,AA
2B,Fixed,Emerging-4159,OP210783990,2021-05-11,2047-05-05,100,44,0.0857,A
2B,Fixed,Foreign-236,DR512010363,2025-06-16,2049-06-10,500,38,0.0436,A
1,Floating,TBILL-4364,TV599132887,2024-03-09,2038-03-06,100,1,,
2B,Floating,Corp-1501,IB492202393,2025-10-11,2051-10-05,1000,40,,BBB
1,Fixed,SOFR-9705,WV413936088,2023-04-21,2035-04-18,500,14,0.0148,
2A,Fixed,GovBond-3112,SY360922738,2024-04-07,2030-04-06,1000,31,0.072,AA
2A,Fixed,Corp-2129,RW926536202,2025-03-11,2048-03-05,1000,42,0.0652,AAA
2A,Fixed,Corp-5049,SK297774480,2025-08-30,2047-08-25,500,32,0.0666,AA
2A,Fixed,Corp-1877,TE159407157,2022-07-13,2043-07-08,1000,8,0.0753,AA
2B,Fixed,Foreign-9195,DD658227736,2025-04-27,2054-04-20,500,37,0.07,BBB
2B,Fixed,Emerging-4514,KW096055401,2025-04-12,2031-04-11,1000,47,0.0805,A
2B,Floating,Emerging-7780,JP323408868,2021-11-05,2048-10-29,1000,6,,BBB
1,Floating,TBILL-6682,HC641432928,2023-06-14,2048-06-07,500,7,,
2A,Fixed,GovBond-8323,VM583899246,2023-03-31,2049-03-24,1000,11,0.0429,AAA
2B,Fixed,Emerging-9312,KF551124786,2025-09-20,2043-09-16,1000,17,0.0375,A
2A,Fixed,GovBond-5771,RT293868163,2022-03-08,2046-03-02,100,13,0.0761,AA
1,Floating,TBILL-8642,YO422825546,2023-01-11,2050-01-04,500,5,,
2B,Floating,Emerging-6242,JS369456124,2025-01-20,2026-01-20,500,19,,A
2A,Fixed,GovBond-9497,RP441063000,2025-08-19,2049-08-13,100,49,0.0204,AA
2B,Floating,Foreign-9386,JK735221564,2023-11-09,2028-11-07,1000,43,,A
2A,Fixed,GovBond-6191,CP335118441,2024-09-20,2038-09-17,1000,47,0.0435,AA
1,Fixed,GOV-1169,LK415425171,2025-01-12,2042-01-08,100,13,0.0215,
1,Floating,SOFR-5199,BK816622330,2025-06-25,2028-06-24,500,31,,
2A,Fixed,GovBond-8468,GV891458246,2023-10-03,2037-09-29,100,8,0.0249,AA
1,Floating,GOV-776,HQ704980791,2021-06-03,2042-05-29,100,37,,
2A,Fixed,Corp-4129,PP176903881,2023-10-08,2034-10-05,500,11,0.026,AA
2A,Fixed,GovBond-6028,SB601738373,2024-09-30,2042-09-26,100,14,0.0382,AAA
2B,Floating,Corp-8981,WI330395284,2022-12-17,2052-12-09,100,38,,BBB
2A,Fixed,GovBond-3114,UE382216093,2021-07-09,2041-07-04,1000,14,0.0401,AA
1,Fixed,SOFR-6729,GX251054003,2021-09-09,2035-09-06,500,41,0.0384,
2B,Floating,Emerging-4029,PD236395278,2022-10-24,2042-10-19,100,1,,BBB
1,Fixed,GOV-4566,TN696350136,2024-05-13,2037-05-10,1000,42,0.0192,
2A,Fixed,GovBond-7724,XC064520873,2022-04-19,2034-04-16,1000,49,0.0686,AAA
2B,Floating,Corp-6743,MJ790390810,2024-09-30,2037-09-27,1000,1,,A
1,Fixed,SOFR-6477,OJ640595300,2025-06-22,2033-06-20,1000,16,0.0371,
2A,Fixed,GovBond-2744,RI484234068,2022-09-11,2051-09-04,100,14,0.0703,AA
2A,Fixed,GovBond-2516,SC092099560,2021-05-26,2033-05-23,100,44,0.042,AA
2B,Floating,Emerging-9032,YO151904065,2022-03-19,2048-03-12,100,41,,BBB
2B,Fixed,Emerging-6670,WA098837852,2024-11-19,2035-11-17,1000,16,0.0554,BBB
2A,Fixed,Corp-2902,YX893615307,2025-07-21,2028-07-20,100,29,0.042,AAA
1,Fixed,GOV-707,CE556909693,2025-01-21,2042-01-17,1000,20,0.0195,
2B,Floating,Foreign-243,CY462450411,2025-05-29,2046-05-24,500,29,,A
1,Fixed,SOFR-2302,GI170946260,2023-11-20,2050-11-13,500,27,0.0468,
2B,Fixed,Emerging-6050,XY045502270,2025-11-11,2052-11-04,1000,14,0.0466,BBB
1,Floating,SOFR-1048,FK171038486,2023-08-04,2029-08-02,500,43,,
1,Floating,GOV-8586,UK923239532,2021-03-22,2033-03-19,100,34,,
1,Fixed,GOV-1340,CC434367175,2024-09-17,2043-09-13,1000,18,0.0397,
2B,Fixed,Emerging-6752,VM834550327,2024-05-25,2051-05-19,100,47,0.0617,BBB
2B,Floating,Foreign-8359,ZN456622596,2024-08-05,2054-07-29,500,25,,BBB
1,Floating,GOV-6225,LZ221437621,2024-08-20,2050-08-14,1000,11,,
2A,Fixed,GovBond-5992,OH054295948,2025-05-29,2047-05-24,100,49,0.0375,AAA
2B,Floating,Emerging-1583,BM562755860,2021-07-19,2051-07-12,1000,35,,A
2B,Floating,Foreign-5619,VY282335706,2025-06-27,2039-06-24,500,33,,A
1,Floating,SOFR-7786,SB134030594,2025-09-06,2043-09-02,1000,6,,
2A,Fixed,GovBond-7311,CP116912515,2022-12-18,2049-12-11,100,8,0.0787,AAA
2A,Fixed,GovBond-682,AM429844517,2021-09-26,2031-09-24,1000,1,0.0751,AA
2B,Floating,Emerging-2467,QV754150938,2025-08-31,2053-08-24,100,20,,A
1,Floating,TBILL-1838,OF245738925,2022-10-05,2030-10-03,100,44,,
2B,Floating,Corp-4997,AS771529161,2020-12-11,2043-12-06,500,15,,A
2A,Fixed,GovBond-7744,XV320408406,2025-09-15,2044-09-10,1000,21,0.0673,AA
2A,Fixed,Corp-380,FQ041447957,2022-02-20,2040-02-16,500,15,0.0234,AAA
1,Floating,GOV-9363,IQ598030517,2023-04-24,2039-04-20,100,24,,
2A,Fixed,GovBond-670,MR407120841,2024-05-11,2034-05-09,500,49,0.0755,AAA
2A,Fixed,Corp-9314,JV948698674,2025-01-05,2046-12-31,500,25,0.0616,AA
1,Fixed,TBILL-3149,ZR942332671,2025-01-01,2047-12-27,1000,20,0.0448,
1,Fixed,GOV-9373,WU083635414,2025-10-24,2037-10-21,100,30,0.003,
2B,Fixed,Corp-6895,QD323406031,2025-08-09,2027-08-09,500,23,0.0855,A
2A,Fixed,Corp-9639,LH769592893,2023-04-11,2038-04-07,500,45,0.0391,AAA
2B,Fixed,Foreign-1731,WG182675807,2022-08-29,2029-08-27,100,46,0.0703,BBB
2A,Fixed,Corp-1475,QP389588287,2024-02-18,2037-02-14,500,41,0.0318,AAA
2A,Fixed,Corp-5995,ZU052702076,2022-01-08,2038-01-04,100,45,0.0559,AAA
2A,Fixed,Corp-5368,LC691602234,2024-01-27,2048-01-21,1000,31,0.0218,AAA
2A,Fixed,Corp-2942,FM608998710,2022-04-27,2048-04-20,500,41,0.0451,AA
2B,Fixed,Emerging-9135,FP079839283,2025-05-21,2048-05-15,1000,7,0.0808,BBB
2B,Fixed,Foreign-3708,MV610707032,2025-08-25,2029-08-24,500,50,0.0862,BBB
1,Fixed,TBILL-6768,ZM800322241,2022-11-14,2052-11-06,1000,49,0.0454,
2A,Fixed,Corp-7857,UX799358032,2021-10-07,2033-10-04,500,30,0.0713,AAA
2B,Floating,Foreign-9281,LB985840961,2024-12-27,2053-12-20,1000,33,,BBB
1,Fixed,SOFR-100,PX569605006,2023-04-12,2034-04-09,500,32,0.031,
2A,Fixed,GovBond-3187,WF397575357,2022-10-20,2039-10-16,500,23,0.0455,AAA
2A,Fixed,GovBond-1011,YX922268138,2025-07-19,2046-07-14,500,38,0.0599,AA
2B,Fixed,Foreign-5708,SA333889168,2021-11-08,2037-11-04,100,22,0.0702,A
2A,Fixed,GovBond-9137,KH533094332,2025-09-02,2038-08-30,100,49,0.0797,AA
1,Floating,SOFR-1433,SD190277467,2023-06-03,2029-06-01,1000,10,,
2B,Floating,Foreign-4094,FT415525592,2022-11-28,2045-11-22,100,11,,BBB
1,Fixed,SOFR-1345,WE964885257,2024-12-27,2052-12-20,100,45,0.0051,
2B,Fixed,Emerging-2431,LP154184526,2022-06-09,2050-06-02,100,33,0.0687,A
2B,Fixed,Corp-9011,CU244618235,2024-11-07,2037-11-04,500,32,0.0845,BBB
2A,Fixed,Corp-5336,ZI039444288,2021-01-24,2040-01-20,500,25,0.0481,AA
2A,Fixed,GovBond-6235,DG031239564,2022-08-13,2049-08-06,1000,37,0.0665,AAA
2A,Fixed,Corp-7749,ZR867719411,2024-07-15,2052-07-08,500,16,0.0308,AAA
2A,Fixed,GovBond-401,MO056978477,2025-10-07,2043-10-03,1000,22,0.0583,AA
2A,Fixed,Corp-82,PV172063535,2022-10-21,2035-10-18,500,47,0.0717,AAA
2B,Floating,Corp-4011,OQ206859602,2024-10-27,2033-10-25,1000,30,,BBB
2A,Fixed,Corp-1608,LX790029432,2021-01-13,2039-01-09,500,40,0.0582,AA
2B,Floating,Emerging-3703,AK027322987,2021-08-11,2034-08-08,100,32,,A
2B,Floating,Corp-3235,IH712680815,2021-07-19,2048-07-12,100,16,,BBB
1,Floating,TBILL-4672,GO596792082,2024-10-25,2049-10-19,100,3,,
2A,Fixed,Corp-9298,DT105018746,2024-03-07,2032-03-05,1000,36,0.0724,AAA
2A,Fixed,GovBond-1927,ED397136966,2025-06-12,2039-06-09,500,32,0.0798,AA
2A,Fixed,GovBond-9701,KN049868631,2021-03-12,2040-03-07,1000,41,0.0779,AAA
2A,Fixed,GovBond-3881,QO897971201,2022-12-17,2027-12-16,500,48,0.068,AAA
2B,Fixed,Corp-9285,ZD026443855,2025-09-02,2036-08-30,500,9,0.0898,BBB
2A,Fixed,GovBond-8880,MY336082091,2022-06-19,2031-06-17,500,22,0.0614,AAA
2B,Fixed,Emerging-5971,UD023220630,2021-08-21,2033-08-18,100,15,0.0701,BBB
1,Floating,GOV-4728,KY091267023,2024-01-17,2052-01-10,500,9,,
2B,Fixed,Corp-9814,JT087132821,2025-10-05,2050-09-29,500,41,0.0703,A
2B,Fixed,Corp-1546,PY996336179,2025-03-02,2029-03-01,1000,27,0.0399,A
1,Floating,SOFR-4434,YS662714205,2021-03-04,2036-02-29,500,27,,
2B,Floating,Emerging-4651,DB024879435,2025-10-22,2042-10-18,1000,16,,BBB
1,Floating,SOFR-3912,BC212763526,2023-12-23,2028-12-21,500,17,,
2B,Fixed,Emerging-812,OQ636476650,2022-02-20,2043-02-15,1000,19,0.0547,BBB
2B,Fixed,Corp-1878,XZ140676085,2024-08-19,2034-08-17,100,37,0.0527,A
2B,Floating,Emerging-9690,DY241391743,2024-07-25,2053-07-18,500,42,,A
2B,Fixed,Corp-3002,RV346998902,2024-06-19,2027-06-19,100,13,0.0395,BBB
1,Floating,SOFR-3486,NH462715313,2020-11-26,2043-11-21,500,12,,
2A,Fixed,Corp-3601,WG392069372,2021-03-25,2036-03-21,500,12,0.0262,AAA
1,Floating,TBILL-8366,DB562982141,2025-04-07,2042-04-03,100,34,,
2B,Fixed,Emerging-6821,TD692531353,2022-07-19,2031-07-17,100,11,0.0655,A
1,Floating,TBILL-8182,OJ021062905,2024-10-24,2044-10-19,1000,10,,
2B,Floating,Emerging-1482,JY473987028,2024-01-31,2029-01-29,100,8,,BBB
2A,Fixed,Corp-7286,TR959154472,2022-02-24,2045-02-18,500,6,0.0316,AAA
2A,Fixed,Corp-6231,VA498238110,2022-09-14,2042-09-09,500,48,0.0579,AA
2A,Fixed,Corp-3059,LX922450903,2022-08-10,2041-08-05,100,38,0.0382,AAA
2B,Fixed,Emerging-159,OW847958299,2021-06-13,2050-06-06,500,49,0.0515,A
2A,Fixed,GovBond-5309,XX812150618,2021-06-22,2050-06-15,500,49,0.0238,AA
2A,Fixed,Corp-6236,WQ222213376,2024-11-11,2030-11-10,1000,36,0.0224,AA
2A,Fixed,Corp-4255,MU219491602,2021-06-20,2039-06-16,500,1,0.037,AA
2A,Fixed,GovBond-7391,SP994786831,2021-03-22,2036-03-18,500,1,0.0733,AAA
1,Floating,GOV-973,ZZ192042589,2024-04-05,2034-04-03,100,9,,
2B,Floating,Corp-7804,NW872791409,2022-11-02,2042-10-28,500,41,,BBB
2A,Fixed,Corp-3041,GX938348843,2022-07-28,2033-07-25,1000,40,0.0518,AA
2B,Fixed,Emerging-6229,MS252033197,2025-09-14,2042-09-10,500,27,0.058,BBB
2B,Fixed,Corp-8274,DI093299787,2022-02-06,2052-01-30,1000,30,0.0689,BBB
2A,Fixed,GovBond-7658,XK956253107,2022-08-26,2035-08-23,100,10,0.0649,AAA
1,Fixed,TBILL-4950,OW388704161,2025-04-24,2040-04-20,500,3,0.0294,
2A,Fixed,Corp-4921,YF631585450,2024-04-13,2041-04-09,500,15,0.0268,AAA
2B,Floating,Corp-9017,WP660468040,2023-02-13,2044-02-08,1000,35,,A
1,Fixed,SOFR-3450,KK784197499,2025-09-26,2030-09-25,1000,33,0.0265,
2B,Fixed,Corp-9663,PN145616494,2024-03-04,2042-02-28,100,14,0.0756,BBB
2A,Fixed,Corp-357,UD967579480,2025-01-01,2028-12-31,1000,5,0.044,AA
2B,Fixed,Corp-485,GW456898377,2025-07-12,2048-07-06,100,44,0.082,BBB
2B,Fixed,Foreign-1879,MJ609993046,2024-05-03,2052-04-26,100,9,0.0589,BBB
2B,Floating,Emerging-2233,WO179825374,2023-09-14,2045-09-08,1000,16,,A
2B,Floating,Corp-4107,FO650030505,2024-08-26,2043-08-22,500,5,,BBB
2B,Floating,Corp-8398,KI921499672,2023-04-20,2049-04-13,1000,32,,BBB
2A,Fixed,Corp-4870,IE062127116,2024-11-22,2042-11-18,500,9,0.0717,AAA
1,Floating,TBILL-1578,CR903340240,2022-02-20,2027-02-19,1000,33,,
2A,Fixed,GovBond-9743,QP683295987,2025-03-23,2051-03-17,100,23,0.032,AA
2A,Fixed,Corp-432,TR763879406,2023-11-06,2044-10-31,100,23,0.0492,AA
2B,Floating,Corp-4340,JM339364807,2021-03-11,2050-03-04,500,10,,A
2A,Fixed,GovBond-5115,NI028411924,2022-01-28,2030-01-26,1000,4,0.0405,AA
2B,Floating,Emerging-1463,YW734650631,2024-01-24,2032-01-22,500,41,,BBB
2A,Fixed,Corp-9943,IX954558070,2020-12-07,2048-11-30,1000,10,0.0764,AAA
2B,Floating,Foreign-1027,MY186247892,2024-12-02,2030-12-01,1000,20,,BBB
2B,Floating,Emerging-8575,HE765163718,2023-03-14,2044-03-08,1000,39,,A
2A,Fixed,Corp-3763,IW912098967,2022-02-14,2052-02-07,500,4,0.0684,AAA
2B,Floating,Corp-5919,XU421393931,2024-04-08,2045-04-03,1000,48,,A
1,Floating,GOV-5686,TY913406304,2021-03-26,2027-03-25,100,11,,
2A,Fixed,GovBond-4672,OU749730949,2021-07-13,2026-07-12,500,6,0.0705,AAA
2B,Floating,Corp-3544,QK283350582,2021-05-03,2035-04-30,100,29,,BBB
2B,Fixed,Foreign-3025,FA228351243,2024-09-06,2028-09-05,1000,34,0.0557,BBB
1,Floating,SOFR-8838,RB603942659,2022-11-05,2040-10-31,500,32,,
2A,Fixed,GovBond-9593,XL278305917,2024-07-19,2034-07-17,1000,6,0.0357,AAA
2B,Fixed,Foreign-2292,ZY935737897,2024-06-02,2046-05-28,500,50,0.0834,BBB
1,Floating,TBILL-704,VQ412407361,2021-11-26,2039-11-22,1000,33,,
2A,Fixed,GovBond-6598,FL463505890,2023-10-09,2034-10-06,100,9,0.062,AAA
1,Fixed,SOFR-7789,VJ748552948,2023-10-17,2039-10-13,1000,26,0.0442,
2A,Fixed,Corp-4674,DN857925873,2023-01-05,2046-12-30,1000,14,0.0375,AAA
2B,Fixed,Emerging-8778,PG489356943,2021-06-14,2027-06-13,100,40,0.0685,A
2A,Fixed,GovBond-6264,AD913758880,2022-01-13,2043-01-08,1000,46,0.0797,AAA
2B,Fixed,Emerging-2269,JW076300993,2024-02-14,2030-02-12,500,2,0.0841,BBB
2B,Floating,Foreign-9618,DG715292106,2021-07-10,2029-07-08,100,10,,BBB
1,Floating,TBILL-6913,YQ593997623,2022-12-07,2035-12-04,500,19,,
2B,Fixed,Emerging-8349,MD999510341,2022-12-28,2046-12-22,1000,10,0.0778,A
2A,Fixed,GovBond-8508,WN800650084,2023-02-15,2033-02-12,500,21,0.0622,AA
2A,Fixed,GovBond-9651,WB227346563,2021-01-22,2047-01-16,100,3,0.0622,AAA
2A,Fixed,Corp-1544,JA942027476,2022-07-02,2052-06-24,1000,15,0.0223,AA
2A,Fixed,Corp-3320,OA534722536,2022-06-19,2038-06-15,1000,9,0.0551,AAA
1,Fixed,GOV-6101,XV082326042,2025-07-02,2054-06-25,500,22,0.0466,
2B,Floating,Foreign-4692,TL343297591,2025-08-14,2033-08-12,100,47,,BBB
2B,Fixed,Foreign-4918,NF818357971,2024-05-01,2052-04-24,100,16,0.0612,A
2B,Floating,Corp-5780,SG055281343,2022-01-04,2046-12-29,500,38,,BBB
2B,Fixed,Emerging-1671,VN920291141,2021-09-27,2027-09-26,500,32,0.086,A
1,Fixed,SOFR-6657,UF876173379,2024-02-24,2053-02-16,1000,4,0.0323,
1,Floating,GOV-7424,CX062093470,2023-05-05,2041-04-30,500,16,,
2A,Fixed,GovBond-2446,KD434979087,2023-08-13,2026-08-12,1000,21,0.0369,AA
2A,Fixed,Corp-2,LT021564172,2022-06-11,2030-06-09,1000,7,0.0278,AAA
2A,Fixed,Corp-5361,GB803191376,2024-07-19,2035-07-17,100,21,0.0787,AAA
2B,Floating,Emerging-3216,RT795407311,2025-02-07,2052-02-01,100,28,,BBB
1,Fixed,TBILL-384,VZ534327243,2022-06-04,2036-05-31,100,17,0.0157,
2A,Fixed,Corp-1370,XX376517577,2024-04-09,2043-04-05,1000,50,0.0317,AAA
2B,Fixed,Foreign-9142,SV863608962,2022-12-18,2051-12-11,1000,42,0.037,BBB
2B,Fixed,Corp-4578,VG647961198,2021-01-02,2049-12-26,100,43,0.042,A
2A,Fixed,Corp-1703,OW675633361,2021-04-14,2046-04-08,100,19,0.0789,AA
2A,Fixed,GovBond-6244,WV112824610,2024-08-08,2044-08-03,1000,11,0.061,AA
1,Floating,SOFR-468,BZ453974667,2020-12-12,2042-12-07,100,44,,
2B,Fixed,Corp-6887,CZ403420736,2023-10-22,2051-10-15,100,45,0.0681,A
2A,Fixed,Corp-9478,BL719904498,2023-05-30,2044-05-24,1000,44,0.0683,AA
2A,Fixed,Corp-1087,NY098507321,2022-07-20,2046-07-14,1000,22,0.0349,AAA
2B,Floating,Foreign-1982,IP470233620,2022-05-08,2042-05-03,100,17,,A
2B,Fixed,Emerging-2116,AP375496620,2025-01-22,2034-01-20,1000,37,0.069,A
2B,Fixed,Corp-2993,XF058257142,2020-12-26,2027-12-25,500,48,0.0414,BBB
2B,Fixed,Emerging-8325,GH974857450,2022-01-21,2031-01-19,1000,12,0.0541,A
2B,Floating,Corp-8410,BI943076762,2022-08-03,2050-07-27,100,1,,A
2B,Floating,Corp-7837,OP500220058,2021-07-24,2042-07-19,1000,26,,BBB
2A,Fixed,Corp-364,GP837635237,2025-07-01,2044-06-26,500,39,0.0339,AA
2B,Fixed,Emerging-6621,NJ782196901,2021-10-11,2027-10-10,1000,39,0.0393,A
2A,Fixed,GovBond-2972,RO205210222,2024-03-06,2042-03-02,100,24,0.0738,AAA
2A,Fixed,Corp-7357,CX834883530,2025-04-07,2042-04-03,1000,47,0.0311,AAA
2B,Fixed,Emerging-1412,HT837978452,2021-04-30,2046-04-24,1000,2,0.0662,A
2B,Fixed,Emerging-9494,CZ546922141,2023-10-31,2034-10-28,100,40,0.0752,A
2B,Floating,Foreign-4602,TU593748354,2024-03-11,2053-03-04,1000,46,,A
2A,Fixed,GovBond-371,BF936258126,2023-05-01,2042-04-26,500,40,0.0648,AAA
2B,Floating,Foreign-2443,MU440840391,2024-05-19,2044-05-14,100,18,,BBB
2A,Fixed,Corp-278,LQ513264740,2023-05-18,2047-05-12,100,17,0.0619,AA
2A,Fixed,GovBond-1984,WS077576715,2023-04-11,2046-04-05,1000,11,0.0701,AA
2B,Fixed,Emerging-5563,AO708675339,2024-11-16,2027-11-16,500,8,0.0397,BBB
2A,Fixed,GovBond-5496,QC211318896,2025-03-07,2035-03-05,100,5,0.0218,AAA
1,Fixed,TBILL-6453,PL171326271,2021-08-12,2049-08-05,1000,14,0.0347,
2B,Fixed,Foreign-4827,QU812094133,2024-10-24,2052-10-17,100,12,0.0764,BBB
2A,Fixed,Corp-3760,PN887493991,2021-09-14,2039-09-10,500,39,0.0394,AA
1,Floating,GOV-2830,KG403211331,2021-09-29,2043-09-24,100,43,,
1,Fixed,GOV-525,YT165760313,2024-04-01,2039-03-29,1000,37,0.0352,
2B,Floating,Foreign-994,BT884933905,2021-10-26,2035-10-23,100,40,,A
1,Fixed,GOV-8526,SB549194877,2022-07-11,2050-07-04,500,40,0.0087,
2A,Fixed,GovBond-5321,GP763155100,2024-11-05,2035-11-03,1000,7,0.0722,AAA
2B,Floating,Emerging-7163,ES612213216,2025-09-22,2039-09-19,500,6,,BBB
2A,Fixed,Corp-5740,FK971696904,2021-12-19,2045-12-13,1000,10,0.0236,AA
1,Floating,SOFR-2217,IC004322755,2025-05-11,2032-05-09,500,26,,
2B,Fixed,Corp-4843,AG881165125,2021-05-08,2035-05-05,100,40,0.0574,BBB
2A,Fixed,Corp-2086,BE466238638,2023-09-29,2033-09-26,500,27,0.0341,AAA
2B,Floating,Emerging-3377,ZY337361548,2023-06-06,2030-06-04,500,24,,A
2A,Fixed,GovBond-1904,ZT686298931,2023-02-15,2035-02-12,100,8,0.0585,AA
2B,Fixed,Corp-7636,SI781612504,2024-12-10,2039-12-07,100,36,0.0676,BBB
2B,Floating,Corp-1636,TU209885873,2023-06-06,2038-06-02,500,21,,BBB
1,Floating,SOFR-9068,NJ199676078,2022-03-10,2050-03-03,500,29,,
2B,Floating,Corp-1631,OO939416750,2022-09-11,2047-09-05,100,30,,BBB
1,Fixed,TBILL-5091,XL851526970,2024-09-06,2033-09-04,500,30,0.0362,
2B,Fixed,Emerging-4254,LF762593016,2024-10-13,2029-10-12,500,46,0.0605,A
1,Floating,GOV-4647,ZI914769147,2025-07-15,2037-07-12,100,7,,
2B,Floating,Corp-3832,MU852744769,2023-12-21,2045-12-15,500,34,,BBB
1,Floating,SOFR-4798,JC420699932,2024-03-16,2026-03-16,500,28,,
2A,Fixed,GovBond-1350,MG321458785,2025-02-07,2043-02-03,100,34,0.0553,AAA
2B,Fixed,Foreign-4291,DE440493060,2024-04-24,2053-04-17,100,35,0.0834,A
1,Floating,GOV-3294,JY532555573,2023-09-28,2042-09-23,100,29,,
1,Fixed,SOFR-5241,NT775676492,2023-10-24,2045-10-18,1000,39,0.0257,
2A,Fixed,Corp-3462,DX540728283,2023-02-26,2048-02-20,500,8,0.0687,AAA
2B,Fixed,Emerging-7045,JD393754601,2021-09-02,2036-08-29,500,45,0.0594,A
2A,Fixed,GovBond-5719,HF945077118,2024-11-26,2051-11-20,500,43,0.031,AAA
2A,Fixed,GovBond-4922,NZ126069462,2024-07-16,2042-07-12,100,8,0.0763,AAA
2B,Fixed,Corp-8266,HE404883467,2021-04-04,2050-03-28,1000,17,0.0392,BBB
2B,Fixed,Corp-7127,TW478011484,2025-05-08,2038-05-05,1000,16,0.0625,A
2B,Fixed,Emerging-791,XW220693914,2023-09-22,2052-09-14,100,2,0.0745,A
2B,Floating,Corp-8252,UN481946411,2022-11-15,2042-11-10,100,40,,BBB
1,Fixed,GOV-88,KX274955621,2021-01-03,2039-12-30,1000,5,0.0198,
2B,Fixed,Corp-6847,GV794761123,2022-07-19,2044-07-13,100,29,0.0678,BBB
1,Floating,GOV-4587,HY469559980,2021-10-08,2040-10-03,100,13,,
2A,Fixed,GovBond-6933,RS476992350,2023-06-14,2052-06-06,500,11,0.0475,AAA
2B,Fixed,Foreign-9554,IM277906965,2020-12-27,2041-12-22,500,20,0.0536,BBB
2B,Floating,Emerging-7450,GE671170613,2022-11-28,2040-11-23,100,22,,BBB
2B,Floating,Emerging-8041,ZQ080878198,2024-02-13,2048-02-07,100,28,,BBB
2A,Fixed,GovBond-8881,AZ117713666,2025-06-03,2051-05-28,1000,26,0.0236,AAA
2B,Fixed,Emerging-8391,WD808412869,2023-01-06,2040-01-02,1000,46,0.0574,A
2B,Floating,Emerging-8012,RP003056067,2025-03-25,2055-03-18,500,33,,BBB
2A,Fixed,Corp-2690,HG969159029,2024-03-23,2044-03-18,1000,26,0.0274,AA
2A,Fixed,GovBond-6214,YQ733604342,2022-07-10,2033-07-07,100,48,0.0212,AA
1,Floating,GOV-60,TH575990995,2025-03-02,2043-02-26,1000,31,,
2A,Fixed,Corp-6574,RE058896713,2024-09-07,2036-09-04,1000,36,0.035,AAA
2B,Floating,Emerging-9143,EQ846056729,2022-09-10,2037-09-06,100,18,,BBB
1,Fixed,GOV-1486,HN030334024,2022-10-21,2045-10-15,1000,10,0.0359,
2B,Fixed,Emerging-2371,DM905638358,2023-12-30,2047-12-24,100,33,0.09,BBB
2B,Fixed,Foreign-2796,JR324332590,2024-10-16,2040-10-12,100,36,0.0432,A
2B,Fixed,Emerging-969,RZ893604671,2023-12-05,2031-12-03,1000,29,0.0355,A
2A,Fixed,Corp-3091,NJ748218941,2023-08-24,2033-08-21,500,14,0.0329,AA
1,Floating,TBILL-3878,PM307987870,2024-04-15,2051-04-09,100,21,,
2A,Fixed,Corp-2614,DF680736937,2022-05-09,2036-05-05,1000,43,0.048,AAA
2A,Fixed,Corp-799,VG484596092,2022-09-11,2035-09-08,1000,28,0.0751,AAA
1,Floating,GOV-1408,AE727792753,2021-05-21,2032-05-18,500,1,,
2B,Fixed,Emerging-4585,PE542872713,2023-08-04,2038-07-31,500,41,0.0457,A
2B,Fixed,Corp-4364,FK887789628,2025-01-09,2027-01-09,500,32,0.0772,BBB
2A,Fixed,GovBond-8242,LC489767658,2023-08-22,2046-08-16,500,23,0.0261,AAA
1,Fixed,GOV-3053,IE847757038,2024-07-30,2026-07-30,1000,34,0.0335,
2A,Fixed,GovBond-6471,SP680543806,2022-03-27,2038-03-23,1000,27,0.0471,AAA
2B,Fixed,Emerging-1246,VK245567013,2022-07-21,2032-07-18,100,24,0.07,BBB
2B,Fixed,Foreign-8571,ZK410353804,2022-03-29,2047-03-23,1000,49,0.087,BBB
2A,Fixed,Corp-9271,OZ319072157,2025-03-30,2030-03-29,500,44,0.0714,AA
2A,Fixed,Corp-8231,QJ522713575,2022-06-21,2044-06-15,100,23,0.0443,AAA
2A,Fixed,Corp-7786,FL201526840,2024-09-05,2046-08-31,500,22,0.0351,AA
2B,Fixed,Emerging-9535,VA013693036,2022-12-29,2041-12-24,1000,1,0.0698,A
2A,Fixed,GovBond-6892,YD150911449,2021-06-01,2045-05-26,500,25,0.044,AAA
2B,Floating,Emerging-2274,QX246946424,2024-08-27,2052-08-20,100,4,,A
1,Fixed,SOFR-8658,JM045547398,2022-01-26,2044-01-21,1000,8,0.0186,
2B,Floating,Foreign-7773,YZ454697147,2023-10-04,2041-09-29,100,3,,BBB
2A,Fixed,GovBond-9781,QD898448431,2023-06-28,2047-06-22,1000,15,0.0769,AAA
2B,Floating,Foreign-8178,JW228202808,2024-02-07,2043-02-02,100,44,,BBB
2A,Fixed,Corp-6745,SG570167241,2025-05-10,2047-05-05,100,31,0.0573,AAA
2A,Fixed,Corp-1704,BE277847924,2025-01-18,2033-01-16,500,48,0.0459,AAA
2A,Fixed,Corp-7739,JY047179519,2024-02-26,2032-02-24,100,4,0.0508,AAA
2B,Fixed,Corp-4909,WX441398121,2021-07-30,2040-07-25,100,27,0.0356,A
2A,Fixed,Corp-6025,CZ394934364,2021-02-03,2048-01-28,500,13,0.0246,AAA
2A,Fixed,GovBond-6650,CB570727918,2024-02-20,2028-02-19,500,12,0.0716,AA
2A,Fixed,Corp-404,IT787922759,2025-07-25,2042-07-21,100,25,0.0582,AA
2A,Fixed,Corp-5432,FQ326132627,2024-07-19,2048-07-13,100,14,0.0385,AA
2A,Fixed,Corp-9880,IF453996234,2021-03-25,2045-03-19,500,24,0.0657,AA
2B,Floating,Foreign-7195,GW228317557,2025-06-16,2049-06-10,1000,23,,A
1,Floating,TBILL-458,PV210098116,2023-05-05,2031-05-03,1000,46,,
2A,Fixed,GovBond-2733,FM315891965,2022-12-02,2031-11-30,1000,21,0.0246,AAA
2A,Fixed,Corp-9238,GO645892771,2022-04-20,2038-04-16,100,9,0.0765,AA
2B,Fixed,Foreign-9712,PF056841024,2023-11-08,2049-11-01,100,43,0.059,A
1,Floating,SOFR-5495,HZ221504245,2023-08-28,2032-08-25,1000,37,,
2B,Floating,Corp-9405,TP863493037,2022-07-05,2051-06-28,500,5,,A
2A,Fixed,GovBond-5394,XK426004729,2023-06-04,2049-05-28,500,27,0.0231,AAA
1,Floating,SOFR-4713,QS565873381,2021-08-28,2029-08-26,500,1,,
2B,Fixed,Emerging-1901,MB520007762,2021-08-08,2031-08-06,500,47,0.0711,A
2A,Fixed,Corp-5033,ZK839905468,2023-07-11,2030-07-09,500,31,0.0575,AA
2A,Fixed,GovBond-2531,IV406811289,2020-12-21,2037-12-17,1000,39,0.0267,AA
2A,Fixed,GovBond-7688,VI350949715,2022-12-22,2046-12-16,1000,26,0.0417,AAA
2B,Fixed,Emerging-6716,GW256039129,2020-12-09,2040-12-04,500,23,0.0434,A
2B,Fixed,Corp-3156,DE935535705,2023-11-04,2044-10-29,1000,4,0.0437,BBB
2B,Fixed,Emerging-1693,PR052020558,2024-05-16,2034-05-14,1000,18,0.086,A
1,Floating,SOFR-7672,IR051937980,2024-07-17,2032-07-15,500,47,,
1,Fixed,TBILL-9268,JG226036399,2022-01-29,2031-01-27,100,37,0.0322,
2A,Fixed,Corp-4896,EQ467684103,2021-04-19,2049-04-12,100,46,0.0551,AAA
2B,Floating,Corp-5804,QM338960321,2025-01-16,2041-01-12,1000,25,,A
1,Fixed,GOV-2533,IS229566761,2022-01-02,2048-12-26,100,44,0.0446,
2A,Fixed,Corp-2872,TQ913622983,2022-11-13,2040-11-08,1000,31,0.0356,AAA
2A,Fixed,GovBond-3506,SE539079710,2022-12-14,2049-12-07,500,4,0.0525,AAA
1,Fixed,SOFR-3209,FL937538873,2022-06-17,2028-06-15,1000,22,0.0379,
2A,Fixed,Corp-3109,ED787555986,2024-12-21,2041-12-17,100,39,0.0515,AAA
2A,Fixed,Corp-7445,CL545715877,2025-01-10,2037-01-07,100,39,0.0391,AA
2B,Fixed,Emerging-5427,ME490868557,2024-03-20,2044-03-15,1000,24,0.0896,BBB
2A,Fixed,Corp-6066,MU222170087,2024-06-06,2041-06-02,1000,19,0.022,AAA
2A,Fixed,GovBond-6308,IB399195753,2024-07-20,2049-07-14,100,6,0.0334,AAA
2B,Fixed,Foreign-5879,BV731946006,2022-01-01,2041-12-27,1000,34,0.0645,BBB
1,Fixed,TBILL-5944,DG930484838,2025-09-10,2028-09-09,1000,47,0.0225,
2B,Fixed,Corp-9824,WJ640303279,2024-06-23,2049-06-17,1000,8,0.0838,A
2A,Fixed,Corp-4967,BY648913095,2022-10-06,2045-09-30,100,39,0.058,AA
2A,Fixed,Corp-2951,CO021376349,2022-09-26,2043-09-21,100,8,0.0203,AA
2A,Fixed,GovBond-4991,LK535313534,2024-12-26,2049-12-20,1000,47,0.0487,AAA
2B,Fixed,Corp-6186,ZA721017141,2025-03-13,2032-03-11,100,32,0.0567,BBB
2B,Floating,Emerging-1337,FK196346771,2024-12-08,2025-12-08,500,45,,A
1,Floating,SOFR-3980,DS822671349,2020-11-24,2029-11-22,1000,8,,
2B,Fixed,Emerging-8753,WI742015954,2023-02-04,2039-01-31,500,48,0.0566,A
2A,Fixed,Corp-1139,ED404845156,2023-10-31,2037-10-27,500,32,0.0794,AAA
2A,Fixed,GovBond-6688,KF395315772,2024-12-31,2038-12-28,1000,2,0.0681,AAA
2A,Fixed,GovBond-6346,XN563182534,2021-10-31,2033-10-28,500,3,0.0306,AAA
2B,Fixed,Corp-6407,CV788218843,2021-03-23,2038-03-19,500,18,0.0402,BBB
1,Fixed,TBILL-796,YZ534695424,2023-07-31,2041-07-26,1000,35,0.0136,
2B,Floating,Corp-7188,HO405406414,2024-12-10,2034-12-08,1000,29,,BBB
1,Floating,SOFR-9009,RC884617937,2022-11-26,2034-11-23,500,14,,
2A,Fixed,GovBond-575,BX855908802,2023-11-17,2041-11-12,100,29,0.0365,AAA
2B,Fixed,Emerging-3873,BO966999268,2023-06-12,2030-06-10,100,50,0.0815,A
2B,Fixed,Emerging-7959,SA794296291,2021-06-13,2039-06-09,500,24,0.0876,A
2B,Fixed,Foreign-76,VX881677427,2023-06-16,2032-06-13,100,21,0.0416,BBB
2A,Fixed,Corp-3592,KE648705692,2023-04-04,2051-03-28,100,21,0.043,AAA
2A,Fixed,GovBond-7937,KG803420107,2024-05-14,2037-05-11,500,1,0.0411,AA
2B,Floating,Emerging-5547,EN359996125,2023-05-30,2052-05-22,100,9,,A
1,Fixed,SOFR-9964,HH922896192,2021-06-16,2041-06-11,500,50,0.0423,
2B,Floating,Corp-5709,RO337719273,2025-04-22,2035-04-20,1000,3,,A
2B,Floating,Foreign-2660,RH993697899,2024-09-22,2047-09-17,1000,29,,A
2B,Fixed,Emerging-2794,OY990927953,2023-10-24,2046-10-18,500,45,0.0886,A
2A,Fixed,GovBond-6155,OT578182046,2023-02-18,2026-02-17,500,23,0.0744,AAA
2A,Fixed,GovBond-7183,OR493356905,2023-07-06,2049-06-29,500,29,0.0435,AA
2A,Fixed,Corp-1570,LS568852400,2025-10-18,2037-10-15,500,47,0.0686,AAA
1,Fixed,SOFR-9533,QV520259126,2025-10-16,2035-10-14,1000,15,0.0137,
2B,Fixed,Corp-293,CY184826482,2024-07-10,2034-07-08,100,4,0.0605,BBB
2B,Fixed,Emerging-7483,JZ486696764,2021-12-24,2030-12-22,1000,16,0.083,A
2B,Floating,Emerging-2306,CN389004151,2024-09-10,2026-09-10,1000,5,,BBB
2A,Fixed,Corp-101,EJ597112183,2024-06-03,2029-06-02,100,12,0.0321,AA
2A,Fixed,Corp-5766,EO084528219,2021-03-04,2026-03-03,1000,30,0.0396,AA
2B,Floating,Corp-9008,ZG235141569,2022-07-03,2046-06-27,500,46,,BBB
1,Floating,GOV-285,PK616524094,2021-09-12,2027-09-11,100,33,,
2A,Fixed,Corp-5797,QU120122848,2024-04-10,2026-04-10,1000,41,0.0579,AAA
1,Fixed,SOFR-8798,UC225217378,2025-07-28,2054-07-21,1000,28,0.0181,
1,Fixed,GOV-9643,DW206539683,2025-02-26,2031-02-25,100,6,0.0095,
2A,Fixed,Corp-1748,GU101580964,2024-01-13,2044-01-08,500,39,0.0236,AA
2B,Fixed,Emerging-2535,PL445902189,2023-04-25,2044-04-19,100,13,0.0877,BBB
2A,Fixed,Corp-6334,ZW482368076,2021-08-15,2048-08-08,100,17,0.0569,AA
2A,Fixed,Corp-952,FV381275301,2021-01-28,2027-01-27,1000,18,0.0249,AAA
1,Fixed,SOFR-3595,TT549503266,2022-11-11,2035-11-08,500,41,0.0253,
2A,Fixed,GovBond-1659,RO650460738,2022-03-29,2052-03-21,500,5,0.0588,AAA
2B,Fixed,Corp-6413,PF180009360,2022-01-05,2038-01-01,1000,19,0.0389,BBB
1,Floating,GOV-6267,VS060567327,2023-08-24,2030-08-22,100,48,,
1,Fixed,TBILL-5244,JZ859613974,2025-01-08,2032-01-07,500,44,0.0081,
2B,Floating,Corp-9128,FR897642741,2022-02-11,2032-02-09,100,2,,BBB
2B,Fixed,Corp-4999,TC254557771,2023-12-21,2037-12-17,1000,3,0.0752,A
1,Fixed,TBILL-2699,TH687921370,2025-03-30,2051-03-24,100,22,0.0238,
2A,Fixed,Corp-4987,VS169588436,2022-08-12,2051-08-05,500,44,0.0794,AA
2B,Floating,Corp-4248,BR316776729,2022-01-03,2036-12-30,100,11,,A
2B,Floating,Emerging-1499,ZR337031730,2022-06-29,2027-06-28,1000,5,,A
2A,Fixed,Corp-2656,LJ012035841,2024-04-11,2043-04-07,100,38,0.0679,AAA
2B,Floating,Emerging-3760,GA572928641,2023-08-16,2047-08-10,500,12,,BBB
2B,Floating,Corp-3416,DX137105820,2022-03-28,2035-03-25,500,20,,A
1,Fixed,GOV-7086,NA270688498,2024-10-01,2051-09-25,1000,38,0.0229,
2B,Floating,Foreign-5187,GN913164226,2021-04-16,2036-04-12,1000,13,,BBB
2A,Fixed,GovBond-687,GG273122392,2024-10-02,2042-09-28,100,16,0.0706,AAA
2B,Fixed,Emerging-2343,JB288408401,2024-12-24,2050-12-18,1000,18,0.0338,BBB
1,Fixed,SOFR-775,IK417199740,2022-08-02,2041-07-28,1000,46,0.0407,
2B,Floating,Emerging-1044,FM269930995,2025-05-26,2050-05-20,100,33,,A
2B,Fixed,Corp-5428,SV913216528,2023-06-21,2050-06-14,100,11,0.0656,A
2B,Fixed,Foreign-6725,OI372031942,2021-12-09,2025-12-08,500,23,0.0606,A
2A,Fixed,Corp-1925,CH887625279,2022-08-27,2028-08-25,500,19,0.0387,AAA
1,Fixed,TBILL-8517,QU943775200,2021-01-13,2028-01-12,1000,50,0.0141,
2A,Fixed,GovBond-9380,LD805284627,2024-04-20,2053-04-13,100,11,0.0668,AA
2A,Fixed,Corp-673,BW364028292,2021-07-18,2050-07-11,1000,26,0.0642,AAA
2B,Floating,Corp-1535,EL865879361,2023-11-25,2036-11-21,500,39,,A
1,Floating,TBILL-2714,LS768702125,2024-09-26,2046-09-21,100,37,,
2B,Fixed,Foreign-5837,AI531755369,2021-04-10,2037-04-06,500,49,0.0452,A
2B,Floating,Emerging-2033,BK576928793,2022-03-15,2045-03-09,500,6,,BBB
2A,Fixed,Corp-5453,RX655774369,2025-06-26,2029-06-25,1000,24,0.0372,AAA
2A,Fixed,GovBond-331,MS758586714,2025-08-08,2051-08-02,500,40,0.0421,AA
2B,Floating,Emerging-2896,BR137074633,2023-12-24,2044-12-18,100,12,,BBB
2A,Fixed,Corp-8765,HU572676158,2025-04-04,2046-03-30,1000,9,0.0655,AA
2A,Fixed,GovBond-659,OS148387486,2022-02-08,2047-02-02,1000,32,0.0573,AA
2A,Fixed,Corp-6354,SG297593256,2023-06-07,2035-06-04,1000,23,0.0267,AAA
2A,Fixed,GovBond-6609,CU530512858,2023-06-17,2032-06-14,1000,37,0.0367,AA
1,Floating,SOFR-5203,VP896338808,2025-05-06,2032-05-04,100,4,,
2B,Floating,Emerging-2722,EM974864824,2022-03-17,2039-03-13,100,32,,A
2A,Fixed,GovBond-4658,AD442076210,2021-11-18,2032-11-15,1000,15,0.0496,AA
2A,Fixed,Corp-3154,MC284872236,2023-05-29,2040-05-24,500,48,0.0425,AAA
2A,Fixed,GovBond-9861,JH168946629,2022-09-27,2048-09-20,100,35,0.0368,AA
2B,Fixed,Emerging-7836,IF899453531,2024-06-25,2052-06-18,500,45,0.0346,A
2A,Fixed,Corp-5891,RT543130539,2022-12-25,2025-12-24,500,32,0.0564,AAA
2A,Fixed,GovBond-720,TU039520395,2024-12-31,2025-12-31,500,47,0.0583,AA
2A,Fixed,GovBond-6281,OQ682506117,2021-09-17,2043-09-12,1000,17,0.0793,AAA
2B,Fixed,Foreign-3922,MZ815427699,2024-12-10,2033-12-08,100,35,0.082,A
1,Floating,SOFR-8640,RM537684600,2025-03-16,2035-03-14,1000,47,,
2A,Fixed,Corp-3362,CL114593876,2020-12-07,2046-12-01,1000,35,0.0242,AAA
2B,Floating,Corp-149,RH068948916,2022-12-28,2034-12-25,500,43,,A
2B,Floating,Corp-885,MD210774861,2021-07-22,2033-07-19,500,2,,A
2B,Floating,Corp-430,ES957645697,2022-01-17,2027-01-16,100,16,,BBB
2A,Fixed,GovBond-7613,RA429693076,2024-03-26,2050-03-20,100,37,0.0342,AA
1,Fixed,TBILL-1693,YV187363633,2022-06-17,2034-06-14,100,13,0.0276,
2A,Fixed,Corp-2359,MV348042842,2024-05-05,2031-05-04,100,27,0.0523,AAA
2A,Fixed,GovBond-1340,EV025768969,2021-07-07,2027-07-06,500,37,0.0276,AA
2B,Floating,Corp-6515,FM544602384,2022-05-16,2051-05-09,1000,36,,BBB
2A,Fixed,Corp-818,GO631270918,2023-05-17,2026-05-16,1000,32,0.0468,AA
2A,Fixed,GovBond-8781,PA550457977,2023-12-04,2026-12-03,100,11,0.0203,AAA
2A,Fixed,GovBond-1371,MU316289479,2025-06-14,2055-06-07,100,21,0.0261,AAA
2A,Fixed,GovBond-3939,GD552081059,2022-09-12,2048-09-05,1000,22,0.0664,AA
2A,Fixed,Corp-7913,KC685110825,2021-06-07,2031-06-05,100,12,0.0609,AA
2A,Fixed,Corp-9878,CN113482272,2023-11-18,2033-11-15,500,11,0.0569,AAA
1,Floating,TBILL-5233,OJ293062478,2024-01-14,2033-01-11,500,5,,
1,Floating,GOV-5897,SF611287031,2025-02-28,2039-02-25,100,50,,
2A,Fixed,Corp-6601,XV168051793,2023-01-13,2053-01-05,100,15,0.0368,AA
2A,Fixed,GovBond-5990,JE029404312,2023-01-06,2033-01-03,100,31,0.0395,AA
2B,Fixed,Foreign-8787,RI575307298,2025-09-01,2039-08-29,500,21,0.0336,A
1,Floating,TBILL-3387,LC814209624,2022-11-29,2035-11-26,1000,20,,
2B,Fixed,Corp-5303,SR400199504,2023-11-05,2039-11-01,1000,18,0.0482,BBB
2B,Fixed,Emerging-8006,DL299765609,2021-11-02,2036-10-29,500,49,0.0338,A
1,Fixed,SOFR-5477,FL712813565,2025-08-28,2055-08-21,1000,28,0.048,
1,Floating,GOV-4529,LZ612314652,2024-05-06,2030-05-05,500,29,,
1,Fixed,GOV-2737,WC096477603,2023-08-29,2053-08-21,100,36,0.0276,
2B,Floating,Corp-9916,EV159327743,2024-04-01,2049-03-26,100,25,,A
2A,Fixed,GovBond-4,YS603864217,2023-03-23,2038-03-19,1000,37,0.0707,AAA
2A,Fixed,GovBond-5768,FZ643188446,2024-10-24,2050-10-18,100,24,0.0543,AAA
2B,Floating,Emerging-8547,XD646144118,2025-03-22,2052-03-15,1000,31,,A
2A,Fixed,GovBond-2152,UA209630602,2023-06-15,2034-06-12,500,16,0.0641,AAA
2A,Fixed,Corp-233,FS246617185,2024-07-13,2050-07-07,500,10,0.0405,AAA
2A,Fixed,GovBond-3693,TS206386488,2022-08-20,2026-08-19,1000,17,0.0645,AAA
2A,Fixed,GovBond-5945,OX460500881,2021-12-20,2051-12-13,500,47,0.0513,AA
2A,Fixed,Corp-5594,PM385131293,2025-10-16,2037-10-13,1000,18,0.0513,AAA
2B,Fixed,Corp-6515,KY122487274,2023-01-06,2052-12-29,100,2,0.0585,A
2A,Fixed,GovBond-6777,WF809831289,2024-08-22,2039-08-19,100,46,0.0524,AAA
2B,Fixed,Emerging-4706,KF013350250,2024-08-30,2040-08-26,100,24,0.081,A
2B,Floating,Corp-9778,GP701309984,2023-04-08,2052-03-31,500,17,,A
2A,Fixed,Corp-8919,LL282026218,2022-01-27,2035-01-24,500,31,0.0792,AAA
2A,Fixed,GovBond-7794,UI647906578,2025-05-26,2052-05-19,1000,27,0.065,AAA
2A,Fixed,Corp-2449,NF427552054,2022-10-10,2044-10-04,500,14,0.0434,AA
2A,Fixed,Corp-3554,NY774163190,2023-03-05,2037-03-01,100,47,0.0567,AA
2B,Floating,Emerging-218,AM804087573,2021-09-17,2030-09-15,1000,49,,BBB
2A,Fixed,GovBond-7990,TM942603013,2025-11-07,2029-11-06,500,46,0.0528,AA
2B,Fixed,Foreign-8516,IX963763260,2025-03-27,2050-03-21,100,28,0.0813,BBB
2B,Floating,Corp-8907,UC217998095,2025-06-03,2027-06-03,100,22,,BBB
2B,Fixed,Foreign-5487,TZ966568108,2022-12-07,2026-12-06,1000,1,0.0439,BBB
2A,Fixed,Corp-9649,RZ393290994,2024-08-15,2048-08-09,500,8,0.0691,AA
1,Floating,SOFR-5911,HD099396117,2023-02-08,2028-02-07,500,33,,
1,Fixed,SOFR-3828,AN114292485,2024-08-15,2032-08-13,500,16,0.0276,
2B,Floating,Foreign-8416,GM152870431,2021-04-18,2036-04-14,100,31,,A
2A,Fixed,Corp-7437,ER196099761,2022-02-16,2046-02-10,1000,2,0.0721,AA
2A,Fixed,GovBond-6011,HS256406181,2025-06-13,2053-06-06,100,24,0.0385,AAA
1,Fixed,SOFR-882,QN754809621,2022-06-20,2032-06-17,1000,6,0.0017,
2B,Floating,Foreign-2171,SI392877792,2021-08-02,2039-07-29,1000,47,,A
2A,Fixed,GovBond-3107,KS322079368,2022-02-24,2036-02-21,100,34,0.0317,AAA
2B,Floating,Corp-7762,IA906730396,2021-12-31,2034-12-28,500,31,,A
1,Floating,TBILL-9041,JK450221696,2024-06-23,2038-06-20,1000,37,,
2B,Floating,Foreign-3292,BG389729923,2025-10-23,2028-10-22,100,31,,BBB
2B,Floating,Corp-5970,YK559176344,2023-02-14,2053-02-06,500,29,,A
2A,Fixed,GovBond-6221,YT972277914,2021-06-29,2044-06-23,100,28,0.0418,AA
1,Floating,TBILL-3516,FH137688344,2024-09-07,2027-09-07,100,25,,
2A,Fixed,GovBond-1158,PC811289310,2020-12-23,2039-12-19,100,32,0.0272,AAA
2A,Fixed,GovBond-594,TI936959791,2023-05-14,2044-05-08,500,28,0.0475,AAA
2A,Fixed,GovBond-962,JB684699134,2024-02-27,2035-02-24,500,16,0.0743,AA
1,Floating,TBILL-9771,DV086965859,2024-07-19,2048-07-13,100,38,,
2A,Fixed,GovBond-2981,EF641383988,2024-12-25,2044-12-20,500,24,0.0312,AA
2B,Floating,Corp-6064,QV351688209,2024-06-21,2051-06-15,500,9,,A
2A,Fixed,GovBond-8593,HV071004943,2025-08-23,2039-08-20,500,20,0.0507,AAA
2B,Fixed,Corp-530,YZ748814184,2024-09-21,2036-09-18,1000,36,0.0878,BBB
2B,Floating,Foreign-132,NP334170833,2021-12-22,2046-12-16,1000,9,,A
1,Fixed,SOFR-9094,FD186791237,2022-09-05,2047-08-30,500,31,0.0017,
2B,Floating,Foreign-2816,MY550925311,2024-12-10,2048-12-04,500,2,,BBB
2B,Floating,Emerging-3419,YX383916534,2021-01-21,2048-01-15,1000,38,,A
2B,Floating,Emerging-299,IU769738207,2023-03-13,2040-03-08,100,19,,BBB
2A,Fixed,Corp-4517,EH420573297,2025-03-23,2031-03-22,500,50,0.0702,AAA
2A,Fixed,Corp-7250,MJ013368639,2020-12-23,2028-12-21,100,36,0.0476,AAA
2B,Fixed,Emerging-6244,IQ176142618,2025-04-07,2052-03-31,100,36,0.0448,A
2A,Fixed,GovBond-8737,YT152130493,2022-05-27,2043-05-22,1000,49,0.0295,AAA
2A,Fixed,GovBond-2292,VC237005788,2022-04-27,2037-04-23,500,16,0.0637,AA
2B,Fixed,Corp-9289,MZ041907745,2023-08-07,2047-08-01,1000,21,0.0769,BBB
2A,Fixed,GovBond-4651,OO995882076,2022-09-22,2039-09-18,500,6,0.0589,AA
2B,Fixed,Emerging-5877,GZ522086155,2024-04-18,2037-04-15,1000,32,0.0377,A
2A,Fixed,GovBond-7316,KF265196575,2022-08-24,2050-08-17,100,4,0.059,AA
1,Fixed,GOV-2620,UI107003885,2022-06-03,2049-05-27,100,23,0.035,
2B,Floating,Corp-2984,HJ353303894,2024-09-22,2054-09-15,1000,11,,BBB
2A,Fixed,Corp-4200,NS441164535,2024-01-30,2049-01-23,100,45,0.0429,AAA
2B,Floating,Corp-2700,RC685397270,2025-07-12,2053-07-05,100,33,,BBB
1,Fixed,SOFR-254,ES135366270,2024-02-19,2036-02-16,100,30,0.0127,
2B,Fixed,Emerging-9660,YM833438142,2025-01-11,2032-01-10,500,33,0.0749,A
2B,Floating,Corp-4278,RN164626983,2023-07-13,2050-07-06,1000,11,,A
2A,Fixed,Corp-6311,GT819422220,2025-10-08,2035-10-06,100,31,0.0272,AA
2B,Floating,Emerging-7393,CG082033817,2025-02-16,2049-02-10,1000,35,,A
2A,Fixed,Corp-9616,TV625850314,2022-05-15,2036-05-11,100,44,0.0214,AAA
2A,Fixed,GovBond-3055,FL668516087,2021-04-20,2031-04-18,100,49,0.0722,AA
2A,Fixed,Corp-7068,WD391387626,2024-05-28,2050-05-22,500,38,0.055,AAA
1,Fixed,TBILL-1916,KA798357877,2022-06-07,2036-06-03,500,39,0.0352,
2A,Fixed,Corp-8771,CS236214572,2025-05-31,2027-05-31,100,46,0.0373,AA
2B,Floating,Emerging-1245,OT191551930,2024-10-06,2041-10-02,1000,3,,A
2A,Fixed,Corp-4042,LU444988099,2025-04-15,2033-04-13,1000,48,0.0519,AAA
1,Floating,TBILL-7254,VW722543215,2025-03-15,2052-03-08,1000,47,,
2A,Fixed,Corp-803,UK694953370,2023-03-10,2033-03-07,100,35,0.029,AA
2A,Fixed,Corp-5798,YN876430524,2023-06-19,2046-06-13,100,31,0.0589,AAA
2B,Fixed,Emerging-2810,QB599913794,2021-01-15,2049-01-08,1000,48,0.0387,BBB
2B,Fixed,Corp-1968,RO574806874,2023-03-06,2052-02-27,500,22,0.0548,A
2A,Fixed,GovBond-3848,JU116151360,2021-05-21,2049-05-14,100,19,0.0347,AAA
2B,Fixed,Corp-5519,CT830231982,2025-02-05,2038-02-02,500,35,0.0729,A
2A,Fixed,GovBond-6368,QJ431934057,2024-03-18,2036-03-15,1000,30,0.0525,AAA
2A,Fixed,Corp-2480,FT653886884,2023-10-31,2030-10-29,1000,14,0.0783,AAA
2A,Fixed,GovBond-3638,BT633545971,2022-01-20,2031-01-18,500,16,0.0719,AA
2A,Fixed,Corp-8033,KE373521119,2021-07-30,2049-07-23,500,25,0.047,AAA
2B,Floating,Corp-480,EH986663778,2025-02-08,2038-02-05,1000,32,,BBB
2B,Fixed,Foreign-4966,PJ542603273,2024-06-14,2038-06-11,100,24,0.0529,BBB
2B,Fixed,Emerging-127,TN577168807,2025-02-10,2029-02-09,1000,14,0.0562,BBB
2B,Floating,Foreign-4936,UY938953625,2022-02-19,2037-02-15,1000,41,,A
2B,Floating,Foreign-4962,FQ619338611,2023-10-13,2049-10-06,1000,17,,BBB
2B,Fixed,Foreign-5994,OP066837680,2025-07-31,2028-07-30,500,27,0.0692,A
2B,Fixed,Foreign-6549,PQ209599957,2024-05-09,2053-05-02,500,31,0.0764,BBB
1,Floating,GOV-9200,IM449377262,2021-02-18,2039-02-14,500,49,,
2B,Floating,Emerging-117,DT481510995,2021-04-05,2033-04-02,500,19,,BBB
2B,Floating,Foreign-1709,XV697467359,2022-08-15,2049-08-08,500,32,,BBB
1,Fixed,TBILL-8453,YW607588919,2024-06-04,2030-06-03,100,28,0.0291,
2B,Floating,Emerging-7601,HN912096114,2020-11-24,2040-11-19,500,33,,A
2A,Fixed,Corp-9346,BQ730325620,2025-09-30,2033-09-28,1000,37,0.0794,AA
1,Floating,GOV-500,VE922142995,2022-03-19,2032-03-16,100,2,,
2B,Fixed,Emerging-9105,BZ001964030,2022-05-23,2042-05-18,100,36,0.037,A
2A,Fixed,GovBond-6394,DR248925794,2023-08-23,2043-08-18,500,8,0.0618,AA
2A,Fixed,Corp-9628,WA311854325,2023-08-09,2046-08-03,500,30,0.0652,AAA
2A,Fixed,Corp-7183,XX574198210,2025-04-10,2032-04-08,500,33,0.0245,AA
2B,Floating,Foreign-8958,SY739907312,2022-04-15,2028-04-13,100,23,,A
1,Floating,GOV-7617,PS374972032,2023-03-29,2028-03-27,1000,27,,
2A,Fixed,Corp-6700,XI304807853,2023-11-30,2048-11-23,1000,32,0.025,AA
2A,Fixed,Corp-4884,OE037950750,2023-09-25,2033-09-22,500,40,0.0347,AAA
2A,Fixed,GovBond-5537,UC448732319,2021-10-07,2036-10-03,500,33,0.0281,AAA
2B,Fixed,Emerging-7823,ZL230884136,2024-07-30,2029-07-29,100,36,0.0762,BBB
2B,Floating,Emerging-1243,WJ056654402,2023-07-10,2049-07-03,100,40,,A
2A,Fixed,Corp-1597,JN094311801,2023-12-25,2035-12-22,1000,33,0.0437,AA
2A,Fixed,GovBond-7735,SU285514998,2023-08-17,2034-08-14,500,20,0.0415,AA
1,Fixed,SOFR-5313,TA862310810,2023-08-06,2049-07-30,1000,39,0.0442,
2B,Floating,Foreign-4415,VO285387484,2021-12-18,2026-12-17,100,19,,BBB
2B,Floating,Corp-2864,VT493040613,2021-09-22,2037-09-18,500,25,,BBB
1,Fixed,TBILL-8803,GI040257975,2021-10-12,2036-10-08,500,10,0.0335,
1,Floating,TBILL-6601,MQ823034878,2022-03-21,2048-03-14,100,26,,
2B,Fixed,Foreign-7528,OP526748495,2024-04-23,2046-04-18,100,11,0.0558,BBB
2A,Fixed,Corp-7190,OM601354487,2023-08-23,2050-08-16,100,45,0.0691,AAA
2B,Fixed,Corp-1552,VG850831821,2025-09-08,2029-09-07,100,39,0.0627,A
1,Fixed,GOV-12,SF106081525,2023-09-28,2039-09-24,500,42,0.0067,
2A,Fixed,Corp-8267,CM251065523,2023-12-21,2036-12-17,100,39,0.0261,AAA
2B,Fixed,Foreign-3211,CX608767751,2022-03-23,2029-03-21,1000,14,0.0398,A
2A,Fixed,GovBond-1174,OZ034073584,2025-05-29,2028-05-28,500,3,0.0761,AAA
2A,Fixed,GovBond-2413,QP207318277,2021-09-05,2042-08-31,1000,41,0.0686,AAA
2B,Floating,Corp-746,YX447675863,2024-08-14,2049-08-08,1000,37,,BBB
2A,Fixed,Corp-5241,NB677268522,2023-07-18,2029-07-16,500,18,0.0572,AA
2B,Floating,Emerging-6718,CM108302505,2024-09-06,2047-09-01,100,15,,BBB
2B,Floating,Emerging-9993,IU967167237,2021-08-25,2032-08-22,100,18,,BBB
2B,Floating,Foreign-5345,ZY128834242,2024-01-08,2031-01-06,100,25,,BBB
2A,Fixed,GovBond-3924,AD130892431,2022-06-27,2046-06-21,500,19,0.0294,AAA
1,Floating,SOFR-8437,YW307415865,2024-03-31,2031-03-30,500,11,,
1,Fixed,SOFR-6822,OJ422953290,2022-12-18,2038-12-14,500,42,0.006,
1,Floating,SOFR-2333,PX265954247,2025-10-10,2039-10-07,1000,44,,
2B,Fixed,Emerging-8347,HH711444113,2023-01-29,2029-01-27,500,13,0.058,BBB
1,Fixed,GOV-8364,AX774417322,2021-12-03,2028-12-01,500,30,0.0188,
1,Floating,TBILL-4259,YU470127100,2023-06-06,2043-06-01,1000,48,,
2A,Fixed,Corp-877,NA359704876,2024-06-03,2037-05-31,1000,18,0.0493,AA
2A,Fixed,Corp-1053,IX157476761,2024-10-27,2040-10-23,1000,16,0.0714,AA
1,Fixed,GOV-8803,ED982872597,2025-06-06,2035-06-04,500,1,0.0406,
2A,Fixed,Corp-4746,DC354505282,2025-07-17,2040-07-13,500,42,0.0744,AA
2B,Floating,Corp-1453,ID506697211,2022-08-02,2026-08-01,1000,8,,BBB
2B,Fixed,Foreign-8160,IO132327122,2021-11-05,2031-11-03,500,26,0.0354,A
2A,Fixed,Corp-3735,XU120262502,2022-12-06,2044-11-30,500,50,0.021,AA
1,Fixed,SOFR-4653,LP746787423,2021-10-18,2048-10-11,100,24,0.0257,
2B,Floating,Emerging-7007,PR963732503,2025-09-16,2054-09-09,1000,1,,A
1,Fixed,GOV-8059,AJ589375397,2021-12-16,2040-12-11,1000,44,0.046,
2B,Floating,Corp-3717,JN728125808,2021-03-31,2029-03-29,1000,10,,A
2A,Fixed,Corp-4833,AL390821612,2023-05-19,2030-05-17,1000,15,0.0271,AA
2B,Floating,Emerging-7579,TT460581167,2025-05-06,2047-05-01,1000,29,,A
2B,Fixed,Foreign-962,NB068703597,2022-03-11,2045-03-05,500,11,0.044,A
1,Fixed,TBILL-9542,MH909354299,2025-07-11,2041-07-07,500,26,0.0023,
2B,Fixed,Corp-5445,DP317450987,2023-09-30,2026-09-29,1000,10,0.0719,BBB
2A,Fixed,GovBond-472,SM009366797,2023-04-08,2031-04-06,100,50,0.0213,AAA
2A,Fixed,GovBond-9663,ZA087840643,2025-09-10,2047-09-05,500,42,0.0212,AAA
2B,Floating,Corp-6772,YW135710187,2025-11-11,2047-11-06,500,34,,BBB
2B,Floating,Foreign-9426,XN977582079,2023-02-03,2035-01-31,100,40,,BBB
1,Floating,TBILL-2146,IK042368053,2023-09-07,2027-09-06,1000,29,,
2B,Fixed,Emerging-8748,OG155921286,2022-05-09,2033-05-06,1000,24,0.0767,A
2A,Fixed,GovBond-4699,JN059730445,2023-08-16,2046-08-10,1000,33,0.0285,AA
2A,Fixed,GovBond-5046,JR618373374,2023-09-20,2048-09-13,500,16,0.0564,AAA
2B,Floating,Foreign-4689,MS808884273,2021-11-15,2049-11-08,500,19,,A
2A,Fixed,GovBond-2538,CJ711967448,2021-03-01,2027-02-28,1000,35,0.0376,AA
2A,Fixed,GovBond-7974,MD475956895,2024-11-17,2044-11-12,500,6,0.0538,AAA
2A,Fixed,GovBond-7987,WC197979316,2021-05-02,2045-04-26,100,48,0.0559,AAA
2B,Floating,Foreign-6692,EW727760254,2025-11-02,2038-10-30,1000,21,,BBB
1,Fixed,SOFR-6449,LJ751806462,2021-05-10,2041-05-05,100,42,0.0239,
2A,Fixed,GovBond-231,FT089366726,2024-03-08,2050-03-02,100,45,0.0749,AA
2A,Fixed,Corp-460,TY431953419,2025-08-31,2039-08-28,1000,38,0.0335,AAA
2A,Fixed,GovBond-8725,ES605984045,2022-12-04,2042-11-29,1000,28,0.0211,AAA
2A,Fixed,Corp-3076,RY146000699,2021-03-07,2028-03-05,1000,49,0.0697,AA
2B,Floating,Emerging-4145,VF473661899,2024-04-30,2038-04-27,1000,25,,A
2A,Fixed,Corp-4532,BI355935259,2023-07-13,2027-07-12,100,21,0.0695,AA
2B,Fixed,Foreign-1358,VQ145760197,2025-07-31,2044-07-26,1000,48,0.0899,A
2A,Fixed,GovBond-5063,LA728386289,2024-07-31,2049-07-25,1000,12,0.0342,AA
2B,Floating,Emerging-335,RW076997048,2022-01-23,2051-01-16,100,17,,A
2A,Fixed,GovBond-7147,BP101286414,2022-12-17,2031-12-15,1000,2,0.0631,AAA
2A,Fixed,GovBond-301,UT782851899,2025-07-14,2029-07-13,1000,50,0.0415,AA
2A,Fixed,Corp-8016,AY970009761,2023-05-20,2039-05-16,1000,26,0.0391,AA
2A,Fixed,GovBond-1600,QA650155705,2021-10-28,2037-10-24,1000,3,0.0701,AA
2A,Fixed,Corp-1879,QY977500895,2025-08-24,2039-08-21,1000,8,0.0243,AA
2A,Fixed,GovBond-2351,VS797204619,2025-05-15,2051-05-09,500,6,0.0497,AA
2B,Fixed,Corp-6230,AW564161305,2022-04-16,2031-04-14,1000,45,0.0717,A
2B,Floating,Emerging-9458,SW526934372,2023-05-29,2047-05-23,100,46,,BBB
2B,Fixed,Corp-4740,YX616537686,2025-07-13,2032-07-11,1000,33,0.0399,BBB
2A,Fixed,GovBond-9273,VM720496675,2024-08-03,2043-07-30,500,44,0.0354,AAA
2B,Fixed,Emerging-5198,FO193598321,2021-05-03,2039-04-29,500,49,0.0385,BBB
2B,Floating,Corp-5893,CT254683308,2022-06-03,2037-05-30,500,36,,BBB
2B,Fixed,Foreign-9858,KK505632108,2022-09-03,2033-08-31,500,48,0.047,BBB
2A,Fixed,GovBond-7322,NO489527023,2025-07-19,2027-07-19,500,1,0.0702,AA
2B,Fixed,Corp-5032,QU522589501,2024-10-22,2054-10-15,100,46,0.0582,A
1,Fixed,SOFR-7191,LV619683089,2021-11-29,2043-11-24,1000,48,0.0331,
1,Floating,TBILL-4355,HC174286984,2021-07-02,2029-06-30,500,7,,
2A,Fixed,Corp-7088,WI593815471,2021-01-06,2033-01-03,100,9,0.0291,AA
2A,Fixed,GovBond-4669,PP273842565,2025-08-21,2054-08-14,1000,3,0.0265,AA
2B,Fixed,Foreign-905,NY928249388,2025-03-19,2032-03-17,1000,13,0.0443,A
2A,Fixed,GovBond-5865,WE193125344,2024-02-10,2032-02-08,1000,33,0.0626,AAA
1,Fixed,SOFR-3393,PY021641051,2022-07-07,2031-07-05,1000,45,0.0104,
1,Floating,GOV-9421,AK117117724,2022-01-20,2039-01-16,500,22,,
2B,Fixed,Corp-7406,WO454099416,2023-02-24,2031-02-22,500,9,0.0686,A
2B,Floating,Emerging-9807,HR154705797,2023-01-20,2026-01-19,1000,29,,BBB
2B,Floating,Corp-3060,XO659615376,2023-04-18,2047-04-12,500,4,,BBB
1,Floating,TBILL-3104,DW644950621,2021-05-06,2049-04-29,500,45,,
2A,Fixed,Corp-5025,OS792378930,2024-04-17,2038-04-14,1000,29,0.0328,AA
2A,Fixed,Corp-9996,SY519746541,2021-05-14,2046-05-08,100,6,0.0335,AA
1,Floating,TBILL-3356,JA023658696,2024-05-27,2037-05-24,100,35,,
1,Floating,TBILL-1382,RU725266752,2021-12-17,2046-12-11,1000,2,,
2B,Floating,Corp-3857,SE445083359,2021-08-18,2039-08-14,100,1,,BBB
1,Fixed,TBILL-9661,AT056161215,2025-05-21,2030-05-20,1000,7,0.0366,
2B,Fixed,Corp-9555,YZ142902852,2022-03-25,2032-03-22,500,36,0.0444,A
2B,Fixed,Emerging-1461,DP937821319,2025-06-18,2054-06-11,1000,34,0.0554,BBB
1,Fixed,TBILL-9979,UU216907444,2023-10-30,2026-10-29,100,6,0.009,
2B,Floating,Emerging-1625,YS928833617,2024-05-09,2051-05-03,1000,17,,A
2A,Fixed,Corp-4309,ZK976173745,2021-06-15,2046-06-09,100,13,0.0545,AA
2A,Fixed,GovBond-8068,PJ861866425,2022-03-31,2027-03-30,500,4,0.0787,AAA
2B,Fixed,Emerging-7382,ZD289849103,2025-11-16,2030-11-15,100,22,0.0528,BBB
1,Floating,GOV-5493,UX005156119,2021-04-23,2050-04-16,1000,50,,
2B,Fixed,Foreign-9964,UO122661356,2024-02-29,2026-02-28,500,44,0.0628,BBB
2B,Fixed,Corp-331,GW183635874,2024-07-13,2035-07-11,100,9,0.0573,A
2B,Fixed,Emerging-4881,CP672625339,2023-10-05,2034-10-02,1000,13,0.0771,BBB
2B,Floating,Foreign-9144,KV190729704,2025-01-27,2044-01-23,100,6,,BBB
2B,Fixed,Foreign-355,GI788263979,2024-08-06,2054-07-30,1000,3,0.0525,A
2A,Fixed,GovBond-4892,MC291631085,2022-12-18,2050-12-11,1000,3,0.0581,AA
2A,Fixed,GovBond-6191,VA686338958,2024-10-20,2043-10-16,500,2,0.0598,AA
2B,Floating,Foreign-7449,SA091517677,2022-05-30,2042-05-25,1000,3,,A
2A,Fixed,GovBond-7316,GO269791643,2024-12-31,2025-12-31,1000,32,0.0253,AA
1,Floating,GOV-1019,LC024555941,2025-01-30,2034-01-28,100,5,,
1,Floating,TBILL-1995,PF169873541,2024-09-21,2046-09-16,1000,48,,
2A,Fixed,Corp-2769,CO017014252,2024-10-04,2033-10-02,100,30,0.0418,AA
2B,Floating,Emerging-3939,ZE810699371,2022-11-24,2039-11-20,500,36,,A
2B,Fixed,Emerging-5067,LB898485336,2023-01-09,2030-01-07,500,48,0.0368,BBB
2B,Floating,Corp-5217,ZQ351730619,2021-02-10,2031-02-08,1000,23,,A
2B,Floating,Corp-5477,FD046807618,2025-02-27,2031-02-26,500,5,,A
2B,Floating,Emerging-2764,OT747661791,2021-07-21,2042-07-16,1000,34,,A
2A,Fixed,GovBond-9553,RS048951486,2022-03-14,2034-03-11,1000,50,0.0673,AAA
2B,Floating,Corp-8625,ND496905668,2023-08-22,2028-08-20,500,45,,BBB
1,Fixed,TBILL-1418,XP992539394,2024-09-13,2029-09-12,1000,50,0.0178,
2A,Fixed,GovBond-1187,DT646456309,2025-09-29,2052-09-22,500,43,0.0464,AA
1,Fixed,GOV-3642,IM188629582,2021-02-23,2043-02-18,1000,42,0.0301,
2A,Fixed,GovBond-1409,LL927897110,2021-01-08,2026-01-07,100,9,0.0382,AAA
2A,Fixed,GovBond-6204,ZR542787420,2023-04-04,2051-03-28,500,26,0.0666,AA
2A,Fixed,GovBond-9984,DR249157449,2021-10-17,2048-10-10,100,14,0.06,AA
2B,Fixed,Foreign-154,FP125335560,2021-03-03,2029-03-01,500,13,0.0802,A
1,Floating,TBILL-4683,DY587998617,2023-11-04,2043-10-30,500,38,,
1,Floating,SOFR-9854,CC659961627,2023-09-25,2044-09-19,500,46,,
2A,Fixed,Corp-8627,CN233664169,2023-12-10,2043-12-05,500,7,0.0554,AA
1,Floating,TBILL-3310,FN568754320,2021-05-11,2026-05-10,500,25,,
2B,Floating,Emerging-8470,OO022375800,2023-09-20,2038-09-16,100,14,,A
2A,Fixed,GovBond-7759,LL636313149,2024-01-31,2046-01-25,100,32,0.0366,AA
1,Floating,SOFR-8845,VA915415319,2023-10-16,2045-10-10,500,30,,
2B,Fixed,Emerging-5031,HF229962691,2025-10-08,2048-10-02,100,29,0.0695,BBB
1,Fixed,GOV-8195,ID897855909,2025-08-28,2045-08-23,100,11,0.0294,
1,Floating,TBILL-7042,UW488688761,2024-07-15,2052-07-08,1000,6,,
2B,Floating,Foreign-8781,GY171045242,2022-07-10,2052-07-02,1000,29,,BBB
2A,Fixed,Corp-5875,KC891104053,2021-07-31,2043-07-26,500,10,0.0687,AA
2B,Fixed,Foreign-5747,EI797601660,2023-07-08,2032-07-05,1000,23,0.0333,A
2A,Fixed,GovBond-8711,VV846166371,2021-08-12,2033-08-09,500,21,0.0252,AAA
2A,Fixed,Corp-3894,MD274022132,2023-12-15,2052-12-07,100,50,0.0716,AAA
1,Floating,GOV-7717,JE792292019,2024-06-05,2038-06-02,1000,8,,
2B,Floating,Foreign-3531,XT600132313,2022-10-03,2042-09-28,500,47,,BBB
2B,Floating,Foreign-9447,AF431342631,2023-09-23,2048-09-16,100,40,,BBB
2A,Fixed,GovBond-2233,VY712657019,2021-09-26,2039-09-22,500,48,0.0668,AAA
2B,Floating,Foreign-5522,LC651885263,2021-08-30,2036-08-26,500,25,,BBB
2B,Fixed,Corp-8744,RX007029273,2022-04-30,2045-04-24,500,40,0.0701,A
1,Fixed,TBILL-2271,LG060271514,2025-11-16,2044-11-11,1000,12,0.0254,
1,Fixed,SOFR-6240,JY877644925,2024-07-17,2042-07-13,500,7,0.029,
2A,Fixed,Corp-2088,TW654241937,2025-02-17,2047-02-12,100,2,0.0319,AA
2A,Fixed,Corp-8915,TF882280144,2022-10-28,2038-10-24,100,42,0.0473,AA
2B,Floating,Corp-6685,UC967089034,2022-01-11,2043-01-06,1000,28,,BBB
2B,Floating,Emerging-3184,KS134927117,2024-01-21,2041-01-16,1000,36,,BBB
1,Fixed,TBILL-4856,AH352431136,2021-07-01,2037-06-27,100,17,0.0068,
1,Floating,TBILL-6341,ZM215460216,2022-06-30,2042-06-25,500,4,,
2B,Floating,Corp-3593,WK132442854,2023-10-26,2053-10-18,100,15,,BBB
1,Fixed,TBILL-9726,HD981491891,2021-10-10,2050-10-03,500,44,0.0137,
2A,Fixed,GovBond-5752,US826347368,2022-10-07,2045-10-01,1000,18,0.043,AA
2A,Fixed,GovBond-4860,CT436527759,2021-05-09,2028-05-07,100,13,0.0613,AA
2A,Fixed,Corp-4594,KJ545376602,2022-01-10,2039-01-06,1000,41,0.0485,AAA
2B,Fixed,Emerging-4173,GX621681705,2022-09-29,2038-09-25,500,16,0.0685,BBB
2B,Floating,Foreign-8589,TL153004530,2021-12-02,2038-11-28,1000,11,,BBB
2A,Fixed,Corp-7533,HL782323480,2023-05-30,2042-05-25,100,50,0.0729,AA
1,Floating,GOV-9704,HO175514402,2024-03-23,2029-03-22,500,32,,
2B,Fixed,Foreign-2027,UG450861010,2022-05-06,2044-04-30,500,40,0.0323,A
2B,Floating,Corp-3107,DU802403397,2021-12-27,2025-12-26,500,5,,A
2B,Fixed,Corp-9336,DH178788436,2025-04-21,2054-04-14,100,48,0.0518,BBB
2A,Fixed,GovBond-5493,DK622857191,2022-01-14,2037-01-10,1000,2,0.0646,AAA
1,Fixed,SOFR-7608,HI677153853,2021-08-04,2050-07-28,500,32,0.0161,
2A,Fixed,GovBond-2696,LX091494465,2023-09-07,2032-09-04,500,27,0.0328,AA
2A,Fixed,Corp-8295,UY057370973,2021-04-26,2030-04-24,1000,43,0.0481,AA
2A,Fixed,GovBond-554,ST119939359,2024-08-01,2047-07-27,1000,22,0.0597,AAA
2A,Fixed,Corp-9388,EV222641966,2021-04-19,2049-04-12,100,14,0.0258,AA
2A,Fixed,Corp-386,BU974149729,2021-09-05,2046-08-30,100,37,0.0696,AA
2A,Fixed,GovBond-3126,QT287419799,2021-08-13,2049-08-06,100,13,0.0522,AAA
2A,Fixed,Corp-6028,IS672667545,2022-11-12,2026-11-11,1000,17,0.0348,AA
2B,Floating,Corp-2908,TT164137609,2024-08-08,2045-08-03,500,27,,A
2B,Fixed,Corp-8730,ES687471636,2025-01-20,2033-01-18,1000,26,0.0618,A
2B,Floating,Corp-4999,NQ163968356,2025-05-12,2044-05-07,1000,38,,BBB
2B,Fixed,Foreign-4448,QC154621568,2024-01-16,2047-01-10,500,31,0.084,A
2A,Fixed,Corp-5742,DB119844409,2022-08-05,2052-07-28,1000,24,0.0493,AA
2B,Floating,Corp-1101,RC669569899,2023-05-13,2032-05-10,500,4,,BBB
2A,Fixed,GovBond-2089,SL925247706,2021-11-07,2033-11-04,1000,30,0.0595,AA
2B,Fixed,Foreign-7722,OY087378636,2024-03-04,2039-03-01,500,39,0.0776,A
2B,Floating,Corp-2712,WF511731033,2024-03-13,2032-03-11,1000,45,,A
1,Floating,SOFR-5670,ML663995915,2021-09-07,2036-09-03,1000,30,,
2A,Fixed,GovBond-1076,ZA886764366,2023-03-15,2034-03-12,100,19,0.067,AA
2B,Floating,Foreign-5130,TH704122448,2024-01-26,2050-01-19,1000,31,,A
2A,Fixed,GovBond-5345,FV591295017,2024-11-03,2036-10-31,1000,11,0.0555,AA
1,Floating,SOFR-5202,RU674289697,2021-09-03,2042-08-29,500,32,,
2A,Fixed,GovBond-2340,CO938316495,2024-01-14,2044-01-09,100,43,0.0787,AA
2B,Floating,Emerging-4988,UK090927073,2023-10-31,2041-10-26,1000,31,,BBB
1,Floating,SOFR-232,NR213442736,2024-09-11,2051-09-05,100,30,,
2B,Floating,Foreign-6019,YE218334940,2025-03-21,2039-03-18,1000,38,,A
2A,Fixed,GovBond-3767,OG701823385,2025-06-07,2046-06-02,100,29,0.0676,AA
1,Fixed,GOV-5584,HX699529494,2021-11-02,2035-10-30,500,19,0.0348,
2B,Floating,Foreign-9633,KW495026426,2025-07-20,2039-07-17,100,45,,BBB
2B,Floating,Corp-5351,KJ643284163,2021-10-16,2038-10-12,1000,27,,BBB
2B,Floating,Corp-1302,JO179948932,2021-02-11,2029-02-09,100,21,,BBB
2B,Floating,Emerging-3121,EW266860442,2020-12-17,2048-12-10,500,26,,A
2A,Fixed,GovBond-3676,NP977841227,2025-01-04,2028-01-04,1000,25,0.054,AAA
2A,Fixed,Corp-7839,HB559284434,2020-12-14,2029-12-12,100,29,0.0337,AAA
2A,Fixed,GovBond-5424,ES817459340,2022-12-04,2029-12-02,1000,29,0.0419,AAA
1,Fixed,SOFR-7512,XD028142260,2023-09-17,2034-09-14,100,14,0.0173,
2A,Fixed,GovBond-8765,NP236602458,2023-07-05,2028-07-03,500,40,0.0441,AAA
2B,Floating,Corp-8123,PH180311414,2022-05-31,2038-05-27,500,27,,BBB
2B,Floating,Emerging-3647,DC868822966,2024-11-16,2029-11-15,1000,50,,A
2B,Floating,Emerging-8797,LE191633939,2024-09-09,2043-09-05,500,40,,BBB
1,Floating,GOV-6399,BL897389093,2020-12-27,2031-12-25,100,38,,
2B,Fixed,Foreign-7758,DT511516274,2021-10-14,2048-10-07,500,48,0.0556,A
2A,Fixed,GovBond-3017,LF236049399,2021-05-13,2030-05-11,500,24,0.0276,AAA
2B,Fixed,Foreign-1357,VK619066213,2021-02-15,2026-02-14,1000,29,0.0338,A
2A,Fixed,GovBond-8418,ZY420359428,2023-08-08,2026-08-07,100,12,0.0221,AA
2A,Fixed,GovBond-3093,VY089009044,2024-03-20,2043-03-16,100,40,0.074,AA
1,Floating,GOV-1631,UT573349942,2025-09-30,2054-09-23,500,1,,
1,Floating,SOFR-3622,GD489155641,2023-11-10,2041-11-05,1000,25,,
2A,Fixed,Corp-5080,GR882856842,2023-07-07,2046-07-01,100,42,0.0215,AA
2B,Fixed,Emerging-6953,SR936243715,2021-08-25,2027-08-24,500,27,0.0687,A
2B,Fixed,Foreign-3436,CW414081833,2024-08-04,2029-08-03,1000,47,0.0586,BBB
2B,Fixed,Foreign-878,TW591996243,2025-08-26,2035-08-24,1000,31,0.0529,BBB
1,Fixed,GOV-558,NY909749575,2022-02-08,2038-02-04,100,47,0.0373,
2A,Fixed,Corp-3298,CI107077046,2021-05-21,2030-05-19,500,31,0.0468,AAA
2B,Floating,Emerging-1106,TQ756438398,2022-04-21,2028-04-19,100,2,,A
2B,Fixed,Emerging-2946,LF904238212,2023-02-04,2026-02-03,500,9,0.0534,A
2B,Fixed,Emerging-6929,NH785630744,2023-03-10,2046-03-04,1000,2,0.0457,A
2A,Fixed,GovBond-981,DW951948428,2023-12-10,2026-12-09,100,41,0.0358,AAA
2A,Fixed,Corp-8931,VT821343003,2021-08-24,2050-08-17,500,50,0.0686,AAA
2B,Floating,Emerging-3490,PI504882181,2024-11-28,2034-11-26,100,50,,A
2A,Fixed,GovBond-7828,HP565063058,2025-07-22,2054-07-15,500,13,0.0293,AA
2A,Fixed,Corp-8065,AJ908435929,2021-09-30,2050-09-23,100,16,0.023,AAA
2B,Floating,Foreign-1159,ES263914651,2022-05-26,2043-05-21,1000,30,,BBB
2B,Floating,Foreign-9389,MU698637478,2023-10-09,2051-10-02,100,29,,A
2A,Fixed,GovBond-4423,VZ875951247,2023-10-07,2049-09-30,1000,34,0.0488,AAA
2B,Fixed,Corp-9244,LQ420790498,2022-05-12,2038-05-08,500,20,0.0739,BBB
2B,Floating,Corp-2229,GT607167905,2020-12-14,2037-12-10,100,19,,A
1,Floating,TBILL-1925,AA501073563,2023-09-05,2031-09-03,1000,49,,
2B,Floating,Corp-5337,FG413384301,2022-02-01,2043-01-27,100,4,,A
2A,Fixed,GovBond-5343,PW626735673,2024-12-15,2026-12-15,500,34,0.0232,AAA
2B,Fixed,Foreign-2313,EP146281712,2023-08-23,2029-08-21,500,31,0.0755,A
2A,Fixed,Corp-448,UC362138796,2025-10-01,2039-09-28,100,4,0.0572,AAA
2B,Floating,Emerging-5821,QL755531088,2021-02-23,2050-02-16,100,30,,BBB
2B,Floating,Corp-3190,KD397928039,2023-03-08,2030-03-06,1000,31,,BBB
2A,Fixed,Corp-423,UO244872918,2024-08-27,2036-08-24,100,44,0.0311,AAA
2A,Fixed,GovBond-1086,PF413270349,2023-05-29,2052-05-21,500,24,0.0394,AA
2B,Fixed,Foreign-5965,PB245445608,2024-04-30,2052-04-23,100,50,0.0739,BBB
1,Floating,GOV-4476,RN509196600,2024-06-24,2032-06-22,1000,42,,
2B,Floating,Emerging-8403,TQ095528116,2023-12-07,2039-12-03,1000,30,,A
2A,Fixed,GovBond-3490,MQ341977995,2022-07-30,2026-07-29,100,31,0.051,AAA
2A,Fixed,GovBond-9356,MA162789372,2023-12-28,2029-12-26,100,47,0.0654,AA
2B,Fixed,Foreign-2023,WM391121227,2023-06-25,2050-06-18,100,42,0.0628,A
2A,Fixed,Corp-2160,MK996803029,2025-03-25,2031-03-24,1000,32,0.0509,AA
2A,Fixed,Corp-9783,JD986468245,2025-03-22,2046-03-17,1000,40,0.0387,AA
2B,Fixed,Corp-3552,XL234101382,2025-09-14,2052-09-07,1000,12,0.0724,BBB
2A,Fixed,GovBond-7777,BY775024146,2023-02-08,2050-02-01,500,12,0.0648,AA
1,Floating,TBILL-8516,WN331616324,2024-04-04,2035-04-02,500,27,,
1,Floating,SOFR-9619,SW007278614,2021-09-15,2032-09-12,1000,23,,
2B,Fixed,Foreign-6571,YN555345595,2024-01-29,2042-01-24,500,43,0.0456,A
2B,Fixed,Corp-2178,IC718268964,2022-07-12,2043-07-07,1000,45,0.0314,BBB
2B,Fixed,Emerging-2398,TE902820395,2025-04-10,2054-04-03,1000,31,0.0887,BBB
1,Fixed,SOFR-1468,OL082306910,2022-07-31,2030-07-29,100,4,0.031,
2B,Fixed,Emerging-1890,WT299371592,2020-11-20,2030-11-18,1000,27,0.0725,A
2B,Fixed,Emerging-1186,QB797248583,2023-09-02,2043-08-28,100,7,0.0891,A
2A,Fixed,Corp-8284,ZY108290445,2022-01-04,2044-12-29,500,40,0.0503,AA
2B,Fixed,Emerging-805,LB457849771,2023-01-15,2031-01-13,1000,42,0.0366,A
2A,Fixed,Corp-5198,NK634658214,2024-07-16,2041-07-12,100,15,0.0392,AA
2B,Floating,Foreign-9395,EI296381703,2025-04-09,2051-04-03,1000,3,,A
1,Fixed,SOFR-9194,CD423137081,2022-04-12,2036-04-08,500,17,0.0202,
1,Floating,SOFR-1876,KB069343581,2022-10-20,2031-10-18,100,6,,
2B,Fixed,Emerging-6919,AA865206292,2021-09-24,2037-09-20,100,16,0.0576,BBB
2A,Fixed,Corp-251,TU368296128,2025-11-16,2053-11-09,100,3,0.0736,AAA
2B,Fixed,Foreign-2594,LD302729265,2023-05-23,2031-05-21,1000,11,0.0345,BBB
2B,Fixed,Emerging-4623,MQ472807732,2021-01-04,2028-01-03,500,19,0.0704,BBB
2A,Fixed,GovBond-9614,FL996898854,2025-01-02,2047-12-28,500,9,0.054,AAA
2B,Fixed,Foreign-9089,FB279756145,2022-05-10,2042-05-05,1000,29,0.0781,A
2A,Fixed,Corp-1518,DR885805683,2023-04-30,2050-04-23,1000,50,0.0701,AA
2B,Floating,Foreign-8407,CY713093387,2023-02-17,2043-02-12,1000,17,,BBB
2A,Fixed,Corp-3840,FE984343667,2023-03-26,2042-03-21,100,23,0.0291,AAA
2B,Fixed,Emerging-3482,CI123296167,2024-09-29,2037-09-26,1000,50,0.0543,A
2A,Fixed,Corp-4542,UN797221089,2023-11-22,2033-11-19,500,39,0.0248,AAA
2B,Fixed,Foreign-2694,ZZ813962967,2024-11-17,2026-11-17,1000,42,0.0766,BBB
2B,Floating,Corp-4703,EU252059580,2021-09-21,2041-09-16,1000,12,,A
2B,Floating,Emerging-881,SB330334144,2024-12-29,2043-12-25,500,11,,BBB
1,Floating,GOV-680,OX783412230,2022-10-29,2032-10-26,100,45,,
2A,Fixed,Corp-8564,NH208530518,2022-10-28,2030-10-26,500,49,0.0612,AA
2A,Fixed,Corp-2374,AN078821620,2022-02-28,2031-02-26,100,44,0.0344,AAA
2A,Fixed,Corp-8927,RZ440725471,2023-09-01,2032-08-29,1000,7,0.0252,AAA
1,Fixed,GOV-6100,MW971228642,2022-05-03,2027-05-02,1000,48,0.0455,
1,Floating,SOFR-4984,XY174801214,2025-06-29,2049-06-23,100,22,,
2B,Floating,Emerging-9849,DC936275046,2025-11-16,2041-11-12,1000,29,,BBB
1,Fixed,GOV-4262,HX895219704,2023-02-13,2042-02-08,1000,19,0.0391,
2A,Fixed,Corp-7005,LH160566375,2021-03-01,2047-02-23,500,12,0.0366,AA
2A,Fixed,GovBond-1852,AB317027575,2023-01-02,2028-01-01,500,28,0.0671,AAA
1,Floating,SOFR-6754,FN165392318,2021-07-16,2027-07-15,100,19,,
2B,Floating,Corp-6272,HB117129382,2021-02-09,2040-02-05,1000,38,,BBB
2A,Fixed,Corp-4183,KB208220009,2021-01-10,2026-01-09,500,32,0.0237,AAA
2A,Fixed,Corp-1463,NN934210068,2022-08-05,2038-08-01,100,19,0.0385,AAA
2A,Fixed,GovBond-6015,ZS145256096,2021-04-15,2049-04-08,100,28,0.0293,AA
2A,Fixed,Corp-8126,ZK804101649,2021-12-05,2048-11-28,1000,41,0.0265,AA
2B,Floating,Corp-9893,OV553656407,2024-05-01,2029-04-30,100,4,,A
2B,Fixed,Foreign-6866,BU082168033,2023-08-15,2046-08-09,1000,22,0.0762,BBB
2B,Fixed,Corp-3747,PG117647595,2021-09-10,2035-09-07,500,25,0.0428,BBB
2A,Fixed,Corp-3120,JS099462426,2023-12-24,2034-12-21,100,36,0.047,AAA
2B,Floating,Emerging-5464,MC848682985,2024-01-06,2045-12-31,500,8,,A
2B,Floating,Corp-7790,HJ749143333,2021-10-30,2029-10-28,500,9,,A
1,Floating,GOV-311,EE815053272,2023-01-02,2044-12-27,100,29,,
2A,Fixed,GovBond-5095,HO990269501,2022-09-30,2046-09-24,1000,20,0.0448,AA
2B,Floating,Foreign-6260,NA593248056,2024-12-01,2046-11-26,1000,40,,A
2A,Fixed,GovBond-6973,UU960416528,2021-05-28,2035-05-25,100,27,0.0241,AA
2B,Floating,Corp-3933,RM490361599,2022-06-21,2028-06-19,100,25,,BBB
2B,Floating,Foreign-1547,ZW281173856,2024-10-02,2026-10-02,1000,16,,BBB
2B,Fixed,Emerging-5765,FR340967612,2021-01-06,2030-01-04,1000,33,0.0572,BBB
1,Fixed,TBILL-6565,ZW448337446,2023-06-13,2041-06-08,100,24,0.0138,
2B,Fixed,Foreign-5633,TI325772992,2022-10-28,2031-10-26,1000,11,0.0776,BBB
2B,Fixed,Foreign-3983,VE229121796,2022-08-14,2038-08-10,100,33,0.0361,A
2B,Floating,Corp-4300,ST742566177,2024-10-18,2052-10-11,1000,16,,BBB
1,Fixed,TBILL-6082,BF573577438,2024-08-07,2048-08-01,500,33,0.0408,
2B,Fixed,Emerging-3159,OP528615853,2021-07-03,2028-07-01,1000,26,0.0579,A
2B,Floating,Corp-4305,SA168348672,2024-08-22,2040-08-18,500,10,,A
2B,Fixed,Corp-7391,JA509501049,2022-10-19,2032-10-16,1000,50,0.069,A
2A,Fixed,Corp-3506,CU191352463,2024-01-03,2036-12-30,500,5,0.0446,AA
1,Fixed,TBILL-8860,XE372663401,2021-11-24,2029-11-22,100,33,0.0263,
2B,Floating,Corp-1647,QR928693868,2021-01-28,2033-01-25,100,18,,A
2B,Floating,Foreign-532,WO061464609,2022-02-11,2027-02-10,100,19,,BBB
2A,Fixed,GovBond-2814,KW234048547,2025-09-01,2037-08-29,500,25,0.0483,AA
2A,Fixed,Corp-1473,QH576650451,2021-08-12,2039-08-08,500,31,0.0784,AA
1,Floating,GOV-4276,HU148338231,2024-07-15,2026-07-15,500,4,,
1,Floating,SOFR-2419,LG961851303,2024-06-26,2048-06-20,1000,44,,
2B,Floating,Foreign-7754,CI798368773,2024-04-23,2035-04-21,1000,12,,A
2A,Fixed,Corp-4275,VV670554976,2021-06-10,2040-06-05,500,43,0.0384,AA
2B,Floating,Emerging-2239,US820068375,2021-08-27,2034-08-24,1000,33,,A
2A,Fixed,GovBond-293,UE960363269,2025-10-23,2033-10-21,1000,16,0.039,AAA
2A,Fixed,GovBond-4808,JS493921502,2025-05-27,2052-05-20,100,25,0.0796,AAA
2B,Fixed,Foreign-2927,UT254004736,2021-10-25,2045-10-19,1000,44,0.0683,BBB
2A,Fixed,GovBond-9938,UI000674661,2025-03-23,2047-03-18,1000,49,0.0439,AA
2A,Fixed,Corp-4564,AG011550163,2025-03-03,2039-02-28,500,13,0.0227,AA
1,Fixed,GOV-2688,OJ789189202,2021-10-02,2039-09-28,1000,13,0.0365,
2B,Fixed,Emerging-1889,EU746191267,2022-12-24,2035-12-21,500,24,0.0693,A
1,Fixed,GOV-2858,EN864678676,2025-05-16,2047-05-11,1000,46,0.0235,
2B,Fixed,Emerging-1338,QM864897727,2021-09-24,2030-09-22,500,49,0.0399,A
2A,Fixed,GovBond-1398,TX096733260,2024-03-14,2031-03-13,1000,26,0.0504,AA
2B,Floating,Foreign-92,BY272688764,2022-02-13,2033-02-10,500,1,,A
2B,Fixed,Emerging-6989,KP578645688,2023-12-01,2046-11-25,500,8,0.0885,A
2A,Fixed,Corp-4516,RR621656959,2025-07-13,2045-07-08,500,31,0.0442,AA
1,Fixed,SOFR-6642,BL441465257,2023-10-19,2027-10-18,500,29,0.0087,
1,Fixed,SOFR-5897,WI933054915,2024-03-28,2036-03-25,500,10,0.0032,
2B,Fixed,Emerging-6447,XG573452139,2021-12-02,2045-11-26,1000,43,0.0681,A
2A,Fixed,GovBond-5806,IH628672238,2022-10-12,2027-10-11,500,48,0.0391,AA
1,Floating,TBILL-3115,HJ941761569,2022-04-14,2032-04-11,100,42,,
2A,Fixed,GovBond-7556,FJ992862392,2023-06-30,2028-06-28,100,11,0.0584,AAA
2B,Floating,Foreign-4891,NC777337666,2025-09-16,2040-09-12,100,35,,BBB
2B,Floating,Corp-5889,NE634015071,2025-03-02,2027-03-02,100,6,,BBB
2B,Fixed,Emerging-182,AR284090984,2024-07-19,2054-07-12,500,19,0.0721,A
2A,Fixed,GovBond-1684,HQ654695062,2023-05-02,2033-04-29,500,37,0.0639,AA
2B,Fixed,Emerging-8934,XM002810151,2025-09-26,2030-09-25,1000,28,0.0315,BBB
2A,Fixed,Corp-7981,MD457047511,2022-11-28,2043-11-23,1000,29,0.0636,AAA
2A,Fixed,Corp-4339,IA860537119,2022-12-23,2042-12-18,1000,40,0.0467,AAA
2B,Floating,Emerging-347,NL884589376,2022-07-06,2026-07-05,500,17,,BBB
2A,Fixed,Corp-2012,PF363941577,2023-09-15,2040-09-10,1000,22,0.0368,AAA
2B,Floating,Emerging-3382,VI904190796,2025-08-06,2055-07-30,500,31,,A
1,Fixed,SOFR-5164,YM042756920,2023-03-03,2050-02-24,100,27,0.0258,
2A,Fixed,GovBond-9925,RQ078539330,2025-05-05,2034-05-03,100,30,0.0224,AA
2B,Fixed,Foreign-4920,UI610798475,2021-06-16,2043-06-11,1000,33,0.0659,BBB
2A,Fixed,GovBond-617,KB142479400,2023-02-22,2051-02-15,500,16,0.0383,AA
2A,Fixed,GovBond-4462,IC981457736,2025-11-05,2055-10-29,1000,19,0.0439,AAA
2A,Fixed,Corp-5897,EC997638549,2023-08-09,2031-08-07,100,25,0.036,AAA
1,Fixed,GOV-3182,VO704941948,2021-07-05,2042-06-30,500,37,0.0131,
2A,Fixed,GovBond-5567,JT326340132,2024-07-05,2035-07-03,500,7,0.0206,AA
2B,Floating,Foreign-9883,BF293073051,2021-03-29,2045-03-23,500,16,,A
2A,Fixed,Corp-4861,VQ060725848,2025-10-30,2055-10-23,500,47,0.0328,AA
2A,Fixed,Corp-1076,EF782080767,2024-12-06,2040-12-02,1000,13,0.0234,AA
2A,Fixed,Corp-5576,UB134020383,2023-06-30,2036-06-26,100,32,0.0373,AAA
2A,Fixed,Corp-5960,HF354646724,2024-07-23,2050-07-17,100,1,0.0348,AAA
2A,Fixed,Corp-3364,TC093634490,2024-05-30,2035-05-28,500,39,0.062,AAA
2A,Fixed,GovBond-2382,ZJ081588323,2025-06-04,2039-06-01,500,19,0.0538,AAA
2A,Fixed,Corp-2706,OR685944307,2025-01-07,2041-01-03,500,20,0.0599,AA
2B,Floating,Emerging-5502,LD532431965,2021-02-17,2038-02-13,100,47,,BBB
2B,Floating,Foreign-6973,MK765973811,2021-09-05,2049-08-29,1000,50,,A
2B,Fixed,Emerging-4532,KE585811407,2022-07-23,2026-07-22,100,10,0.0425,BBB
2A,Fixed,GovBond-4996,LX100542248,2024-01-31,2052-01-24,500,12,0.0295,AA
2B,Floating,Corp-6933,AV924692956,2024-07-14,2040-07-10,100,43,,BBB
2B,Floating,Foreign-6207,MN991044449,2025-06-19,2039-06-16,1000,1,,A
1,Floating,GOV-7057,AO199380526,2022-02-26,2028-02-25,100,49,,
2B,Floating,Emerging-6479,DP431694426,2024-01-11,2028-01-10,1000,13,,A
2B,Fixed,Emerging-8895,YH372289205,2022-05-10,2042-05-05,1000,42,0.0648,BBB
2B,Fixed,Corp-388,CJ050449689,2025-07-09,2051-07-03,100,39,0.0467,BBB
1,Floating,GOV-7039,HB812874184,2023-06-03,2038-05-30,500,18,,
1,Floating,GOV-5501,QA532045692,2024-10-21,2028-10-20,500,47,,
2B,Floating,Foreign-5450,GA028719263,2021-10-01,2032-09-28,100,36,,A
2A,Fixed,GovBond-6991,OE974704667,2025-09-02,2034-08-31,500,47,0.0563,AAA
1,Fixed,SOFR-4105,EJ952391704,2024-08-08,2050-08-02,1000,36,0.0223,
2A,Fixed,Corp-3428,FD026826324,2022-05-05,2048-04-28,1000,5,0.0487,AA
2B,Fixed,Emerging-5374,BM668347945,2023-02-05,2033-02-02,1000,9,0.0515,A
2A,Fixed,GovBond-7094,CB957866068,2024-03-08,2048-03-02,100,11,0.029,AA
2A,Fixed,GovBond-2377,ET676131322,2024-03-25,2038-03-22,100,30,0.0331,AA
1,Floating,TBILL-2282,GX703760246,2021-04-10,2042-04-05,1000,12,,
1,Fixed,GOV-2783,GM199164821,2025-07-18,2052-07-11,500,11,0.0172,
1,Fixed,SOFR-7011,WE302313555,2021-04-25,2028-04-23,100,22,0.0131,
2A,Fixed,GovBond-2775,OL582353283,2024-07-03,2051-06-27,500,5,0.0574,AAA
2A,Fixed,Corp-8172,EK161640899,2023-11-06,2044-10-31,1000,25,0.0304,AA
2B,Fixed,Emerging-7627,SD895946090,2024-09-23,2038-09-20,100,39,0.0455,A
2B,Fixed,Foreign-9889,NG091294600,2022-01-15,2049-01-08,1000,27,0.0366,BBB
2A,Fixed,GovBond-6725,BH718395993,2022-04-08,2027-04-07,100,12,0.0394,AAA
2A,Fixed,Corp-646,NA240057956,2022-02-16,2050-02-09,1000,22,0.0608,AA
2B,Floating,Emerging-7431,PB579869159,2024-02-14,2034-02-11,1000,46,,BBB
2A,Fixed,GovBond-750,YS525044244,2024-07-09,2032-07-07,1000,48,0.0615,AA
2A,Fixed,Corp-837,PO498047069,2025-07-14,2043-07-10,100,9,0.0353,AA
2B,Floating,Corp-6788,LN757765230,2023-08-14,2034-08-11,100,11,,BBB
1,Floating,TBILL-5559,MU195431689,2025-09-11,2039-09-08,1000,47,,
1,Fixed,TBILL-9831,YK722571633,2022-04-10,2049-04-03,100,26,0.0475,
1,Fixed,GOV-3612,GV843281638,2023-10-25,2050-10-18,1000,14,0.0015,
2A,Fixed,Corp-963,FE714072381,2021-02-14,2034-02-11,500,15,0.044,AAA
2B,Fixed,Foreign-4908,VS293311092,2023-07-12,2046-07-06,100,28,0.0826,BBB
2B,Fixed,Foreign-619,HN277191723,2024-12-24,2027-12-24,500,43,0.0876,BBB
1,Floating,SOFR-7052,VQ783581706,2024-06-01,2051-05-26,100,31,,
2A,Fixed,Corp-4298,QA516444032,2025-06-04,2042-05-31,1000,20,0.0286,AAA
2B,Floating,Corp-8072,CV734523371,2021-12-09,2051-12-02,500,3,,BBB
2B,Fixed,Foreign-5945,BP065541262,2022-11-05,2046-10-30,1000,14,0.0364,BBB
2A,Fixed,GovBond-7871,XP084588418,2023-08-22,2053-08-14,100,7,0.0617,AAA
2A,Fixed,GovBond-3295,ZD556921463,2025-05-31,2051-05-25,1000,20,0.0409,AA
2A,Fixed,Corp-4001,NS535954566,2022-01-14,2039-01-10,100,10,0.0444,AAA
2A,Fixed,Corp-3080,HU036377266,2025-08-01,2028-07-31,100,41,0.0246,AA
2A,Fixed,GovBond-8454,MS316902260,2025-03-01,2038-02-26,1000,13,0.0703,AA
2B,Fixed,Foreign-5353,JF960152580,2021-03-12,2027-03-11,1000,6,0.0833,A
2A,Fixed,Corp-8720,VQ396128426,2023-11-07,2043-11-02,500,27,0.0352,AAA
1,Floating,SOFR-5019,XL263102262,2023-10-18,2047-10-12,100,40,,
2B,Floating,Foreign-7613,EZ810083402,2024-04-14,2026-04-14,500,17,,A
2B,Fixed,Corp-5423,MP262216660,2025-07-10,2036-07-07,500,38,0.0792,BBB
2A,Fixed,Corp-2500,NL570196342,2023-11-26,2028-11-24,500,36,0.0622,AAA
2A,Fixed,Corp-3821,II445949532,2023-08-28,2040-08-23,100,1,0.0371,AAA
2B,Fixed,Foreign-1978,RA995727119,2022-10-26,2045-10-20,1000,17,0.0333,BBB
1,Fixed,TBILL-3570,FH145749926,2021-11-02,2031-10-31,500,25,0.0232,
2A,Fixed,GovBond-3191,JJ755267642,2023-09-08,2029-09-06,100,21,0.0272,AA
2B,Floating,Emerging-7097,NB602770740,2025-03-25,2028-03-24,1000,36,,BBB
2B,Fixed,Foreign-2706,IO422658332,2025-09-19,2048-09-13,1000,8,0.056,BBB
1,Floating,GOV-2080,BF568312065,2022-03-31,2047-03-25,100,21,,
2A,Fixed,GovBond-4469,TM323011523,2023-09-09,2034-09-06,1000,4,0.0625,AA
2A,Fixed,Corp-1930,SA478252878,2024-04-15,2039-04-12,500,14,0.0506,AAA
2B,Fixed,Foreign-3954,WY129394037,2023-10-09,2041-10-04,1000,40,0.0787,A
2B,Floating,Emerging-6544,JS397397890,2025-01-22,2036-01-20,100,25,,A
2A,Fixed,Corp-1225,AP244626254,2022-04-23,2040-04-18,1000,12,0.0487,AA
2B,Fixed,Emerging-581,WP569209018,2024-05-19,2047-05-14,100,31,0.0718,A
2B,Fixed,Emerging-9273,FS717258694,2021-03-01,2048-02-23,100,25,0.0839,BBB
2A,Fixed,GovBond-218,VC768705286,2025-08-07,2043-08-03,100,38,0.0675,AA
1,Floating,SOFR-6169,RD839822320,2023-06-25,2042-06-20,100,28,,
2B,Fixed,Foreign-4184,RS095914456,2024-03-17,2044-03-12,100,48,0.0782,BBB
2B,Fixed,Emerging-876,SV419604184,2025-08-27,2035-08-25,100,19,0.0623,BBB
2A,Fixed,GovBond-9698,HP900974033,2024-11-22,2038-11-19,500,37,0.0587,AAA
2A,Fixed,GovBond-5915,CN185554604,2022-06-12,2027-06-11,500,15,0.051,AAA
2B,Fixed,Corp-7795,OE009584283,2021-03-25,2043-03-20,100,4,0.0854,BBB
2A,Fixed,GovBond-7639,LX359729542,2023-11-07,2033-11-04,100,18,0.0517,AA
2B,Fixed,Corp-6783,SI507224730,2022-10-10,2040-10-05,1000,24,0.0693,A
2A,Fixed,Corp-7610,PJ791479975,2021-04-05,2035-04-02,500,20,0.033,AAA
1,Floating,SOFR-8897,LS594557108,2025-08-27,2042-08-23,100,42,,
1,Floating,SOFR-441,MX713162063,2024-10-14,2052-10-07,100,32,,
1,Fixed,TBILL-6651,AG033995640,2021-06-06,2047-05-31,1000,17,0.0007,
2B,Fixed,Foreign-7387,SA737084460,2024-07-25,2042-07-21,100,29,0.0678,A
2A,Fixed,Corp-9545,DN044449790,2024-05-08,2034-05-06,500,27,0.0602,AA
2B,Fixed,Emerging-5300,UE568321086,2022-05-25,2045-05-19,1000,20,0.0844,BBB
2A,Fixed,GovBond-3284,QF226901347,2024-04-03,2036-03-31,1000,1,0.0576,AAA
2B,Fixed,Foreign-1208,ZB389886646,2023-09-29,2052-09-21,500,33,0.0316,A
1,Floating,GOV-950,YI063666477,2022-10-05,2043-09-30,500,43,,
2A,Fixed,GovBond-6003,FB952909404,2021-02-12,2026-02-11,1000,27,0.0719,AAA
2A,Fixed,Corp-5916,HW938121009,2022-10-20,2035-10-17,1000,15,0.0352,AAA
1,Fixed,SOFR-5674,EI129325541,2021-01-02,2041-12-28,100,1,0.0063,
2A,Fixed,GovBond-6547,UC075593006,2021-09-12,2051-09-05,500,3,0.0698,AA
1,Fixed,SOFR-6641,JD753562295,2023-06-02,2028-05-31,100,21,0.0323,
2B,Fixed,Foreign-2959,IV191749439,2022-07-06,2032-07-03,100,3,0.038,BBB
2A,Fixed,GovBond-1451,LC187504178,2023-12-16,2049-12-09,1000,13,0.0599,AA
2A,Fixed,Corp-9451,YO835151274,2025-10-05,2043-10-01,100,26,0.0755,AA
2B,Floating,Corp-7902,TK330496777,2025-07-29,2045-07-24,100,2,,A
2B,Fixed,Foreign-3107,RB795822906,2025-01-01,2038-12-29,100,15,0.0487,A
1,Fixed,GOV-6589,KY732532013,2023-02-02,2049-01-26,500,24,0.0028,
2B,Fixed,Foreign-4293,ZT560585467,2023-04-23,2047-04-17,100,40,0.0401,BBB
2B,Floating,Corp-3237,NO784658666,2024-10-16,2029-10-15,1000,36,,BBB
2B,Floating,Emerging-4131,OP571078629,2025-05-08,2029-05-07,500,17,,BBB
2B,Floating,Foreign-7707,IC297622863,2022-11-16,2047-11-10,500,41,,A
2A,Fixed,Corp-775,ZG629763305,2021-12-25,2025-12-24,500,14,0.0298,AA
2B,Fixed,Foreign-2323,WJ170608422,2023-03-15,2051-03-08,100,6,0.0724,BBB
2B,Floating,Emerging-8985,ES110840085,2022-03-03,2027-03-02,1000,45,,A
2B,Floating,Corp-5329,RB095406090,2021-02-19,2044-02-14,500,50,,A
1,Fixed,TBILL-6496,MZ870449963,2024-03-16,2047-03-11,1000,41,0.0496,
2A,Fixed,Corp-1086,JL104463564,2022-01-20,2047-01-14,1000,19,0.0655,AAA
2B,Fixed,Foreign-1826,IH217855259,2022-09-04,2046-08-29,100,43,0.0562,BBB
2B,Floating,Corp-8064,YW386396909,2024-07-09,2050-07-03,500,7,,BBB
2A,Fixed,Corp-2004,IY837431149,2021-04-09,2036-04-05,100,36,0.0696,AAA
2A,Fixed,GovBond-7201,KF259091531,2024-10-23,2041-10-19,500,42,0.0705,AAA
2B,Fixed,Corp-37,WJ090578827,2020-12-05,2038-12-01,100,3,0.0438,A
1,Fixed,SOFR-8613,QP264035697,2023-02-10,2044-02-05,500,43,0.0206,
2A,Fixed,Corp-731,DP484020949,2024-09-27,2030-09-26,100,43,0.0711,AA
2A,Fixed,GovBond-7528,IS393402606,2024-11-01,2026-11-01,1000,43,0.0569,AAA
2A,Fixed,Corp-8374,AG713165776,2025-01-12,2055-01-05,500,17,0.0745,AAA
1,Fixed,GOV-5889,VV747018410,2024-04-15,2038-04-12,1000,11,0.0393,
2B,Floating,Emerging-6581,IV721340669,2021-03-09,2044-03-03,500,4,,A
1,Floating,GOV-6839,ON952226238,2024-09-15,2036-09-12,100,18,,
2B,Fixed,Foreign-8363,ZB918147667,2024-09-01,2046-08-27,100,46,0.0428,A
2B,Floating,Emerging-6064,QL808109832,2023-07-31,2042-07-26,100,42,,A
2A,Fixed,GovBond-9139,NZ733476235,2021-12-21,2039-12-17,100,19,0.029,AA
2A,Fixed,Corp-3464,SY336313017,2025-08-24,2052-08-17,1000,24,0.0596,AAA
2B,Floating,Corp-7457,ST166439406,2021-11-26,2029-11-24,1000,27,,A
2A,Fixed,Corp-5923,BR119849249,2021-11-21,2026-11-20,100,37,0.0476,AA
2B,Floating,Emerging-3182,PZ679072793,2021-04-08,2032-04-05,500,37,,BBB
2B,Floating,Emerging-9702,WU164404454,2022-04-28,2026-04-27,1000,9,,BBB
2A,Fixed,Corp-298,MW676055889,2022-03-18,2048-03-11,500,36,0.0734,AA
2B,Floating,Corp-9111,DS537630404,2022-05-04,2036-04-30,100,34,,A
2B,Floating,Corp-1771,HY541812474,2021-11-21,2033-11-18,500,13,,BBB
2B,Fixed,Corp-9551,AO923720723,2025-06-12,2036-06-09,100,15,0.0556,A
2B,Fixed,Corp-2423,OQ515213395,2023-10-27,2026-10-26,1000,32,0.0786,A
2A,Fixed,Corp-7938,SJ441305750,2024-03-26,2037-03-23,1000,20,0.0565,AA
2A,Fixed,Corp-8825,PH585050392,2025-09-15,2042-09-11,500,4,0.0735,AA
2A,Fixed,Corp-5512,QJ207310223,2025-07-19,2048-07-13,100,23,0.0412,AAA
2B,Floating,Emerging-7557,JQ618091498,2021-11-01,2035-10-29,1000,45,,A
2B,Floating,Emerging-1616,ZF850992449,2024-11-10,2029-11-09,100,33,,BBB
2B,Floating,Foreign-2560,CM669865050,2022-05-10,2042-05-05,1000,36,,BBB
2A,Fixed,Corp-8152,HS151204475,2024-04-09,2040-04-05,1000,23,0.0377,AA
2B,Fixed,Emerging-9289,TN285718153,2023-07-01,2026-06-30,500,40,0.0816,A
1,Fixed,SOFR-5791,VQ890755250,2021-06-03,2036-05-30,500,22,0.027,
2A,Fixed,Corp-4807,TC942275394,2022-01-12,2045-01-06,1000,20,0.0359,AAA
2A,Fixed,Corp-597,YV107818334,2024-02-07,2034-02-04,100,21,0.045,AA
2B,Fixed,Foreign-7317,JU355141675,2023-02-26,2041-02-21,500,39,0.0791,BBB
2A,Fixed,GovBond-106,XB178004162,2025-03-18,2049-03-12,500,3,0.0679,AAA
2A,Fixed,Corp-674,LG878086762,2022-06-30,2052-06-22,500,2,0.0278,AAA
2A,Fixed,GovBond-7676,IR611968402,2023-12-16,2027-12-15,1000,25,0.0506,AA
2A,Fixed,GovBond-4162,YL049053901,2025-02-13,2033-02-11,1000,30,0.0718,AAA
2B,Fixed,Foreign-1449,SX862860247,2024-05-03,2033-05-01,100,43,0.0429,BBB
2B,Floating,Emerging-4753,PP111613224,2022-03-28,2031-03-26,500,30,,BBB
2A,Fixed,Corp-7713,ZI621159039,2023-10-23,2050-10-16,1000,4,0.0263,AAA
2A,Fixed,Corp-4710,MF615365965,2025-05-21,2029-05-20,100,15,0.0567,AA
2A,Fixed,Corp-1674,UA213638503,2023-05-24,2027-05-23,500,12,0.0574,AA
2A,Fixed,GovBond-4255,UG081033614,2024-12-16,2030-12-15,500,2,0.049,AA
2A,Fixed,Corp-4638,ZD975350336,2022-06-09,2038-06-05,1000,1,0.0736,AA
2B,Fixed,Foreign-1773,ZW731975855,2025-06-30,2049-06-24,500,8,0.0471,A
2B,Floating,Corp-8258,YM971277656,2023-05-03,2031-05-01,500,45,,BBB
1,Fixed,SOFR-7464,CF272575495,2023-04-03,2046-03-28,500,12,0.0208,
1,Floating,TBILL-7550,BO482534903,2024-09-30,2046-09-25,100,47,,
2B,Floating,Foreign-6364,NV998436402,2022-07-10,2031-07-08,1000,25,,BBB
2A,Fixed,GovBond-6274,PD140598893,2023-08-25,2046-08-19,100,38,0.0539,AA
2A,Fixed,GovBond-8165,LG946572034,2023-01-21,2047-01-15,1000,41,0.0769,AAA
2B,Fixed,Emerging-217,KJ453009282,2021-10-04,2050-09-27,100,17,0.0359,BBB
2B,Fixed,Foreign-9514,JB986411492,2022-05-12,2031-05-10,1000,1,0.0894,A
2B,Floating,Foreign-9820,MZ800172755,2021-08-27,2042-08-22,500,16,,BBB
2A,Fixed,Corp-9567,KJ551269547,2022-09-11,2034-09-08,1000,12,0.0336,AA
2B,Floating,Foreign-2833,GK645792967,2021-09-29,2045-09-23,1000,50,,BBB
2B,Floating,Corp-2118,VW000628968,2023-04-10,2041-04-05,1000,26,,A
2B,Floating,Corp-9465,WA970142244,2022-06-01,2032-05-29,100,7,,BBB
2B,Fixed,Emerging-9196,PY990293324,2022-01-05,2046-12-30,100,49,0.054,A
2A,Fixed,Corp-8437,UM288218183,2022-12-20,2051-12-13,100,13,0.0328,AAA
1,Floating,SOFR-9573,XH875907886,2024-05-22,2051-05-16,100,27,,
2A,Fixed,GovBond-8840,UE463305091,2022-12-11,2043-12-06,100,35,0.0756,AAA
2A,Fixed,GovBond-6793,NF909232343,2024-10-08,2036-10-05,500,46,0.0339,AA
2A,Fixed,Corp-4535,ZB454349436,2021-08-13,2032-08-10,100,47,0.0228,AA
2B,Floating,Foreign-1247,YU803221178,2024-08-21,2046-08-16,1000,42,,BBB
2B,Fixed,Emerging-4520,KU237385194,2025-05-09,2038-05-06,100,9,0.0663,BBB
2A,Fixed,Corp-4857,XO355388896,2023-01-10,2032-01-08,1000,46,0.0536,AA
2A,Fixed,Corp-3146,JA006774127,2022-09-14,2051-09-07,500,35,0.0476,AAA
2B,Fixed,Emerging-3672,GX340597699,2025-05-04,2047-04-29,1000,4,0.0489,BBB
2B,Floating,Corp-7395,SE499940900,2023-10-15,2037-10-11,100,43,,BBB
2B,Floating,Emerging-1038,BF796282746,2023-01-01,2028-12-30,1000,48,,BBB
2A,Fixed,GovBond-6369,KX254811051,2022-01-28,2050-01-21,1000,3,0.0741,AA
2B,Fixed,Foreign-9043,BS322578534,2024-07-13,2036-07-10,1000,48,0.0332,BBB
1,Floating,SOFR-3766,TM989652639,2025-07-14,2037-07-11,500,30,,
2A,Fixed,GovBond-6594,KP972397291,2022-09-28,2052-09-20,1000,22,0.0689,AAA
2B,Floating,Corp-8177,EY619917211,2023-08-02,2048-07-26,1000,27,,A
2A,Fixed,Corp-8993,WN006310198,2021-12-03,2039-11-29,1000,5,0.0487,AA
2B,Fixed,Emerging-7671,VB720085965,2024-08-16,2029-08-15,500,21,0.0575,BBB
2B,Floating,Emerging-2682,HV266624809,2020-12-19,2043-12-14,1000,36,,BBB
2A,Fixed,Corp-9609,TH692794519,2021-08-21,2027-08-20,1000,46,0.0677,AA
2A,Fixed,GovBond-4473,PN932337111,2022-08-07,2049-07-31,500,32,0.0447,AAA
2A,Fixed,Corp-4635,EG674283022,2022-01-30,2049-01-23,1000,23,0.0464,AA
2A,Fixed,GovBond-2465,PW683463213,2025-04-11,2048-04-05,1000,33,0.0412,AA
1,Floating,TBILL-4772,TU104578055,2024-04-06,2054-03-30,1000,17,,
1,Floating,TBILL-2982,FH115293168,2025-01-26,2043-01-22,1000,26,,
2A,Fixed,GovBond-2762,YN315987906,2024-01-27,2040-01-23,500,27,0.0641,AA
1,Floating,TBILL-4877,OH681768935,2023-09-02,2049-08-26,1000,39,,
2A,Fixed,Corp-5476,YH876322612,2025-05-14,2037-05-11,1000,26,0.0276,AAA
2B,Fixed,Foreign-3132,UA067442145,2023-08-19,2027-08-18,1000,44,0.0557,BBB
2B,Fixed,Corp-7872,FV073954057,2022-06-25,2026-06-24,1000,8,0.0487,A
2B,Floating,Foreign-2898,JJ900069907,2022-04-01,2037-03-28,500,11,,A
1,Floating,GOV-5349,JT624848994,2021-06-01,2044-05-26,100,14,,
2B,Floating,Emerging-9964,YN274222902,2023-02-27,2041-02-22,1000,44,,BBB
2B,Fixed,Corp-9817,JI045325851,2024-11-27,2034-11-25,100,13,0.0635,A
1,Fixed,TBILL-6504,TO047410043,2022-07-04,2052-06-26,500,15,0.04,
1,Floating,GOV-191,DM290940438,2021-07-24,2041-07-19,500,8,,
2B,Fixed,Foreign-4441,GB323410031,2024-12-01,2042-11-27,500,1,0.0677,BBB
2B,Fixed,Emerging-1804,SH796645335,2023-07-20,2042-07-15,1000,30,0.0849,A
1,Fixed,TBILL-8059,DU065336079,2025-10-31,2037-10-28,1000,24,0.0322,
2A,Fixed,GovBond-1236,JI419199068,2023-04-12,2053-04-04,100,31,0.0727,AAA
1,Fixed,GOV-6324,SB411722551,2023-04-06,2030-04-04,100,6,0.0304,
2B,Floating,Foreign-8782,RW303811176,2025-05-21,2044-05-16,1000,4,,BBB
2A,Fixed,Corp-206,CZ548102703,2022-06-12,2036-06-08,1000,14,0.0405,AA
2B,Floating,Corp-1152,UH396354861,2022-12-06,2037-12-02,1000,5,,BBB
2B,Fixed,Emerging-3963,SA739624794,2021-01-10,2031-01-08,500,3,0.042,BBB
1,Fixed,GOV-953,ZP863420657,2025-11-12,2031-11-11,1000,23,0.0407,
1,Fixed,SOFR-9305,IB457935817,2022-06-27,2033-06-24,1000,11,0.0063,
2A,Fixed,GovBond-466,AG530008120,2022-11-01,2027-10-31,100,50,0.0455,AA
2B,Floating,Foreign-6107,XY423761225,2025-02-10,2045-02-05,1000,37,,A
2B,Floating,Emerging-38,PC310656401,2020-12-17,2025-12-16,100,15,,BBB
2A,Fixed,GovBond-6456,OW116523586,2022-10-13,2033-10-10,100,39,0.0508,AAA
2B,Fixed,Emerging-3929,ZK769342600,2025-01-27,2047-01-22,1000,30,0.0377,BBB
2A,Fixed,GovBond-6135,SZ479405477,2022-03-26,2038-03-22,1000,1,0.027,AAA
2B,Floating,Foreign-6276,XX542113878,2022-05-20,2047-05-14,1000,21,,A
2B,Fixed,Emerging-8162,WY332595044,2024-02-17,2050-02-10,500,2,0.0836,A
2A,Fixed,GovBond-8910,QX105574973,2025-10-11,2028-10-10,500,15,0.0778,AAA
2A,Fixed,Corp-8408,YY562220869,2024-02-08,2047-02-02,100,24,0.0326,AAA
1,Floating,TBILL-4506,ZE113716668,2021-05-17,2028-05-15,100,1,,
1,Fixed,GOV-4760,RK604134574,2022-09-06,2026-09-05,500,42,0.0069,
1,Fixed,GOV-4634,WT045757449,2022-04-08,2038-04-04,1000,3,0.021,
1,Fixed,GOV-2454,KL242293693,2025-10-27,2039-10-24,1000,14,0.0169,
2A,Fixed,GovBond-1470,TP705750720,2022-02-26,2052-02-19,500,37,0.0792,AA
2B,Floating,Foreign-8202,QC777021366,2024-06-30,2026-06-30,500,8,,BBB
1,Fixed,SOFR-6911,ED491291513,2021-05-26,2037-05-22,100,43,0.0031,
2A,Fixed,Corp-7383,FT619036805,2025-10-12,2032-10-10,100,38,0.0211,AA
2B,Fixed,Foreign-7369,IT631972707,2025-11-06,2026-11-06,500,2,0.0735,BBB
1,Fixed,SOFR-6715,VJ376116013,2021-04-27,2041-04-22,500,10,0.0078,
2A,Fixed,Corp-7717,TV402260034,2021-04-12,2044-04-06,100,46,0.0307,AA
2B,Fixed,Emerging-4721,SQ682896873,2021-04-28,2047-04-22,500,9,0.0623,A
2B,Floating,Corp-9489,RS973976852,2024-02-09,2026-02-08,1000,5,,A
2B,Fixed,Emerging-2729,CU215562412,2023-03-03,2041-02-26,1000,50,0.0399,BBB
2A,Fixed,Corp-1932,GH871319181,2021-01-18,2050-01-11,100,1,0.0755,AA
2B,Floating,Foreign-3105,TY314112315,2024-03-01,2032-02-28,500,50,,BBB
2B,Fixed,Emerging-6528,NY244856024,2023-11-25,2050-11-18,1000,20,0.0622,BBB
1,Fixed,SOFR-7422,CP898506230,2023-11-21,2049-11-14,100,31,0.029,
1,Floating,SOFR-4035,UF075851445,2022-08-20,2028-08-18,500,9,,
2B,Floating,Corp-8995,JI905034047,2023-03-28,2035-03-25,500,25,,BBB
2B,Fixed,Foreign-9622,VT221207721,2024-07-21,2036-07-18,500,24,0.0635,BBB
2B,Fixed,Emerging-3296,XQ318998864,2021-09-24,2039-09-20,500,46,0.0878,BBB
2A,Fixed,GovBond-5671,GM263945266,2021-03-16,2048-03-09,1000,12,0.0441,AA
2B,Fixed,Foreign-5970,AL146574791,2025-06-05,2054-05-29,1000,4,0.0775,BBB
2A,Fixed,GovBond-6057,WY702588329,2025-10-10,2051-10-04,100,24,0.0447,AA
2A,Fixed,GovBond-1414,RE642392741,2025-06-25,2053-06-18,100,31,0.0266,AA
2B,Fixed,Corp-8740,VK400323560,2021-10-19,2028-10-17,100,46,0.035,A
2B,Fixed,Emerging-4289,BK691889260,2022-01-20,2039-01-16,500,47,0.0889,A
2A,Fixed,Corp-3291,FW100254521,2025-04-02,2030-04-01,100,1,0.0557,AA
2A,Fixed,Corp-2528,GD119930019,2023-08-20,2045-08-14,1000,18,0.0422,AA
2B,Floating,Foreign-2126,FM521775996,2022-11-24,2031-11-22,500,3,,A
2A,Fixed,GovBond-543,IT578415216,2024-03-25,2027-03-25,500,4,0.0748,AAA
2B,Fixed,Corp-2206,HI708004517,2024-06-26,2052-06-19,1000,35,0.0449,BBB
2A,Fixed,GovBond-60,RS887571247,2021-03-23,2035-03-20,1000,12,0.0624,AA
2B,Fixed,Foreign-5545,XS698655635,2024-06-04,2043-05-31,100,7,0.0874,A
1,Floating,SOFR-8879,XZ748124982,2023-05-15,2049-05-08,500,49,,
2B,Floating,Emerging-4987,WA054286737,2022-05-24,2034-05-21,100,20,,A
2B,Fixed,Emerging-3732,FP276626975,2022-04-21,2029-04-19,1000,31,0.052,BBB
2B,Fixed,Emerging-2929,IH747238302,2021-05-21,2038-05-17,1000,1,0.0329,BBB
2B,Floating,Foreign-9062,OW234484341,2022-12-20,2039-12-16,1000,7,,A
2A,Fixed,GovBond-8090,HS859738612,2023-02-18,2027-02-17,1000,15,0.038,AAA
1,Fixed,GOV-8242,ZB735784237,2023-12-13,2044-12-07,100,23,0.0175,
2A,Fixed,Corp-1838,CI153542092,2022-04-06,2042-04-01,100,11,0.0472,AA
2A,Fixed,GovBond-5115,LD644656089,2022-10-28,2035-10-25,1000,44,0.0707,AA
2A,Fixed,Corp-8769,PH143594891,2025-08-10,2039-08-07,100,35,0.0683,AAA
1,Fixed,TBILL-9262,FZ620424655,2024-11-23,2047-11-18,500,36,0.0014,
2B,Floating,Foreign-54,YX156539173,2023-09-28,2034-09-25,500,6,,A
2B,Fixed,Emerging-3395,HY974287680,2023-11-30,2049-11-23,100,17,0.0677,BBB
2B,Floating,Corp-4884,MX951627321,2022-10-11,2046-10-05,500,6,,BBB
1,Floating,TBILL-7309,FP312897049,2022-02-11,2032-02-09,500,35,,
2B,Floating,Corp-479,SA247788996,2024-03-17,2041-03-13,500,36,,A
1,Floating,TBILL-6425,DC255687593,2021-02-04,2050-01-28,100,47,,
1,Floating,SOFR-6531,ZW600933443,2023-07-17,2031-07-15,1000,32,,
1,Floating,SOFR-7203,HJ711970332,2023-02-15,2043-02-10,100,6,,
2A,Fixed,Corp-4842,NQ528600512,2022-05-07,2051-04-30,100,41,0.0604,AA
2B,Floating,Foreign-5193,CU611437865,2021-02-06,2029-02-04,1000,1,,A
2A,Fixed,GovBond-4074,VO709223659,2024-12-18,2031-12-17,500,41,0.0322,AAA
2A,Fixed,Corp-2536,HN941594197,2024-12-19,2036-12-16,100,13,0.0321,AAA
2B,Fixed,Emerging-6541,EF117102387,2024-10-22,2031-10-21,1000,20,0.0372,BBB
1,Fixed,GOV-6354,GC020948188,2021-06-13,2045-06-07,100,9,0.0376,
2B,Fixed,Foreign-8767,TN283204536,2024-11-25,2025-11-25,500,8,0.0522,A
2B,Fixed,Emerging-6651,UI415351749,2023-02-17,2042-02-12,1000,39,0.0334,A
2A,Fixed,GovBond-5797,NC783681649,2020-11-29,2046-11-23,100,41,0.0253,AAA
2B,Floating,Foreign-3499,LK444448022,2025-03-29,2031-03-28,1000,8,,BBB
2A,Fixed,GovBond-3360,PK787964248,2022-04-06,2035-04-03,1000,47,0.0474,AAA
2B,Floating,Corp-2397,PS964142479,2021-11-26,2029-11-24,500,6,,BBB
2A,Fixed,GovBond-9455,HU195101554,2024-12-23,2051-12-17,1000,49,0.026,AA
2B,Floating,Corp-8942,TJ329371340,2024-10-22,2045-10-17,1000,31,,A
2B,Floating,Foreign-5431,SK541661303,2022-10-07,2048-09-30,1000,46,,BBB
2A,Fixed,GovBond-4035,QS986289893,2023-07-26,2045-07-20,100,22,0.0776,AAA
1,Fixed,SOFR-5105,OK180364243,2024-05-22,2043-05-18,1000,42,0.0204,
2B,Floating,Emerging-5999,EK810672910,2022-09-20,2035-09-17,100,33,,A
2B,Fixed,Emerging-6709,BO842687458,2025-05-31,2037-05-28,500,18,0.0816,A
2B,Floating,Emerging-596,BV211658819,2024-06-30,2054-06-23,100,22,,A
1,Fixed,GOV-8615,NI064271529,2021-12-09,2042-12-04,500,48,0.0328,
2A,Fixed,Corp-4538,YU651763646,2023-02-10,2042-02-05,1000,46,0.0334,AA
2A,Fixed,GovBond-8665,WZ349698554,2024-11-28,2040-11-24,1000,47,0.0524,AA
1,Floating,TBILL-2378,EI456310320,2024-04-04,2049-03-29,100,22,,
2A,Fixed,GovBond-9297,WT880818154,2024-05-08,2033-05-06,100,26,0.0432,AA
1,Fixed,TBILL-8169,WH574825582,2023-03-01,2049-02-22,1000,34,0.0432,
2A,Fixed,Corp-1648,OZ810573887,2025-09-09,2038-09-06,100,3,0.0633,AAA
2B,Floating,Emerging-1835,ZE879458735,2022-04-12,2036-04-08,500,6,,A
2B,Floating,Foreign-9664,TQ496931763,2021-09-19,2036-09-15,100,49,,A
1,Floating,GOV-3954,BT668990673,2023-05-21,2043-05-16,1000,43,,
2B,Floating,Corp-1825,NC904527078,2025-06-11,2041-06-07,500,40,,BBB
1,Fixed,TBILL-7107,YB163162639,2023-03-09,2027-03-08,100,45,0.0196,
2A,Fixed,GovBond-2475,WL136119367,2022-07-19,2028-07-17,1000,36,0.0343,AAA
2A,Fixed,Corp-8635,HL038489884,2024-05-06,2028-05-05,1000,47,0.0466,AAA
1,Fixed,SOFR-9005,JF619497526,2024-02-28,2052-02-21,1000,38,0.0153,
1,Fixed,TBILL-263,DU125674252,2022-12-21,2036-12-17,1000,22,0.0399,
2A,Fixed,GovBond-878,CS028562356,2022-03-02,2026-03-01,1000,26,0.0762,AAA
1,Fixed,GOV-5487,XP409965631,2025-06-11,2029-06-10,500,41,0.0256,
2B,Floating,Corp-4779,KO463572480,2023-06-01,2051-05-25,1000,4,,A
2B,Fixed,Foreign-3986,ZZ450551049,2022-01-07,2039-01-03,1000,4,0.0459,A
2B,Fixed,Corp-8789,QJ307176157,2025-09-08,2034-09-06,100,5,0.085,BBB
2A,Fixed,Corp-987,MH107138569,2024-02-02,2039-01-29,100,3,0.0561,AA
2B,Floating,Corp-6730,ZE465446687,2024-06-12,2039-06-09,500,26,,A
2B,Floating,Foreign-4713,LT654798326,2022-07-12,2052-07-04,500,25,,A
2B,Floating,Foreign-1530,AA404534147,2022-09-08,2034-09-05,500,42,,BBB
2B,Floating,Corp-2451,OU345597395,2023-06-17,2030-06-15,500,36,,BBB
2A,Fixed,GovBond-6731,YY896897083,2025-05-20,2054-05-13,100,5,0.0646,AAA
2B,Floating,Corp-4652,EE870804608,2021-11-26,2032-11-23,100,26,,A
2B,Fixed,Corp-4688,JJ398682682,2022-07-08,2027-07-07,500,33,0.0524,BBB
2B,Floating,Foreign-5648,MD579560048,2021-07-16,2028-07-14,1000,21,,A
2A,Fixed,GovBond-5295,KU839050685,2025-05-06,2030-05-05,500,40,0.0491,AA
2A,Fixed,Corp-8000,VD775351158,2022-06-01,2042-05-27,1000,43,0.0417,AAA
2A,Fixed,GovBond-9914,KG009964851,2022-04-18,2033-04-15,1000,18,0.056,AA
2A,Fixed,Corp-9304,CQ965843088,2021-02-04,2047-01-29,500,39,0.0429,AA
2B,Floating,Foreign-5508,EK674241586,2023-09-10,2037-09-06,1000,37,,A
2B,Floating,Corp-6165,ZA914712346,2025-04-02,2044-03-28,1000,22,,BBB
2A,Fixed,Corp-8225,NR188599981,2023-03-25,2027-03-24,100,36,0.05,AAA
2A,Fixed,GovBond-931,FL905501019,2021-12-30,2037-12-26,100,16,0.0534,AAA
1,Floating,GOV-2133,HK543432938,2023-03-19,2043-03-14,500,16,,
1,Fixed,SOFR-747,SX712825149,2024-10-20,2038-10-17,500,23,0.0416,
2B,Fixed,Corp-80,PF103314086,2025-09-18,2039-09-15,100,40,0.0305,A
2A,Fixed,GovBond-6654,WD185472343,2023-08-29,2050-08-22,100,39,0.0235,AA
2A,Fixed,Corp-9408,PX324378577,2021-04-04,2031-04-02,500,15,0.0639,AA
2B,Floating,Emerging-8523,LC306034825,2024-09-22,2042-09-18,500,50,,A
2B,Fixed,Foreign-5667,GB054249099,2025-02-14,2038-02-11,100,3,0.0487,BBB
2A,Fixed,GovBond-7572,DB572474930,2025-06-30,2043-06-26,1000,22,0.0453,AAA
1,Floating,GOV-6597,ZM493957391,2023-04-01,2047-03-26,1000,32,,
1,Floating,GOV-1988,IN889161385,2025-01-31,2041-01-27,500,33,,
1,Fixed,SOFR-4703,CI185702349,2022-06-26,2038-06-22,1000,38,0.0284,
2A,Fixed,Corp-4295,DF833938039,2023-12-08,2033-12-05,1000,18,0.043,AA
2A,Fixed,Corp-5570,PP883379801,2022-06-14,2040-06-09,500,3,0.0217,AA
2B,Fixed,Foreign-5432,AE440229255,2022-01-12,2051-01-05,1000,47,0.0362,A
1,Floating,SOFR-7564,YY976854993,2023-10-24,2027-10-23,100,38,,
1,Fixed,GOV-6818,PJ762850407,2025-04-30,2044-04-25,100,45,0.0242,
2A,Fixed,GovBond-8494,XW455210522,2024-11-26,2037-11-23,1000,47,0.0621,AA
2B,Floating,Foreign-9435,UP772172527,2022-03-15,2038-03-11,1000,26,,BBB
2A,Fixed,Corp-2944,HW016842864,2025-03-18,2042-03-14,100,27,0.0775,AA
2A,Fixed,Corp-3537,KB819582926,2022-04-01,2033-03-29,500,19,0.0777,AAA
2B,Fixed,Foreign-2366,ZK459982870,2023-09-09,2040-09-04,100,1,0.0331,BBB
2A,Fixed,Corp-7870,JL282348677,2024-07-18,2030-07-17,1000,18,0.0727,AA
2A,Fixed,Corp-58,UX394277035,2022-07-28,2052-07-20,1000,42,0.0643,AA
2A,Fixed,Corp-7739,BV346999171,2023-04-21,2052-04-13,1000,41,0.056,AA
2B,Fixed,Corp-87,RV960761489,2025-11-03,2045-10-29,1000,33,0.0878,BBB
2A,Fixed,GovBond-5527,LB051487757,2024-11-22,2048-11-16,500,8,0.0707,AAA
2B,Floating,Corp-1491,FB695348015,2025-11-09,2052-11-02,100,21,,A
2B,Floating,Corp-5582,JM144157786,2022-11-12,2048-11-05,500,9,,BBB
2B,Floating,Emerging-145,EN932745389,2025-09-21,2034-09-19,100,15,,A
2A,Fixed,Corp-1769,JD766093001,2021-12-19,2044-12-13,100,7,0.0213,AAA
2A,Fixed,Corp-2972,SC903969610,2025-03-31,2028-03-30,100,10,0.0526,AA
2A,Fixed,Corp-903,SZ469478991,2023-05-04,2045-04-28,500,41,0.0306,AAA
2A,Fixed,GovBond-8523,RD447942290,2021-10-30,2040-10-25,500,39,0.0368,AAA
2A,Fixed,Corp-2677,AN956818552,2025-02-17,2026-02-17,1000,20,0.027,AA
2A,Fixed,GovBond-486,FM791622963,2025-11-02,2048-10-27,500,19,0.0486,AA
2A,Fixed,GovBond-9435,AA661937686,2023-10-28,2029-10-26,1000,40,0.0394,AAA
2A,Fixed,Corp-9578,JX412941206,2021-03-14,2040-03-09,500,4,0.0201,AAA
2A,Fixed,GovBond-9262,HZ482197681,2020-12-26,2040-12-21,1000,34,0.0468,AAA
2B,Floating,Foreign-1125,SC368565748,2023-06-24,2027-06-23,500,43,,BBB
2B,Floating,Foreign-2782,MB848867766,2023-06-17,2034-06-14,500,30,,A
2B,Floating,Foreign-8566,NN756470784,2023-05-26,2040-05-21,500,29,,BBB
2A,Fixed,GovBond-9770,TB335743646,2022-01-27,2041-01-22,1000,33,0.0628,AAA
2B,Floating,Emerging-1457,HQ003726604,2024-04-11,2032-04-09,500,23,,BBB
2B,Floating,Foreign-4399,IM761775987,2023-12-03,2025-12-02,500,42,,A
2B,Fixed,Foreign-800,LK262946078,2021-10-25,2039-10-21,1000,25,0.0449,BBB
2B,Fixed,Corp-3966,CE663575979,2024-08-19,2052-08-12,500,7,0.0375,BBB
2B,Fixed,Emerging-56,GP711276411,2023-10-02,2033-09-29,500,21,0.0865,BBB
2A,Fixed,GovBond-7030,XQ489863929,2025-07-10,2038-07-07,100,28,0.0231,AA
2B,Fixed,Corp-2259,HT916737318,2021-11-28,2038-11-24,500,40,0.0421,BBB
2A,Fixed,GovBond-7217,YC738743315,2025-04-25,2027-04-25,500,32,0.0227,AAA
1,Floating,SOFR-4924,ED518245209,2024-09-10,2037-09-07,100,17,,
1,Fixed,TBILL-586,ME865143849,2024-03-09,2054-03-02,500,16,0.0401,
2B,Floating,Foreign-8485,UQ413214476,2023-05-11,2049-05-04,1000,26,,BBB
1,Floating,GOV-5318,SG407521362,2022-10-10,2050-10-03,500,33,,
2B,Floating,Corp-4135,KU940927051,2024-04-10,2028-04-09,1000,38,,A
2A,Fixed,GovBond-5440,JU065114953,2023-03-07,2033-03-04,100,45,0.0509,AAA
2B,Fixed,Foreign-4799,FA820113519,2020-12-15,2042-12-10,100,31,0.0449,A
2A,Fixed,GovBond-8140,WA859050812,2020-12-14,2033-12-11,100,48,0.0543,AAA
2B,Floating,Foreign-4950,FY999275075,2024-03-02,2039-02-27,1000,41,,A
2B,Fixed,Foreign-645,TQ312330308,2024-10-29,2050-10-23,100,8,0.0416,BBB
1,Fixed,TBILL-7561,JI029196524,2020-12-23,2029-12-21,1000,46,0.0182,
2B,Fixed,Corp-1893,IN239837506,2023-06-13,2040-06-08,1000,21,0.0822,BBB
1,Floating,TBILL-5517,RZ388083806,2024-12-17,2051-12-11,1000,6,,
2A,Fixed,GovBond-5018,PN538608921,2023-09-25,2037-09-21,100,9,0.067,AA
2A,Fixed,Corp-3530,NT547598326,2023-10-25,2030-10-23,500,5,0.0233,AA
2A,Fixed,GovBond-213,FJ043453246,2021-07-04,2032-07-01,1000,11,0.072,AA
2B,Fixed,Emerging-8276,AQ180170664,2022-05-05,2042-04-30,500,12,0.0391,A
2A,Fixed,Corp-7157,ZK914730902,2024-07-16,2041-07-12,500,21,0.0447,AA
2B,Fixed,Corp-6749,DR455044862,2021-09-01,2035-08-29,1000,28,0.0873,BBB
2B,Fixed,Emerging-6390,LG813431202,2021-10-29,2034-10-26,1000,17,0.05,BBB
2B,Fixed,Foreign-3464,BD347638830,2021-04-25,2047-04-19,100,49,0.0399,BBB
2A,Fixed,GovBond-766,BY689739912,2022-10-17,2040-10-12,100,23,0.0356,AAA
2B,Fixed,Emerging-8927,AU814814524,2025-08-13,2055-08-06,1000,31,0.0775,BBB
2B,Floating,Foreign-8795,YS316681379,2025-03-02,2044-02-26,100,35,,A
2B,Floating,Foreign-6808,HK386645167,2024-02-18,2051-02-11,100,45,,BBB
2B,Fixed,Foreign-455,IF914983218,2023-11-03,2051-10-27,500,39,0.0484,A
2A,Fixed,Corp-523,OU778604191,2022-02-06,2035-02-03,500,45,0.0723,AAA
2B,Fixed,Emerging-343,AQ807442890,2023-03-08,2033-03-05,500,49,0.0783,A
2A,Fixed,GovBond-8497,VC567043886,2025-05-06,2027-05-06,1000,16,0.0463,AAA
2A,Fixed,GovBond-9370,DP084620120,2024-02-01,2038-01-28,100,49,0.0231,AA
2B,Fixed,Foreign-5361,LV471284966,2025-02-13,2053-02-06,500,13,0.0484,BBB
1,Fixed,SOFR-2774,JV960015091,2024-02-12,2047-02-06,500,47,0.003,
1,Floating,GOV-7257,PS473710520,2023-03-04,2045-02-26,100,17,,
2B,Fixed,Emerging-4501,SU798665705,2025-09-22,2032-09-20,1000,2,0.0321,A
2B,Fixed,Foreign-4227,XA953864477,2024-05-11,2043-05-07,1000,19,0.0334,A
2B,Fixed,Emerging-6789,CP249330493,2023-01-12,2050-01-05,1000,50,0.0428,A
2B,Fixed,Emerging-9562,PG032668508,2022-04-25,2049-04-18,1000,1,0.0392,BBB
1,Floating,TBILL-5074,PF746794006,2021-08-14,2045-08-08,1000,29,,
2B,Fixed,Emerging-3571,FO526003205,2023-01-28,2046-01-22,1000,41,0.083,BBB
1,Floating,TBILL-5515,RM746828711,2023-11-17,2034-11-14,1000,29,,
2B,Fixed,Foreign-9884,QD090444781,2024-04-27,2048-04-21,500,22,0.0865,BBB
2A,Fixed,Corp-9463,RR220434099,2023-04-27,2034-04-24,1000,19,0.0209,AA
2A,Fixed,GovBond-5782,ZH762126518,2024-09-19,2045-09-14,1000,48,0.0558,AAA
2B,Floating,Foreign-1094,KO166439526,2025-05-27,2039-05-24,500,39,,BBB
2B,Fixed,Foreign-178,HH769046415,2023-10-01,2031-09-29,100,11,0.0451,BBB
1,Fixed,TBILL-4589,FL469019025,2021-04-02,2028-03-31,500,11,0.0087,
2B,Fixed,Foreign-7974,YG538222483,2023-09-27,2028-09-25,1000,10,0.0584,A
2A,Fixed,GovBond-4471,NQ175704704,2022-08-08,2047-08-02,1000,36,0.0391,AA
2B,Fixed,Foreign-9959,KB606999271,2021-01-04,2033-01-01,1000,8,0.0419,BBB
2A,Fixed,GovBond-4798,KP689751552,2021-07-04,2027-07-03,1000,41,0.0245,AAA
1,Floating,SOFR-9416,PA899320943,2025-02-20,2043-02-16,500,15,,
2A,Fixed,Corp-7480,DZ510798060,2022-04-27,2040-04-22,1000,48,0.0309,AAA
1,Floating,TBILL-274,UK252840407,2023-04-26,2047-04-20,500,24,,
2B,Floating,Foreign-1065,HS890905067,2025-10-27,2037-10-24,1000,32,,BBB
1,Fixed,SOFR-5384,AT144501360,2025-05-12,2038-05-09,1000,41,0.0122,
2A,Fixed,GovBond-295,OE521629888,2023-11-03,2037-10-30,1000,22,0.0317,AA
2A,Fixed,GovBond-4088,KU564304851,2025-06-24,2054-06-17,1000,32,0.0712,AAA
2A,Fixed,Corp-7204,AN180765600,2023-05-31,2047-05-25,100,30,0.0738,AA
2B,Floating,Emerging-6381,QF229995677,2025-02-24,2036-02-22,1000,3,,BBB
1,Fixed,GOV-3338,VF688235592,2021-09-12,2045-09-06,100,30,0.0439,
1,Floating,TBILL-658,RW631594344,2022-12-30,2050-12-23,500,23,,
2B,Fixed,Foreign-6354,ZP645499731,2024-06-16,2033-06-14,1000,8,0.0636,BBB
2B,Floating,Corp-3312,LC493402043,2022-04-07,2030-04-05,100,40,,A
1,Fixed,TBILL-8725,OW170316440,2025-10-09,2046-10-04,500,20,0.0155,
2A,Fixed,Corp-4748,QL418171209,2024-05-17,2036-05-14,500,32,0.0294,AAA
1,Fixed,TBILL-9334,CK078362831,2022-06-06,2050-05-30,500,37,0.029,
2A,Fixed,GovBond-6907,NQ746756076,2023-01-22,2046-01-16,1000,5,0.0629,AAA
2A,Fixed,GovBond-7662,ER187185039,2025-06-07,2033-06-05,1000,1,0.0296,AAA
2B,Fixed,Emerging-4407,NR658366353,2021-04-19,2046-04-13,500,3,0.0381,A
2B,Floating,Corp-3213,ZV448484340,2024-03-07,2054-02-28,1000,49,,BBB
2B,Floating,Corp-3167,JI795846167,2021-08-08,2047-08-02,1000,45,,BBB
1,Floating,TBILL-144,UT580995838,2022-10-10,2029-10-08,1000,5,,
2A,Fixed,GovBond-7492,QN353808076,2025-10-03,2036-09-30,500,44,0.0738,AAA
2B,Floating,Emerging-8703,XD549292607,2024-01-23,2039-01-19,1000,2,,BBB
2A,Fixed,GovBond-3523,DK508168875,2023-04-07,2036-04-03,500,50,0.0594,AAA
2A,Fixed,Corp-2185,EK299800904,2022-12-16,2030-12-14,100,29,0.0267,AAA
2B,Fixed,Foreign-8340,FQ404806665,2024-05-24,2035-05-22,1000,25,0.048,A
1,Floating,SOFR-9332,OM912579459,2023-09-17,2049-09-10,1000,14,,
2A,Fixed,GovBond-9666,IS067663420,2025-01-12,2034-01-10,500,30,0.022,AA
1,Floating,TBILL-4493,IX728941226,2020-11-27,2046-11-21,100,21,,
2B,Floating,Foreign-7967,KF584367269,2023-02-18,2042-02-13,500,40,,BBB
2A,Fixed,GovBond-5686,YX683994766,2024-05-17,2048-05-11,1000,45,0.0643,AA
2B,Floating,Corp-4842,QL199349995,2022-07-29,2041-07-24,100,4,,A
2B,Fixed,Corp-5225,NW866868964,2023-08-10,2049-08-03,100,30,0.0411,A
2A,Fixed,Corp-9045,DG765179346,2021-07-26,2028-07-24,100,43,0.0444,AAA
2A,Fixed,Corp-9644,FM093463533,2024-03-11,2029-03-10,1000,46,0.0401,AAA
2A,Fixed,Corp-9432,IB337161093,2023-10-26,2034-10-23,100,13,0.0721,AA
2A,Fixed,GovBond-2224,BV463377933,2023-04-06,2045-03-31,1000,30,0.0379,AA
2B,Floating,Emerging-1315,GQ673937851,2020-12-23,2026-12-22,500,27,,BBB
2B,Fixed,Foreign-2121,ZR330472887,2021-02-11,2046-02-05,1000,25,0.0656,A
2B,Floating,Corp-7923,EP341219081,2022-04-24,2040-04-19,100,45,,BBB
1,Fixed,TBILL-2263,CU869322296,2021-01-30,2035-01-27,100,35,0.0199,
1,Fixed,GOV-9507,VC746879837,2025-11-16,2044-11-11,500,5,0.0052,
2A,Fixed,Corp-9566,DQ350587444,2021-09-19,2042-09-14,1000,16,0.0509,AAA
2A,Fixed,Corp-7833,DV032393859,2023-05-20,2044-05-14,500,48,0.0784,AAA
2B,Fixed,Corp-5253,HQ239439122,2022-04-13,2050-04-06,1000,11,0.0502,BBB
1,Floating,TBILL-3866,GQ317064405,2025-07-07,2032-07-05,500,46,,
2A,Fixed,GovBond-8169,EL667885691,2025-10-02,2054-09-25,1000,24,0.0671,AA
2B,Fixed,Emerging-965,ZP267931997,2021-01-19,2036-01-16,1000,48,0.0328,BBB
1,Floating,SOFR-2082,KQ922400189,2024-11-30,2037-11-27,100,3,,
2B,Fixed,Foreign-1486,TA808550786,2022-11-22,2037-11-18,100,34,0.0426,BBB
2A,Fixed,Corp-5112,NT232630928,2021-12-30,2026-12-29,1000,23,0.0708,AAA
2B,Fixed,Foreign-5643,XZ553088725,2023-04-18,2038-04-14,1000,41,0.0852,BBB
2B,Fixed,Corp-1002,YZ643832481,2023-06-06,2049-05-30,1000,36,0.0483,A
2B,Floating,Emerging-269,KM748890058,2022-12-26,2032-12-23,100,37,,BBB
2B,Fixed,Corp-8574,PG321071213,2025-02-10,2053-02-03,100,9,0.055,A
2A,Fixed,Corp-3699,XR086003616,2024-02-28,2026-02-27,100,16,0.0436,AAA
2A,Fixed,Corp-7624,HY839600200,2025-05-24,2045-05-19,500,50,0.0558,AAA
2A,Fixed,GovBond-3714,EX840986018,2025-08-07,2051-08-01,1000,39,0.031,AAA
2A,Fixed,Corp-4004,VD866575800,2021-12-10,2031-12-08,1000,29,0.0211,AAA
2B,Fixed,Corp-8709,FT851867927,2024-04-13,2035-04-11,1000,31,0.0565,A
1,Floating,GOV-8763,MQ122221141,2024-03-16,2038-03-13,500,27,,
2A,Fixed,Corp-9742,YO473006478,2025-09-27,2035-09-25,1000,34,0.074,AAA
2A,Fixed,GovBond-1987,DS340407940,2021-10-16,2026-10-15,1000,50,0.0493,AAA
2A,Fixed,GovBond-997,SG669819223,2024-10-18,2046-10-13,1000,38,0.0211,AAA
2B,Fixed,Foreign-426,EC280651847,2022-02-21,2050-02-14,100,21,0.0676,A
2B,Floating,Foreign-6496,UC092719956,2020-12-20,2033-12-17,500,25,,A
2A,Fixed,Corp-3429,QO372859615,2024-02-09,2026-02-08,500,10,0.0201,AA
2B,Floating,Foreign-1205,HI664274326,2023-09-26,2037-09-22,500,24,,A
2B,Fixed,Corp-9591,VR883737557,2025-09-11,2052-09-04,100,29,0.0839,BBB
2A,Fixed,GovBond-5763,IR115451839,2025-09-04,2033-09-02,500,33,0.0244,AAA
2B,Floating,Emerging-5168,VB198465792,2022-08-21,2026-08-20,100,44,,BBB
1,Floating,TBILL-9018,IY071412600,2022-12-01,2052-11-23,1000,36,,
2B,Floating,Corp-6223,JK898476414,2025-01-16,2036-01-14,500,3,,A
2B,Floating,Emerging-4884,VP184465469,2022-02-21,2044-02-16,500,22,,BBB
1,Floating,GOV-3012,KH561950783,2022-06-18,2031-06-16,100,12,,
2A,Fixed,GovBond-8418,KG517908031,2021-03-20,2028-03-18,500,37,0.049,AAA
2B,Fixed,Foreign-2450,EH929753575,2024-01-19,2041-01-14,500,22,0.0541,A
2A,Fixed,Corp-8081,TF832477422,2022-06-18,2033-06-15,1000,22,0.032,AAA
2B,Fixed,Foreign-492,PG997371144,2022-07-21,2029-07-19,100,37,0.0866,A
2B,Floating,Emerging-3397,VE502294692,2024-11-17,2038-11-14,100,19,,BBB
2A,Fixed,Corp-1168,YK513767951,2024-12-16,2052-12-09,500,3,0.0345,AAA
2B,Floating,Corp-2744,NO672518737,2025-04-03,2052-03-27,100,48,,BBB
2A,Fixed,GovBond-2169,MR398140336,2021-11-30,2046-11-24,1000,31,0.0309,AAA
2B,Fixed,Emerging-5237,KE425107250,2022-08-31,2026-08-30,500,4,0.0894,A
2B,Fixed,Foreign-471,YT587615324,2022-01-19,2051-01-12,500,45,0.0665,A
2B,Floating,Emerging-9946,QP219055906,2023-02-27,2038-02-23,1000,40,,BBB
2A,Fixed,GovBond-1776,XU111544446,2024-07-05,2029-07-04,100,29,0.073,AAA
1,Fixed,TBILL-9978,RO710989930,2022-03-08,2029-03-06,500,12,0.0446,
2A,Fixed,GovBond-721,OB257134801,2023-01-02,2041-12-28,100,14,0.0344,AAA
2A,Fixed,GovBond-1362,KR236301051,2022-09-21,2026-09-20,100,49,0.0523,AAA
2A,Fixed,GovBond-8092,UX235323347,2021-05-13,2035-05-10,1000,33,0.0666,AA
2B,Fixed,Corp-917,KD651579955,2024-12-09,2031-12-08,500,11,0.0398,BBB
1,Floating,GOV-729,JA310008334,2022-12-28,2040-12-23,500,42,,
1,Floating,TBILL-9584,XR391569335,2021-03-02,2049-02-23,1000,7,,
1,Floating,GOV-2593,WC768296725,2025-08-28,2034-08-26,500,50,,
2A,Fixed,Corp-9416,XH081003447,2022-03-16,2028-03-14,500,40,0.0287,AAA
2A,Fixed,GovBond-1624,AF765730636,2021-06-13,2031-06-11,100,14,0.0764,AAA
1,Floating,GOV-5106,GV909699151,2025-10-12,2046-10-07,1000,9,,
2A,Fixed,Corp-2526,QB452887053,2023-08-21,2030-08-19,100,12,0.0777,AA
2B,Floating,Foreign-1126,ML491653414,2024-05-04,2027-05-04,1000,45,,BBB
2A,Fixed,GovBond-3387,RC569522465,2023-09-18,2045-09-12,1000,16,0.0608,AAA
2A,Fixed,GovBond-1538,GR487770847,2023-08-25,2033-08-22,100,14,0.0657,AAA
2A,Fixed,Corp-7902,MA607637326,2025-10-08,2031-10-07,500,18,0.073,AA
2A,Fixed,GovBond-5129,TR538065928,2021-12-14,2031-12-12,1000,20,0.07,AA
2B,Floating,Corp-1817,AI114709549,2023-03-21,2029-03-19,100,6,,A
1,Fixed,SOFR-701,UN211676193,2023-04-10,2038-04-06,1000,21,0.0169,
2B,Fixed,Corp-7673,EW849708425,2022-09-19,2042-09-14,1000,50,0.0393,BBB
2A,Fixed,GovBond-244,FT103325740,2024-05-16,2029-05-15,500,7,0.0555,AA
2B,Fixed,Emerging-7480,FK277784616,2022-06-12,2029-06-10,1000,42,0.0512,BBB
1,Fixed,GOV-2773,CN141533484,2024-06-30,2037-06-27,1000,39,0.0201,
1,Fixed,SOFR-2138,AL790820248,2025-01-08,2030-01-07,500,34,0.0436,
1,Fixed,SOFR-4773,YH965564330,2022-07-29,2030-07-27,100,18,0.0191,
2A,Fixed,Corp-7541,KI260338848,2023-05-31,2047-05-25,500,48,0.0509,AAA
2A,Fixed,GovBond-7616,NN213449197,2025-07-05,2032-07-03,100,6,0.0277,AAA
2A,Fixed,GovBond-6788,OK355884548,2023-09-17,2027-09-16,1000,27,0.0454,AAA
1,Fixed,SOFR-2532,UH226627664,2021-03-20,2033-03-17,100,50,0.0101,
2B,Floating,Foreign-7007,EI782196779,2021-10-26,2049-10-19,1000,22,,A
2A,Fixed,Corp-4243,ZD405805372,2022-10-27,2045-10-21,500,20,0.0311,AAA
1,Fixed,GOV-8433,BL539597887,2025-01-03,2035-01-01,100,11,0.0064,
2A,Fixed,GovBond-2126,NS497172665,2023-05-09,2032-05-06,500,38,0.0391,AA
2B,Floating,Foreign-1910,HH006950993,2022-04-26,2036-04-22,500,22,,A
2B,Floating,Foreign-9327,PO920320350,2021-10-09,2047-10-03,1000,46,,BBB
2A,Fixed,GovBond-588,OD782501690,2025-09-10,2026-09-10,500,12,0.0421,AA
2B,Fixed,Foreign-3773,OP711268518,2022-02-21,2034-02-18,100,7,0.0549,A
2B,Fixed,Foreign-8864,BS672852460,2025-03-19,2046-03-14,1000,30,0.0886,A
2B,Fixed,Emerging-9254,WI729503585,2024-05-16,2035-05-14,1000,16,0.0335,A
1,Fixed,TBILL-3537,GI292258378,2024-10-25,2045-10-20,1000,19,0.0187,
1,Fixed,TBILL-612,QA891055653,2024-05-07,2049-05-01,500,47,0.0153,
1,Floating,TBILL-4108,JI263949489,2025-07-29,2047-07-24,100,49,,
2A,Fixed,Corp-8697,HT109202251,2024-04-20,2039-04-17,100,23,0.0453,AA
2A,Fixed,GovBond-6885,BI916889757,2021-03-10,2036-03-06,500,41,0.0563,AAA
2A,Fixed,Corp-6948,JC435635386,2023-04-11,2044-04-05,100,2,0.0317,AAA
1,Floating,TBILL-5311,QZ328625405,2023-11-15,2040-11-10,1000,44,,
2A,Fixed,Corp-637,AI575114418,2021-01-15,2043-01-10,1000,14,0.0799,AAA
2B,Floating,Emerging-9076,TI610885748,2023-05-13,2036-05-09,500,12,,A
1,Floating,GOV-5367,QB546403340,2025-02-15,2047-02-10,100,50,,
1,Floating,GOV-6103,UW647373311,2022-05-19,2036-05-15,500,17,,
2B,Fixed,Corp-9813,OT302369055,2023-02-11,2041-02-06,100,35,0.0679,A
2B,Fixed,Emerging-8128,FJ720597955,2021-02-04,2026-02-03,1000,31,0.0503,A
2B,Floating,Foreign-2725,XY259371374,2023-08-14,2052-08-06,100,14,,A
2B,Floating,Foreign-2041,PK223428426,2023-04-09,2027-04-08,100,13,,A
2B,Floating,Foreign-7398,JG507040691,2025-09-16,2035-09-14,100,40,,BBB
2B,Fixed,Emerging-8246,NB846866130,2023-08-10,2032-08-07,500,46,0.0811,BBB
2A,Fixed,GovBond-1572,KF470663822,2023-03-25,2050-03-18,100,47,0.0298,AA
2A,Fixed,GovBond-6097,VC297340657,2022-07-19,2036-07-15,500,21,0.053,AA
2A,Fixed,Corp-1752,KB370300219,2021-02-25,2032-02-23,500,7,0.039,AAA
2B,Fixed,Corp-8581,GW376482184,2024-08-21,2052-08-14,100,22,0.0355,BBB
2A,Fixed,Corp-8637,RJ641962922,2024-05-02,2045-04-27,1000,10,0.0677,AA
2A,Fixed,GovBond-2679,IB276840985,2024-09-22,2048-09-16,1000,15,0.0291,AA
2B,Floating,Foreign-9741,SN230594916,2020-12-19,2038-12-15,100,46,,BBB
2B,Fixed,Foreign-8052,LW662292219,2025-08-19,2034-08-17,1000,48,0.0728,BBB
2A,Fixed,GovBond-2045,EJ639151833,2022-03-09,2048-03-02,500,47,0.0791,AAA
2A,Fixed,Corp-3416,ZA501445936,2022-12-17,2037-12-13,100,46,0.0766,AAA
2A,Fixed,GovBond-236,JJ422850278,2025-10-18,2034-10-16,500,18,0.0406,AAA
2B,Fixed,Foreign-7889,NG515583719,2020-12-26,2041-12-21,1000,21,0.0872,BBB
2A,Fixed,Corp-152,HH472671913,2025-04-09,2043-04-05,1000,23,0.0576,AA
2A,Fixed,GovBond-5760,OO280565739,2025-08-25,2054-08-18,100,20,0.0708,AAA
2B,Fixed,Emerging-6750,KI206222545,2025-02-26,2030-02-25,1000,36,0.0864,BBB
1,Floating,SOFR-3423,WN720787902,2021-12-22,2044-12-16,500,36,,
2B,Fixed,Foreign-3013,RO647278303,2021-01-26,2029-01-24,1000,40,0.0392,BBB
2B,Fixed,Foreign-2489,CD157252429,2023-03-18,2052-03-10,1000,42,0.0501,BBB
2A,Fixed,Corp-6612,ZM921296468,2024-03-20,2031-03-19,500,34,0.0371,AA
2B,Fixed,Corp-3773,QU309127471,2020-12-06,2042-12-01,1000,34,0.0546,BBB
2A,Fixed,Corp-7771,MY331987667,2023-06-10,2034-06-07,100,20,0.0272,AAA
2A,Fixed,Corp-5238,KI325964626,2022-05-27,2031-05-25,1000,50,0.0569,AAA
2A,Fixed,GovBond-3816,WY502509296,2022-07-08,2030-07-06,1000,26,0.0259,AAA
1,Fixed,TBILL-4435,HN640232517,2025-02-28,2044-02-24,1000,15,0.0012,
2A,Fixed,GovBond-6273,XA554629755,2024-09-30,2029-09-29,500,30,0.0427,AAA
2B,Fixed,Foreign-9078,PB962160556,2022-11-26,2028-11-24,500,18,0.0634,BBB
2B,Floating,Emerging-1319,DZ555709003,2023-01-23,2028-01-22,500,43,,A
2A,Fixed,GovBond-2034,IH716406238,2021-09-24,2040-09-19,500,27,0.0221,AA
2B,Fixed,Foreign-9907,EG571035572,2023-08-08,2052-07-31,500,12,0.0553,BBB
2B,Fixed,Corp-791,TG225498223,2025-04-06,2040-04-02,500,19,0.0508,BBB
1,Fixed,GOV-220,AB365796703,2022-05-21,2033-05-18,1000,16,0.0156,
2B,Floating,Foreign-3190,RA740162765,2022-08-07,2043-08-02,500,28,,A
2A,Fixed,Corp-1421,CL007265835,2020-11-20,2026-11-19,100,49,0.0317,AAA
2B,Floating,Emerging-5239,TB782010415,2022-07-05,2050-06-28,500,26,,A
2A,Fixed,Corp-527,AE382866765,2022-07-02,2037-06-28,100,25,0.0761,AA
1,Fixed,SOFR-7621,ED042590830,2025-05-10,2046-05-05,1000,48,0.0277,
1,Fixed,SOFR-6490,WZ812120935,2022-10-15,2029-10-13,100,12,0.0427,
2A,Fixed,Corp-5364,ZQ113791382,2021-04-19,2031-04-17,100,32,0.0493,AA
1,Floating,GOV-9435,EK342123986,2021-04-05,2029-04-03,1000,44,,
2A,Fixed,Corp-410,RP072250715,2023-11-28,2049-11-21,100,40,0.0754,AAA
1,Fixed,SOFR-7733,JY496002326,2022-11-19,2043-11-14,500,43,0.0104,
2B,Floating,Corp-9864,HS833503442,2022-09-24,2041-09-19,1000,30,,A
1,Fixed,TBILL-2582,SI808039484,2022-04-05,2051-03-29,500,9,0.0305,
2A,Fixed,GovBond-3582,ML026888621,2025-08-07,2029-08-06,1000,28,0.0741,AA
1,Floating,GOV-8964,TE960240665,2021-03-07,2038-03-03,100,43,,
2B,Fixed,Corp-203,XE488632927,2023-11-13,2045-11-07,1000,29,0.0331,A
2B,Floating,Corp-3417,GP244674964,2022-06-17,2043-06-12,1000,28,,BBB
1,Floating,TBILL-5664,LX761653001,2021-12-12,2045-12-06,500,6,,
1,Floating,SOFR-3656,HA980214657,2023-03-19,2028-03-17,500,28,,
2A,Fixed,GovBond-2488,ES866439372,2022-01-28,2032-01-26,1000,46,0.0382,AAA
2A,Fixed,GovBond-4279,UO853358811,2021-08-29,2038-08-25,1000,17,0.0756,AAA
2B,Fixed,Foreign-1673,KR319782089,2021-12-27,2046-12-21,1000,1,0.079,BBB
2A,Fixed,GovBond-774,SL313353073,2024-08-13,2035-08-11,100,7,0.0244,AAA
2A,Fixed,GovBond-7378,HP043005184,2021-10-20,2034-10-17,1000,41,0.0674,AA
2B,Fixed,Corp-7037,EU927402619,2024-03-02,2028-03-01,1000,32,0.0728,A
2A,Fixed,Corp-6910,OX284779885,2025-11-14,2047-11-09,1000,40,0.0215,AA
1,Fixed,SOFR-5829,KB144175227,2022-07-29,2034-07-26,1000,44,0.0022,
1,Fixed,SOFR-477,WI183058479,2024-03-02,2049-02-24,500,36,0.0404,
2B,Floating,Foreign-1881,JS171126514,2024-05-09,2048-05-03,1000,33,,BBB
2A,Fixed,GovBond-7449,BN529414960,2025-10-27,2029-10-26,1000,28,0.0553,AAA
1,Fixed,GOV-5393,BD480524239,2024-10-07,2027-10-07,100,33,0.0012,
2B,Floating,Corp-795,DN890803043,2021-01-09,2034-01-06,100,41,,BBB
2A,Fixed,GovBond-1224,GW002848230,2022-05-28,2034-05-25,100,42,0.0326,AA
2A,Fixed,GovBond-5366,LV655377634,2023-10-18,2038-10-14,1000,41,0.0526,AA
2B,Fixed,Emerging-76,WN727702134,2023-12-28,2035-12-25,1000,26,0.0531,A
2B,Floating,Foreign-5168,OI373635504,2022-09-12,2049-09-05,100,49,,BBB
2B,Fixed,Corp-6124,SL217722810,2021-12-29,2041-12-24,100,36,0.0438,A
2A,Fixed,Corp-7666,IS120356562,2023-04-11,2051-04-04,100,15,0.0581,AAA
1,Floating,GOV-143,CJ882195409,2025-05-08,2037-05-05,1000,36,,
2A,Fixed,GovBond-2398,HH774976941,2024-09-13,2030-09-12,100,9,0.0619,AAA
2B,Floating,Emerging-5176,WL389018246,2022-11-09,2052-11-01,100,43,,A
2B,Floating,Corp-5534,RP672838341,2020-12-20,2035-12-17,500,1,,A
2A,Fixed,GovBond-2469,XY405797016,2025-01-09,2055-01-02,100,9,0.0343,AAA
2B,Fixed,Corp-3294,NO392162453,2021-11-07,2038-11-03,100,34,0.0335,A
1,Floating,SOFR-7982,UP076950229,2025-07-18,2039-07-15,100,18,,
1,Fixed,TBILL-1620,BM235566714,2022-03-19,2030-03-17,100,40,0.0445,
2B,Fixed,Foreign-1381,CT168483565,2021-05-24,2039-05-20,1000,14,0.0319,BBB
2A,Fixed,Corp-8855,DA185717863,2024-01-09,2047-01-03,100,49,0.0616,AAA
2A,Fixed,GovBond-438,CB785619484,2024-11-18,2035-11-16,100,28,0.0449,AAA
2A,Fixed,Corp-7675,AM701888792,2023-12-02,2038-11-28,500,33,0.0639,AA
1,Fixed,GOV-5841,SU817703316,2025-06-14,2046-06-09,100,44,0.0328,
2B,Floating,Emerging-9014,PU863127304,2025-04-01,2046-03-27,1000,36,,A
2B,Floating,Foreign-4001,OT612258150,2023-04-24,2034-04-21,1000,39,,A
1,Fixed,GOV-4600,CK544580973,2023-07-15,2046-07-09,500,28,0.0139,
1,Floating,SOFR-25,OO677931139,2024-10-28,2045-10-23,100,12,,
2A,Fixed,Corp-3709,QK527881478,2022-09-05,2047-08-30,1000,41,0.0423,AAA
2A,Fixed,GovBond-5253,LQ187125050,2023-08-10,2041-08-05,500,46,0.0425,AA
2B,Floating,Emerging-5218,HO260291224,2024-08-07,2043-08-03,100,44,,A
2B,Floating,Emerging-9502,HF989408300,2022-02-12,2035-02-09,1000,12,,A
2B,Fixed,Corp-5124,QQ793166236,2024-01-15,2030-01-13,1000,34,0.0485,BBB
2A,Fixed,GovBond-8059,QO253518724,2023-01-19,2039-01-15,500,31,0.0592,AA
2B,Fixed,Emerging-9432,HM585537689,2023-10-28,2050-10-21,1000,46,0.0881,A
1,Fixed,TBILL-356,XW193797895,2021-03-09,2051-03-02,500,9,0.0376,
1,Fixed,TBILL-3363,XO361658938,2022-06-25,2044-06-19,100,41,0.0096,
2A,Fixed,GovBond-8043,CY868511659,2023-05-24,2033-05-21,1000,48,0.0225,AAA
2B,Fixed,Corp-896,HE343164295,2022-04-03,2051-03-27,100,22,0.0403,A
2A,Fixed,GovBond-9023,CP352102128,2021-06-22,2035-06-19,1000,28,0.0333,AAA
2B,Fixed,Emerging-6891,BQ760305771,2022-07-21,2039-07-17,500,46,0.0722,BBB
1,Floating,GOV-4256,DQ801098618,2023-01-11,2034-01-08,500,31,,
2B,Fixed,Corp-8400,LL401837969,2021-09-21,2032-09-18,100,37,0.0655,BBB
1,Fixed,TBILL-3575,WX251342575,2024-04-08,2027-04-08,100,1,0.0203,
2A,Fixed,Corp-542,VN151855643,2024-09-03,2029-09-02,100,9,0.0436,AA
2A,Fixed,GovBond-1839,EQ256567298,2025-04-10,2026-04-10,500,36,0.0209,AAA
1,Floating,GOV-3851,CL461495616,2022-11-01,2032-10-29,100,34,,
2A,Fixed,Corp-781,CV495298938,2023-08-26,2028-08-24,500,48,0.05,AA
1,Fixed,GOV-2584,MG959928174,2025-08-06,2029-08-05,100,21,0.0201,
2B,Fixed,Emerging-8748,HM092683135,2021-07-27,2031-07-25,500,36,0.0712,BBB
2B,Floating,Corp-8840,IV608512494,2021-06-03,2046-05-28,1000,37,,A
2B,Fixed,Foreign-5389,KM178501595,2023-09-16,2026-09-15,100,1,0.0596,BBB
2B,Fixed,Corp-3501,XE153575950,2021-11-15,2032-11-12,1000,16,0.049,BBB
2B,Fixed,Corp-514,JS893807341,2024-08-05,2037-08-02,100,26,0.0766,BBB
2B,Floating,Foreign-2470,QX862860204,2024-11-22,2038-11-19,1000,38,,A
1,Floating,SOFR-6613,OA507010238,2024-01-06,2045-12-31,500,23,,
2A,Fixed,GovBond-3116,ZB360858141,2023-03-10,2052-03-02,100,34,0.0537,AA
1,Floating,SOFR-6401,TB044286260,2022-10-27,2026-10-26,100,4,,
2A,Fixed,GovBond-2387,AZ146933705,2023-07-08,2040-07-03,500,44,0.0541,AAA
2A,Fixed,Corp-6160,AT891400673,2025-04-27,2050-04-21,100,15,0.0301,AAA
2B,Floating,Emerging-2482,LU297073005,2023-02-02,2036-01-30,500,45,,A
2A,Fixed,Corp-8511,MX691251174,2022-10-29,2026-10-28,1000,29,0.044,AAA
2B,Fixed,Emerging-8290,PF196535888,2020-12-17,2046-12-11,100,15,0.0637,A
2A,Fixed,Corp-7223,YX116007907,2025-06-22,2050-06-16,500,42,0.0775,AAA
2A,Fixed,Corp-684,FH060680347,2021-11-08,2043-11-03,1000,41,0.0272,AA
2A,Fixed,GovBond-8856,MT084992697,2023-12-31,2037-12-27,100,3,0.0408,AAA
2B,Floating,Emerging-3065,RP027327735,2021-10-20,2029-10-18,1000,17,,A
2A,Fixed,Corp-9813,NW019650795,2025-07-06,2038-07-03,500,46,0.0343,AAA
2A,Fixed,Corp-6124,SY519135865,2021-11-15,2043-11-10,1000,28,0.0701,AA
2A,Fixed,GovBond-2884,SE163051400,2021-02-16,2051-02-09,100,5,0.0604,AA
2B,Fixed,Emerging-135,PI678424558,2024-10-13,2033-10-11,100,37,0.0465,A
2A,Fixed,GovBond-3539,JC136350673,2020-12-18,2034-12-15,100,20,0.0572,AA
2B,Floating,Foreign-8456,UL430624864,2024-04-27,2048-04-21,500,49,,A
2B,Floating,Corp-583,MG223849382,2022-10-13,2028-10-11,100,23,,BBB
2B,Floating,Emerging-2822,PG436433914,2025-05-25,2054-05-18,500,42,,A
2B,Fixed,Foreign-9397,XR223694345,2024-06-24,2030-06-23,1000,45,0.0738,A
2B,Fixed,Emerging-9694,XO756766867,2021-12-11,2044-12-05,100,26,0.0613,BBB
2A,Fixed,Corp-6357,CJ655756792,2025-09-28,2038-09-25,100,44,0.0362,AA
2A,Fixed,Corp-514,BD391314599,2021-10-27,2043-10-22,100,5,0.036,AA
2B,Floating,Emerging-1707,UF182646259,2022-05-17,2048-05-10,100,24,,A
2A,Fixed,GovBond-9034,EO962948676,2022-11-25,2031-11-23,500,36,0.0318,AA
1,Floating,TBILL-3933,SQ565179791,2024-07-12,2044-07-07,1000,43,,
2A,Fixed,GovBond-431,VQ491736118,2024-12-08,2050-12-02,1000,46,0.0402,AA
2A,Fixed,GovBond-6217,NE240502358,2021-06-11,2035-06-08,500,13,0.0574,AA
2A,Fixed,GovBond-2281,RL124618353,2022-11-22,2051-11-15,500,48,0.068,AAA
2B,Fixed,Corp-6036,MC813055793,2020-11-21,2047-11-15,500,2,0.0754,BBB
2A,Fixed,GovBond-2474,DY385644685,2025-04-27,2029-04-26,500,19,0.075,AAA
2B,Floating,Emerging-3992,QL237386076,2024-10-18,2041-10-14,500,36,,A
2B,Floating,Emerging-8164,GB078869581,2023-11-09,2032-11-06,1000,19,,A
1,Floating,SOFR-6624,TU330559028,2023-06-16,2050-06-09,500,46,,
2A,Fixed,GovBond-148,YC465223094,2022-12-12,2030-12-10,100,23,0.0216,AAA
2A,Fixed,Corp-7477,EL829110516,2024-12-22,2035-12-20,100,21,0.0239,AAA
2A,Fixed,Corp-3251,RH410175524,2023-08-20,2053-08-12,1000,36,0.0518,AA
2B,Floating,Corp-7678,HU977403537,2024-08-20,2051-08-14,500,1,,A
2B,Fixed,Emerging-3273,JC617527579,2023-08-10,2030-08-08,500,37,0.0874,BBB
2A,Fixed,GovBond-5430,CC736524988,2025-09-02,2036-08-30,1000,49,0.0366,AA
2B,Fixed,Foreign-2295,HT762334177,2025-08-14,2054-08-07,1000,4,0.0524,A
2B,Fixed,Corp-5347,CX933231290,2023-02-06,2031-02-04,1000,38,0.0507,BBB
2B,Floating,Corp-3874,MH892856775,2023-06-03,2050-05-27,500,36,,BBB
2B,Floating,Corp-516,UZ069535393,2024-06-21,2026-06-21,100,31,,A
2A,Fixed,Corp-4549,WO881560167,2025-01-30,2044-01-26,500,46,0.0605,AA
2B,Fixed,Foreign-2297,HJ696940001,2022-10-16,2037-10-12,1000,30,0.0429,A
1,Floating,GOV-5826,ZW974898161,2020-12-16,2042-12-11,100,22,,
2B,Floating,Corp-7177,SA596549912,2022-11-26,2049-11-19,500,29,,BBB
2A,Fixed,Corp-5223,DP160894901,2022-11-08,2029-11-06,500,5,0.0251,AAA
2A,Fixed,Corp-3273,QP639925064,2023-06-16,2033-06-13,100,34,0.0639,AAA
1,Floating,SOFR-9164,TP852654947,2021-10-26,2049-10-19,1000,44,,
2B,Floating,Foreign-842,IC116816890,2025-02-25,2052-02-19,500,47,,A
1,Floating,GOV-3099,SO010954494,2024-05-14,2027-05-14,100,2,,
1,Fixed,TBILL-780,UX575699206,2023-09-28,2040-09-23,500,11,0.0297,
2A,Fixed,GovBond-8269,VB822794914,2023-05-15,2034-05-12,500,49,0.0377,AAA
2A,Fixed,Corp-2228,NI755756499,2022-09-20,2039-09-16,1000,15,0.0262,AA
1,Fixed,GOV-1856,JL945898550,2023-08-23,2032-08-20,100,35,0.0433,
2A,Fixed,Corp-800,VP381238602,2022-08-08,2051-08-01,500,39,0.076,AA
2A,Fixed,Corp-9206,IS552449233,2024-11-22,2041-11-18,500,8,0.0471,AA
2A,Fixed,GovBond-5287,KV122494096,2021-04-23,2047-04-17,1000,40,0.075,AA
2B,Fixed,Foreign-3656,LG147333092,2022-01-30,2035-01-27,500,16,0.0727,A
2A,Fixed,Corp-5963,WU884342603,2021-07-28,2040-07-23,100,4,0.0204,AA
2B,Fixed,Foreign-4979,KQ968226796,2023-01-16,2027-01-15,500,22,0.0549,A
2B,Floating,Foreign-8264,OO873592678,2025-07-30,2037-07-27,100,32,,A
2A,Fixed,GovBond-9337,OZ150174580,2021-03-10,2040-03-05,100,9,0.077,AAA
2A,Fixed,Corp-3967,UD444604876,2023-08-29,2032-08-26,500,11,0.0797,AAA
2B,Floating,Foreign-3780,UP194829550,2021-09-09,2038-09-05,1000,12,,BBB
2B,Fixed,Emerging-334,NK073145483,2024-04-14,2036-04-11,100,29,0.044,A
1,Floating,TBILL-3700,BH402709894,2022-12-08,2031-12-06,100,21,,
1,Fixed,TBILL-7122,DH328836649,2023-03-21,2037-03-17,100,24,0.0486,
2B,Floating,Foreign-9715,YS044045554,2023-01-01,2046-12-26,500,36,,A
2A,Fixed,GovBond-1082,VN188412376,2024-09-03,2049-08-28,500,43,0.022,AAA
2B,Floating,Foreign-7913,II274595555,2024-03-25,2044-03-20,500,11,,BBB
2A,Fixed,GovBond-3105,DF737008224,2023-04-17,2040-04-12,1000,39,0.0366,AAA
2B,Floating,Emerging-8337,JW310130387,2020-12-01,2050-11-24,100,19,,BBB
2B,Fixed,Foreign-3096,ZP948588292,2021-06-16,2035-06-13,1000,41,0.037,BBB
2B,Floating,Emerging-7662,ME518587101,2022-02-04,2034-02-01,1000,23,,BBB
2A,Fixed,Corp-2393,DU771249749,2024-04-25,2040-04-21,500,40,0.037,AA
2A,Fixed,Corp-6382,CB685445393,2025-03-15,2027-03-15,1000,41,0.0618,AA
2B,Fixed,Corp-9308,NZ733754914,2025-08-05,2031-08-04,500,38,0.0553,A
2B,Floating,Foreign-9744,BB017371000,2023-02-12,2027-02-11,1000,47,,BBB
2A,Fixed,Corp-6399,KS827321363,2025-02-26,2042-02-22,100,8,0.0579,AA
2B,Floating,Emerging-4775,HQ298854040,2025-05-24,2032-05-22,1000,24,,A
1,Fixed,TBILL-2307,LQ685635966,2025-05-07,2030-05-06,100,28,0.0187,
2B,Fixed,Emerging-1200,UR547068197,2024-03-11,2026-03-11,100,44,0.0302,A
2A,Fixed,GovBond-2376,KM448363381,2024-06-26,2027-06-26,1000,39,0.0562,AA
2A,Fixed,Corp-4057,RS139297568,2024-05-25,2035-05-23,100,18,0.0507,AAA
2B,Floating,Corp-613,WG961667867,2022-11-24,2025-11-23,1000,17,,A
2B,Floating,Foreign-1755,BB439736773,2024-04-12,2026-04-12,1000,18,,A
2A,Fixed,Corp-7832,BK035861494,2022-08-31,2038-08-27,100,34,0.0791,AA
2B,Fixed,Emerging-7716,IW317921287,2024-05-04,2037-05-01,500,42,0.0757,BBB
2A,Fixed,GovBond-4498,AJ177793668,2024-01-07,2026-01-06,1000,7,0.0273,AAA
2B,Floating,Corp-1042,VS373865961,2023-09-27,2051-09-20,100,47,,BBB
2A,Fixed,Corp-8402,GV340745563,2023-03-04,2040-02-28,1000,23,0.0413,AA
2A,Fixed,GovBond-4949,IR503903829,2022-11-08,2045-11-02,500,27,0.0286,AA
2A,Fixed,Corp-8362,VA836213162,2025-06-05,2044-05-31,100,40,0.0448,AAA
2B,Floating,Foreign-7558,FL040703517,2025-05-08,2030-05-07,1000,48,,A
1,Floating,GOV-7090,VY277219038,2022-05-21,2041-05-16,500,11,,
2B,Fixed,Foreign-6477,AR842500994,2023-09-10,2042-09-05,1000,43,0.0511,BBB
2B,Floating,Emerging-5636,GA240709924,2021-08-15,2035-08-12,100,41,,BBB
2A,Fixed,Corp-1271,IS766824425,2024-06-26,2028-06-25,1000,21,0.0266,AAA
2B,Floating,Foreign-1927,QF681612932,2024-11-07,2047-11-02,1000,11,,A
2A,Fixed,GovBond-8086,XQ593366263,2025-03-06,2033-03-04,100,1,0.0503,AA
2B,Floating,Foreign-9672,LE355593368,2025-11-15,2034-11-13,500,19,,A
2B,Fixed,Emerging-1043,BZ067604773,2022-03-30,2046-03-24,500,21,0.064,A
2B,Fixed,Emerging-1123,YX123786312,2025-07-12,2027-07-12,500,21,0.0594,BBB
2B,Floating,Corp-2080,RL356199923,2023-02-21,2050-02-14,1000,34,,A
2B,Fixed,Corp-7306,KJ513249059,2025-08-04,2046-07-30,1000,13,0.0437,A
2B,Fixed,Emerging-1390,NB821430444,2022-02-21,2042-02-16,500,39,0.0383,BBB
2A,Fixed,GovBond-7569,YB959887785,2021-12-09,2036-12-05,500,49,0.0736,AAA
2B,Floating,Emerging-7526,FE521183369,2024-10-09,2039-10-06,1000,12,,BBB
2B,Floating,Emerging-7493,BH876489994,2023-11-08,2033-11-05,100,7,,BBB
2A,Fixed,Corp-3811,BF495316236,2020-12-09,2025-12-08,500,8,0.079,AA
2A,Fixed,Corp-7651,ON217938681,2024-11-08,2033-11-06,100,22,0.0497,AAA
2B,Floating,Emerging-3820,CV923796750,2021-05-21,2045-05-15,500,35,,A
1,Fixed,TBILL-7313,ZV059714249,2023-09-04,2032-09-01,100,32,0.0215,
1,Floating,SOFR-9379,VV021591804,2024-09-06,2041-09-02,1000,41,,
2A,Fixed,GovBond-6252,MD797593011,2023-04-14,2035-04-11,1000,24,0.0637,AA
2A,Fixed,GovBond-8021,NX360579238,2022-06-20,2046-06-14,100,24,0.0409,AA
1,Floating,GOV-5939,DB828735936,2025-04-04,2043-03-31,500,25,,
1,Floating,TBILL-9466,IL347717170,2025-08-14,2053-08-07,1000,6,,
2A,Fixed,Corp-9090,SE043567092,2024-07-04,2028-07-03,100,24,0.0417,AA
2A,Fixed,Corp-2448,YO731490186,2023-04-29,2041-04-24,100,17,0.0612,AAA
2A,Fixed,Corp-9522,BE128855473,2024-11-02,2033-10-31,500,46,0.0657,AA
2A,Fixed,Corp-9582,VR174495370,2024-12-28,2042-12-24,100,6,0.0256,AAA
1,Floating,GOV-9254,YA461090414,2025-07-15,2054-07-08,500,17,,
1,Fixed,TBILL-6091,XQ635512059,2021-04-25,2037-04-21,100,17,0.0261,
2B,Fixed,Corp-7382,TV484418187,2025-02-27,2027-02-27,1000,49,0.0577,A
1,Fixed,TBILL-4701,HG649562544,2023-06-07,2036-06-03,500,34,0.0009,
1,Fixed,SOFR-2154,OS741393122,2024-02-27,2030-02-25,1000,18,0.0275,
1,Floating,TBILL-1131,AS336444340,2025-02-09,2051-02-03,500,14,,
1,Fixed,GOV-5098,HM668665067,2025-01-30,2029-01-29,500,21,0.0052,
1,Floating,TBILL-2037,XR954231407,2022-07-21,2031-07-19,100,3,,
2A,Fixed,Corp-5288,LB669632707,2021-11-28,2029-11-26,100,44,0.0484,AA
1,Floating,SOFR-3177,MU966611279,2024-07-08,2044-07-03,1000,21,,
2A,Fixed,GovBond-6897,FQ969029058,2022-08-29,2050-08-22,1000,23,0.0755,AAA
2B,Floating,Foreign-3758,AO040262217,2025-04-05,2053-03-29,100,36,,A
2A,Fixed,GovBond-2138,VF235705474,2021-11-09,2033-11-06,100,23,0.0237,AA
2B,Floating,Emerging-7538,LB517127825,2021-05-13,2051-05-06,100,39,,BBB
2A,Fixed,GovBond-2614,BV670513825,2022-12-19,2049-12-12,500,25,0.0391,AAA
2A,Fixed,Corp-8415,EK084615174,2022-02-15,2027-02-14,500,27,0.0423,AAA
2B,Fixed,Emerging-1842,YH560831947,2023-01-28,2046-01-22,100,34,0.0555,A
2B,Floating,Corp-3831,WF681699056,2023-05-16,2034-05-13,500,13,,BBB
2B,Fixed,Corp-2079,TB719376475,2021-04-07,2043-04-02,500,36,0.0792,A
2B,Floating,Emerging-4040,DN152905774,2021-06-05,2028-06-03,500,20,,BBB
2A,Fixed,Corp-8738,VE505814602,2025-03-25,2029-03-24,1000,3,0.0778,AAA
1,Fixed,TBILL-8845,HJ599051994,2022-07-09,2047-07-03,500,49,0.0245,
1,Fixed,SOFR-7922,TV043173895,2022-08-23,2037-08-19,100,26,0.0377,
2A,Fixed,Corp-532,WN697697934,2024-06-28,2038-06-25,500,21,0.0205,AAA
1,Fixed,GOV-3037,ME464888725,2024-06-28,2037-06-25,500,29,0.0381,
1,Floating,GOV-8106,II999583241,2023-09-07,2029-09-05,500,13,,
2A,Fixed,GovBond-3484,FY245156846,2025-05-23,2042-05-19,100,19,0.0712,AA
2B,Fixed,Corp-7658,MX871928555,2025-06-16,2050-06-10,500,22,0.0563,A
2A,Fixed,GovBond-9371,RL698484778,2023-09-09,2050-09-02,500,25,0.0791,AAA
2A,Fixed,GovBond-7118,OP775205481,2024-08-16,2053-08-09,1000,44,0.0442,AAA
2B,Floating,Emerging-2550,JN768622135,2025-03-01,2039-02-26,500,50,,A
2A,Fixed,GovBond-6348,TW318852276,2023-03-13,2051-03-06,1000,37,0.0552,AAA
2A,Fixed,GovBond-2447,QB693264352,2025-10-25,2031-10-24,100,17,0.0307,AA
1,Floating,SOFR-95,XD585321171,2022-05-04,2044-04-28,1000,47,,
2B,Floating,Emerging-1296,GF455856086,2023-10-21,2033-10-18,100,48,,BBB
2B,Fixed,Foreign-2774,NW660630255,2021-07-15,2043-07-10,1000,28,0.0875,BBB
1,Floating,TBILL-2200,FD292356207,2025-02-04,2048-01-30,1000,46,,
2A,Fixed,Corp-6028,JB461165759,2021-12-25,2026-12-24,100,11,0.0427,AA
1,Fixed,TBILL-2960,VR355650417,2025-03-02,2038-02-27,100,32,0.0389,
1,Floating,TBILL-5019,WF487308128,2021-06-13,2037-06-09,500,12,,
2B,Fixed,Emerging-3432,NW244535254,2024-12-10,2040-12-06,100,20,0.0623,BBB
2B,Floating,Emerging-9651,RS864109400,2025-05-18,2044-05-13,500,36,,BBB
2B,Fixed,Corp-9602,TN241782577,2022-07-14,2026-07-13,500,7,0.049,A
2B,Floating,Foreign-5447,RD898609831,2021-12-01,2031-11-29,1000,17,,BBB
2A,Fixed,Corp-8548,JE287753332,2022-01-18,2049-01-11,500,16,0.0496,AA
2B,Fixed,Corp-3566,FC460429319,2022-05-12,2044-05-06,1000,26,0.0345,BBB
2A,Fixed,Corp-3377,TI259772638,2025-08-30,2030-08-29,100,1,0.0476,AA
2B,Fixed,Foreign-8863,YY074847435,2021-04-02,2046-03-27,500,22,0.0793,BBB
2B,Floating,Corp-8620,JV086697390,2023-05-22,2036-05-18,1000,1,,A
2A,Fixed,GovBond-209,ZN038833212,2021-03-07,2030-03-05,100,43,0.0449,AA
1,Fixed,GOV-406,ZZ399979356,2024-02-20,2032-02-18,1000,40,0.0417,
2A,Fixed,Corp-2011,UZ993636338,2025-03-27,2046-03-22,1000,39,0.0627,AAA
1,Fixed,GOV-2103,EC425760220,2025-10-06,2034-10-04,100,10,0.0082,
2B,Floating,Corp-5821,AS062908512,2022-02-10,2034-02-07,1000,7,,A
1,Fixed,GOV-1719,HP341244318,2021-10-09,2047-10-03,500,13,0.0202,
2A,Fixed,Corp-8307,AH227856480,2022-02-18,2034-02-15,100,37,0.0772,AA
2A,Fixed,Corp-5096,YB930102456,2021-09-26,2029-09-24,1000,18,0.0334,AAA
2A,Fixed,Corp-8573,KA656156392,2022-03-27,2045-03-21,100,2,0.0759,AA
2A,Fixed,GovBond-2386,SQ584824227,2023-07-28,2038-07-24,1000,3,0.0686,AAA
2B,Fixed,Corp-8109,GP847349634,2024-05-14,2034-05-12,1000,19,0.047,A
1,Fixed,GOV-4500,GV104614398,2023-08-23,2044-08-17,1000,48,0.0147,
2B,Floating,Corp-6101,JD976752783,2024-01-04,2053-12-27,1000,46,,BBB
2A,Fixed,Corp-4335,GT567292211,2025-01-22,2030-01-21,500,4,0.0285,AAA
2A,Fixed,Corp-9536,UM443382016,2023-05-09,2041-05-04,1000,33,0.0224,AA
2B,Fixed,Foreign-5307,QZ776166434,2024-02-15,2042-02-10,1000,21,0.0529,A
1,Floating,GOV-9118,QR016546169,2025-07-01,2044-06-26,500,7,,
2B,Floating,Corp-4172,SV001943736,2022-07-24,2032-07-21,100,47,,BBB
2B,Floating,Corp-574,DT193566618,2025-11-10,2034-11-08,500,27,,A
1,Floating,GOV-9960,AE536303159,2023-02-28,2038-02-24,500,49,,
2B,Floating,Emerging-5829,JH587562224,2025-07-08,2044-07-03,500,17,,BBB
2A,Fixed,Corp-5587,FL543576549,2024-08-27,2029-08-26,1000,3,0.0207,AA
1,Fixed,GOV-3123,EY976133530,2024-07-15,2048-07-09,1000,44,0.0175,
1,Fixed,GOV-198,TT013467868,2025-04-30,2041-04-26,100,29,0.0027,
2B,Floating,Emerging-1662,BQ611533966,2022-04-10,2027-04-09,500,29,,BBB
2A,Fixed,Corp-796,KN035774166,2023-01-06,2044-01-01,1000,28,0.0666,AA
2B,Floating,Corp-2311,OC170062541,2024-02-21,2029-02-19,100,29,,A
2B,Floating,Corp-2215,SM032398208,2024-04-20,2050-04-14,1000,23,,BBB
2A,Fixed,GovBond-9910,PR799577903,2023-07-18,2029-07-16,1000,36,0.0305,AAA
2B,Fixed,Foreign-2608,QQ632433195,2021-08-18,2047-08-12,100,5,0.0336,BBB
2A,Fixed,Corp-2281,MQ288608199,2025-04-26,2031-04-25,500,31,0.0403,AA
2A,Fixed,Corp-6129,HP694363292,2024-06-09,2033-06-07,100,39,0.0763,AAA
2B,Floating,Corp-454,BY823274665,2025-04-19,2052-04-12,100,30,,A
2B,Fixed,Foreign-1721,GX949862289,2021-11-22,2042-11-17,500,48,0.079,A
1,Floating,GOV-3350,DM656619298,2021-03-26,2026-03-25,500,18,,
2A,Fixed,GovBond-1698,WL692315750,2024-02-16,2028-02-15,1000,21,0.0353,AA
2B,Fixed,Foreign-3561,BV279731816,2025-02-15,2041-02-11,1000,22,0.0405,A
2B,Fixed,Foreign-6009,WI656033792,2024-09-23,2031-09-22,1000,44,0.0381,A
2B,Floating,Corp-7029,UK269532240,2023-12-30,2028-12-28,1000,37,,A
2B,Fixed,Foreign-6287,JS756676966,2025-05-18,2050-05-12,500,33,0.0635,A
2B,Floating,Emerging-9918,OS395513483,2022-09-26,2048-09-19,100,11,,BBB
2B,Floating,Foreign-413,YM450528651,2024-01-10,2029-01-08,500,11,,A
2B,Fixed,Emerging-5763,AR204284661,2025-01-12,2037-01-09,1000,42,0.0651,A
2B,Fixed,Corp-4085,PZ274696912,2021-08-27,2049-08-20,100,34,0.0708,A
2B,Floating,Foreign-8853,KG290428324,2024-03-13,2040-03-09,1000,35,,BBB
2B,Floating,Foreign-3351,PA745763765,2024-04-16,2029-04-15,100,3,,A
2A,Fixed,GovBond-5287,LW580724081,2025-06-02,2055-05-26,500,30,0.0752,AA
2B,Floating,Foreign-4831,II172738411,2021-06-24,2042-06-19,500,35,,BBB
1,Floating,TBILL-7662,QQ171451466,2021-09-18,2040-09-13,1000,29,,
2B,Floating,Emerging-5811,WY561683063,2024-09-23,2047-09-18,100,43,,A
1,Fixed,GOV-7847,VR514904485,2023-07-20,2032-07-17,100,16,0.0197,
2B,Floating,Emerging-9778,UR135619806,2025-04-11,2052-04-04,100,45,,BBB
2A,Fixed,Corp-4925,HL730614121,2023-07-31,2027-07-30,1000,38,0.0302,AA
2A,Fixed,Corp-4818,UH120674532,2022-04-28,2046-04-22,500,1,0.0498,AA
2B,Fixed,Corp-9343,IP260262812,2023-10-14,2052-10-06,100,34,0.0365,A
2B,Fixed,Emerging-9099,SZ893654526,2024-07-10,2048-07-04,1000,46,0.0497,A
2A,Fixed,GovBond-9348,XU765291568,2024-07-22,2044-07-17,500,25,0.0742,AAA
1,Floating,GOV-9891,VV144861575,2022-09-15,2032-09-12,100,29,,
2A,Fixed,GovBond-2523,TS019611884,2022-11-30,2033-11-27,100,16,0.0251,AA
2B,Fixed,Foreign-2662,SG618872357,2024-04-20,2045-04-15,500,41,0.0578,BBB
2A,Fixed,GovBond-1428,ZJ556703893,2025-10-17,2045-10-12,100,42,0.0466,AAA
2B,Fixed,Emerging-7423,JE677230160,2021-09-01,2030-08-30,500,2,0.0617,A
2B,Floating,Corp-6345,NG696899589,2021-10-14,2030-10-12,500,23,,BBB
1,Floating,GOV-1402,WO859421679,2024-06-03,2043-05-30,100,1,,
1,Floating,TBILL-863,EW732220078,2022-03-24,2038-03-20,1000,5,,
2B,Floating,Corp-9014,UJ103735530,2023-04-12,2029-04-10,1000,15,,BBB
2B,Fixed,Emerging-9251,PP040260987,2021-03-16,2036-03-12,500,44,0.0637,BBB
2B,Fixed,Corp-4945,WB614003405,2024-07-31,2043-07-27,100,18,0.0469,BBB
2A,Fixed,GovBond-8572,TT820617093,2024-03-21,2050-03-15,500,7,0.025,AAA
2B,Floating,Emerging-9045,YZ595478249,2022-10-15,2044-10-09,100,48,,BBB
2A,Fixed,Corp-1054,PR152397394,2024-01-09,2045-01-03,500,8,0.0543,AAA
1,Floating,TBILL-2837,FR445732264,2024-04-14,2039-04-11,500,1,,
2A,Fixed,GovBond-9669,ZI068467101,2021-03-01,2048-02-23,500,46,0.0396,AAA
2A,Fixed,Corp-4203,HC280990189,2021-12-20,2044-12-14,500,47,0.0302,AAA
1,Floating,GOV-7805,GD208211527,2025-02-19,2054-02-12,500,41,,
2B,Floating,Foreign-8944,JT215657628,2024-02-22,2045-02-16,1000,2,,BBB
2B,Floating,Foreign-9948,HM629637445,2021-08-17,2047-08-11,1000,31,,A
2A,Fixed,Corp-6038,DK206898186,2021-11-07,2027-11-06,100,35,0.0301,AA
2A,Fixed,GovBond-9795,FR431710881,2023-09-26,2051-09-19,1000,14,0.0742,AA
1,Fixed,SOFR-9427,AT426282629,2022-03-19,2027-03-18,500,37,0.0154,
2B,Fixed,Emerging-2226,VZ109048786,2023-05-14,2043-05-09,100,29,0.0349,A
2A,Fixed,Corp-9990,UR696496104,2025-06-01,2040-05-28,500,47,0.0237,AA
2A,Fixed,Corp-736,ES964890493,2025-06-18,2028-06-17,1000,2,0.0734,AAA
2A,Fixed,Corp-1346,SN448608601,2024-09-08,2040-09-04,100,15,0.046,AAA
2B,Floating,Emerging-936,SA776258930,2022-03-12,2027-03-11,500,20,,A
2B,Fixed,Corp-2191,LH826049711,2023-01-24,2044-01-19,100,8,0.0458,BBB
1,Fixed,TBILL-2796,ZD169385651,2025-11-01,2047-10-27,1000,50,0.0133,
2A,Fixed,Corp-2431,JW765617397,2025-06-30,2034-06-28,500,21,0.0425,AAA
2A,Fixed,GovBond-4342,CI566746078,2024-12-27,2054-12-20,500,9,0.0263,AA
1,Floating,GOV-3495,JI389187140,2024-02-02,2042-01-28,1000,6,,
2A,Fixed,Corp-5962,UJ205427544,2022-11-02,2030-10-31,100,15,0.0573,AAA
2B,Fixed,Emerging-8075,PZ020625213,2022-06-16,2045-06-10,500,40,0.0475,A
1,Fixed,TBILL-2144,CV081455948,2023-10-22,2050-10-15,500,6,0.0103,
2B,Floating,Foreign-9469,KW130509682,2022-06-02,2031-05-31,1000,4,,BBB
1,Floating,TBILL-2669,QV977461294,2020-12-10,2039-12-06,500,44,,
2B,Floating,Emerging-8000,LY199880062,2025-08-23,2037-08-20,1000,48,,BBB
1,Floating,TBILL-9284,AR653729384,2023-04-22,2047-04-16,100,11,,
2A,Fixed,Corp-6165,AZ186062709,2021-05-09,2029-05-07,100,26,0.0557,AAA
2A,Fixed,GovBond-2054,NQ996036650,2025-01-23,2035-01-21,100,33,0.0308,AAA
2B,Floating,Emerging-101,AI592912413,2025-07-05,2054-06-28,500,33,,A
2A,Fixed,GovBond-7968,MK746823515,2024-06-02,2029-06-01,500,18,0.0332,AA
2B,Fixed,Corp-6405,TH725526922,2023-10-28,2026-10-27,1000,17,0.079,BBB
2B,Fixed,Foreign-7984,KK262001266,2021-11-06,2042-11-01,100,7,0.0369,A
2A,Fixed,Corp-6204,TC104548920,2021-01-03,2045-12-28,1000,16,0.0358,AA
2B,Floating,Corp-1504,FJ031283774,2021-08-28,2031-08-26,100,16,,A
2A,Fixed,Corp-359,RW247128721,2024-01-25,2051-01-18,100,38,0.0495,AAA
2B,Floating,Corp-1035,QU370394010,2024-12-12,2034-12-10,1000,20,,A
2A,Fixed,Corp-1981,EF943708556,2025-06-26,2029-06-25,100,8,0.0768,AA
2A,Fixed,GovBond-1866,DO978884879,2025-10-20,2037-10-17,500,11,0.055,AA
2A,Fixed,Corp-2913,OF052340157,2021-11-20,2038-11-16,100,49,0.0479,AA
2A,Fixed,GovBond-6761,KU228847546,2021-08-05,2050-07-29,500,26,0.039,AAA
2A,Fixed,GovBond-3483,NQ955345498,2024-08-17,2049-08-11,1000,20,0.0584,AAA
2B,Floating,Foreign-3326,VH070370619,2022-04-13,2028-04-11,1000,16,,A
2A,Fixed,GovBond-6873,UQ249912376,2022-08-15,2028-08-13,1000,27,0.068,AA
2A,Fixed,GovBond-565,QL677277433,2024-06-28,2039-06-25,1000,22,0.0372,AA
2A,Fixed,Corp-2722,TR687639974,2021-11-05,2039-11-01,500,6,0.0557,AAA
2A,Fixed,Corp-9953,CR913649212,2022-04-15,2033-04-12,500,7,0.0259,AA
1,Floating,TBILL-9199,KA087157098,2021-07-23,2028-07-21,1000,24,,
1,Floating,SOFR-2210,YR511890862,2025-04-09,2046-04-04,100,22,,
2A,Fixed,GovBond-1213,CH555181233,2022-09-02,2037-08-29,500,25,0.0686,AA
2B,Floating,Corp-7145,WE120762163,2023-02-02,2042-01-28,100,37,,A
1,Floating,TBILL-9140,IU350711376,2024-06-05,2037-06-02,500,25,,
2A,Fixed,GovBond-3220,GL385872953,2023-12-20,2025-12-19,500,15,0.0596,AAA
2B,Fixed,Corp-2890,IT588557658,2021-04-28,2050-04-21,100,50,0.0528,A
1,Floating,SOFR-1563,LP396339222,2022-11-19,2051-11-12,100,28,,
2A,Fixed,GovBond-245,RY177519940,2024-11-21,2042-11-17,500,22,0.0281,AAA
2B,Fixed,Corp-1128,YG769661379,2021-08-22,2035-08-19,500,18,0.0608,BBB
1,Fixed,TBILL-3951,DV589910406,2024-12-31,2054-12-24,500,16,0.029,
2A,Fixed,GovBond-1734,NJ835823694,2024-09-28,2035-09-26,1000,29,0.0375,AA
2A,Fixed,Corp-5749,VN717775074,2022-08-25,2031-08-23,500,42,0.0598,AA
2A,Fixed,GovBond-7861,VI992774599,2021-10-03,2035-09-30,1000,5,0.0364,AA
2A,Fixed,GovBond-476,RC753807327,2024-08-12,2050-08-06,1000,26,0.0707,AAA
2A,Fixed,GovBond-5245,CY177103106,2025-03-06,2053-02-27,500,23,0.0328,AA
1,Floating,SOFR-3737,QF152640272,2021-06-17,2034-06-14,500,40,,
2B,Floating,Emerging-2473,ZH884085341,2024-10-16,2029-10-15,1000,50,,BBB
2A,Fixed,GovBond-4414,CI722322943,2024-07-28,2027-07-28,500,27,0.03,AAA
2B,Floating,Emerging-7432,GU958042559,2023-03-14,2052-03-06,100,40,,A
2B,Floating,Corp-9848,VV173950445,2023-01-21,2051-01-14,100,38,,BBB
2A,Fixed,Corp-5182,EB973851755,2021-06-04,2040-05-30,100,47,0.0341,AA
2A,Fixed,Corp-4516,DM274214936,2023-09-18,2026-09-17,500,23,0.0364,AAA
2A,Fixed,Corp-7588,RN800051753,2022-10-15,2039-10-11,1000,50,0.0519,AA
2A,Fixed,GovBond-974,KI985779898,2022-07-26,2031-07-24,500,7,0.0791,AA
2A,Fixed,GovBond-931,ER249706399,2022-07-07,2043-07-02,500,14,0.0423,AAA
2B,Fixed,Foreign-9300,RU354248131,2022-09-27,2033-09-24,100,22,0.0872,A
2B,Floating,Emerging-3324,SW084379258,2022-06-20,2042-06-15,1000,35,,BBB
2A,Fixed,GovBond-8259,QG949817519,2024-05-20,2033-05-18,500,45,0.0769,AAA
2B,Floating,Emerging-6671,BO764793125,2022-08-30,2032-08-27,500,10,,A
2B,Fixed,Emerging-2266,CA656223475,2024-09-28,2026-09-28,1000,8,0.0471,A
2A,Fixed,Corp-9227,SH532895915,2022-03-23,2052-03-15,100,4,0.0541,AA
2A,Fixed,Corp-4088,CN281323605,2025-08-26,2029-08-25,100,36,0.0646,AA
2B,Fixed,Emerging-4838,QJ766473384,2024-08-04,2031-08-03,1000,6,0.0743,BBB
2B,Fixed,Emerging-4148,OI490213882,2023-04-20,2027-04-19,100,27,0.0526,BBB
2B,Fixed,Corp-5600,VZ444235728,2025-05-08,2038-05-05,1000,32,0.0894,BBB
2A,Fixed,GovBond-9464,WA042916058,2021-08-08,2036-08-04,500,41,0.0645,AAA
1,Fixed,GOV-2971,CU737489229,2024-03-12,2039-03-09,1000,19,0.0143,
2B,Floating,Emerging-3962,XU445820780,2025-09-16,2037-09-13,500,5,,BBB
2A,Fixed,GovBond-4399,IX425437451,2021-12-09,2032-12-06,100,21,0.0748,AAA
2A,Fixed,Corp-1625,SA451510179,2023-07-21,2028-07-19,100,49,0.074,AAA
2B,Fixed,Emerging-2335,YA027968623,2024-09-10,2040-09-06,1000,7,0.0578,A
2A,Fixed,GovBond-9023,ZR954456315,2025-07-26,2033-07-24,1000,10,0.0233,AAA
2A,Fixed,Corp-1780,GR413477029,2022-07-22,2035-07-19,100,23,0.0569,AAA
1,Floating,GOV-9426,ET937106766,2025-03-28,2028-03-27,500,16,,
2B,Fixed,Corp-5463,EG451387988,2021-09-21,2040-09-16,500,25,0.0864,A
2A,Fixed,Corp-1099,AR743915328,2025-11-08,2042-11-04,1000,43,0.0554,AAA
2B,Floating,Corp-5967,BJ869631872,2025-04-18,2048-04-12,100,30,,A
2A,Fixed,GovBond-7645,YM549542182,2022-05-19,2048-05-12,500,1,0.0587,AA
2A,Fixed,GovBond-6,AV294765704,2023-01-16,2036-01-13,100,37,0.0312,AA
2B,Floating,Foreign-4562,WJ255282377,2022-05-01,2052-04-23,100,8,,BBB
2A,Fixed,Corp-7085,UY338421849,2024-11-15,2051-11-09,500,45,0.0714,AAA
1,Floating,TBILL-2393,LV720247118,2021-05-07,2039-05-03,1000,31,,
2B,Floating,Foreign-2802,WW077248780,2024-06-15,2029-06-14,500,35,,A
2A,Fixed,Corp-2522,MG308710648,2022-09-02,2027-09-01,1000,42,0.0327,AA
2B,Fixed,Foreign-9455,DU399797499,2021-01-29,2051-01-22,1000,21,0.0498,A
2A,Fixed,Corp-8579,KC373469653,2024-02-29,2031-02-27,500,25,0.0349,AAA
2B,Fixed,Corp-1779,RE448569649,2023-06-15,2053-06-07,1000,15,0.0388,BBB
1,Fixed,SOFR-4157,OK569921921,2023-01-04,2044-12-29,1000,17,0.0467,
2A,Fixed,Corp-7107,JJ442256956,2021-11-30,2040-11-25,100,43,0.0555,AAA
2B,Fixed,Emerging-755,NR145019292,2023-09-11,2040-09-06,1000,21,0.0386,BBB
2A,Fixed,GovBond-3517,RI959775926,2025-06-01,2053-05-25,100,49,0.02,AA
2B,Floating,Foreign-6784,DV618467406,2025-09-22,2046-09-17,100,35,,A
2A,Fixed,GovBond-129,FK121880629,2023-06-28,2050-06-21,100,29,0.046,AAA
1,Fixed,TBILL-244,JK541450130,2024-05-16,2050-05-10,500,12,0.0075,
2B,Floating,Foreign-2100,NM329066810,2025-09-03,2044-08-29,1000,16,,BBB
2A,Fixed,GovBond-9083,BG746967846,2025-04-23,2050-04-17,500,33,0.0619,AA
1,Fixed,GOV-7267,IZ603106934,2022-12-12,2042-12-07,1000,4,0.0377,
2A,Fixed,GovBond-747,NV538135147,2023-02-10,2027-02-09,1000,32,0.0682,AA
1,Floating,GOV-522,XD061590477,2021-07-25,2030-07-23,100,42,,
2A,Fixed,Corp-3943,NZ955731339,2024-12-08,2040-12-04,500,25,0.0423,AAA
2B,Fixed,Emerging-851,KM353287289,2024-08-21,2036-08-18,100,26,0.0869,A
2A,Fixed,GovBond-5079,UA052662459,2025-11-06,2043-11-02,1000,31,0.0421,AA
2A,Fixed,GovBond-4318,HE623319682,2022-08-02,2035-07-30,1000,48,0.0793,AA
2B,Floating,Emerging-7932,MT420638594,2023-02-22,2031-02-20,500,9,,A
1,Fixed,TBILL-9782,HU642199585,2023-09-09,2049-09-02,100,41,0.0027,
2B,Floating,Foreign-6481,EA740920921,2025-02-19,2054-02-12,1000,41,,BBB
2A,Fixed,Corp-4654,DJ782758571,2021-07-15,2030-07-13,1000,15,0.033,AAA
1,Floating,GOV-9291,VO531982869,2024-09-22,2030-09-21,100,19,,
2A,Fixed,GovBond-2649,XS895293264,2022-06-08,2031-06-06,1000,45,0.0667,AAA
2A,Fixed,GovBond-4509,CB016803043,2023-04-02,2051-03-26,1000,50,0.0483,AAA
2B,Floating,Foreign-1402,WG177791322,2022-01-03,2042-12-29,1000,19,,A
2A,Fixed,Corp-5908,ZL758774797,2025-06-01,2037-05-29,1000,50,0.0659,AAA
1,Fixed,TBILL-4762,IF873734971,2025-02-16,2029-02-15,1000,47,0.0279,
2B,Fixed,Foreign-306,RY777795826,2024-05-20,2027-05-20,100,36,0.0721,BBB
2A,Fixed,Corp-1971,IV216617482,2023-04-03,2046-03-28,1000,50,0.0266,AAA
2B,Fixed,Foreign-563,PN715309268,2022-10-16,2050-10-09,100,35,0.0781,BBB
2B,Fixed,Emerging-4716,IC359285211,2022-06-30,2052-06-22,1000,40,0.0888,BBB
1,Fixed,SOFR-495,PT655137143,2022-08-31,2034-08-28,100,21,0.0429,
2B,Floating,Emerging-1265,KX434985155,2025-01-08,2044-01-04,1000,30,,BBB
2A,Fixed,GovBond-8647,KH828522239,2023-09-21,2033-09-18,1000,34,0.0378,AAA
1,Floating,TBILL-1404,XW503004882,2025-05-04,2045-04-29,100,36,,
2B,Fixed,Emerging-1507,CJ925670228,2021-06-07,2031-06-05,100,16,0.0617,BBB
2B,Floating,Corp-4058,DV654725395,2023-03-05,2029-03-03,100,25,,A
1,Fixed,GOV-5554,TD425189565,2025-02-20,2033-02-18,1000,3,0.0225,
2B,Floating,Emerging-741,OL886022539,2021-09-09,2042-09-04,100,22,,BBB
2B,Floating,Emerging-2073,CE196084049,2023-03-24,2032-03-21,500,44,,BBB
1,Fixed,SOFR-4262,SP820703182,2021-03-24,2029-03-22,1000,4,0.0432,
2A,Fixed,Corp-9556,DG884230572,2021-12-17,2038-12-13,500,1,0.0612,AAA
1,Fixed,GOV-7033,JF852145050,2022-08-17,2039-08-13,100,42,0.026,
2B,Floating,Emerging-2628,QN567115740,2021-01-09,2042-01-04,500,32,,A
2B,Floating,Emerging-6841,VX352599633,2025-05-07,2037-05-04,500,49,,A
2A,Fixed,GovBond-5040,VK675023292,2023-07-18,2049-07-11,1000,29,0.0284,AA
2B,Fixed,Emerging-6325,XS499618921,2024-02-09,2031-02-07,100,49,0.0313,A
2A,Fixed,Corp-5267,WV301231583,2025-01-21,2054-01-14,100,37,0.0667,AA
1,Floating,TBILL-9276,DP114423521,2024-05-15,2035-05-13,1000,21,,
1,Fixed,GOV-5950,XI735860125,2024-07-04,2051-06-28,100,2,0.0254,
2B,Floating,Foreign-278,FO377217262,2022-09-04,2028-09-02,1000,43,,BBB
2A,Fixed,GovBond-3638,EM891934392,2024-05-18,2038-05-15,500,8,0.0576,AAA
2B,Floating,Foreign-958,TO864503640,2021-09-25,2029-09-23,500,32,,A
2A,Fixed,Corp-9213,BO642439038,2021-10-01,2043-09-26,500,8,0.0691,AA
2A,Fixed,Corp-4578,EC304266163,2021-06-16,2039-06-12,100,13,0.0308,AA
2A,Fixed,GovBond-89,ET471957420,2022-10-08,2042-10-03,500,15,0.0238,AA
1,Fixed,TBILL-8848,MK885678447,2023-05-06,2049-04-29,500,48,0.0492,
2A,Fixed,Corp-9248,RU929101413,2023-09-29,2046-09-23,100,29,0.0304,AA
2A,Fixed,Corp-3344,BV741302536,2025-05-03,2041-04-29,100,17,0.0775,AAA
2A,Fixed,Corp-14,FG110065840,2023-03-28,2051-03-21,500,29,0.0413,AAA
2B,Fixed,Emerging-3096,VI821832435,2022-07-01,2026-06-30,100,17,0.0767,BBB
1,Fixed,SOFR-3598,BN153823445,2023-07-06,2037-07-02,100,16,0.0346,
2B,Fixed,Corp-3934,QV737658134,2021-06-26,2046-06-20,1000,23,0.0789,A
2A,Fixed,Corp-8787,HI926356993,2025-03-24,2053-03-17,100,17,0.0283,AAA
2B,Fixed,Emerging-1978,WT739393820,2022-12-02,2037-11-28,100,40,0.0346,BBB
2A,Fixed,GovBond-4925,NA544103239,2025-09-23,2027-09-23,100,11,0.0766,AAA
2A,Fixed,Corp-9947,II121807257,2025-02-22,2031-02-21,1000,33,0.0299,AA
2A,Fixed,GovBond-3050,FF667385062,2021-09-09,2049-09-02,1000,10,0.0598,AA
2B,Fixed,Emerging-7217,KH995295270,2023-12-06,2045-11-30,100,19,0.0378,A
2B,Floating,Emerging-8750,TW665795524,2023-03-27,2028-03-25,1000,40,,A
2A,Fixed,GovBond-6630,CO774119411,2025-03-26,2045-03-21,1000,1,0.058,AAA
