,1M Implied Rate,3M Implied Rate,6M Implied Rate,EFFR
2008-01-02,3.9399999999999977,3.6896153846153728,3.099230769230779,4.11
2008-01-03,3.9150000000000063,3.6526923076923152,3.030824175824164,4.25
2008-01-04,3.8349999999999937,3.5726923076923027,2.9090109890110076,4.18
2008-01-07,3.8299999999999983,3.5676923076923073,2.968296703296695,4.27
2008-01-08,3.8299999999999983,3.5676923076923073,2.9632967032966997,4.27
2008-01-09,3.8100000000000023,3.476153846153847,2.867912087912102,4.26
2008-01-10,3.780000000000001,3.42230769230768,2.832857142857129,4.26
2008-01-11,3.6500000000000057,3.2803846153846186,2.6917582417582286,4.23
2008-01-14,3.6400000000000006,3.258461538461547,2.656758241758232,4.24
2008-01-15,3.6500000000000057,3.2923076923076846,2.706758241758229,4.24
2008-01-16,3.6500000000000057,3.2923076923076846,2.7060439560439584,4.22
2008-01-17,3.6400000000000006,3.222692307692315,2.5724725274725353,4.23
2008-01-18,3.569999999999993,3.045384615384611,2.4524725274725148,4.17
2008-01-22,3.049999999999997,2.525384615384615,2.100329670329653,3.68
2008-01-23,2.9399999999999977,2.4273076923076817,2.1041758241758224,3.43
2008-01-24,3.0600000000000023,2.702307692307681,2.3770329670329606,3.47
2008-01-25,3.075000000000003,2.6815384615384494,2.3637362637362522,3.6
2008-01-28,3.0349999999999966,2.605769230769245,2.313736263736255,3.5
2008-01-29,3.055000000000007,2.6615384615384534,2.3571428571428457,3.47
2008-01-30,2.9599999999999937,2.554615384615408,2.258186813186818,3.26
2008-01-31,2.9549999999999983,2.4780769230769146,2.170989010989007,3.22
2008-02-01,2.461153846153853,2.114999999999995,1.783516483516479,3.12
2008-02-04,2.459230769230778,2.1649999999999636,1.8035164835164288,2.82
2008-02-05,2.3257692307692506,2.009999999999991,1.7664285714286478,2.71
2008-02-06,2.2580769230769224,2.0400000000000205,1.6945604395603304,2.94
2008-02-07,2.247307692307696,2.094999999999999,1.724560439560328,3.03
2008-02-08,2.247307692307696,2.0849999999999937,1.646758241758132,3.05
2008-02-11,2.2534615384615506,2.0400000000000205,1.6267582417582993,2.88
2008-02-12,2.3061538461538587,2.0700000000000216,1.573021978022048,2.91
2008-02-13,2.2942307692307584,2.0349999999999397,1.5330219780220418,3.02
2008-02-14,2.311153846153854,2.0349999999999397,1.5330219780220418,3.03
2008-02-15,2.292307692307717,1.9550000000000693,1.5030219780218346,2.97
2008-02-19,2.366923076923082,2.094999999999942,1.7704945054941064,2.94
2008-02-20,2.4146153846153804,2.1699999999999875,1.930109890110085,3.0
2008-02-21,2.3907692307692483,2.075000000000017,1.7923626373627037,3.01
2008-02-22,2.41961538461539,2.075000000000017,2.252664835164982,2.97
2008-02-25,2.455384615384622,2.1899999999999693,2.3376648351647695,3.0
2008-02-26,2.479230769230754,2.1299999999999955,1.8901648351648994,2.85
2008-02-27,2.41961538461539,2.019999999999939,1.826098901098991,2.93
2008-02-28,2.371923076923058,1.9450000000000216,1.8289010989011487,3.06
2008-02-29,2.2288461538461632,1.7149999999999892,1.9845329670331324,3.01
2008-03-03,2.3149999999999977,1.7149999999999892,2.0154670329671873,3.1
2008-03-04,2.305000000000007,1.724999999999966,2.0104670329669716,2.9
2008-03-05,2.364999999999995,1.8599999999999994,2.0322527472527483,2.93
2008-03-06,2.3149999999999977,1.7800000000000722,1.8541208791210444,2.99
2008-03-07,2.2349999999999994,1.6550000000000438,1.6803846153847957,2.96
2008-03-10,2.2150000000000034,1.6550000000000438,1.4119505494504558,2.99
2008-03-11,2.344999999999999,1.9150000000000489,1.8606868131867955,2.95
2008-03-12,2.319999999999993,1.8599999999999994,1.8726098901100379,2.97
2008-03-13,2.280000000000001,1.7650000000000148,1.7457417582419374,2.98
2008-03-14,2.1200000000000045,1.560000000000045,1.4201373626370462,2.99
2008-03-17,1.9449999999999932,1.3800000000000239,1.4076098901095904,2.69
2008-03-18,2.155000000000001,1.5999999999999943,1.5300549450547933,2.16
2008-03-19,2.155000000000001,1.6449999999999676,1.503543956043785,2.08
2008-03-20,2.1650000000000063,1.7099999999999653,1.8314010989011535,2.22
2008-03-24,2.1650000000000063,1.8400000000000034,1.7556318681319176,2.08
2008-03-25,2.1650000000000063,1.7799999999999727,1.8604120879122341,2.42
2008-03-26,2.1700000000000017,1.700000000000017,1.922967032967037,2.3
2008-03-27,2.180000000000007,1.7149999999999892,1.8041758241759212,2.27
2008-03-28,2.180000000000007,1.7300000000000466,2.047967032967115,2.09
2008-03-31,2.1700000000000017,1.6899999999999977,1.6241758241760564,2.51
2008-04-01,1.9399999999999977,1.820192307692312,1.8193333333333261,2.38
2008-04-02,1.9699999999999989,1.8651923076923138,1.894333333333329,2.18
2008-04-03,1.9500000000000028,1.867115384615389,1.9096666666666777,2.19
2008-04-04,1.9099999999999966,1.796153846153844,1.8036666666666739,2.26
2008-04-07,1.9099999999999966,1.8180769230769154,1.8439999999999988,2.24
2008-04-08,1.894999999999996,1.750192307692302,1.7993333333333452,2.23
2008-04-09,1.894999999999996,1.7451923076923066,1.7543333333333284,2.2
2008-04-10,1.894999999999996,1.77211538461539,1.8046666666666737,2.3
2008-04-11,1.8850000000000051,1.7332692307692237,1.739666666666676,2.37
2008-04-14,1.894999999999996,1.7482692307692242,1.7906666666666733,2.32
2008-04-15,1.9300000000000068,1.800192307692316,1.865999999999995,2.32
2008-04-16,1.9399999999999977,1.831153846153838,1.9259999999999973,2.35
2008-04-17,1.9549999999999983,1.8930769230769182,1.9553333333333465,2.37
2008-04-18,2.0049999999999955,1.944038461538453,2.106666666666656,2.32
2008-04-21,2.0150000000000006,1.9490384615384653,2.142000000000001,2.28
2008-04-22,2.0450000000000017,1.988076923076917,2.2180000000000035,1.99
2008-04-23,2.0450000000000017,1.9730769230769165,2.192333333333331,2.18
2008-04-24,2.0450000000000017,1.9890384615384546,2.319666666666679,2.26
2008-04-25,2.055000000000007,2.010000000000005,2.3140000000000023,2.28
2008-04-28,2.055000000000007,2.004038461538455,2.2483333333333233,2.29
2008-04-29,2.049999999999997,1.9980769230769222,2.2026666666666546,2.21
2008-04-30,1.9950000000000045,1.9390384615384602,2.11699999999998,2.37
2008-05-01,1.9349999999999739,1.9558241758241623,2.2829999999999564,2.16
2008-05-02,1.9950000000000045,1.9697252747252791,2.417000000000016,1.88
2008-05-05,1.9950000000000045,1.9797252747252843,2.4617777777778826,1.85
2008-05-06,2.020000000000053,1.9690109890109777,2.0938888888888934,1.91
2008-05-07,1.9899999999999949,1.9690109890109777,2.3067777777778766,2.01
2008-05-08,1.9600000000000222,1.939395604395606,2.24799999999996,1.99
2008-05-09,1.9600000000000222,1.9579120879121028,2.159666666666574,1.97
2008-05-12,1.9899999999999949,1.9825274725274793,2.2742222222221806,1.88
2008-05-13,2.0399999999999494,2.0385714285714402,2.5486666666666338,1.93
2008-05-14,2.0399999999999494,2.050274725274737,2.63911111111117,2.03
2008-05-15,2.0399999999999494,2.0256593406593306,2.568444444444362,2.03
2008-05-16,2.0399999999999494,2.0256593406593306,2.561555555555337,1.91
2008-05-19,2.035000000000025,2.0324725274725113,2.6698888888888583,1.95
2008-05-20,2.0600000000000023,2.0021428571428572,2.5534444444443616,1.99
2008-05-21,2.0600000000000023,2.0021428571428572,2.694666666666732,2.03
2008-05-22,2.035000000000025,2.057802197802189,2.670111111111273,2.05
2008-05-23,2.035000000000025,2.0256593406593306,2.7196666666665905,1.99
2008-05-27,2.0649999999999977,2.036373626373637,2.65200000000002,2.23
2008-05-28,2.0700000000000074,2.050274725274737,2.7791111111111753,2.08
2008-05-29,2.09999999999998,2.071978021978009,2.7433333333333487,2.01
2008-05-30,2.129999999999953,2.0573626373626572,2.7083333333332056,1.98
2008-06-02,1.9950000000000045,2.041758241758234,2.6059999999999213,2.06
2008-06-03,1.9950000000000045,2.0232417582417566,2.625777777777652,1.95
2008-06-04,1.9950000000000045,2.037857142857139,2.5960000000000627,1.98
2008-06-05,1.9950000000000045,2.060274725274712,2.6141111111110384,1.98
2008-06-06,2.0,2.047747252747251,2.6003333333332534,2.01
2008-06-09,2.0150000000000006,2.2118131868131745,2.998555555555342,2.02
2008-06-10,2.0450000000000017,2.2769230769230675,3.028888888888858,1.96
2008-06-11,2.0400000000000063,2.2495054945054878,3.0389999999998785,1.95
2008-06-12,2.055000000000007,2.416483516483516,3.220888888888908,2.01
2008-06-13,2.055000000000007,2.45934065934065,3.3683333333333536,2.02
2008-06-16,2.0649999999999977,2.4839560439560535,3.354555555555573,2.06
2008-06-17,2.0400000000000063,2.380989010989006,3.1518888888888625,1.87
2008-06-18,2.0349999999999966,2.3253296703296717,3.1150000000001037,1.84
2008-06-19,2.030000000000001,2.3310439560439713,3.136888888888862,1.94
2008-06-20,2.0250000000000057,2.26857142857144,3.066222222222057,1.99
2008-06-23,2.0250000000000057,2.2831868131868114,3.073333333333347,1.98
2008-06-24,2.0250000000000057,2.286098901098916,3.0057777777779364,1.93
2008-06-25,2.0150000000000006,2.237142857142852,2.871222222222187,1.97
2008-06-26,2.010000000000005,2.205824175824158,2.7567777777778844,2.05
2008-06-27,2.010000000000005,2.1843956043956063,2.621555555555607,1.99
2008-06-30,2.010000000000005,2.199010989010977,2.598666666666626,2.47
2008-07-01,2.063653846153853,2.5041208791210465,2.736923076923088,2.11
2008-07-02,2.063653846153853,2.5044780219781906,2.68,1.95
2008-07-03,2.0457692307692374,2.519175824175928,2.639999999999994,1.92
2008-07-07,2.0348076923076945,2.261456043955924,2.544999999999995,1.99
2008-07-08,2.0348076923076945,2.261456043955924,2.499230769230792,1.97
2008-07-09,2.0357692307692323,2.277747252747563,2.4403846153846294,1.99
2008-07-10,2.0357692307692323,2.277390109889975,2.475384615384626,2.01
2008-07-11,2.029807692307699,2.256098901099005,2.5203846153846277,1.97
2008-07-14,2.030769230769237,2.273104395604488,2.4403846153846294,2.06
2008-07-15,2.0188461538461535,2.1548076923078305,2.3384615384615595,2.16
2008-07-16,2.0188461538461535,2.23230769230776,2.3853846153846026,1.95
2008-07-17,2.0188461538461535,2.153736263736402,2.583076923076926,2.03
2008-07-18,2.0188461538461535,2.1530219780218935,2.6757692307692262,1.96
2008-07-21,2.0188461538461535,2.1530219780218935,2.6249999999999933,1.98
2008-07-22,2.0188461538461535,2.3076648351648323,2.65999999999999,1.97
2008-07-23,2.0188461538461535,2.3065934065934037,2.7499999999999933,2.04
2008-07-24,2.0188461538461535,2.1530219780218935,2.5311538461538343,2.06
2008-07-25,2.017884615384616,2.2145879120877794,2.5880769230769216,2.13
2008-07-28,2.0159615384615384,2.105576923076619,2.5180769230769284,2.0
2008-07-29,2.0159615384615384,2.104862637362775,2.558076923076901,2.05
2008-07-30,2.0159615384615384,2.105576923076619,2.5480769230769296,2.03
2008-07-31,2.0159615384615384,2.1837912087910567,2.4980769230769324,2.09
2008-08-01,2.0145258620689743,2.1599999999999966,2.5180769230769284,2.04
2008-08-04,2.005150862068983,2.1599999999999966,2.5380769230769245,1.97
2008-08-05,2.0082974137931036,2.135000000000005,2.4930769230769227,1.97
2008-08-06,2.0073706896551733,2.1200000000000045,2.4999999999999933,2.01
2008-08-07,2.0096120689655264,2.0799999999999983,2.398076923076924,1.96
2008-08-08,2.0096120689655264,2.0799999999999983,2.4230769230769296,2.01
2008-08-11,2.0105172413793193,2.094999999999999,2.4630769230769216,1.99
2008-08-12,2.0096120689655264,2.0799999999999983,2.378076923076928,1.95
2008-08-13,2.013685344827591,2.069999999999993,2.3630769230769273,1.98
2008-08-14,2.0089870689655127,2.069999999999993,2.3680769230769227,2.09
2008-08-15,1.9990086206896593,2.0600000000000023,2.2942307692307597,2.08
2008-08-18,1.9990086206896593,2.0600000000000023,2.2992307692307694,1.91
2008-08-19,1.9940086206896641,2.055000000000007,2.267307692307693,1.94
2008-08-20,1.9983836206896595,2.049999999999997,2.235384615384631,1.98
2008-08-21,1.9989870689655216,2.0600000000000023,2.2503846153845974,2.01
2008-08-22,2.008362068965513,2.0600000000000023,2.3392307692307615,2.02
2008-08-25,2.0077586206896507,2.049999999999997,2.2892307692307643,2.01
2008-08-26,2.0077586206896507,2.049999999999997,2.284230769230769,1.88
2008-08-27,2.0077586206896507,2.049999999999997,2.2403846153846265,1.98
2008-08-28,2.0077586206896507,2.049999999999997,2.2403846153846265,1.99
2008-08-29,2.0077586206896507,2.049999999999997,2.245384615384602,1.94
2008-09-02,2.018965517241375,2.0349999999999966,1.644615384614994,1.96
2008-09-03,2.0193103448275815,2.0196666666666774,1.6803846153843196,2.01
2008-09-04,2.019999999999996,1.978666666666671,1.81615384615435,1.99
2008-09-05,2.0049999999999955,1.9739999999999942,1.7988461538455311,1.97
2008-09-08,2.0046551724137878,1.9893333333333278,1.9253846153844663,1.92
2008-09-09,1.9956896551724186,1.9643333333333222,2.0811538461540806,1.96
2008-09-10,1.990689655172408,1.9593333333333267,2.6434615384612385,2.12
2008-09-11,1.9774137931034423,1.8986666666666727,2.4026923076921847,2.0
2008-09-12,1.9724137931034469,1.8936666666666773,2.496923076923295,2.1
2008-09-15,1.833448275862067,1.635333333333319,1.866538461538802,2.64
2008-09-16,1.9251724137931052,1.7726666666666726,1.319999999999979,1.98
2008-09-17,1.7248275862068947,1.5880000000000034,1.8973076923075567,2.8
2008-09-18,1.7851724137931047,1.6636666666666733,1.5857692307688964,2.16
2008-09-19,1.941379310344825,1.8683333333333232,2.141153846154374,1.48
2008-09-22,1.9417241379310315,1.853000000000004,1.8846153846155715,1.51
2008-09-23,1.9031034482758677,1.7930000000000017,1.5830769230767743,1.46
2008-09-24,1.85879310344828,1.727666666666671,2.1588461538464045,1.19
2008-09-25,1.8544827586206836,1.691999999999993,1.846538461537854,1.23
2008-09-26,1.7181034482758655,1.5976666666666755,1.9223076923069016,1.08
2008-09-29,1.6170689655172363,1.4920000000000195,1.7334615384622083,1.56
2008-09-30,1.737758620689655,1.6433333333333442,1.6088461538458247,2.03
2008-10-01,1.6650000000000063,2.126555555555671,1.8550000000000466,1.15
2008-10-02,1.5150000000000006,1.8732222222222792,1.6899999999999977,0.67
2008-10-03,1.4599999999999937,1.611555555555519,1.605000000000004,1.1
2008-10-06,1.355000000000004,1.4101111111112985,1.4300000000000068,1.96
2008-10-07,1.4200000000000017,1.5508888888889867,1.5,2.97
2008-10-08,1.2950000000000017,1.2708888888889807,1.4600000000000222,2.24
2008-10-09,1.2750000000000057,1.2198888888888864,1.5600000000000023,1.4
2008-10-10,1.1800000000000068,1.4796666666666358,1.6249999999999858,0.79
2008-10-14,1.230000000000004,1.4711111111109847,1.654999999999987,1.1
2008-10-15,1.1500000000000057,1.4427777777778796,1.559999999999988,1.04
2008-10-16,1.1350000000000051,1.3451111111113054,1.5250000000000057,0.83
2008-10-17,1.1550000000000011,1.3341111111110753,1.5399999999999636,0.6
2008-10-20,1.144999999999996,1.1966666666667625,1.5199999999999818,0.7
2008-10-21,1.0900000000000034,1.2691111111112068,1.4150000000000063,0.67
2008-10-22,1.0499999999999972,1.4013333333333928,1.294999999999959,0.81
2008-10-23,1.019999999999996,1.3058888888887132,1.265000000000029,0.93
2008-10-24,0.9350000000000023,1.3896666666666373,1.2149999999999608,0.95
2008-10-27,0.9150000000000063,1.1698888888888976,1.125,0.92
2008-10-28,0.8850000000000051,1.2811111111112652,1.0700000000000216,0.67
2008-10-29,0.8250000000000028,1.2831111111110403,1.0049999999999386,0.36
2008-10-30,0.6700000000000017,1.145333333333305,1.0750000000000028,0.3
2008-10-31,0.6700000000000017,1.3003333333333107,1.0749999999999602,0.22
2008-11-03,0.6159999999999949,0.9138461538461601,1.3357894736842184,0.23
2008-11-04,0.5513333333333302,0.8988461538461595,1.3107894736842127,0.23
2008-11-05,0.47533333333333966,0.8242307692307608,1.1907894736841993,0.23
2008-11-06,0.4749999999999943,0.8350000000000014,1.1644736842105248,0.23
2008-11-07,0.5126666666666571,0.8200000000000008,1.1544736842105197,0.27
2008-11-10,0.5036666666666519,0.7461538461538573,1.096315789473688,0.29
2008-11-12,0.491000000000012,0.7280769230769223,1.0400000000000034,0.35
2008-11-13,0.510333333333341,0.7700000000000233,1.0700000000000045,0.35
2008-11-14,0.5453333333333252,0.764999999999994,1.055000000000004,0.34
2008-11-17,0.5016666666666689,0.7199999999999923,0.988684210526323,0.37
2008-11-18,0.44499999999999507,0.6969230769230618,0.951842105263147,0.38
2008-11-19,0.4343333333333381,0.6242307692307918,0.8773684210526317,0.38
2008-11-20,0.3766666666666642,0.5184615384615326,0.7773684210526374,0.49
2008-11-21,0.4666666666666553,0.5503846153846286,0.8273684210526345,0.57
2008-11-24,0.4859999999999995,0.5523076923076895,0.8650000000000151,0.62
2008-11-25,0.4013333333333369,0.49730769230769695,0.7673684210526323,0.59
2008-11-26,0.39666666666666023,0.5073076923076681,0.7810526315789408,0.53
2008-11-28,0.4026666666666851,0.5223076923076687,0.7992105263157806,0.52
2008-12-01,0.4387500000000019,0.47153846153846996,0.7047368421052692,0.52
2008-12-02,0.4098214285714299,0.4315384615384637,0.6828947368421027,0.47
2008-12-03,0.37160714285714747,0.4384615384615343,0.6515789473684328,0.36
2008-12-04,0.3394642857142896,0.44038461538462914,0.673421052631576,0.2
2008-12-05,0.30232142857143635,0.4492307692307608,0.7265789473684124,0.12
2008-12-08,0.3012500000000072,0.47115384615383193,0.721578947368417,0.12
2008-12-09,0.2523214285714234,0.3873076923076975,0.6378947368420921,0.13
2008-12-10,0.26339285714285765,0.3873076923076975,0.644736842105258,0.11
2008-12-11,0.2966071428571446,0.37538461538459755,0.5834210526315868,0.14
2008-12-12,0.31999999999999323,0.37961538461539135,0.6097368421052703,0.15
2008-12-15,0.32946428571428454,0.406538461538458,0.6097368421052703,0.18
2008-12-16,0.16339285714286333,0.22769230769230503,0.472894736842109,0.17
2008-12-17,0.18285714285714558,0.26461538461539647,0.5192105263157795,0.12
2008-12-18,0.18285714285714558,0.27653846153846257,0.5210526315789499,0.11
2008-12-19,0.18285714285714558,0.27653846153846257,0.5423684210526379,0.11
2008-12-22,0.19339285714285026,0.281538461538458,0.5555263157894681,0.11
2008-12-23,0.19839285714285992,0.2984615384615337,0.5555263157894681,0.11
2008-12-24,0.19839285714285992,0.2984615384615337,0.5373684210526193,0.11
2008-12-26,0.18785714285714103,0.305384615384624,0.5473684210526334,0.09
2008-12-29,0.16285714285714953,0.2684615384615326,0.45973684210525567,0.1
2008-12-30,0.1528571428571444,0.2465384615384614,0.46289473684210386,0.09
2008-12-31,0.18785714285714103,0.24576923076922588,0.4810526315789437,0.14
2009-01-02,0.18500000000000227,-0.1938461538455103,0.5993609022556632,0.08
2009-01-05,0.2049999999999983,-0.2780769230766156,0.5797368421053061,0.11
2009-01-06,0.18500000000000227,-0.3438461538458002,0.5647368421053055,0.09
2009-01-07,0.18000000000000682,-0.15307692307674348,0.5283834586466322,0.11
2009-01-08,0.18000000000000682,-0.15307692307674348,0.5180075187969881,0.1
2009-01-09,0.18000000000000682,-0.0030769230768799005,0.5012030075187612,0.09
2009-01-12,0.1700000000000017,-0.013076923076885016,0.4915789473683798,0.1
2009-01-13,0.16500000000000625,0.0276923076918818,0.5083834586466361,0.1
2009-01-14,0.16500000000000625,0.0276923076918818,0.4727067669173322,0.15
2009-01-15,0.18000000000000682,0.08846153846205507,0.4727067669173322,0.18
2009-01-16,0.18000000000000682,0.08846153846205507,0.42022556390978594,0.19
2009-01-20,0.18000000000000682,0.23846153846191864,0.3773684210526212,0.2
2009-01-21,0.20000000000000284,0.25846153846191466,0.3905639097744564,0.23
2009-01-22,0.20000000000000284,-0.5246153846154096,0.399511278195515,0.21
2009-01-23,0.21999999999999886,-0.40038461538431136,0.4559398496240483,0.18
2009-01-26,0.2150000000000034,-0.20961538461568274,0.4673684210526246,0.19
2009-01-27,0.20999999999999375,-0.16884615384650203,0.45274436090229464,0.18
2009-01-28,0.20999999999999375,0.07269230769229562,0.44274436090224284,0.19
2009-01-29,0.2150000000000034,0.27346153846191523,0.44274436090224284,0.23
2009-01-30,0.23499999999999943,-0.3853846153843108,0.4445112781955167,0.23
2009-02-02,0.3065384615384637,0.4099999999999824,0.5376923076923084,0.24
2009-02-03,0.2811538461538375,0.35999999999999943,0.5242307692307702,0.24
2009-02-04,0.2911538461538623,0.37000000000000455,0.5234615384615401,0.24
2009-02-05,0.28769230769232695,0.37000000000000455,0.5284615384615333,0.23
2009-02-06,0.28769230769232695,0.3650000000000091,0.5234615384615401,0.23
2009-02-09,0.30461538461536886,0.375,0.5376923076923084,0.22
2009-02-10,0.29615384615383805,0.37000000000000455,0.5226923076923078,0.24
2009-02-11,0.29615384615383805,0.37000000000000455,0.5019230769230817,0.22
2009-02-12,0.2980769230769329,0.3249999999999602,0.47115384615385053,0.23
2009-02-13,0.2946153846153976,0.3300000000000267,0.49192307692307663,0.22
2009-02-17,0.2946153846153976,0.3149999999999835,0.47692307692307606,0.25
2009-02-18,0.28615384615383294,0.33500000000002217,0.46038461538461317,0.23
2009-02-19,0.23000000000000398,0.3700000000000472,0.47538461538461374,0.21
2009-02-20,0.21653846153846354,0.33500000000000796,0.45038461538460806,0.2
2009-02-23,0.21653846153846354,0.3299999999999983,0.45115384615383813,0.19
2009-02-24,0.2403846153846296,0.33500000000000796,0.45115384615383813,0.21
2009-02-25,0.2642307692307618,0.3400000000000034,0.47692307692307606,0.21
2009-02-26,0.2523076923076957,0.3400000000000034,0.4926923076923067,0.22
2009-02-27,0.2523076923076957,0.3400000000000034,0.48769230769231126,0.22
2009-03-02,0.24431034482759087,0.3400000000000034,0.45115384615383813,0.22
2009-03-03,0.24431034482759087,0.3400000000000034,0.4453846153846126,0.2
2009-03-04,0.24431034482759087,0.3400000000000034,0.45615384615384996,0.21
2009-03-05,0.23913793103447745,0.3400000000000034,0.4446153846153825,0.2
2009-03-06,0.2441379310344876,0.3700000000000472,0.4653846153846086,0.2
2009-03-09,0.24396551724138382,0.3749999999999858,0.4761538461538438,0.2
2009-03-10,0.2441379310344876,0.3700000000000472,0.4761538461538438,0.2
2009-03-11,0.2441379310344876,0.3700000000000472,0.4761538461538438,0.19
2009-03-12,0.24431034482759087,0.3649999999999807,0.45615384615384996,0.18
2009-03-13,0.22931034482759033,0.3499999999999801,0.4461538461538427,0.15
2009-03-16,0.22948275862069362,0.3200000000000074,0.436923076923084,0.2
2009-03-17,0.22948275862069362,0.3200000000000074,0.436923076923084,0.2
2009-03-18,0.2196551724137918,0.2799999999999585,0.39692307692307777,0.18
2009-03-19,0.22482758620689053,0.2799999999999585,0.39692307692307777,0.17
2009-03-20,0.21982758620689558,0.2750000000000199,0.39769230769230784,0.18
2009-03-23,0.22482758620689053,0.3050000000000068,0.39692307692307777,0.17
2009-03-24,0.22482758620689053,0.3050000000000068,0.4069230769230829,0.17
2009-03-25,0.22965517241379738,0.3149999999999977,0.427692307692309,0.17
2009-03-26,0.22465517241378724,0.33499999999997954,0.4053846153846227,0.16
2009-03-27,0.22448275862068393,0.3149999999999977,0.41115384615384826,0.15
2009-03-30,0.2093103448275796,0.3050000000000068,0.3961538461538477,0.16
2009-03-31,0.20431034482758464,0.29999999999999716,0.3919230769230823,0.16
2009-04-01,0.21999999999999886,0.292631578947367,0.39558974358973537,0.16
2009-04-02,0.21999999999999886,0.3057894736842204,0.4097692307692215,0.16
2009-04-03,0.2150000000000034,0.31394736842105503,0.4496153846153827,0.13
2009-04-06,0.20999999999999375,0.31394736842105503,0.46379487179487117,0.14
2009-04-07,0.2049999999999983,0.3039473684210499,0.4484615384615518,0.14
2009-04-08,0.20000000000000284,0.29894736842105446,0.4331282051282007,0.14
2009-04-09,0.19499999999999318,0.293947368421059,0.44346153846152464,0.14
2009-04-13,0.18999999999999773,0.28894736842104934,0.42312820512819793,0.13
2009-04-14,0.18500000000000227,0.26578947368421413,0.3839487179487355,0.16
2009-04-15,0.18500000000000227,0.2689473684210533,0.3839487179487355,0.16
2009-04-16,0.18500000000000227,0.277105263157888,0.4001025641025494,0.15
2009-04-17,0.18500000000000227,0.277105263157888,0.41846153846155065,0.13
2009-04-20,0.18500000000000227,0.277105263157888,0.41961538461538156,0.14
2009-04-21,0.18500000000000227,0.277105263157888,0.41961538461538156,0.15
2009-04-22,0.18999999999999773,0.277105263157888,0.41428205128203793,0.15
2009-04-23,0.18999999999999773,0.2689473684210533,0.4146153846153861,0.17
2009-04-24,0.18999999999999773,0.2689473684210533,0.4001025641025494,0.16
2009-04-27,0.18500000000000227,0.25078947368421356,0.37928205128205883,0.17
2009-04-28,0.18500000000000227,0.2557894736842,0.3954358974359022,0.16
2009-04-29,0.18000000000000682,0.25078947368421356,0.3751025641025754,0.18
2009-04-30,0.18000000000000682,0.2457894736842181,0.3455897435897382,0.2
2009-05-01,0.23500000000004206,0.2842105263158365,0.5885192307692675,0.22
2009-05-04,0.20999999999999375,0.2842105263158365,0.5885192307692675,0.22
2009-05-05,0.19000000000001194,0.2738345864662219,0.5630576923077681,0.2
2009-05-06,0.20000000000000284,0.2738345864662219,0.601807692307843,0.18
2009-05-07,0.20000000000000284,0.2738345864662219,0.6095576923076376,0.18
2009-05-08,0.17000000000001592,0.2902631578947488,0.6173076923077407,0.17
2009-05-11,0.18999999999999773,0.2902631578947488,0.5968461538461329,0.17
2009-05-12,0.20999999999997954,0.2902631578947488,0.5913076923076606,0.16
2009-05-13,0.20999999999997954,0.2852631578946925,0.5868461538461118,0.16
2009-05-14,0.2349999999999568,0.2852631578946925,0.5790961538460087,0.16
2009-05-15,0.20999999999997954,0.29063909774438784,0.5740961538462277,0.17
2009-05-18,0.2349999999999568,0.30101503759400255,0.5740961538462277,0.16
2009-05-19,0.2349999999999568,0.25815789473683776,0.5950961538462964,0.15
2009-05-20,0.2449999999999477,0.2635338345864569,0.5280576923077716,0.14
2009-05-21,0.2449999999999477,0.23172932330829038,0.5230576923076584,0.17
2009-05-22,0.2449999999999477,0.23172932330829038,0.5175192307692016,0.17
2009-05-26,0.2449999999999477,0.25815789473683776,0.538057692307659,0.18
2009-05-27,0.2449999999999477,0.2527819548872033,0.5712692307691669,0.17
2009-05-28,0.20499999999998408,0.22097744360897575,0.5718076923078419,0.17
2009-05-29,0.20499999999998408,0.23778195488720272,0.4765192307691444,0.19
2009-06-01,0.20000000000000284,0.24278195488722762,0.5330192307692978,0.21
2009-06-02,0.19499999999999318,0.23240601503758349,0.5330192307692978,0.2
2009-06-03,0.19499999999999318,0.23240601503758349,0.5330192307692978,0.21
2009-06-04,0.2049999999999983,0.22635338345867112,0.5175576923078031,0.2
2009-06-05,0.21999999999999886,0.3376691729323595,0.9965576923077766,0.21
2009-06-08,0.21999999999999886,0.30556390977443304,0.9199423076923896,0.21
2009-06-09,0.20999999999999375,0.26345864661657775,0.7397884615383985,0.18
2009-06-10,0.20999999999999375,0.2902631578947488,0.7347884615385074,0.18
2009-06-11,0.2049999999999983,0.23703007518796948,0.6345384615384742,0.17
2009-06-12,0.2049999999999983,0.29063909774438784,0.7114615384614349,0.17
2009-06-15,0.2049999999999983,0.3013909774435653,0.6726346153846214,0.22
2009-06-16,0.2049999999999983,0.2745864661653942,0.719173076923159,0.22
2009-06-17,0.20999999999999375,0.2956390977443072,0.6931346153846909,0.24
2009-06-18,0.2150000000000034,0.3220676691729449,0.720884615384584,0.25
2009-06-19,0.21999999999999886,0.3324436090225596,0.6898461538461365,0.25
2009-06-22,0.21999999999999886,0.31101503759400767,0.6278076923075915,0.24
2009-06-23,0.21999999999999886,0.31101503759400767,0.5503076923075518,0.24
2009-06-24,0.21999999999999886,0.31101503759400767,0.5503076923075518,0.21
2009-06-25,0.2049999999999983,0.2960150375940071,0.44226923076926195,0.19
2009-06-26,0.2049999999999983,0.3013909774435653,0.46055769230761934,0.18
2009-06-29,0.2049999999999983,0.3228195488721782,0.5480576923077676,0.17
2009-06-30,0.2049999999999983,0.3228195488721782,0.5275961538461598,0.22
2009-07-01,0.21815789473685163,0.31115384615385394,0.6753333333333349,0.2
2009-07-02,0.2049999999999983,0.285384615384616,0.5996666666666802,0.17
2009-07-06,0.2094736842105295,0.2803846153846227,0.5746666666666594,0.18
2009-07-07,0.20131578947367165,0.2753846153846109,0.5646666666666543,0.18
2009-07-08,0.20131578947367165,0.27038461538461545,0.5493333333333349,0.16
2009-07-09,0.20289473684209125,0.2711538461538477,0.5493333333333349,0.15
2009-07-10,0.1978947368421048,0.26615384615385224,0.5493333333333349,0.15
2009-07-13,0.1994736842105244,0.26615384615385224,0.5543333333333303,0.13
2009-07-14,0.201052631578944,0.26615384615385224,0.5593333333333258,0.13
2009-07-15,0.201052631578944,0.27192307692307777,0.6356666666666768,0.14
2009-07-16,0.19605263157894856,0.26615384615385224,0.6053333333333275,0.15
2009-07-17,0.19763157894736819,0.2669230769230823,0.6053333333333275,0.15
2009-07-20,0.19921052631579678,0.2669230769230823,0.5950000000000036,0.15
2009-07-21,0.1926315789473817,0.2553846153846149,0.5343333333333343,0.14
2009-07-22,0.1926315789473817,0.24961538461538935,0.5343333333333343,0.14
2009-07-23,0.2007894736842164,0.24961538461538935,0.600333333333332,0.15
2009-07-24,0.2007894736842164,0.24961538461538935,0.5650000000000025,0.15
2009-07-27,0.2007894736842164,0.24461538461537968,0.560000000000007,0.16
2009-07-28,0.2007894736842164,0.24461538461537968,0.5853333333333315,0.15
2009-07-29,0.202368421052636,0.24461538461537968,0.6110000000000042,0.17
2009-07-30,0.202368421052636,0.2503846153846216,0.6563333333333541,0.17
2009-07-31,0.202368421052636,0.2503846153846216,0.610666666666656,0.18
2009-08-03,0.19695652173913605,0.2561538461538471,0.6666666666666781,0.18
2009-08-04,0.19695652173913605,0.2503846153846216,0.6463333333333339,0.17
2009-08-05,0.19695652173913605,0.2503846153846216,0.6770000000000019,0.17
2009-08-06,0.19043478260868868,0.2503846153846216,0.6770000000000019,0.17
2009-08-07,0.19195652173912206,0.25115384615385167,0.7483333333333282,0.17
2009-08-10,0.1854347826086932,0.23961538461538423,0.6776666666666832,0.17
2009-08-11,0.17891304347826434,0.2338461538461587,0.6169999999999846,0.16
2009-08-12,0.1739130434782689,0.22307692307692134,0.5206666666666819,0.15
2009-08-13,0.17543478260870665,0.21230769230768615,0.5153333333333535,0.15
2009-08-14,0.17695652173914003,0.2073076923076907,0.5000000000000048,0.15
2009-08-17,0.17543478260870665,0.21230769230768615,0.5000000000000048,0.17
2009-08-18,0.17543478260870665,0.21230769230768615,0.47499999999999903,0.17
2009-08-19,0.17043478260869263,0.2073076923076907,0.43933333333333546,0.17
2009-08-20,0.17043478260869263,0.20153846153846516,0.4446666666666791,0.17
2009-08-21,0.17043478260869263,0.2073076923076907,0.4903333333333327,0.16
2009-08-24,0.17043478260869263,0.2073076923076907,0.434000000000007,0.16
2009-08-25,0.17043478260869263,0.2073076923076907,0.42933333333333035,0.15
2009-08-26,0.17043478260869263,0.20153846153846516,0.43966666666665427,0.15
2009-08-27,0.17195652173912607,0.1965384615384533,0.4243333333333349,0.14
2009-08-28,0.17347826086955945,0.18576923076923235,0.4143333333333298,0.14
2009-08-31,0.17347826086955945,0.18576923076923235,0.4143333333333298,0.15
2009-09-01,0.17499999999999716,0.19369230769229973,0.33399999999999785,0.15
2009-09-02,0.17499999999999716,0.18951282051281637,0.3186666666668776,0.16
2009-09-03,0.17499999999999716,0.18951282051281637,0.46833333333340743,0.15
2009-09-04,0.17499999999999716,0.17917948717949242,0.4736666666669498,0.15
2009-09-08,0.1700000000000017,0.1741794871794851,0.39866666666680484,0.15
2009-09-09,0.1700000000000017,0.1741794871794851,0.533333333333136,0.15
2009-09-10,0.1700000000000017,0.1741794871794851,0.3833333333330593,0.16
2009-09-11,0.1700000000000017,0.1741794871794851,0.38833333333326703,0.15
2009-09-14,0.1700000000000017,0.17835897435898035,0.46833333333340743,0.16
2009-09-15,0.18000000000000682,0.1841794871794902,0.5433333333333392,0.17
2009-09-16,0.17499999999999716,0.1833589743589758,0.4033333333332676,0.17
2009-09-17,0.18000000000000682,0.19869230769229754,0.48300000000007515,0.16
2009-09-18,0.18000000000000682,0.19869230769229754,0.49833333333340857,0.16
2009-09-21,0.17499999999999716,0.18753846153845916,0.5580000000000069,0.15
2009-09-22,0.17499999999999716,0.18753846153845916,0.47799999999986653,0.15
2009-09-23,0.1700000000000017,0.17835897435898035,0.44766666666653254,0.15
2009-09-24,0.16500000000000625,0.18369230769232633,0.4426666666665371,0.14
2009-09-25,0.16500000000000625,0.18369230769232633,0.5483333333335478,0.13
2009-09-28,0.15500000000000114,0.18820512820514038,0.5380000000000109,0.13
2009-09-29,0.15000000000000568,0.1873846153846283,0.4733333333334029,0.11
2009-09-30,0.14499999999999602,0.17623076923076061,0.4733333333334029,0.07
2009-10-01,0.15730769230769354,0.3343653846154586,0.6892857142857574,0.11
2009-10-02,0.16307692307691907,0.38365384615367737,0.6792857142857055,0.13
2009-10-05,0.16346153846153408,0.41742307692307534,0.6792857142857055,0.13
2009-10-06,0.16346153846153408,0.41742307692307534,0.6792857142857055,0.12
2009-10-07,0.15807692307692361,0.37865384615388,0.642857142857153,0.13
2009-10-08,0.15846153846154082,0.38142307692312394,0.642857142857153,0.12
2009-10-09,0.15846153846154082,0.3891730769230286,0.7142857142857021,0.12
2009-10-13,0.1526923076923153,0.33988461538470016,0.642857142857153,0.12
2009-10-14,0.1526923076923153,0.33988461538470016,0.6478571428571485,0.12
2009-10-15,0.15307692307693033,0.34265384615392813,0.6478571428571485,0.13
2009-10-16,0.15884615384615586,0.28344230769224543,0.6578571428571536,0.12
2009-10-19,0.1646153846153814,0.2939807692308076,0.6528571428571439,0.12
2009-10-20,0.16499999999999643,0.29675000000003604,0.6164285714285914,0.12
2009-10-21,0.15961538461538594,0.32773076923077693,0.6264285714285965,0.11
2009-10-22,0.15423076923077544,0.31996153846144315,0.611428571428596,0.11
2009-10-23,0.15423076923077544,0.31996153846144315,0.6792857142857055,0.11
2009-10-26,0.15423076923077544,0.2812115384614784,0.7107142857143093,0.11
2009-10-27,0.14884615384614855,0.3431923076922714,0.6278571428571524,0.11
2009-10-28,0.14307692307692305,0.3636538461538795,0.6028571428571468,0.11
2009-10-29,0.14307692307692305,0.3636538461538795,0.6078571428570955,0.11
2009-10-30,0.14307692307692305,0.28615384615395,0.5564285714285424,0.11
2009-11-02,0.13180555555554088,0.2049999999999983,0.5514285714285937,0.12
2009-11-03,0.13180555555554088,0.2049999999999983,0.5728571428571456,0.12
2009-11-04,0.1364930555555519,0.20000000000000284,0.5528571428571496,0.13
2009-11-05,0.13409722222221682,0.17499999999999716,0.5014285714285965,0.13
2009-11-06,0.13409722222221682,0.17499999999999716,0.44357142857143117,0.12
2009-11-09,0.13409722222221682,0.17499999999999716,0.43357142857137937,0.12
2009-11-10,0.12440972222222563,0.17499999999999716,0.4185714285713788,0.13
2009-11-12,0.123020833333338,0.16500000000000625,0.34571428571427376,0.12
2009-11-13,0.12840277777779288,0.16500000000000625,0.36714285714282574,0.12
2009-11-16,0.11871527777777414,0.16500000000000625,0.3207142857142681,0.12
2009-11-17,0.11871527777777414,0.16500000000000625,0.3207142857142681,0.12
2009-11-18,0.12340277777776787,0.1599999999999966,0.2942857142857207,0.11
2009-11-19,0.11409722222223607,0.15500000000000114,0.30071428571427206,0.11
2009-11-20,0.11340277777779226,0.15000000000000568,0.30071428571427206,0.11
2009-11-23,0.11340277777779226,0.15000000000000568,0.30071428571427206,0.12
2009-11-24,0.11340277777779226,0.15000000000000568,0.27928571428572013,0.12
2009-11-25,0.11340277777779226,0.15000000000000568,0.3157142857142726,0.11
2009-11-27,0.12309027777778345,0.15000000000000568,0.28928571428571104,0.12
2009-11-30,0.12409722222221367,0.16500000000000625,0.2942857142857207,0.13
2009-12-01,0.136296296296296,0.19600000000000742,0.37619047619046697,0.13
2009-12-02,0.136296296296296,0.20633333333333137,0.4335714285714308,0.13
2009-12-03,0.136296296296296,0.20633333333333137,0.4657142857142939,0.13
2009-12-04,0.1348148148148159,0.22666666666667556,0.5602380952380953,0.12
2009-12-07,0.13555555555555596,0.22166666666665075,0.5004761904761812,0.12
2009-12-08,0.13555555555555596,0.21133333333332682,0.4657142857142939,0.12
2009-12-09,0.136296296296296,0.20633333333333137,0.4433333333333267,0.12
2009-12-10,0.136296296296296,0.2166666666666553,0.45833333333332726,0.12
2009-12-11,0.1405555555555514,0.22666666666667556,0.4954761904761858,0.12
2009-12-14,0.1512962962962966,0.23166666666665586,0.517857142857132,0.12
2009-12-15,0.15555555555555198,0.24166666666667613,0.5552380952380999,0.13
2009-12-16,0.13981481481480923,0.24199999999997981,0.5278571428571439,0.14
2009-12-17,0.14129629629629145,0.22166666666665075,0.4433333333333267,0.13
2009-12-18,0.14129629629629145,0.21133333333332682,0.4557142857142888,0.12
2009-12-21,0.14129629629629145,0.21133333333332682,0.4978571428571428,0.12
2009-12-22,0.13555555555555596,0.21133333333332682,0.5152380952380936,0.12
2009-12-23,0.136296296296296,0.2166666666666553,0.5300000000000059,0.11
2009-12-24,0.14777777777778336,0.2166666666666553,0.5723809523809481,0.11
2009-12-28,0.14555555555556107,0.24199999999997981,0.6097619047619159,0.12
2009-12-29,0.14129629629629145,0.23200000000000406,0.6295238095238027,0.12
2009-12-30,0.136296296296296,0.22699999999997925,0.6171428571428615,0.11
2009-12-31,0.13129629629630268,0.22199999999999895,0.6295238095238027,0.05
2010-01-04,0.15500000000000114,0.036999999999925315,0.7322222222221831,0.12
2010-01-05,0.15000000000000568,0.17666666666687636,0.6872222222221972,0.12
2010-01-06,0.14499999999999602,0.16633333333312716,0.6461111111111109,0.12
2010-01-07,0.14000000000000057,0.16133333333354294,0.6527777777778047,0.1
2010-01-08,0.13500000000000512,0.011666666666799053,0.5744444444444683,0.11
2010-01-11,0.13500000000000512,0.15633333333333432,0.5316666666666836,0.11
2010-01-12,0.13500000000000512,0.2259999999999378,0.5055555555555821,0.11
2010-01-13,0.13500000000000512,0.3009999999998696,0.541111111111118,0.11
2010-01-14,0.13500000000000512,0.15100000000000602,0.49555555555552794,0.11
2010-01-15,0.12999999999999545,0.07633333333319481,0.48611111111109384,0.12
2010-01-19,0.12999999999999545,0.07633333333319481,0.5016666666666825,0.13
2010-01-20,0.12999999999999545,0.07633333333319481,0.5138888888888777,0.13
2010-01-21,0.12999999999999545,0.2210000000001413,0.46666666666668594,0.12
2010-01-22,0.13500000000000512,0.22066666666680712,0.41388888888884723,0.11
2010-01-25,0.13500000000000512,0.22066666666680712,0.41888888888889003,0.12
2010-01-26,0.13500000000000512,0.07599999999986107,0.4288888888888478,0.12
2010-01-27,0.13500000000000512,0.15100000000000602,0.45499999999999674,0.12
2010-01-28,0.13500000000000512,0.15100000000000602,0.4288888888888478,0.12
2010-01-29,0.13500000000000512,0.22066666666680712,0.4077777777777574,0.12
2010-02-01,0.13249999999999318,0.18333333333329538,0.42444444444445634,0.14
2010-02-02,0.15833333333333238,0.24428571428566265,0.5538888888888951,0.14
2010-02-03,0.16600000000000628,0.249285714285719,0.5788888888888866,0.13
2010-02-04,0.16600000000000628,0.2228571428571107,0.523333333333339,0.14
2010-02-05,0.16600000000000628,0.21785714285716193,0.46055555555555827,0.13
2010-02-08,0.16600000000000628,0.24428571428566265,0.49722222222222157,0.13
2010-02-09,0.16600000000000628,0.2707142857142709,0.5177777777777727,0.13
2010-02-10,0.1686666666666857,0.2707142857142709,0.5633333333333295,0.12
2010-02-11,0.15833333333333238,0.2707142857142709,0.5633333333333295,0.12
2010-02-12,0.16099999999999662,0.24428571428566265,0.5172222222222176,0.12
2010-02-16,0.1506666666666727,0.23928571428571388,0.4805555555555543,0.13
2010-02-17,0.1506666666666727,0.23928571428571388,0.4905555555555594,0.12
2010-02-18,0.1506666666666727,0.23928571428571388,0.5016666666666604,0.12
2010-02-19,0.16366666666666088,0.27571428571426637,0.5377777777777845,0.13
2010-02-22,0.16366666666666088,0.27571428571426637,0.49722222222222157,0.12
2010-02-23,0.16366666666666088,0.27571428571426637,0.46611111111110876,0.12
2010-02-24,0.16366666666666088,0.249285714285719,0.42500000000000665,0.11
2010-02-25,0.16366666666666088,0.21785714285716193,0.3988888888888893,0.12
2010-02-26,0.15333333333333693,0.21785714285716193,0.3888888888888842,0.13
2010-03-01,0.15392857142857252,0.21285714285716648,0.38444444444444376,0.14
2010-03-02,0.15428571428571505,0.20785714285711013,0.3738888888888836,0.14
2010-03-03,0.15428571428571505,0.20785714285711013,0.37944444444444986,0.15
2010-03-04,0.16392857142857764,0.24428571428566265,0.4355555555555526,0.16
2010-03-05,0.17928571428572174,0.25428571428571445,0.4655555555555537,0.17
2010-03-08,0.17392857142856855,0.25428571428571445,0.4655555555555537,0.15
2010-03-09,0.1689285714285731,0.249285714285719,0.44500000000000267,0.14
2010-03-10,0.1689285714285731,0.249285714285719,0.46055555555555827,0.14
2010-03-11,0.16857142857143056,0.27571428571426637,0.4861111111111048,0.15
2010-03-12,0.17821428571429315,0.269285714285715,0.5011111111111054,0.17
2010-03-15,0.18857142857142659,0.25285714285715855,0.47555555555555884,0.2
2010-03-16,0.18892857142856911,0.269285714285715,0.4338888888888859,0.2
2010-03-17,0.18892857142856911,0.24785714285716307,0.42388888888889653,0.18
2010-03-18,0.19928571428571779,0.27428571428571047,0.45944444444444815,0.18
2010-03-19,0.19928571428571779,0.27428571428571047,0.49499999999999983,0.18
2010-03-22,0.19928571428571779,0.25285714285715855,0.4744444444444487,0.18
2010-03-23,0.1942857142857071,0.24785714285716307,0.46444444444444205,0.17
2010-03-24,0.1942857142857071,0.24785714285716307,0.49555555555555486,0.17
2010-03-25,0.1942857142857071,0.24785714285716307,0.48555555555554974,0.17
2010-03-26,0.1942857142857071,0.24785714285716307,0.47999999999999926,0.17
2010-03-29,0.1942857142857071,0.24785714285716307,0.47999999999999926,0.16
2010-03-30,0.19464285714284962,0.26428571428571956,0.4750000000000038,0.16
2010-03-31,0.18928571428571164,0.24285714285710672,0.4400000000000072,0.09
2010-04-01,0.20000000000000284,0.27428571428571996,0.5635294117647129,0.17
2010-04-02,0.2049999999999983,0.2819047619047539,0.6058496732026232,0.2
2010-04-05,0.20999999999999375,0.294285714285716,0.6595098039215713,0.2
2010-04-06,0.20999999999999375,0.2819047619047539,0.6063071895424921,0.2
2010-04-07,0.20999999999999375,0.27190476190476975,0.5398692810457402,0.19
2010-04-08,0.20999999999999375,0.27190476190476975,0.5348692810457447,0.19
2010-04-09,0.20999999999999375,0.27190476190476975,0.54398692810456,0.19
2010-04-12,0.20999999999999375,0.27190476190476975,0.5257516339869295,0.19
2010-04-13,0.2150000000000034,0.2769047619047652,0.5262091503267984,0.2
2010-04-14,0.2150000000000034,0.2769047619047652,0.5216666666666588,0.2
2010-04-15,0.2150000000000034,0.2695238095238195,0.49800653594771327,0.22
2010-04-16,0.2150000000000034,0.26452380952380306,0.4506862745098207,0.21
2010-04-19,0.20999999999999375,0.26452380952380306,0.4506862745098207,0.2
2010-04-20,0.20999999999999375,0.2695238095238195,0.4843464052287455,0.2
2010-04-21,0.20999999999999375,0.2695238095238195,0.4893464052287668,0.2
2010-04-22,0.20999999999999375,0.27452380952380817,0.49434640522874923,0.2
2010-04-23,0.2150000000000034,0.294285714285716,0.5375490196078493,0.2
2010-04-26,0.2150000000000034,0.294285714285716,0.5375490196078493,0.2
2010-04-27,0.2150000000000034,0.2795238095238036,0.48477124183006515,0.2
2010-04-28,0.2150000000000034,0.2695238095238195,0.4647712418300822,0.2
2010-04-29,0.2150000000000034,0.26214285714285285,0.465228758169951,0.19
2010-04-30,0.2150000000000034,0.2671428571428625,0.47977124183005687,0.2
2010-05-03,0.26607142857138555,0.3594444444444382,0.639777777777826,0.2
2010-05-04,0.2578571428571073,0.3433333333333416,0.5978104575163907,0.21
2010-05-05,0.24964285714282905,0.3144444444444791,0.5758431372548852,0.21
2010-05-06,0.26285714285716366,0.3033333333333306,0.46780392156867806,0.2
2010-05-07,0.23821428571428221,0.3033333333333306,0.5381503267974143,0.2
2010-05-10,0.26607142857138555,0.3044444444444249,0.5569411764705997,0.2
2010-05-11,0.2446428571428336,0.29944444444447854,0.5355294117646696,0.2
2010-05-12,0.2314285714286066,0.29499999999999066,0.5345620915032651,0.2
2010-05-13,0.2314285714286066,0.27833333333333915,0.49356209150322067,0.2
2010-05-14,0.2314285714286066,0.2788888888888958,0.4451830065359232,0.2
2010-05-17,0.23964285714288483,0.2788888888888958,0.43059477124186574,0.21
2010-05-18,0.23964285714288483,0.2788888888888958,0.43059477124186574,0.21
2010-05-19,0.2610714285714368,0.27833333333333915,0.46659477124178605,0.2
2010-05-20,0.2610714285714368,0.27833333333333915,0.46659477124178605,0.2
2010-05-21,0.23964285714288483,0.2733333333333295,0.45659477124184883,0.2
2010-05-24,0.23964285714288483,0.2738888888888845,0.39124836601304125,0.21
2010-05-25,0.23964285714288483,0.26888888888888907,0.38624836601297796,0.21
2010-05-26,0.23964285714288483,0.2622222222222443,0.4154248366012748,0.2
2010-05-27,0.24785714285716307,0.2622222222222443,0.44239215686279715,0.2
2010-05-28,0.269285714285715,0.2622222222222443,0.42780392156860464,0.19
2010-06-01,0.23000000000000398,0.2627777777777993,0.4228039215687442,0.2
2010-06-02,0.23000000000000398,0.2794444444444508,0.39680392156863287,0.2
2010-06-03,0.23000000000000398,0.2622222222222443,0.4091830065360096,0.19
2010-06-04,0.22499999999999432,0.257222222222233,0.4008366013071704,0.19
2010-06-07,0.21999999999999886,0.2522222222221902,0.39583660130709397,0.19
2010-06-08,0.2150000000000034,0.2472222222222437,0.36483660130712214,0.19
2010-06-09,0.2150000000000034,0.2472222222222437,0.38124836601312423,0.18
2010-06-10,0.20999999999999375,0.25888888888888395,0.34524836601306885,0.18
2010-06-11,0.20999999999999375,0.24222222222223244,0.34024836601300557,0.18
2010-06-14,0.20999999999999375,0.24222222222223244,0.34024836601300557,0.18
2010-06-15,0.20999999999999375,0.24222222222223244,0.34024836601300557,0.19
2010-06-16,0.20999999999999375,0.24222222222223244,0.34024836601300557,0.19
2010-06-17,0.20999999999999375,0.24222222222223244,0.3182810457516343,0.19
2010-06-18,0.20999999999999375,0.24222222222223244,0.3419019607842923,0.18
2010-06-21,0.2049999999999983,0.23666666666668196,0.31090196078432053,0.17
2010-06-22,0.2049999999999983,0.23666666666668196,0.35831372549029455,0.18
2010-06-23,0.2049999999999983,0.22055555555553813,0.31952287581704564,0.17
2010-06-24,0.20000000000000284,0.23222222222224312,0.31952287581704564,0.16
2010-06-25,0.19499999999999318,0.210555555555533,0.3333137254901544,0.16
2010-06-28,0.19499999999999318,0.21111111111108805,0.3209346405228242,0.17
2010-06-29,0.19499999999999318,0.210555555555533,0.32593464052297544,0.15
2010-06-30,0.19499999999999318,0.210555555555533,0.32593464052297544,0.09
2010-07-01,0.20976190476190548,0.2261111111111044,0.3724999999999863,0.17
2010-07-02,0.20476190476191003,0.22111111111111054,0.35781249999999964,0.18
2010-07-06,0.20595238095238516,0.22111111111111054,0.35281249999999,0.18
2010-07-07,0.19976190476189362,0.21611111111111508,0.3428124999999991,0.18
2010-07-08,0.19976190476189362,0.21611111111111508,0.33281249999999396,0.17
2010-07-09,0.20095238095236873,0.21611111111111508,0.33281249999999396,0.18
2010-07-12,0.20095238095236873,0.21611111111111508,0.33781250000001695,0.17
2010-07-13,0.19357142857142304,0.21611111111111508,0.33781250000001695,0.17
2010-07-14,0.19357142857142304,0.21111111111110384,0.3181250000000073,0.17
2010-07-15,0.18738095238095248,0.20611111111110997,0.3081250000000022,0.19
2010-07-16,0.18738095238095248,0.20611111111110997,0.293437499999988,0.19
2010-07-19,0.18738095238095248,0.20611111111110997,0.293437499999988,0.19
2010-07-20,0.18619047619047738,0.20055555555555948,0.2884375000000059,0.18
2010-07-21,0.18619047619047738,0.18999999999999773,0.27843749999998746,0.18
2010-07-22,0.18619047619047738,0.19055555555555279,0.2537499999999957,0.18
2010-07-23,0.18619047619047738,0.19055555555555279,0.2537499999999957,0.19
2010-07-26,0.18619047619047738,0.19055555555555279,0.27343750000000533,0.19
2010-07-27,0.19357142857142304,0.19555555555554824,0.3028124999999928,0.19
2010-07-28,0.19357142857142304,0.19555555555554824,0.3028124999999928,0.2
2010-07-29,0.19357142857142304,0.19555555555554824,0.2684375000000099,0.19
2010-07-30,0.19357142857142304,0.19555555555554824,0.2537499999999957,0.18
2010-08-02,0.18500000000000227,0.18500000000000227,0.24875000000001357,0.19
2010-08-03,0.1821428571428681,0.18055555555556346,0.22406249999999428,0.19
2010-08-04,0.1821428571428681,0.18055555555556346,0.23874999999999513,0.19
2010-08-05,0.1821428571428681,0.18055555555556346,0.22874999999999002,0.19
2010-08-06,0.17499999999999719,0.17499999999999716,0.21406250000000338,0.18
2010-08-09,0.17714285714285236,0.1700000000000017,0.2090624999999804,0.18
2010-08-10,0.17714285714285236,0.1700000000000017,0.2090624999999804,0.18
2010-08-11,0.17714285714285236,0.1700000000000017,0.2090624999999804,0.17
2010-08-12,0.17714285714285236,0.1700000000000017,0.2090624999999804,0.18
2010-08-13,0.17928571428570755,0.17055555555555676,0.2090624999999804,0.19
2010-08-16,0.17928571428570755,0.17055555555555676,0.2090624999999804,0.2
2010-08-17,0.1821428571428681,0.17499999999999716,0.22374999999999456,0.2
2010-08-18,0.1821428571428681,0.17499999999999716,0.21406250000000338,0.19
2010-08-19,0.1821428571428681,0.17499999999999716,0.2090624999999804,0.19
2010-08-20,0.1821428571428681,0.16944444444444665,0.20406249999999826,0.2
2010-08-23,0.1821428571428681,0.16944444444444665,0.20406249999999826,0.19
2010-08-24,0.1821428571428681,0.16944444444444665,0.20406249999999826,0.19
2010-08-25,0.1821428571428681,0.16944444444444665,0.20406249999999826,0.19
2010-08-26,0.1821428571428681,0.16944444444444665,0.20406249999999826,0.19
2010-08-27,0.18000000000000682,0.18000000000000682,0.21406250000000338,0.19
2010-08-30,0.18000000000000682,0.18000000000000682,0.20437499999998465,0.19
2010-08-31,0.18714285714285747,0.18000000000000682,0.20437499999998465,0.21
2010-09-01,0.18500000000000227,0.1804575163398757,0.21062500000012108,0.19
2010-09-02,0.18500000000000227,0.1804575163398757,0.21062500000012108,0.19
2010-09-03,0.18500000000000227,0.17588235294118704,0.2606250000000756,0.19
2010-09-07,0.18500000000000227,0.17588235294118704,0.21062500000012108,0.2
2010-09-08,0.18500000000000227,0.17588235294118704,0.21562499999986873,0.19
2010-09-09,0.18999999999999773,0.1808823529411825,0.2706249999999608,0.18
2010-09-10,0.19499999999999318,0.18588235294117794,0.27562500000007617,0.18
2010-09-13,0.18999999999999773,0.18542483660130907,0.2206250000000063,0.18
2010-09-14,0.18999999999999773,0.1808823529411825,0.2528125000000827,0.19
2010-09-15,0.18999999999999773,0.1808823529411825,0.2528125000000827,0.21
2010-09-16,0.18999999999999773,0.1808823529411825,0.20281250000012818,0.21
2010-09-17,0.19499999999999318,0.18133986928105136,0.20281250000012818,0.21
2010-09-20,0.19499999999999318,0.18133986928105136,0.20281250000012818,0.21
2010-09-21,0.18999999999999773,0.1808823529411825,0.19781249999999062,0.2
2010-09-22,0.18999999999999773,0.1808823529411825,0.19781249999999062,0.21
2010-09-23,0.18999999999999773,0.1763398692810559,0.19281249999999517,0.2
2010-09-24,0.19499999999999318,0.17222222222223613,0.19281249999999517,0.21
2010-09-27,0.19499999999999318,0.17222222222223613,0.19281249999999517,0.19
2010-09-28,0.19499999999999318,0.1676797385620836,0.2250000000000938,0.19
2010-09-29,0.19499999999999318,0.1676797385620836,0.2250000000000938,0.19
2010-09-30,0.19499999999999318,0.1676797385620836,0.2250000000000938,0.15
2010-10-01,0.18388888888889218,0.1820653594771759,0.23250000000001236,0.2
2010-10-04,0.18388888888889218,0.1820653594771759,0.23250000000001236,0.2
2010-10-05,0.17833333333334167,0.14368627450980237,0.22249999999996817,0.2
2010-10-06,0.17805555555556257,0.14249673202613664,0.2075000000000209,0.19
2010-10-07,0.17249999999999627,0.16611764705872717,0.1837499999999892,0.18
2010-10-08,0.1730555555555529,0.16849673202605206,0.1837499999999892,0.18
2010-10-12,0.1730555555555529,0.13749673202608026,0.1837499999999892,0.18
2010-10-13,0.1730555555555529,0.13749673202608026,0.17875000000003283,0.18
2010-10-14,0.1730555555555529,0.13749673202608026,0.18874999999998465,0.19
2010-10-15,0.1730555555555529,0.13749673202608026,0.18874999999998465,0.2
2010-10-18,0.1730555555555529,0.16849673202605206,0.18874999999998465,0.19
2010-10-19,0.1730555555555529,0.16849673202605206,0.17499999999999716,0.19
2010-10-20,0.1730555555555529,0.16849673202605206,0.17499999999999716,0.19
2010-10-21,0.1786111111111192,0.1448758169934612,0.17499999999999716,0.19
2010-10-22,0.1786111111111192,0.1448758169934612,0.1937500000000334,0.19
2010-10-25,0.1786111111111192,0.1448758169934612,0.1937500000000334,0.19
2010-10-26,0.1786111111111192,0.1448758169934612,0.19874999999998977,0.19
2010-10-27,0.18444444444444721,0.13703267973851982,0.21749999999997272,0.19
2010-10-28,0.18444444444444721,0.13703267973851982,0.18874999999998465,0.19
2010-10-29,0.18444444444444721,0.13703267973851982,0.18874999999998465,0.2
2010-11-01,0.19214285714287016,0.1700000000000017,0.18874999999998465,0.2
2010-11-02,0.19214285714287016,0.1700000000000017,0.18874999999998465,0.2
2010-11-03,0.19214285714287016,0.1700000000000017,0.18874999999998465,0.2
2010-11-04,0.19214285714287016,0.1700000000000017,0.18874999999998465,0.19
2010-11-05,0.18607142857144715,0.17499999999999716,0.20374999999998522,0.18
2010-11-08,0.18607142857144715,0.17499999999999716,0.21749999999997272,0.18
2010-11-09,0.18490384615386576,0.1700000000000017,0.21250000000001634,0.17
2010-11-10,0.1810714285714202,0.1700000000000017,0.21250000000001634,0.17
2010-11-12,0.1810714285714202,0.1700000000000017,0.21250000000001634,0.19
2010-11-15,0.18607142857144715,0.17499999999999716,0.21749999999997272,0.21
2010-11-16,0.18607142857144715,0.17499999999999716,0.21749999999997272,0.21
2010-11-17,0.18607142857144715,0.17499999999999716,0.21749999999997272,0.2
2010-11-18,0.18607142857144715,0.17499999999999716,0.21749999999997272,0.2
2010-11-19,0.1983104395604503,0.18000000000000682,0.20374999999998522,0.21
2010-11-22,0.1910714285714253,0.18000000000000682,0.20374999999998522,0.19
2010-11-23,0.1910714285714253,0.18000000000000682,0.21749999999997272,0.2
2010-11-24,0.18500000000000227,0.18500000000000227,0.2275000000000169,0.2
2010-11-26,0.19723901098900215,0.18999999999999773,0.2275000000000169,0.2
2010-11-29,0.19723901098900215,0.18999999999999773,0.2275000000000169,0.2
2010-11-30,0.19723901098900215,0.18999999999999773,0.23250000000001236,0.2
2010-12-01,0.18903846153846013,0.19499999999999318,0.2531818181818269,0.2
2010-12-02,0.18903846153846013,0.2046875000000119,0.2652272727272647,0.19
2010-12-03,0.18403846153846468,0.18999999999999773,0.23613636363636784,0.18
2010-12-06,0.17403846153845684,0.1703124999999881,0.22113636363636727,0.18
2010-12-07,0.17403846153845684,0.1703124999999881,0.24022727272727903,0.17
2010-12-08,0.18000000000000682,0.18000000000000682,0.27931818181818097,0.17
2010-12-09,0.17403846153845684,0.18000000000000682,0.27931818181818097,0.16
2010-12-10,0.17403846153845684,0.18000000000000682,0.27931818181818097,0.16
2010-12-13,0.17403846153845684,0.18000000000000682,0.26727272727272317,0.17
2010-12-14,0.17403846153845684,0.18000000000000682,0.26727272727272317,0.19
2010-12-15,0.17403846153845684,0.189687499999998,0.2843181818181764,0.2
2010-12-16,0.17903846153846922,0.18500000000000227,0.2843181818181764,0.2
2010-12-17,0.17903846153846922,0.18500000000000227,0.2772727272727283,0.2
2010-12-20,0.17903846153846922,0.18500000000000227,0.27227272727273283,0.21
2010-12-21,0.17903846153846922,0.18500000000000227,0.27227272727273283,0.2
2010-12-22,0.17903846153846922,0.18500000000000227,0.27227272727273283,0.19
2010-12-23,0.17903846153846922,0.18500000000000227,0.27227272727273283,0.19
2010-12-27,0.17903846153846922,0.18500000000000227,0.2652272727272647,0.19
2010-12-28,0.17903846153846922,0.18500000000000227,0.2652272727272647,0.18
2010-12-29,0.17903846153846922,0.18500000000000227,0.24818181818181143,0.18
2010-12-30,0.17903846153846922,0.18500000000000227,0.23818181818182635,0.19
2010-12-31,0.17903846153846922,0.18500000000000227,0.21909090909091458,0.13
2011-01-03,0.18500000000000227,0.13500000000004775,0.250681818181823,0.19
2011-01-04,0.18500000000000227,0.13500000000004775,0.27257575757578983,0.18
2011-01-05,0.18500000000000227,0.13500000000004775,0.3432575757575592,0.18
2011-01-06,0.18500000000000227,0.18500000000000227,0.3265909090909077,0.17
2011-01-07,0.18000000000000682,0.09281250000008612,0.26757575757574703,0.17
2011-01-10,0.18000000000000682,0.16718750000012417,0.2623484848485122,0.17
2011-01-11,0.17499999999999716,0.12500000000004263,0.2623484848485122,0.17
2011-01-12,0.17499999999999716,0.12500000000004263,0.25757575757578927,0.16
2011-01-13,0.17499999999999716,0.1621875000000088,0.2692424242424453,0.16
2011-01-14,0.1700000000000017,0.12000000000004718,0.2692424242424453,0.16
2011-01-18,0.1700000000000017,0.15718749999987125,0.24234848484846883,0.19
2011-01-19,0.1700000000000017,0.15718749999987125,0.24234848484846883,0.18
2011-01-20,0.1700000000000017,0.15718749999987125,0.2590151515151677,0.18
2011-01-21,0.1700000000000017,0.10718749999991672,0.2590151515151677,0.17
2011-01-24,0.1700000000000017,0.10718749999991672,0.25424242424244475,0.18
2011-01-25,0.1700000000000017,0.10718749999991672,0.2375757575757459,0.17
2011-01-26,0.1700000000000017,0.10718749999991672,0.2375757575757459,0.17
2011-01-27,0.16500000000000625,0.10218750000016907,0.2223484848484728,0.17
2011-01-28,0.16500000000000625,0.10218750000016907,0.2223484848484728,0.17
2011-01-31,0.16500000000000625,0.10218750000016907,0.2223484848484728,0.17
2011-02-01,0.15531249999998753,0.15000000000000568,0.2782142857142915,0.18
2011-02-02,0.15531249999998753,0.16874999999998863,0.3089285714285787,0.18
2011-02-03,0.15531249999998753,0.16874999999998863,0.31392857142857417,0.17
2011-02-04,0.15531249999998753,0.17374999999998408,0.34428571428571786,0.17
2011-02-07,0.16265625000000838,0.17374999999998408,0.35428571428570776,0.17
2011-02-08,0.16265625000000838,0.17374999999998408,0.3903571428571482,0.16
2011-02-09,0.16265625000000838,0.17374999999998408,0.359642857142861,0.15
2011-02-10,0.16500000000000625,0.17374999999998408,0.3699999999999944,0.15
2011-02-11,0.15531249999998753,0.18749999999997158,0.3699999999999944,0.15
2011-02-14,0.15765624999999872,0.16874999999998863,0.36464285714285644,0.15
2011-02-15,0.15765624999999872,0.16874999999998863,0.36464285714285644,0.16
2011-02-16,0.14796875000000753,0.16874999999998863,0.3546428571428513,0.15
2011-02-17,0.1406250000000142,0.1825000000000152,0.3089285714285787,0.15
2011-02-18,0.1406250000000142,0.16375000000003226,0.2882142857142824,0.15
2011-02-22,0.1406250000000142,0.14499999999999602,0.2782142857142915,0.15
2011-02-23,0.1406250000000142,0.14499999999999602,0.2582142857142813,0.15
2011-02-24,0.14296875000001208,0.14499999999999602,0.25857142857142384,0.15
2011-02-25,0.14296875000001208,0.15874999999998352,0.24785714285714786,0.15
2011-02-28,0.14296875000001208,0.15874999999998352,0.24321428571428072,0.16
2011-03-01,0.14000000000000054,0.15874999999998352,0.24321428571428072,0.15
2011-03-02,0.14000000000000054,0.15874999999998352,0.2535714285714284,0.16
2011-03-03,0.14000000000000054,0.15874999999998352,0.2842857142857156,0.15
2011-03-04,0.14000000000000054,0.14000000000000057,0.24857142857143394,0.15
2011-03-07,0.14000000000000054,0.14000000000000057,0.24857142857143394,0.14
2011-03-08,0.14000000000000054,0.14000000000000057,0.263928571428577,0.14
2011-03-09,0.14000000000000054,0.14000000000000057,0.25857142857142384,0.14
2011-03-10,0.14000000000000054,0.14000000000000057,0.24285714285713716,0.14
2011-03-11,0.14000000000000054,0.14000000000000057,0.24321428571428072,0.13
2011-03-14,0.14000000000000054,0.14000000000000057,0.2278571428571366,0.14
2011-03-15,0.14000000000000054,0.14000000000000057,0.2278571428571366,0.14
2011-03-16,0.14000000000000054,0.14000000000000057,0.21714285714286063,0.14
2011-03-17,0.14000000000000054,0.14000000000000057,0.22749999999999407,0.14
2011-03-18,0.14000000000000054,0.14000000000000057,0.22749999999999407,0.15
2011-03-21,0.14000000000000054,0.15874999999998352,0.24249999999999464,0.14
2011-03-22,0.14000000000000054,0.15874999999998352,0.2528571428571433,0.14
2011-03-23,0.14000000000000054,0.15874999999998352,0.2582142857142813,0.14
2011-03-24,0.14000000000000054,0.15874999999998352,0.25785714285713773,0.13
2011-03-25,0.13444444444445006,0.15874999999998352,0.283214285714287,0.13
2011-03-28,0.13500000000000512,0.172499999999971,0.29357142857143564,0.13
2011-03-29,0.1294444444444388,0.172499999999971,0.2989285714285736,0.13
2011-03-30,0.12444444444444495,0.16750000000001464,0.29357142857143564,0.13
2011-03-31,0.1194444444444495,0.16250000000001918,0.2682142857142864,0.1
2011-04-01,0.125,0.17818181818181825,0.3276984126984275,0.11
2011-04-04,0.11499999999999488,0.16818181818181313,0.3029563492063478,0.09
2011-04-05,0.12000000000000455,0.18522727272726638,0.3457936507936381,0.09
2011-04-06,0.11499999999999488,0.18522727272726638,0.33605158730159446,0.1
2011-04-07,0.11499999999999488,0.18022727272727676,0.32156746031746647,0.1
2011-04-08,0.11499999999999488,0.17318181818182862,0.3113095238095141,0.09
2011-04-11,0.10999999999999943,0.17318181818182862,0.3210515873015939,0.09
2011-04-12,0.10999999999999943,0.16818181818181313,0.29295634920634267,0.08
2011-04-13,0.10500000000000398,0.16318181818181768,0.28821428571428354,0.08
2011-04-14,0.10500000000000398,0.16818181818181313,0.3026984126984108,0.09
2011-04-15,0.10500000000000398,0.161136363636365,0.2782142857142791,0.12
2011-04-18,0.10500000000000398,0.161136363636365,0.26099206349207255,0.1
2011-04-19,0.10500000000000398,0.161136363636365,0.2562499999999889,0.11
2011-04-20,0.10500000000000398,0.161136363636365,0.2562499999999889,0.1
2011-04-21,0.10999999999999943,0.16818181818181313,0.25238095238094477,0.1
2011-04-25,0.10999999999999943,0.16818181818181313,0.2562499999999889,0.1
2011-04-26,0.10999999999999943,0.161136363636365,0.25150793650794073,0.09
2011-04-27,0.10999999999999943,0.161136363636365,0.25150793650794073,0.09
2011-04-28,0.10500000000000398,0.16318181818181768,0.24650793650794453,0.09
2011-04-29,0.10500000000000398,0.15113636363635988,0.2376388888888805,0.09
2011-05-02,0.1375000000000135,0.15924242424244117,0.32233796296297906,0.09
2011-05-03,0.1256250000000243,0.15401515151512582,0.2814583333333438,0.09
2011-05-04,0.11374999999998181,0.1442424242424406,0.26538359788365157,0.09
2011-05-05,0.11374999999998181,0.1275757575757891,0.2754298941798652,0.09
2011-05-06,0.11374999999998181,0.1275757575757891,0.25356812169309534,0.09
2011-05-09,0.11374999999998181,0.1273484848484692,0.24356812169310751,0.09
2011-05-10,0.11374999999998181,0.13924242424244515,0.2493088624339165,0.09
2011-05-11,0.11374999999998181,0.13901515151512525,0.2694014550264174,0.09
2011-05-12,0.12062499999997556,0.15545454545455092,0.2532804232803543,0.09
2011-05-13,0.12062499999997556,0.15545454545455092,0.2532804232803543,0.09
2011-05-16,0.12062499999997556,0.15545454545455092,0.22744708994704452,0.1
2011-05-17,0.12062499999997556,0.15545454545455092,0.23749338624336028,0.09
2011-05-18,0.12062499999997556,0.15545454545455092,0.24856812169310297,0.1
2011-05-19,0.12062499999997556,0.15545454545455092,0.24753968253964734,0.09
2011-05-20,0.12062499999997556,0.15545454545455092,0.23141865079363036,0.1
2011-05-23,0.12062499999997556,0.15545454545455092,0.24753968253964734,0.1
2011-05-24,0.12062499999997556,0.17234848484847565,0.2317063492062692,0.1
2011-05-25,0.12062499999997556,0.17234848484847565,0.26758597883596824,0.09
2011-05-26,0.12062499999997556,0.15568181818182414,0.1997982804233316,0.09
2011-05-27,0.12062499999997556,0.15568181818182414,0.18872354497349,0.1
2011-05-31,0.12062499999997556,0.17212121212124978,0.18979828042322433,0.1
2011-06-01,0.10500000000000398,0.17212121212124978,0.18979828042322433,0.1
2011-06-02,0.10500000000000398,0.17212121212124978,0.20484457671950698,0.1
2011-06-03,0.10500000000000398,0.17212121212124978,0.20484457671950698,0.11
2011-06-06,0.10500000000000398,0.17212121212124978,0.20484457671950698,0.1
2011-06-07,0.10500000000000398,0.17212121212124978,0.20484457671950698,0.09
2011-06-08,0.10500000000000398,0.17212121212124978,0.20484457671950698,0.09
2011-06-09,0.10500000000000398,0.17234848484847565,0.20984457671961865,0.09
2011-06-10,0.10500000000000398,0.17234848484847565,0.21989087301583243,0.09
2011-06-13,0.10500000000000398,0.17234848484847565,0.17793650793645974,0.1
2011-06-14,0.10500000000000398,0.17234848484847565,0.20984457671961865,0.1
2011-06-15,0.10999999999999943,0.17712121212119852,0.20984457671961865,0.1
2011-06-16,0.10999999999999943,0.1606818181818196,0.1937235449735558,0.1
2011-06-17,0.10999999999999943,0.1606818181818196,0.1937235449735558,0.1
2011-06-20,0.10999999999999943,0.1606818181818196,0.1937235449735558,0.09
2011-06-21,0.10999999999999943,0.1606818181818196,0.20984457671961865,0.09
2011-06-22,0.10500000000000398,0.15590909090909666,0.23567791005292849,0.09
2011-06-23,0.09999999999999432,0.15090909090908758,0.19876984126987907,0.08
2011-06-24,0.09999999999999432,0.15090909090908758,0.19876984126987907,0.08
2011-06-27,0.09999999999999432,0.16734848484851328,0.19876984126987907,0.08
2011-06-28,0.09999999999999432,0.1675757575757391,0.21558531746025222,0.08
2011-06-29,0.09999999999999432,0.1675757575757391,0.22563161375664142,0.07
2011-06-30,0.09999999999999432,0.1675757575757391,0.1997982804233316,0.07
2011-07-01,0.1302272727272796,0.16607142857143486,0.2530555555555591,0.08
2011-07-05,0.12420454545453778,0.1610714285714252,0.23944444444443588,0.08
2011-07-06,0.11818181818181599,0.15607142857142975,0.22944444444445525,0.07
2011-07-07,0.11318181818182635,0.15607142857142975,0.23805555555555852,0.07
2011-07-08,0.11420454545455269,0.14071428571428665,0.19583333333333602,0.07
2011-07-11,0.11522727272727903,0.13035714285713798,0.16722222222221225,0.07
2011-07-12,0.10818181818181087,0.14071428571428665,0.20083333333333148,0.06
2011-07-13,0.10215909090908908,0.1357142857142912,0.19083333333334057,0.06
2011-07-14,0.09715909090909362,0.12571428571428608,0.19083333333334057,0.06
2011-07-15,0.09011363636362546,0.12571428571428608,0.1858333333333309,0.06
2011-07-18,0.09113636363635762,0.1260714285714286,0.1858333333333309,0.06
2011-07-19,0.09818181818182578,0.14071428571428665,0.20083333333333148,0.06
2011-07-20,0.09818181818182578,0.1357142857142912,0.20083333333333148,0.06
2011-07-21,0.09818181818182578,0.1357142857142912,0.2144444444444444,0.06
2011-07-22,0.09920454545455212,0.1357142857142912,0.2144444444444444,0.06
2011-07-25,0.09215909090908396,0.14107142857142918,0.21583333333333204,0.06
2011-07-26,0.09215909090908396,0.14607142857142463,0.21583333333333204,0.06
2011-07-27,0.1132954545454484,0.14571428571428108,0.21583333333333204,0.07
2011-07-28,0.1132954545454484,0.14571428571428108,0.21583333333333204,0.08
2011-07-29,0.12636363636363834,0.14571428571428108,0.18722222222223273,0.11
2011-08-01,0.12785714285713418,0.1403571428571431,0.18722222222223273,0.17
2011-08-02,0.11071428571427841,0.1357142857142912,0.18222222222221282,0.16
2011-08-03,0.1007142857142936,0.12571428571428608,0.16861111111112434,0.12
2011-08-04,0.07571428571428182,0.09535714285714139,0.11861111111110272,0.09
2011-08-05,0.07571428571428182,0.09000000000000341,0.11361111111110726,0.08
2011-08-08,0.08285714285713247,0.09000000000000341,0.10361111111110215,0.11
2011-08-09,0.08285714285713247,0.09000000000000341,0.09000000000000341,0.1
2011-08-10,0.08285714285713247,0.09000000000000341,0.07638888888889046,0.1
2011-08-11,0.09714285714285406,0.09000000000000341,0.08138888888887566,0.09
2011-08-12,0.09999999999999433,0.09464285714285633,0.08638888888889558,0.1
2011-08-15,0.09999999999999433,0.09464285714285633,0.08638888888889558,0.1
2011-08-16,0.10214285714284951,0.09499999999999886,0.08638888888889558,0.09
2011-08-17,0.10214285714284951,0.09499999999999886,0.08638888888889558,0.09
2011-08-18,0.08499999999999376,0.08499999999999375,0.07500000000000284,0.09
2011-08-19,0.09000000000000341,0.0846428571428502,0.08499999999999375,0.09
2011-08-22,0.09000000000000341,0.0846428571428502,0.08499999999999375,0.09
2011-08-23,0.09000000000000341,0.0846428571428502,0.08499999999999375,0.08
2011-08-24,0.0921428571428647,0.08499999999999375,0.08499999999999375,0.08
2011-08-25,0.0921428571428647,0.08499999999999375,0.08499999999999375,0.08
2011-08-26,0.09428571428571988,0.07464285714286031,0.08499999999999375,0.09
2011-08-29,0.0921428571428647,0.07964285714285577,0.08499999999999375,0.09
2011-08-30,0.0921428571428647,0.07964285714285577,0.07638888888889046,0.08
2011-08-31,0.0921428571428647,0.07964285714285577,0.08499999999999375,0.08
2011-09-01,0.08499999999999375,0.07638888888889046,0.08499999999999375,0.08
2011-09-02,0.08499999999999375,0.07638888888889046,0.11500000000005173,0.08
2011-09-06,0.08499999999999375,0.07638888888889046,0.11500000000005173,0.09
2011-09-07,0.08499999999999375,0.07638888888889046,0.11500000000005173,0.09
2011-09-08,0.0799999999999983,0.07138888888889501,0.08499999999999375,0.09
2011-09-09,0.0799999999999983,0.06277777777776726,0.08499999999999375,0.09
2011-09-12,0.0799999999999983,0.07138888888889501,0.08499999999999375,0.09
2011-09-13,0.0799999999999983,0.07138888888889501,0.11500000000005173,0.09
2011-09-14,0.07500000000000284,0.06638888888887509,0.10499999999997556,0.08
2011-09-15,0.07500000000000284,0.06638888888887509,0.10000000000005116,0.09
2011-09-16,0.07500000000000284,0.0616468253968269,0.06999999999999318,0.09
2011-09-19,0.06999999999999318,0.05664682539683071,0.06499999999999773,0.09
2011-09-20,0.06999999999999318,0.06525793650793399,0.06999999999999318,0.09
2011-09-21,0.09000000000000341,0.07664682539682748,0.08499999999999375,0.08
2011-09-22,0.09000000000000341,0.07664682539682748,0.07694444444445966,0.08
2011-09-23,0.09000000000000341,0.07664682539682748,0.07694444444445966,0.08
2011-09-26,0.09000000000000341,0.07664682539682748,0.07694444444445966,0.08
2011-09-27,0.09000000000000341,0.07664682539682748,0.07694444444445966,0.08
2011-09-28,0.09000000000000341,0.07664682539682748,0.10694444444443238,0.08
2011-09-29,0.09000000000000341,0.08525793650793075,0.11694444444438626,0.08
2011-09-30,0.09000000000000341,0.08525793650793075,0.10888888888897466,0.06
2011-10-03,0.0846428571428502,0.1513789682539434,0.1150000000000091,0.08
2011-10-04,0.0846428571428502,0.1513789682539434,0.1150000000000091,0.07
2011-10-05,0.08499999999999375,0.12662037037029772,0.125,0.07
2011-10-06,0.08517857142856501,0.1529910714285482,0.13500000000000512,0.07
2011-10-07,0.08517857142856501,0.1529910714285482,0.13500000000000512,0.07
2011-10-11,0.08553571428570754,0.16411210317459837,0.1250000000000142,0.07
2011-10-12,0.08553571428570754,0.13827876984128853,0.12999999999999545,0.07
2011-10-13,0.08553571428570754,0.13827876984128853,0.12999999999999545,0.07
2011-10-14,0.08553571428570754,0.13827876984128853,0.125,0.07
2011-10-17,0.08017857142856956,0.12215773809527142,0.12999999999999545,0.07
2011-10-18,0.08035714285714082,0.12269510582013872,0.12999999999999545,0.07
2011-10-19,0.08035714285714082,0.12269510582013872,0.12999999999999545,0.07
2011-10-20,0.08035714285714082,0.1327414021164259,0.1150000000000091,0.07
2011-10-21,0.08035714285714082,0.1327414021164259,0.125,0.07
2011-10-24,0.08053571428571209,0.13327876984129308,0.125,0.07
2011-10-25,0.08053571428571209,0.13327876984129308,0.1349999999999909,0.07
2011-10-26,0.08053571428571209,0.13327876984129308,0.1349999999999909,0.08
2011-10-27,0.08053571428571209,0.13327876984129308,0.125,0.07
2011-10-28,0.08053571428571209,0.13327876984129308,0.125,0.07
2011-10-31,0.08053571428571209,0.13327876984129308,0.10499999999997556,0.09
2011-11-01,0.06947692307691125,0.09999999999999432,0.11499999999999488,0.08
2011-11-02,0.06947692307691125,0.09999999999999432,0.10000000000000853,0.08
2011-11-03,0.06947692307691125,0.09999999999999432,0.10000000000000853,0.09
2011-11-04,0.06947692307691125,0.09999999999999432,0.10000000000000853,0.08
2011-11-07,0.06947692307691125,0.09999999999999432,0.10000000000000853,0.08
2011-11-08,0.06947692307691125,0.09999999999999432,0.10000000000000853,0.08
2011-11-09,0.06947692307691125,0.09999999999999432,0.10999999999999943,0.08
2011-11-10,0.0678153846153743,0.09499999999999886,0.10500000000000398,0.08
2011-11-14,0.0678153846153743,0.09499999999999886,0.10500000000000398,0.08
2011-11-15,0.0678153846153743,0.09499999999999886,0.10500000000000398,0.09
2011-11-16,0.0678153846153743,0.09499999999999886,0.10500000000000398,0.08
2011-11-17,0.053969230769237764,0.10500000000000398,0.11499999999999488,0.08
2011-11-18,0.0708923076923088,0.10999999999999943,0.125,0.08
2011-11-21,0.0708923076923088,0.10999999999999943,0.125,0.08
2011-11-22,0.0708923076923088,0.10999999999999943,0.125,0.08
2011-11-23,0.0708923076923088,0.10999999999999943,0.125,0.09
2011-11-25,0.07063076923077531,0.125,0.1250000000000142,0.07
2011-11-28,0.06896923076923835,0.12000000000000455,0.13500000000000512,0.08
2011-11-29,0.05704615384617227,0.12000000000000455,0.1150000000000091,0.08
2011-11-30,0.07255384615384573,0.11499999999999488,0.1150000000000091,0.1
2011-12-01,0.0975999999999931,0.11861111111110272,0.13016666666666196,0.08
2011-12-02,0.0975999999999931,0.11861111111110272,0.13016666666666196,0.08
2011-12-05,0.0975999999999931,0.11861111111110272,0.12999999999999545,0.08
2011-12-06,0.09379999999999997,0.11722222222222535,0.12999999999999545,0.08
2011-12-07,0.09379999999999997,0.11722222222222535,0.12999999999999545,0.08
2011-12-08,0.0876000000000056,0.11722222222222535,0.12966666666666243,0.07
2011-12-09,0.08880000000000451,0.1122222222222299,0.12966666666666243,0.07
2011-12-12,0.08880000000000451,0.1122222222222299,0.13016666666666196,0.07
2011-12-13,0.08880000000000451,0.1122222222222299,0.13016666666666196,0.07
2011-12-14,0.08259999999999253,0.1122222222222299,0.13016666666666196,0.07
2011-12-15,0.08259999999999253,0.1122222222222299,0.12983333333332894,0.07
2011-12-16,0.07759999999999707,0.11583333333333773,0.12983333333332894,0.07
2011-12-19,0.07759999999999707,0.10722222222220996,0.12983333333332894,0.07
2011-12-20,0.07759999999999707,0.10722222222220996,0.12983333333332894,0.07
2011-12-21,0.07759999999999707,0.10722222222220996,0.12983333333332894,0.07
2011-12-22,0.07759999999999707,0.10722222222220996,0.12983333333332894,0.07
2011-12-23,0.07759999999999707,0.0986111111111067,0.13033333333332847,0.08
2011-12-27,0.07759999999999707,0.0986111111111067,0.13033333333332847,0.07
2011-12-28,0.07759999999999707,0.0986111111111067,0.1299999999999945,0.07
2011-12-29,0.07759999999999707,0.0986111111111067,0.1299999999999945,0.07
2011-12-30,0.07879999999999938,0.0936111111111215,0.12000000000000502,0.04
2012-01-03,0.08499999999999375,0.14500000000002444,0.1376470588235179,0.07
2012-01-04,0.08499999999999375,0.14500000000002444,0.1376470588235179,0.07
2012-01-05,0.0799999999999983,0.09694444444451253,0.13264705882353334,0.07
2012-01-06,0.0799999999999983,0.09694444444451253,0.12382352941177664,0.07
2012-01-09,0.0799999999999983,0.09694444444451253,0.12764705882353788,0.08
2012-01-10,0.0799999999999983,0.09694444444451253,0.11882352941175611,0.08
2012-01-11,0.0799999999999983,0.09694444444451253,0.10500000000000398,0.08
2012-01-12,0.0799999999999983,0.09694444444451253,0.10500000000000398,0.08
2012-01-13,0.0799999999999983,0.09694444444451253,0.10500000000000398,0.09
2012-01-17,0.0799999999999983,0.09694444444451253,0.10500000000000398,0.09
2012-01-18,0.08499999999999375,0.14500000000002444,0.10500000000000398,0.09
2012-01-19,0.08499999999999375,0.10194444444438569,0.10500000000000398,0.1
2012-01-20,0.08499999999999375,0.10194444444438569,0.11382352941176066,0.09
2012-01-23,0.08499999999999375,0.10194444444438569,0.11382352941176066,0.09
2012-01-24,0.08499999999999375,0.10194444444438569,0.11382352941176066,0.09
2012-01-25,0.08499999999999375,0.10194444444438569,0.11382352941176066,0.08
2012-01-26,0.08499999999999375,0.10194444444438569,0.10500000000000398,0.08
2012-01-27,0.08499999999999375,0.10194444444438569,0.10500000000000398,0.09
2012-01-30,0.08499999999999375,0.10194444444438569,0.10500000000000398,0.09
2012-01-31,0.09000000000000341,0.07694444444445966,0.10500000000000398,0.11
2012-02-01,0.10861111111112207,0.11999999999999034,0.10689075630250024,0.11
2012-02-02,0.10500000000000398,0.10999999999999943,0.14214285714284156,0.11
2012-02-03,0.11361111111110726,0.11499999999999488,0.11689075630252839,0.11
2012-02-06,0.10999999999999943,0.13000000000002387,0.14403361344533774,0.11
2012-02-07,0.10999999999999943,0.13000000000002387,0.16617647058817475,0.11
2012-02-08,0.10999999999999943,0.13000000000002387,0.16617647058817475,0.11
2012-02-09,0.12361111111112263,0.12000000000000455,0.17117647058827043,0.11
2012-02-10,0.139027777777765,0.12999999999999545,0.1540336134454289,0.12
2012-02-13,0.13722222222221112,0.12999999999999545,0.1540336134454289,0.12
2012-02-14,0.13722222222221112,0.12999999999999545,0.18117647058817532,0.12
2012-02-15,0.13041666666666174,0.125,0.17617647058826588,0.12
2012-02-16,0.13041666666666174,0.125,0.16306722689079883,0.11
2012-02-17,0.11861111111110272,0.12000000000000455,0.13592436974786612,0.09
2012-02-21,0.11180555555555334,0.11499999999999488,0.16617647058817475,0.1
2012-02-22,0.11180555555555334,0.11499999999999488,0.16617647058817475,0.08
2012-02-23,0.11361111111110726,0.13000000000002387,0.1490336134453705,0.08
2012-02-24,0.12222222222221053,0.12000000000000455,0.1540336134454289,0.09
2012-02-27,0.12222222222221053,0.12000000000000455,0.1540336134454289,0.1
2012-02-28,0.12222222222221053,0.12000000000000455,0.1540336134454289,0.1
2012-02-29,0.12222222222221053,0.12000000000000455,0.1490336134453705,0.1
2012-03-01,0.11499999999999488,0.13000000000002387,0.1490336134453705,0.11
2012-03-02,0.11499999999999488,0.13000000000002387,0.14403361344533774,0.11
2012-03-05,0.11499999999999488,0.13000000000002387,0.16617647058817475,0.11
2012-03-06,0.11499999999999488,0.13000000000002387,0.16617647058817475,0.11
2012-03-07,0.11499999999999488,0.14500000000001023,0.17117647058827043,0.11
2012-03-08,0.11399999999999295,0.1349999999999909,0.1590336134453383,0.11
2012-03-09,0.12000000000000455,0.14999999999997726,0.1590336134453383,0.12
2012-03-12,0.11900000000000546,0.15500000000001535,0.16403361344537107,0.12
2012-03-13,0.12400000000000092,0.1600000000000108,0.16903361344542947,0.12
2012-03-14,0.12400000000000092,0.1600000000000108,0.19117647058826645,0.13
2012-03-15,0.12400000000000092,0.1600000000000108,0.1609243697478718,0.14
2012-03-16,0.12999999999999545,0.1600000000000108,0.1609243697478718,0.15
2012-03-19,0.13500000000000512,0.16499999999997783,0.16592436974786726,0.15
2012-03-20,0.14000000000000057,0.17000000000001592,0.18403361344543004,0.15
2012-03-21,0.14000000000000057,0.17000000000001592,0.18403361344543004,0.15
2012-03-22,0.13500000000000512,0.16499999999997783,0.17403361344533888,0.14
2012-03-23,0.13500000000000512,0.14999999999999147,0.17403361344533888,0.14
2012-03-26,0.13500000000000512,0.14999999999999147,0.17403361344533888,0.14
2012-03-27,0.12999999999999545,0.14500000000002444,0.16403361344537107,0.14
2012-03-28,0.12999999999999545,0.14500000000002444,0.16403361344537107,0.13
2012-03-29,0.12999999999999545,0.14500000000002444,0.16403361344537107,0.13
2012-03-30,0.125,0.15500000000001535,0.16403361344537107,0.09
2012-04-02,0.125,0.14466666666666203,0.16500000000000625,0.15
2012-04-03,0.12999999999999545,0.1496666666666722,0.18315789473685504,0.15
2012-04-04,0.13500000000000512,0.1546666666666686,0.18315789473685504,0.15
2012-04-05,0.14000000000000057,0.1550000000000016,0.18000000000000682,0.15
2012-04-06,0.14000000000000057,0.1550000000000016,0.18000000000000682,0.12
2012-04-09,0.14000000000000057,0.1550000000000016,0.1881578947368415,0.16
2012-04-10,0.14000000000000057,0.1550000000000016,0.17499999999999716,0.15
2012-04-11,0.14000000000000057,0.1550000000000016,0.17499999999999716,0.16
2012-04-12,0.14000000000000057,0.14983333333333965,0.16500000000000625,0.15
2012-04-13,0.14000000000000057,0.14983333333333965,0.16500000000000625,0.15
2012-04-16,0.14000000000000057,0.14983333333333965,0.1599999999999966,0.15
2012-04-17,0.14000000000000057,0.14983333333333965,0.1599999999999966,0.16
2012-04-18,0.13500000000000512,0.15000000000000616,0.1599999999999966,0.15
2012-04-19,0.13500000000000512,0.1448333333333295,0.15500000000000114,0.13
2012-04-20,0.13500000000000512,0.14016666666666708,0.15500000000000114,0.12
2012-04-23,0.12999999999999545,0.13983333333333312,0.14684210526316646,0.13
2012-04-24,0.12999999999999545,0.13983333333333312,0.15184210526316191,0.14
2012-04-25,0.13500000000000512,0.14533333333332904,0.15184210526316191,0.15
2012-04-26,0.13500000000000512,0.14533333333332904,0.15184210526316191,0.14
2012-04-27,0.13500000000000512,0.14533333333332904,0.15184210526316191,0.13
2012-04-30,0.13500000000000512,0.14533333333332904,0.15500000000000114,0.16
2012-05-01,0.14499999999999602,0.1538235294117778,0.249736842105178,0.16
2012-05-02,0.14499999999999602,0.15000000000000568,0.249736842105178,0.15
2012-05-03,0.13500000000000512,0.15000000000000568,0.249736842105178,0.15
2012-05-04,0.13500000000000512,0.15000000000000568,0.249736842105178,0.16
2012-05-07,0.14999999999999147,0.15882352941176237,0.249736842105178,0.16
2012-05-08,0.14000000000000057,0.15882352941176237,0.404736842105037,0.16
2012-05-09,0.1349999999999767,0.15882352941176237,0.25473684210544345,0.15
2012-05-10,0.14500000000001023,0.15882352941176237,0.25473684210544345,0.15
2012-05-11,0.14000000000001478,0.16764705882351905,0.16500000000000625,0.15
2012-05-14,0.15000000000000568,0.16382352941175782,0.16500000000000625,0.16
2012-05-15,0.15000000000000568,0.16382352941175782,0.16500000000000625,0.16
2012-05-16,0.16499999999999204,0.16882352941177836,0.41473684210504214,0.16
2012-05-17,0.17500000000002558,0.17382352941176293,0.4197368421050376,0.16
2012-05-18,0.17500000000002558,0.17382352941176293,0.4197368421050376,0.16
2012-05-21,0.17500000000002558,0.17382352941176293,0.4197368421050376,0.16
2012-05-22,0.1599999999999966,0.17382352941176293,0.4197368421050376,0.16
2012-05-23,0.15000000000000568,0.16882352941177836,0.32499999999986073,0.15
2012-05-24,0.15000000000000568,0.16882352941177836,0.32499999999986073,0.15
2012-05-25,0.15000000000000568,0.17382352941176293,0.4197368421050376,0.15
2012-05-29,0.15000000000000568,0.17382352941176293,0.4197368421050376,0.16
2012-05-30,0.15000000000000568,0.17382352941176293,0.26473684210517856,0.16
2012-05-31,0.15000000000000568,0.17382352941176293,0.41473684210504214,0.16
2012-06-01,0.1599999999999966,0.1599999999999966,0.249736842105178,0.16
2012-06-04,0.1599999999999966,0.1599999999999966,0.249736842105178,0.17
2012-06-05,0.1599999999999966,0.1599999999999966,0.404736842105037,0.17
2012-06-06,0.1599999999999966,0.1599999999999966,0.404736842105037,0.16
2012-06-07,0.1599999999999966,0.1599999999999966,0.404736842105037,0.16
2012-06-08,0.1599999999999966,0.1599999999999966,0.25473684210544345,0.17
2012-06-11,0.16500000000000667,0.16500000000000625,0.2597368421051831,0.17
2012-06-12,0.020000000000137564,0.17499999999999716,0.4197368421050376,0.16
2012-06-13,0.020000000000137564,0.17499999999999716,0.4197368421050376,0.17
2012-06-14,0.020000000000137564,0.17499999999999716,0.4197368421050376,0.17
2012-06-15,0.16500000000000667,0.16500000000000625,0.25473684210544345,0.18
2012-06-18,0.16500000000000667,0.16500000000000625,0.25473684210544345,0.17
2012-06-19,0.16500000000000667,0.16500000000000625,0.409736842105743,0.17
2012-06-20,0.17000000000000212,0.1788235294117584,0.4197368421050376,0.16
2012-06-21,0.17000000000000212,0.1788235294117584,0.4197368421050376,0.17
2012-06-22,0.17499999999999674,0.18382352941177893,0.18000000000000682,0.17
2012-06-25,0.17499999999999674,0.18382352941177893,0.18000000000000682,0.17
2012-06-26,0.17499999999999674,0.18382352941177893,0.18000000000000682,0.16
2012-06-27,0.17499999999999674,0.18382352941177893,0.18000000000000682,0.15
2012-06-28,0.17499999999999674,0.18382352941177893,0.18000000000000682,0.15
2012-06-29,0.17499999999999674,0.18382352941177893,0.18000000000000682,0.09
2012-07-02,0.17499999999999716,0.16689075630250244,0.1940909090909031,0.18
2012-07-03,0.17499999999999716,0.18903361344533945,0.18999999999999773,0.17
2012-07-05,0.17499999999999716,0.16689075630250244,0.18000000000000682,0.17
2012-07-06,0.1700000000000017,0.1700000000000017,0.1700000000000017,0.17
2012-07-09,0.1700000000000017,0.1700000000000017,0.16500000000000625,0.17
2012-07-10,0.16500000000000625,0.15689075630253463,0.16500000000000625,0.17
2012-07-11,0.16500000000000625,0.16500000000000625,0.16500000000000625,0.17
2012-07-12,0.1599999999999966,0.1599999999999966,0.1599999999999966,0.18
2012-07-13,0.1599999999999966,0.1599999999999966,0.15500000000000114,0.19
2012-07-16,0.15500000000000114,0.1409663865545728,0.14000000000000057,0.18
2012-07-17,0.15500000000000114,0.1409663865545728,0.14000000000000057,0.17
2012-07-18,0.15000000000000568,0.1359663865546634,0.13500000000000512,0.16
2012-07-19,0.15000000000000568,0.1359663865546634,0.13500000000000512,0.13
2012-07-20,0.15000000000000568,0.1359663865546634,0.12999999999999545,0.13
2012-07-23,0.15000000000000568,0.1359663865546634,0.12999999999999545,0.14
2012-07-24,0.15000000000000568,0.1359663865546634,0.12999999999999545,0.15
2012-07-25,0.15000000000000568,0.1359663865546634,0.12999999999999545,0.15
2012-07-26,0.15000000000000568,0.1359663865546634,0.12999999999999545,0.14
2012-07-27,0.15000000000000568,0.1359663865546634,0.13500000000000512,0.14
2012-07-30,0.14000000000000057,0.11785714285716356,0.14409090909093178,0.14
2012-07-31,0.14000000000000057,0.11785714285716356,0.14409090909093178,0.13
2012-08-01,0.13617647058823934,0.12684210526314724,0.14016666666666708,0.14
2012-08-02,0.13617647058823934,0.12684210526314724,0.13500000000000512,0.14
2012-08-03,0.13617647058823934,0.12684210526314724,0.13500000000000512,0.14
2012-08-06,0.13617647058823934,0.12684210526314724,0.13500000000000512,0.14
2012-08-07,0.13617647058823934,0.12684210526314724,0.14016666666666708,0.13
2012-08-08,0.14499999999999602,0.1318421052631659,0.15016666666667267,0.13
2012-08-09,0.14499999999999602,0.1318421052631659,0.15016666666667267,0.13
2012-08-10,0.14499999999999602,0.1318421052631659,0.14516666666666253,0.13
2012-08-13,0.14499999999999602,0.1318421052631659,0.14516666666666253,0.13
2012-08-14,0.14691176470587664,0.1318421052631659,0.14516666666666253,0.13
2012-08-15,0.14882352941175725,0.1318421052631659,0.14499999999999602,0.13
2012-08-16,0.14191176470588118,0.1318421052631659,0.14499999999999602,0.13
2012-08-17,0.14191176470588118,0.1318421052631659,0.14499999999999602,0.13
2012-08-20,0.14191176470588118,0.1318421052631659,0.14499999999999602,0.13
2012-08-21,0.14191176470588118,0.14000000000000057,0.14499999999999602,0.13
2012-08-22,0.14191176470588118,0.14000000000000057,0.14499999999999602,0.13
2012-08-23,0.14191176470588118,0.12684210526314724,0.14000000000000057,0.13
2012-08-24,0.13500000000000512,0.12999999999999545,0.13500000000000512,0.13
2012-08-27,0.13500000000000512,0.12999999999999545,0.13500000000000512,0.13
2012-08-28,0.13500000000000512,0.12999999999999545,0.13500000000000512,0.13
2012-08-29,0.13500000000000512,0.12999999999999545,0.13500000000000512,0.13
2012-08-30,0.13500000000000512,0.12999999999999545,0.13500000000000512,0.14
2012-08-31,0.13500000000000512,0.11684210526316531,0.12000000000000455,0.13
2012-09-04,0.126458333333332,0.12000000000000455,0.12016666666667154,0.14
2012-09-05,0.126458333333332,0.12000000000000455,0.12000000000000455,0.16
2012-09-06,0.13145833333332746,0.11684210526316531,0.1251666666666665,0.16
2012-09-07,0.13145833333332746,0.11684210526316531,0.13016666666666196,0.15
2012-09-10,0.13145833333332746,0.11684210526316531,0.125,0.15
2012-09-11,0.13145833333332746,0.11684210526316531,0.125,0.15
2012-09-12,0.13145833333332746,0.11684210526316531,0.125,0.15
2012-09-13,0.13145833333332746,0.11684210526316531,0.1251666666666665,0.15
2012-09-14,0.13645833333334126,0.12184210526316076,0.125,0.16
2012-09-17,0.13645833333334126,0.12999999999999545,0.125,0.16
2012-09-18,0.14145833333333258,0.12684210526314724,0.12999999999999545,0.16
2012-09-19,0.14645833333332803,0.1318421052631659,0.1351666666666721,0.15
2012-09-20,0.14645833333332803,0.12368421052630801,0.12999999999999545,0.16
2012-09-21,0.14645833333332803,0.12368421052630801,0.12999999999999545,0.15
2012-09-24,0.14645833333332803,0.12368421052630801,0.12999999999999545,0.16
2012-09-25,0.14645833333332803,0.1318421052631659,0.12999999999999545,0.15
2012-09-26,0.14645833333332803,0.1318421052631659,0.12999999999999545,0.15
2012-09-27,0.14645833333332803,0.1318421052631659,0.12999999999999545,0.14
2012-09-28,0.14645833333332803,0.12368421052630801,0.11983333333333804,0.09
2012-10-01,0.14000000000000057,0.3194736842106187,0.12028787878788308,0.15
2012-10-02,0.14000000000000057,0.3194736842106187,0.12000000000000455,0.16
2012-10-03,0.14000000000000057,0.3194736842106187,0.12000000000000455,0.16
2012-10-04,0.14499999999999602,0.1694736842100597,0.12000000000000455,0.15
2012-10-05,0.14499999999999602,0.1694736842100597,0.12028787878788308,0.15
2012-10-09,0.14499999999999602,0.1694736842100597,0.125,0.16
2012-10-10,0.14499999999999602,0.1694736842100597,0.125,0.16
2012-10-11,0.14499999999999602,0.1694736842100597,0.125,0.16
2012-10-12,0.14499999999999602,0.1694736842100597,0.125,0.16
2012-10-15,0.14499999999999602,0.1694736842100597,0.125,0.16
2012-10-16,0.14499999999999602,0.0797368421053184,0.12107575757573578,0.16
2012-10-17,0.14499999999999602,0.23473684210517742,0.13971212121212204,0.15
2012-10-18,0.14499999999999602,0.23473684210517742,0.13971212121212204,0.15
2012-10-19,0.14499999999999602,0.0797368421053184,0.13971212121212204,0.16
2012-10-22,0.14499999999999602,0.0797368421053184,0.15334848484847327,0.15
2012-10-23,0.14499999999999602,0.0797368421053184,0.15334848484847327,0.15
2012-10-24,0.14499999999999602,0.0797368421053184,0.15334848484847327,0.17
2012-10-25,0.15500000000000114,0.17947368421075982,0.15834848484850747,0.16
2012-10-26,0.15500000000000114,-0.06526315789497605,0.15834848484850747,0.16
2012-10-29,0.1599999999999966,0.02947368421020169,0.15834848484850747,0.17
2012-10-30,0.1599999999999966,-0.0602631578949806,0.14971212121212635,0.17
2012-10-31,0.1599999999999966,-0.0602631578949806,0.14499999999999602,0.18
2012-11-01,0.15184210526316191,0.14000000000000057,0.14499999999999602,0.17
2012-11-02,0.15184210526316191,0.14000000000000057,0.14499999999999602,0.16
2012-11-05,0.1502631578947423,0.14000000000000057,0.1447121212121175,0.17
2012-11-06,0.1502631578947423,0.1259090909091043,0.1536363636363518,0.16
2012-11-07,0.1486842105263137,0.13500000000000512,0.13971212121212204,0.16
2012-11-08,0.1421052631579076,0.13500000000000512,0.13971212121212204,0.16
2012-11-09,0.1421052631579076,0.13500000000000512,0.13971212121212204,0.16
2012-11-13,0.1421052631579076,0.13500000000000512,0.13500000000000512,0.16
2012-11-14,0.1502631578947423,0.13500000000000512,0.13500000000000512,0.16
2012-11-15,0.1502631578947423,0.13500000000000512,0.13500000000000512,0.16
2012-11-16,0.1502631578947423,0.13500000000000512,0.13500000000000512,0.16
2012-11-19,0.1502631578947423,0.13500000000000512,0.13500000000000512,0.16
2012-11-20,0.1502631578947423,0.13500000000000512,0.13500000000000512,0.16
2012-11-21,0.1502631578947423,0.13500000000000512,0.13500000000000512,0.16
2012-11-23,0.1502631578947423,0.13500000000000512,0.13500000000000512,0.16
2012-11-26,0.1502631578947423,0.13500000000000512,0.13500000000000512,0.16
2012-11-27,0.1502631578947423,0.1259090909091043,0.13500000000000512,0.16
2012-11-28,0.1502631578947423,0.1259090909091043,0.13500000000000512,0.16
2012-11-29,0.1502631578947423,0.1259090909091043,0.13500000000000512,0.16
2012-11-30,0.1502631578947423,0.1259090909091043,0.13500000000000512,0.16
2012-12-03,0.14516666666666253,0.1259090909091043,0.13500000000000512,0.16
2012-12-04,0.14516666666666253,0.1259090909091043,0.13500000000000512,0.17
2012-12-05,0.14516666666666253,0.1259090909091043,0.12136363636361512,0.16
2012-12-06,0.14516666666666253,0.1259090909091043,0.12136363636361512,0.16
2012-12-07,0.14516666666666253,0.1259090909091043,0.12136363636361512,0.16
2012-12-10,0.14516666666666253,0.1259090909091043,0.1302878787878748,0.16
2012-12-11,0.14516666666666253,0.1259090909091043,0.12999999999999545,0.17
2012-12-12,0.14516666666666253,0.1259090909091043,0.11636363636364422,0.17
2012-12-13,0.14516666666666253,0.1259090909091043,0.12528787878787853,0.16
2012-12-14,0.14533333333332904,0.12090909090906879,0.11136363636364877,0.17
2012-12-17,0.14533333333332904,0.12090909090906879,0.11136363636364877,0.16
2012-12-18,0.15533333333333463,0.13090909090909975,0.12528787878787853,0.17
2012-12-19,0.15533333333333463,0.13090909090909975,0.1439242424242648,0.17
2012-12-20,0.15533333333333463,0.13090909090909975,0.13500000000000512,0.17
2012-12-21,0.1604999999999966,0.13090909090909975,0.13500000000000512,0.17
2012-12-24,0.1603333333333296,0.13590909090906936,0.13528787878788365,0.18
2012-12-26,0.1603333333333296,0.13590909090906936,0.14892424242423488,0.17
2012-12-27,0.16550000000000628,0.13590909090906936,0.14892424242423488,0.17
2012-12-28,0.16550000000000628,0.13590909090906936,0.14892424242423488,0.17
2012-12-31,0.16566666666667323,0.13090909090909975,0.14363636363638543,0.09
2013-01-02,0.14499999999999602,0.12999999999999545,0.13500000000000512,0.17
2013-01-03,0.14499999999999602,0.12999999999999545,0.13500000000000512,0.17
2013-01-04,0.14499999999999602,0.12999999999999545,0.14749999999999375,0.16
2013-01-07,0.14499999999999602,0.12999999999999545,0.14749999999999375,0.16
2013-01-08,0.14499999999999602,0.12999999999999545,0.13500000000000512,0.15
2013-01-09,0.14000000000000057,0.12483333333333349,0.1425000000000196,0.14
2013-01-10,0.14000000000000057,0.12483333333333349,0.1425000000000196,0.14
2013-01-11,0.13500000000000512,0.125,0.1425000000000196,0.14
2013-01-14,0.13500000000000512,0.125,0.1425000000000196,0.14
2013-01-15,0.14000000000000057,0.12483333333333349,0.1425000000000196,0.15
2013-01-16,0.14000000000000057,0.12483333333333349,0.1425000000000196,0.14
2013-01-17,0.14000000000000057,0.12999999999999545,0.1425000000000196,0.14
2013-01-18,0.13500000000000512,0.12999999999999545,0.1425000000000196,0.14
2013-01-22,0.12999999999999545,0.125,0.12999999999999545,0.14
2013-01-23,0.12999999999999545,0.125,0.12999999999999545,0.13
2013-01-24,0.13500000000000512,0.125,0.1425000000000196,0.15
2013-01-25,0.13500000000000512,0.1351666666666721,0.15750000000002018,0.14
2013-01-28,0.13500000000000512,0.14016666666666708,0.16249999999999432,0.14
2013-01-29,0.13500000000000512,0.1351666666666721,0.15750000000002018,0.12
2013-01-30,0.13500000000000512,0.1351666666666721,0.16500000000001336,0.12
2013-01-31,0.13500000000000512,0.1351666666666721,0.1524999999999892,0.15
2013-02-01,0.12090909090906879,0.12999999999999545,0.2949999999998596,0.14
2013-02-04,0.12090909090906879,0.12999999999999545,0.07000000000006423,0.13
2013-02-05,0.12545454545454504,0.12999999999999545,0.07000000000006423,0.13
2013-02-06,0.12545454545454504,0.12999999999999545,-0.09000000000042974,0.13
2013-02-07,0.11636363636361838,0.12999999999999545,-0.09000000000042974,0.13
2013-02-08,0.11636363636361838,0.12999999999999545,0.06499999999942929,0.14
2013-02-11,0.1304545454545547,0.13500000000000512,0.28999999999986414,0.14
2013-02-12,0.14000000000000057,0.13500000000000512,0.2949999999998596,0.13
2013-02-13,0.14000000000000057,0.13528787878788365,0.2949999999998596,0.14
2013-02-14,0.14000000000000057,0.13528787878788365,0.2949999999998596,0.14
2013-02-15,0.14954545454544643,0.12636363636364933,-0.07999999999979934,0.16
2013-02-19,0.14954545454544643,0.12636363636364933,-0.07999999999979934,0.15
2013-02-20,0.14499999999999602,0.12636363636364933,-0.07999999999979934,0.15
2013-02-21,0.14499999999999602,0.14000000000000057,-0.07999999999979934,0.16
2013-02-22,0.14499999999999602,0.12636363636364933,0.07000000000006423,0.16
2013-02-25,0.14499999999999602,0.12636363636364933,-0.0849999999997948,0.15
2013-02-26,0.14499999999999602,0.13528787878788365,-0.0849999999997948,0.14
2013-02-27,0.14499999999999602,0.13528787878788365,-0.0849999999997948,0.14
2013-02-28,0.14499999999999602,0.13528787878788365,-0.0849999999997948,0.14
2013-03-01,0.14000000000000057,0.13528787878788365,-0.0849999999997948,0.14
2013-03-04,0.14000000000000057,0.13528787878788365,-0.0849999999997948,0.16
2013-03-05,0.14000000000000057,0.13528787878788365,-0.0849999999997948,0.15
2013-03-06,0.14000000000000057,0.13528787878788365,-0.0849999999997948,0.15
2013-03-07,0.14000000000000057,0.13528787878788365,-0.0849999999997948,0.16
2013-03-08,0.14000000000000057,0.13528787878788365,-0.0849999999997948,0.15
2013-03-11,0.14000000000000057,0.13528787878788365,-0.0849999999997948,0.16
2013-03-12,0.14000000000000057,0.13528787878788365,-0.0849999999997948,0.15
2013-03-13,0.14000000000000057,0.13528787878788365,-0.0849999999997948,0.14
2013-03-14,0.14000000000000057,0.13528787878788365,-0.0849999999997948,0.15
2013-03-15,0.14000000000000057,0.13528787878788365,-0.0849999999997948,0.16
2013-03-18,0.14000000000000057,0.13528787878788365,-0.0849999999997948,0.16
2013-03-19,0.14499999999999602,0.13557575757576215,0.14000000000000057,0.15
2013-03-20,0.14499999999999602,0.14921212121211339,0.2949999999998596,0.15
2013-03-21,0.14499999999999602,0.1402878787878791,0.2949999999998596,0.16
2013-03-22,0.14499999999999602,0.1402878787878791,0.07500000000050022,0.15
2013-03-25,0.14499999999999602,0.1402878787878791,0.07500000000050022,0.15
2013-03-26,0.14499999999999602,0.1402878787878791,0.07500000000050022,0.14
2013-03-27,0.14499999999999602,0.12665151515152787,0.07500000000050022,0.12
2013-03-28,0.14499999999999602,0.12665151515152787,0.2949999999998596,0.13
2013-04-01,0.13983333333333406,0.12665151515152787,0.15000000000000568,0.16
2013-04-02,0.1346666666666721,0.13557575757576215,0.15692307692309598,0.15
2013-04-03,0.1346666666666721,0.13557575757576215,0.14499999999999602,0.14
2013-04-04,0.1295833333333287,0.13071969696969257,0.15192307692306664,0.14
2013-04-05,0.1295833333333287,0.13071969696969257,0.1469230769230712,0.15
2013-04-08,0.1295833333333287,0.13071969696969257,0.1469230769230712,0.15
2013-04-09,0.1295833333333287,0.13071969696969257,0.1469230769230712,0.15
2013-04-10,0.1295833333333287,0.13071969696969257,0.1469230769230712,0.15
2013-04-11,0.1295833333333287,0.13071969696969257,0.13500000000000512,0.15
2013-04-12,0.1295833333333287,0.13071969696969257,0.13500000000000512,0.15
2013-04-15,0.1295833333333287,0.13071969696969257,0.13500000000000512,0.15
2013-04-16,0.1295833333333287,0.13071969696969257,0.13500000000000512,0.15
2013-04-17,0.12949999999999542,0.13086363636363185,0.13500000000000512,0.15
2013-04-18,0.12949999999999542,0.13086363636363185,0.13500000000000512,0.15
2013-04-19,0.13458333333333883,0.12208333333331144,0.13500000000000512,0.15
2013-04-22,0.13458333333333883,0.12208333333331144,0.13500000000000512,0.15
2013-04-23,0.13458333333333883,0.12208333333331144,0.13500000000000512,0.14
2013-04-24,0.13458333333333883,0.12208333333331144,0.13500000000000512,0.13
2013-04-25,0.13458333333333883,0.12208333333331144,0.13500000000000512,0.13
2013-04-26,0.12941666666666218,0.1310075757575711,0.13500000000000512,0.13
2013-04-29,0.12425000000000021,0.12629545454545418,0.12999999999999545,0.13
2013-04-30,0.12425000000000021,0.12629545454545418,0.12999999999999545,0.14
2013-05-01,0.125,0.125,0.125,0.14
2013-05-02,0.125,0.125,0.125,0.15
2013-05-03,0.125,0.125,0.125,0.14
2013-05-06,0.12789473684210265,0.12000000000000455,0.125,0.14
2013-05-07,0.12789473684210265,0.12000000000000455,0.125,0.12
2013-05-08,0.12789473684210265,0.12000000000000455,0.125,0.12
2013-05-09,0.12789473684210265,0.12000000000000455,0.125,0.12
2013-05-10,0.12789473684210265,0.12000000000000455,0.13692307692306607,0.12
2013-05-13,0.12789473684210265,0.12000000000000455,0.13692307692306607,0.12
2013-05-14,0.12789473684210265,0.12000000000000455,0.12999999999999545,0.11
2013-05-15,0.12789473684210265,0.12000000000000455,0.12999999999999545,0.12
2013-05-16,0.12789473684210265,0.12000000000000455,0.12999999999999545,0.11
2013-05-17,0.12000000000000456,0.12000000000000455,0.14192307692309541,0.1
2013-05-20,0.11210526315788404,0.12000000000000455,0.14192307692309541,0.1
2013-05-21,0.11499999999999488,0.11499999999999488,0.13692307692306607,0.09
2013-05-22,0.11499999999999488,0.11499999999999488,0.13692307692306607,0.08
2013-05-23,0.11499999999999488,0.11499999999999488,0.13692307692306607,0.08
2013-05-24,0.1071052631578968,0.11499999999999488,0.13692307692306607,0.09
2013-05-28,0.1071052631578968,0.12000000000000455,0.1469230769230712,0.09
2013-05-29,0.09921052631579871,0.11499999999999488,0.1469230769230712,0.08
2013-05-30,0.10210526315790136,0.10999999999999943,0.1469230769230712,0.08
2013-05-31,0.10210526315790136,0.11499999999999488,0.15192307692306664,0.09
2013-06-03,0.10999999999999943,0.14000000000000767,0.12211538461562199,0.1
2013-06-04,0.10999999999999943,0.12750000000001904,0.11211538461512527,0.11
2013-06-05,0.10999999999999943,0.12750000000001904,0.11211538461512527,0.09
2013-06-06,0.10999999999999943,0.12750000000001904,0.11211538461512527,0.1
2013-06-07,0.10999999999999943,0.12750000000001904,0.11211538461512527,0.09
2013-06-10,0.10500000000000398,0.12750000000001904,0.18961538461505478,0.09
2013-06-11,0.10500000000000398,0.12750000000001904,0.11211538461512527,0.09
2013-06-12,0.10500000000000398,0.12750000000001904,0.11211538461512527,0.08
2013-06-13,0.10500000000000398,0.12750000000001904,0.02961538461547142,0.09
2013-06-14,0.10500000000000398,0.12249999999998806,0.024615384615475966,0.1
2013-06-17,0.10500000000000398,0.12249999999998806,0.12000000000000455,0.11
2013-06-18,0.10500000000000398,0.12249999999998806,0.12000000000000455,0.12
2013-06-19,0.10999999999999943,0.12750000000001904,0.12999999999999545,0.1
2013-06-20,0.11499999999999488,0.13249999999999318,0.034615384615195754,0.1
2013-06-21,0.11499999999999488,0.13749999999998863,0.12211538461562199,0.1
2013-06-24,0.11499999999999488,0.1500000000000128,0.21461538461555207,0.1
2013-06-25,0.11499999999999488,0.1500000000000128,0.11923076923053211,0.09
2013-06-26,0.11499999999999488,0.1500000000000128,0.21461538461555207,0.09
2013-06-27,0.11499999999999488,0.1449999999999818,0.12711538461512584,0.09
2013-06-28,0.10999999999999943,0.14000000000000767,0.026730769230602025,0.07
2013-07-01,0.10999999999999943,-0.17500000000036664,0.19874999999999807,0.1
2013-07-02,0.10500000000000398,-0.17999999999929628,0.19874999999999807,0.1
2013-07-03,0.10500000000000398,-0.02499999999943725,0.20375000000000773,0.1
2013-07-05,0.10500000000000398,-0.400000000000162,0.21374999999999864,0.1
2013-07-08,0.10500000000000398,-0.02499999999943725,0.20375000000000773,0.1
2013-07-09,0.10500000000000398,-0.02499999999943725,0.20375000000000773,0.1
2013-07-10,0.10500000000000398,-0.02499999999943725,0.20375000000000773,0.09
2013-07-11,0.10500000000000398,-0.17999999999929628,0.19375000000000261,0.09
2013-07-12,0.10500000000000398,-0.17999999999929628,0.19375000000000261,0.09
2013-07-15,0.10500000000000398,-0.17999999999929628,0.1808333333333477,0.09
2013-07-16,0.10500000000000398,0.040000000000063096,0.17083333333334258,0.09
2013-07-17,0.10500000000000398,0.040000000000063096,0.16583333333334713,0.09
2013-07-18,0.10500000000000398,0.040000000000063096,0.16583333333334713,0.09
2013-07-19,0.09999999999999432,-0.18500000000037176,0.16583333333334713,0.09
2013-07-22,0.09999999999999432,-0.18500000000037176,0.16583333333334713,0.09
2013-07-23,0.09999999999999432,-0.18500000000037176,0.17875000000000205,0.09
2013-07-24,0.09999999999999432,-0.18500000000037176,0.17875000000000205,0.09
2013-07-25,0.09999999999999432,-0.18500000000037176,0.17875000000000205,0.09
2013-07-26,0.09999999999999432,0.18999999999928718,0.1737500000000066,0.09
2013-07-29,0.09999999999999432,0.18999999999928718,0.1737500000000066,0.08
2013-07-30,0.09999999999999432,0.18999999999928718,0.1737500000000066,0.09
2013-07-31,0.09999999999999432,0.18999999999928718,0.16083333333331495,0.09
2013-08-01,0.11250000000001847,0.13192307692307062,0.16083333333331495,0.08
2013-08-02,0.1074999999999875,0.1219230769230655,0.1429166666666871,0.09
2013-08-05,0.1074999999999875,0.1219230769230655,0.1429166666666871,0.08
2013-08-06,0.1074999999999875,0.1219230769230655,0.1429166666666871,0.09
2013-08-07,0.1074999999999875,0.1219230769230655,0.1429166666666871,0.09
2013-08-08,0.11124999999998408,0.1219230769230655,0.1429166666666871,0.09
2013-08-09,0.11124999999998408,0.1219230769230655,0.1429166666666871,0.08
2013-08-12,0.10249999999999204,0.1219230769230655,0.1429166666666871,0.08
2013-08-13,0.10249999999999204,0.1219230769230655,0.1429166666666871,0.08
2013-08-14,0.10249999999999204,0.1219230769230655,0.1429166666666871,0.09
2013-08-15,0.10249999999999204,0.1219230769230655,0.155833333333342,0.08
2013-08-16,0.10249999999999204,0.1219230769230655,0.155833333333342,0.09
2013-08-19,0.10249999999999204,0.1219230769230655,0.155833333333342,0.09
2013-08-20,0.10624999999998863,0.1219230769230655,0.1429166666666871,0.09
2013-08-21,0.10624999999998863,0.12692307692309485,0.16583333333334713,0.08
2013-08-22,0.10624999999998863,0.13884615384616092,0.17583333333331552,0.09
2013-08-23,0.10624999999998863,0.12692307692309485,0.16583333333334713,0.08
2013-08-26,0.10624999999998863,0.12692307692309485,0.1737500000000066,0.08
2013-08-27,0.10624999999998863,0.1219230769230655,0.16083333333331495,0.07
2013-08-28,0.0975000000000179,0.11499999999999488,0.16083333333331495,0.07
2013-08-29,0.0975000000000179,0.1219230769230655,0.16083333333331495,0.08
2013-08-30,0.08499999999999375,0.1219230769230655,0.16083333333331495,0.07
2013-09-03,0.09966666666666081,0.1219230769230655,0.16083333333331495,0.09
2013-09-04,0.09966666666666081,0.1219230769230655,0.16083333333331495,0.08
2013-09-05,0.09966666666666081,0.1219230769230655,0.16583333333334713,0.08
2013-09-06,0.09466666666666536,0.11692307692307005,0.16083333333331495,0.08
2013-09-09,0.09483333333333235,0.11192307692309428,0.15083333333334656,0.08
2013-09-10,0.08966666666667038,0.11192307692309428,0.15083333333334656,0.08
2013-09-11,0.08966666666667038,0.11192307692309428,0.15083333333334656,0.08
2013-09-12,0.08966666666667038,0.11192307692309428,0.15083333333334656,0.08
2013-09-13,0.08966666666667038,0.11192307692309428,0.15083333333334656,0.08
2013-09-16,0.08966666666667038,0.11192307692309428,0.13791666666665492,0.08
2013-09-17,0.08966666666667038,0.11192307692309428,0.13291666666665947,0.08
2013-09-18,0.08966666666667038,0.11192307692309428,0.12791666666668652,0.08
2013-09-19,0.08966666666667038,0.09999999999999432,0.12791666666668652,0.09
2013-09-20,0.08966666666667038,0.09999999999999432,0.12791666666668652,0.08
2013-09-23,0.08966666666667038,0.09999999999999432,0.12791666666668652,0.09
2013-09-24,0.08966666666667038,0.09999999999999432,0.12791666666668652,0.09
2013-09-25,0.08966666666667038,0.09999999999999432,0.12791666666668652,0.08
2013-09-26,0.09466666666666536,0.10500000000000398,0.12791666666668652,0.08
2013-09-27,0.09466666666666536,0.10500000000000398,0.12791666666668652,0.08
2013-09-30,0.09466666666666536,0.10500000000000398,0.12791666666668652,0.06
2013-10-01,0.10500000000000398,0.10500000000000398,0.15999999999998238,0.08
2013-10-02,0.09999999999999432,0.1775000000001441,0.15999999999998238,0.07
2013-10-03,0.09999999999999432,0.1775000000001441,0.15999999999998238,0.08
2013-10-04,0.09999999999999432,0.1775000000001441,0.15999999999998238,0.08
2013-10-07,0.10500000000000398,0.27788461538495346,0.15999999999998238,0.08
2013-10-08,0.11499999999999488,0.21038461538452347,0.15999999999998238,0.08
2013-10-09,0.11499999999999488,0.21038461538452347,0.15999999999998238,0.09
2013-10-10,0.10500000000000398,0.10500000000000398,0.15999999999998238,0.09
2013-10-11,0.10500000000000398,0.10500000000000398,0.15999999999998238,0.1
2013-10-15,0.10500000000000398,0.1824999999999335,0.16500000000001336,0.1
2013-10-16,0.09499999999999886,0.07711538461562006,0.16500000000001336,0.11
2013-10-17,0.09000000000000341,0.07211538461540434,0.15999999999998238,0.1
2013-10-18,0.09000000000000341,-0.005384615384525171,0.15500000000000824,0.1
2013-10-21,0.09000000000000341,0.16749999999993292,0.15500000000000824,0.09
2013-10-22,0.09000000000000341,0.09000000000000341,0.13749999999998863,0.08
2013-10-23,0.08499999999999375,0.16250000000014353,0.1449999999999818,0.08
2013-10-24,0.08499999999999375,0.16250000000014353,0.1449999999999818,0.08
2013-10-25,0.08499999999999375,0.16250000000014353,0.1449999999999818,0.08
2013-10-28,0.08499999999999375,0.16250000000014353,0.1449999999999818,0.08
2013-10-29,0.08499999999999375,0.16250000000014353,0.1449999999999818,0.08
2013-10-30,0.08499999999999375,0.16250000000014353,0.1449999999999818,0.08
2013-10-31,0.08499999999999375,0.16250000000014353,0.13249999999999318,0.07
2013-11-01,0.08499999999999375,0.12083333333334541,0.055000000000063665,0.08
2013-11-04,0.08499999999999375,0.12083333333334541,0.049999999999428724,0.08
2013-11-05,0.08499999999999375,0.12083333333334541,0.049999999999428724,0.08
2013-11-06,0.08499999999999375,0.10791666666665378,0.045000000000499085,0.08
2013-11-07,0.08846153846152906,0.10791666666665378,0.040000000000063096,0.08
2013-11-08,0.08846153846152906,0.10791666666665378,0.040000000000063096,0.08
2013-11-12,0.08846153846152906,0.10791666666665378,0.045000000000499085,0.08
2013-11-13,0.08846153846152906,0.10791666666665378,0.045000000000499085,0.08
2013-11-14,0.08846153846152906,0.09499999999999886,0.259999999999863,0.09
2013-11-15,0.08846153846152906,0.09499999999999886,-0.12000000000043087,0.09
2013-11-18,0.08846153846152906,0.09499999999999886,-0.12000000000043087,0.09
2013-11-19,0.08846153846152906,0.09499999999999886,-0.12000000000043087,0.09
2013-11-20,0.08846153846152906,0.08499999999999375,0.025000000000062528,0.09
2013-11-21,0.08846153846152906,0.08499999999999375,-0.1299999999997965,0.09
2013-11-22,0.08846153846152906,0.08499999999999375,-0.1299999999997965,0.09
2013-11-25,0.08846153846152906,0.08499999999999375,-0.1299999999997965,0.09
2013-11-26,0.08499999999999375,0.09791666666668537,-0.1299999999997965,0.09
2013-11-27,0.08499999999999375,0.09791666666668537,0.025000000000062528,0.09
2013-11-29,0.08499999999999375,0.09791666666668537,0.2499999999998579,0.07
2013-12-02,0.08465517241378619,0.09000000000000341,0.030000000000498517,0.09
2013-12-03,0.08965517241379682,0.09499999999999886,0.2550000000002939,0.09
2013-12-04,0.08965517241379682,0.09499999999999886,0.2550000000002939,0.09
2013-12-05,0.08965517241379682,0.09499999999999886,0.09999999999999432,0.09
2013-12-06,0.09000000000000341,0.10291666666665833,0.09999999999999432,0.09
2013-12-09,0.08465517241378619,0.09000000000000341,0.09999999999999432,0.09
2013-12-10,0.08465517241378619,0.09000000000000341,0.09999999999999432,0.09
2013-12-11,0.08465517241378619,0.09000000000000341,0.2550000000002939,0.08
2013-12-12,0.08465517241378619,0.09000000000000341,0.034999999999428155,0.09
2013-12-13,0.08465517241378619,0.09000000000000341,0.040000000000063096,0.08
2013-12-16,0.08465517241378619,0.10291666666665833,0.19500000000036266,0.09
2013-12-17,0.08465517241378619,0.10291666666665833,0.040000000000063096,0.09
2013-12-18,0.0843103448275796,0.10791666666665378,0.26499999999985846,0.09
2013-12-19,0.08965517241379682,0.12083333333334541,0.20499999999928775,0.09
2013-12-20,0.08965517241379682,0.12083333333334541,0.20499999999928775,0.09
2013-12-23,0.08965517241379682,0.12083333333334541,0.20499999999928775,0.09
2013-12-24,0.08965517241379682,0.12083333333334541,0.20499999999928775,0.08
2013-12-26,0.08965517241379682,0.12083333333334541,0.21000000000036323,0.08
2013-12-27,0.08965517241379682,0.12083333333334541,0.055000000000063665,0.08
2013-12-30,0.08965517241379682,0.12083333333334541,0.4250000000001535,0.08
2013-12-31,0.08965517241379682,0.10791666666665378,0.4250000000001535,0.07
2014-01-02,0.09499999999999886,0.10791666666665378,0.1580769230769072,0.08
2014-01-03,0.09499999999999886,0.10791666666665378,0.16307692307693544,0.08
2014-01-06,0.09499999999999886,0.10791666666665378,0.16307692307693544,0.08
2014-01-07,0.09000000000000341,0.11583333333331325,0.16307692307693544,0.07
2014-01-08,0.09000000000000341,0.11583333333331325,0.1746153846153865,0.07
2014-01-09,0.09000000000000341,0.11583333333331325,0.17961538461538196,0.07
2014-01-10,0.09000000000000341,0.10291666666665833,0.1646153846153814,0.07
2014-01-13,0.08499999999999375,0.11083333333334029,0.14807692307693487,0.07
2014-01-14,0.08499999999999375,0.11083333333334029,0.15961538461538594,0.07
2014-01-15,0.08499999999999375,0.11083333333334029,0.15961538461538594,0.07
2014-01-16,0.08499999999999375,0.11083333333334029,0.14807692307693487,0.07
2014-01-17,0.0799999999999983,0.10583333333334484,0.15461538461539048,0.07
2014-01-21,0.0799999999999983,0.10583333333334484,0.14961538461538082,0.07
2014-01-22,0.0799999999999983,0.10583333333334484,0.14961538461538082,0.07
2014-01-23,0.0799999999999983,0.09291666666665321,0.1330769230769343,0.07
2014-01-24,0.0799999999999983,0.09291666666665321,0.1330769230769343,0.07
2014-01-27,0.0799999999999983,0.10583333333334484,0.1330769230769343,0.07
2014-01-28,0.0799999999999983,0.10583333333334484,0.1330769230769343,0.07
2014-01-29,0.0799999999999983,0.10583333333334484,0.12807692307690607,0.07
2014-01-30,0.0799999999999983,0.10583333333334484,0.1230769230769292,0.07
2014-01-31,0.0799999999999983,0.09291666666665321,0.1230769230769292,0.07
2014-02-03,0.09687499999998295,0.10249999999999204,-0.07961538461548234,0.07
2014-02-04,0.09687499999998295,0.10249999999999204,-0.07961538461548234,0.07
2014-02-05,0.09687499999998295,0.09000000000000341,0.010192307692128422,0.07
2014-02-06,0.09687499999998295,0.09000000000000341,0.08769230769205794,0.07
2014-02-07,0.10083333333331268,0.09000000000000341,0.08269230769253788,0.06
2014-02-10,0.10083333333331268,0.09000000000000341,0.08269230769253788,0.07
2014-02-11,0.0918749999999875,0.0975000000000179,0.08269230769253788,0.06
2014-02-12,0.09583333333333972,0.08499999999999375,0.08269230769253788,0.07
2014-02-13,0.09583333333333972,0.0799999999999983,0.07769230769232216,0.06
2014-02-14,0.09979166666666946,0.0799999999999983,0.07769230769232216,0.06
2014-02-18,0.08687500000001454,0.0799999999999983,0.07769230769232216,0.07
2014-02-19,0.08687500000001454,0.0799999999999983,0.07769230769232216,0.07
2014-02-20,0.08687500000001454,0.0799999999999983,0.07769230769232216,0.07
2014-02-21,0.08687500000001454,0.0799999999999983,0.07769230769232216,0.07
2014-02-24,0.08687500000001454,0.0799999999999983,0.07769230769232216,0.07
2014-02-25,0.08687500000001454,0.0799999999999983,0.07769230769232216,0.07
2014-02-26,0.08687500000001454,0.0799999999999983,0.07769230769232216,0.07
2014-02-27,0.08687500000001454,0.0799999999999983,0.07769230769232216,0.07
2014-02-28,0.08687500000001454,0.0799999999999983,0.07769230769232216,0.06
2014-03-03,0.07500000000000284,0.0799999999999983,0.07769230769232216,0.07
2014-03-04,0.07500000000000284,0.0799999999999983,0.07769230769232216,0.07
2014-03-05,0.07500000000000284,0.0799999999999983,0.07769230769232216,0.08
2014-03-06,0.07500000000000284,0.0799999999999983,0.08269230769253788,0.08
2014-03-07,0.0799999999999983,0.08499999999999375,0.16519230769198745,0.08
2014-03-10,0.0799999999999983,0.08499999999999375,0.16519230769198745,0.08
2014-03-11,0.0799999999999983,0.08499999999999375,0.16519230769198745,0.08
2014-03-12,0.0799999999999983,0.08499999999999375,0.16519230769198745,0.08
2014-03-13,0.0799999999999983,0.08499999999999375,0.16519230769198745,0.08
2014-03-14,0.0799999999999983,0.08499999999999375,0.16519230769198745,0.08
2014-03-17,0.0799999999999983,0.08499999999999375,-0.002115384615552829,0.08
2014-03-18,0.0799999999999983,0.0975000000000179,-0.002115384615552829,0.08
2014-03-19,0.0799999999999983,0.0975000000000179,0.002884615384932454,0.08
2014-03-20,0.08499999999999375,0.10249999999999204,0.007884615384452509,0.08
2014-03-21,0.08499999999999375,0.10249999999999204,0.007884615384452509,0.08
2014-03-24,0.08499999999999375,0.10249999999999204,0.007884615384452509,0.09
2014-03-25,0.08499999999999375,0.10249999999999204,0.09769230769253845,0.09
2014-03-26,0.08499999999999375,0.10249999999999204,0.002884615384932454,0.08
2014-03-27,0.08499999999999375,0.10249999999999204,0.002884615384932454,0.08
2014-03-28,0.08499999999999375,0.09000000000000341,0.1701923076924725,0.08
2014-03-31,0.0799999999999983,0.0975000000000179,0.16519230769198745,0.06
2014-04-01,0.08499999999999375,0.2400000000002933,0.14714285714286848,0.08
2014-04-02,0.08499999999999375,0.2400000000002933,0.14714285714286848,0.09
2014-04-03,0.08499999999999375,0.2400000000002933,0.15821428571428697,0.08
2014-04-04,0.08499999999999375,0.2400000000002933,0.14714285714286848,0.08
2014-04-07,0.08499999999999375,0.2400000000002933,0.14214285714284156,0.09
2014-04-08,0.08499999999999375,0.2400000000002933,0.14214285714284156,0.08
2014-04-09,0.08499999999999375,0.2400000000002933,0.13714285714286337,0.08
2014-04-10,0.08499999999999375,0.2400000000002933,0.13214285714286791,0.08
2014-04-11,0.08499999999999375,0.2400000000002933,0.13214285714286791,0.09
2014-04-14,0.08499999999999375,0.2400000000002933,0.13214285714286791,0.09
2014-04-15,0.08499999999999375,0.2400000000002933,0.13214285714286791,0.1
2014-04-16,0.08499999999999375,0.2400000000002933,0.13214285714286791,0.09
2014-04-17,0.08499999999999375,0.2400000000002933,0.13714285714286337,0.09
2014-04-21,0.08499999999999375,0.2400000000002933,0.13714285714286337,0.1
2014-04-22,0.08499999999999375,0.2400000000002933,0.13714285714286337,0.1
2014-04-23,0.09000000000000341,0.09000000000000341,0.13714285714286337,0.1
2014-04-24,0.09000000000000341,-0.1299999999997965,0.14214285714284156,0.1
2014-04-25,0.09000000000000341,-0.1299999999997965,0.14214285714284156,0.09
2014-04-28,0.09000000000000341,-0.1299999999997965,0.14214285714284156,0.09
2014-04-29,0.09000000000000341,-0.1299999999997965,0.14214285714284156,0.1
2014-04-30,0.09000000000000341,-0.1299999999997965,0.14214285714284156,0.09
2014-05-01,0.10249999999999204,0.11653846153845503,0.12000000000015139,0.09
2014-05-02,0.10249999999999204,0.11653846153845503,0.12000000000015139,0.09
2014-05-05,0.10249999999999204,0.11653846153845503,0.12000000000015139,0.09
2014-05-06,0.10624999999998863,0.11653846153845503,0.12000000000015139,0.09
2014-05-07,0.10624999999998863,0.11653846153845503,0.12000000000015139,0.08
2014-05-08,0.10624999999998863,0.11653846153845503,0.2233333333333909,0.08
2014-05-09,0.10624999999998863,0.10500000000000398,0.11499999999999473,0.08
2014-05-12,0.09375,0.10500000000000398,0.11499999999999473,0.08
2014-05-13,0.09375,0.10500000000000398,0.11499999999999473,0.09
2014-05-14,0.09375,0.10500000000000398,0.1666666666664677,0.08
2014-05-15,0.09375,0.10500000000000398,0.1666666666664677,0.09
2014-05-16,0.09375,0.11153846153847816,0.1666666666664677,0.09
2014-05-19,0.09375,0.09999999999999432,0.16166666666676596,0.09
2014-05-20,0.09375,0.09999999999999432,0.16166666666676596,0.09
2014-05-21,0.09375,0.09999999999999432,0.16166666666676596,0.09
2014-05-22,0.09375,0.09999999999999432,0.21333333333338564,0.09
2014-05-23,0.09375,0.09999999999999432,0.21333333333338564,0.09
2014-05-27,0.09375,0.09999999999999432,0.10999999999985244,0.09
2014-05-28,0.09375,0.09999999999999432,0.10999999999985244,0.09
2014-05-29,0.09375,0.09999999999999432,0.10999999999985244,0.09
2014-05-30,0.09375,0.09999999999999432,0.10999999999985244,0.08
2014-06-02,0.09483333333333235,0.11153846153847816,0.1666666666664677,0.09
2014-06-03,0.09483333333333235,0.11153846153847816,0.1666666666664677,0.1
2014-06-04,0.09483333333333235,0.11153846153847816,0.17166666666677122,0.09
2014-06-05,0.09483333333333235,0.11153846153847816,0.17166666666677122,0.09
2014-06-06,0.09483333333333235,0.11153846153847816,0.17166666666677122,0.09
2014-06-09,0.09483333333333235,0.11153846153847816,0.12000000000015139,0.09
2014-06-10,0.09483333333333235,0.11153846153847816,0.17666666666676667,0.09
2014-06-11,0.09483333333333235,0.11153846153847816,0.17666666666676667,0.09
2014-06-12,0.09483333333333235,0.11153846153847816,0.17666666666676667,0.09
2014-06-13,0.09466666666666536,0.11653846153845503,0.12499999999985316,0.1
2014-06-16,0.09983333333332732,0.11653846153845503,0.17666666666661968,0.1
2014-06-17,0.09966666666666081,0.12153846153845048,0.18166666666661513,0.1
2014-06-18,0.09966666666666081,0.12153846153845048,0.18166666666661513,0.1
2014-06-19,0.09966666666666081,0.12153846153845048,0.12999999999999545,0.1
2014-06-20,0.09966666666666081,0.10999999999999943,0.12999999999999545,0.1
2014-06-23,0.09983333333332732,0.11653846153845503,0.12999999999999545,0.1
2014-06-24,0.09983333333332732,0.11653846153845503,0.12999999999999545,0.1
2014-06-25,0.09983333333332732,0.11653846153845503,0.07333333333338032,0.1
2014-06-26,0.09966666666666081,0.10999999999999943,0.021666666666613803,0.1
2014-06-27,0.09966666666666081,0.10999999999999943,0.021666666666613803,0.1
2014-06-30,0.09966666666666081,0.10999999999999943,0.021666666666613803,0.09
2014-07-01,0.10999999999999943,0.18749999999992895,0.2007692307692384,0.1
2014-07-02,0.10500000000000398,0.09269230769232273,0.21269230769230446,0.1
2014-07-03,0.10500000000000398,0.015192307692393214,0.22961538461536599,0.09
2014-07-07,0.09999999999999432,0.08769230769205794,0.22769230769230503,0.1
2014-07-08,0.09999999999999432,0.08769230769205794,0.23461538461539533,0.09
2014-07-09,0.09999999999999432,0.08769230769205794,0.23461538461539533,0.09
2014-07-10,0.09499999999999886,0.08269230769253788,0.18269230769230332,0.09
2014-07-11,0.09499999999999886,0.08269230769253788,0.1657692307692276,0.09
2014-07-14,0.09499999999999886,0.08269230769253788,0.17769230769232755,0.09
2014-07-15,0.09499999999999886,0.08269230769253788,0.19961538461539874,0.09
2014-07-16,0.09499999999999886,0.08269230769253788,0.19961538461539874,0.09
2014-07-17,0.09499999999999886,0.08269230769253788,0.18769230769229878,0.09
2014-07-18,0.09499999999999886,0.005192307692388098,0.19961538461539874,0.09
2014-07-21,0.09499999999999886,0.005192307692388098,0.19961538461539874,0.1
2014-07-22,0.09499999999999886,0.005192307692388098,0.19961538461539874,0.09
2014-07-23,0.09499999999999886,0.005192307692388098,0.19961538461539874,0.09
2014-07-24,0.09499999999999886,0.005192307692388098,0.2115384615384648,0.09
2014-07-25,0.09499999999999886,0.005192307692388098,0.2115384615384648,0.09
2014-07-28,0.09499999999999886,0.005192307692388098,0.21653846153846026,0.09
2014-07-29,0.09499999999999886,0.005192307692388098,0.21653846153846026,0.09
2014-07-30,0.09499999999999886,0.005192307692388098,0.21653846153846026,0.09
2014-07-31,0.09499999999999886,0.005192307692388098,0.21653846153846026,0.08
2014-08-01,0.10653846153844991,0.12107142857141794,0.5569230769234208,0.09
2014-08-04,0.1098076923076777,0.12107142857141794,0.5569230769234208,0.09
2014-08-05,0.1098076923076777,0.12107142857141794,0.5569230769234208,0.09
2014-08-06,0.09826923076922665,0.12107142857141794,0.5569230769234208,0.09
2014-08-07,0.09826923076922665,0.11607142857142248,0.40192307692313545,0.09
2014-08-08,0.10153846153845446,0.11607142857142248,0.05115384615365315,0.09
2014-08-11,0.10153846153845446,0.11607142857142248,0.3969230769225689,0.09
2014-08-12,0.10153846153845446,0.11107142857144428,0.046153846153657696,0.09
2014-08-13,0.10153846153845446,0.11107142857144428,0.2369230769232713,0.09
2014-08-14,0.10153846153845446,0.11107142857144428,0.08692307692340773,0.09
2014-08-15,0.09000000000000341,0.10607142857141737,0.08192307692241485,0.09
2014-08-18,0.09000000000000341,0.10607142857141737,0.2369230769232713,0.09
2014-08-19,0.09000000000000341,0.10607142857141737,0.2369230769232713,0.09
2014-08-20,0.09000000000000341,0.11107142857144428,0.39192307692355666,0.09
2014-08-21,0.09000000000000341,0.11107142857144428,0.2369230769232713,0.09
2014-08-22,0.09000000000000341,0.11107142857144428,0.04115384615421913,0.09
2014-08-25,0.09000000000000341,0.11107142857144428,0.3411538461543726,0.09
2014-08-26,0.09000000000000341,0.11107142857144428,-0.004615384615526352,0.09
2014-08-27,0.09000000000000341,0.11107142857144428,0.19115384615450903,0.09
2014-08-28,0.09000000000000341,0.11107142857144428,0.19115384615450903,0.09
2014-08-29,0.09000000000000341,0.11107142857144428,0.04115384615421913,0.07
2014-09-02,0.08931034482759025,0.11107142857144428,0.19115384615450903,0.09
2014-09-03,0.08931034482759025,0.11107142857144428,0.19115384615450903,0.09
2014-09-04,0.08931034482759025,0.11107142857144428,0.3411538461543726,0.09
2014-09-05,0.08931034482759025,0.11107142857144428,0.04115384615421913,0.09
2014-09-08,0.08931034482759025,0.11107142857144428,-0.004615384615526352,0.09
2014-09-09,0.08931034482759025,0.11107142857144428,0.2953846153842008,0.09
2014-09-10,0.08931034482759025,0.11107142857144428,0.2953846153842008,0.09
2014-09-11,0.08931034482759025,0.11107142857144428,0.2953846153842008,0.09
2014-09-12,0.08931034482759025,0.11107142857144428,0.2953846153842008,0.09
2014-09-15,0.08965517241379682,0.10607142857141737,0.14538461538433722,0.09
2014-09-16,0.08965517241379682,0.10607142857141737,0.14538461538433722,0.09
2014-09-17,0.08965517241379682,0.10607142857141737,0.3411538461543726,0.09
2014-09-18,0.08965517241379682,0.10607142857141737,0.3411538461543726,0.09
2014-09-19,0.09000000000000341,0.10107142857142191,0.3411538461543726,0.09
2014-09-22,0.09000000000000341,0.10107142857142191,0.18615384615351616,0.09
2014-09-23,0.09000000000000341,0.10107142857142191,0.3311538461533843,0.09
2014-09-24,0.09000000000000341,0.10107142857142191,0.1811538461535207,0.09
2014-09-25,0.09000000000000341,0.09000000000000341,0.36692307692256776,0.09
2014-09-26,0.09000000000000341,0.09000000000000341,0.36692307692256776,0.09
2014-09-29,0.09000000000000341,0.09000000000000341,0.36692307692256776,0.08
2014-09-30,0.09000000000000341,0.09000000000000341,0.36692307692256776,0.07
2014-10-01,0.09000000000000341,0.19333333333353644,0.2969230769230616,0.09
2014-10-02,0.09000000000000341,0.19333333333353644,0.2969230769230616,0.09
2014-10-03,0.09000000000000341,0.14166666666676994,0.31192307692306215,0.09
2014-10-06,0.09000000000000341,0.14166666666676994,0.29038461538460597,0.09
2014-10-07,0.08499999999999375,0.08499999999999375,0.2738461538461595,0.09
2014-10-08,0.08499999999999375,0.08499999999999375,0.21576923076922802,0.09
2014-10-09,0.08499999999999375,0.08499999999999375,0.2092307692307724,0.08
2014-10-10,0.08499999999999375,0.08499999999999375,0.2092307692307724,0.09
2014-10-14,0.08499999999999375,0.08499999999999375,0.1826923076923208,0.09
2014-10-15,0.08499999999999375,0.08499999999999375,0.17115384615383697,0.09
2014-10-16,0.08499999999999375,0.13666666666676028,0.17615384615386523,0.09
2014-10-17,0.08499999999999375,0.13666666666676028,0.17615384615386523,0.09
2014-10-20,0.08499999999999375,0.08499999999999375,0.16115384615386466,0.09
2014-10-21,0.08499999999999375,0.08499999999999375,0.16115384615386466,0.09
2014-10-22,0.08499999999999375,0.08499999999999375,0.16615384615384152,0.09
2014-10-23,0.08499999999999375,0.08499999999999375,0.17769230769229255,0.09
2014-10-24,0.08499999999999375,0.08499999999999375,0.17769230769229255,0.09
2014-10-27,0.08499999999999375,0.08499999999999375,0.17769230769229255,0.09
2014-10-28,0.08499999999999375,0.08499999999999375,0.17769230769229255,0.09
2014-10-29,0.09000000000000341,-0.06499999999985562,0.21076923076925114,0.09
2014-10-30,0.09000000000000341,-0.06499999999985562,0.21076923076925114,0.09
2014-10-31,0.09000000000000341,-0.06499999999985562,0.21076923076925114,0.07
2014-11-03,0.11214285714284042,0.11192307692309428,0.3588461538461054,0.09
2014-11-04,0.11214285714284042,0.11192307692309428,0.3588461538461054,0.1
2014-11-05,0.10910714285712889,0.11692307692307005,0.5311538461538619,0.09
2014-11-06,0.10910714285712889,0.12884615384613612,0.3515384615381647,0.09
2014-11-07,0.10910714285712889,0.12384615384616036,0.28634615384617135,0.09
2014-11-10,0.12017857142857886,0.12384615384616036,0.44134615384625064,0.09
2014-11-12,0.12017857142857886,0.12884615384613612,0.4463461538457709,0.09
2014-11-13,0.12017857142857886,0.12884615384613612,0.4586538461539278,0.09
2014-11-14,0.12017857142857886,0.13384615384616547,0.5361538461538573,0.09
2014-11-17,0.12017857142857886,0.13384615384616547,0.381153846153778,0.1
2014-11-18,0.12017857142857886,0.13384615384616547,0.5484615384613178,0.11
2014-11-19,0.12821428571428584,0.14576923076923157,0.6309615384617326,0.1
2014-11-20,0.12821428571428584,0.13884615384616092,0.5534615384618031,0.1
2014-11-21,0.12821428571428584,0.13884615384616092,0.5534615384618031,0.1
2014-11-24,0.12821428571428584,0.13884615384616092,0.5534615384618031,0.1
2014-11-25,0.12821428571428584,0.13884615384616092,0.47096153846138833,0.1
2014-11-26,0.12821428571428584,0.13884615384616092,0.47096153846138833,0.1
2014-11-28,0.12821428571428584,0.13884615384616092,0.5607692307689986,0.08
2014-12-01,0.10946428571428563,0.13884615384616092,0.5607692307689986,0.13
2014-12-02,0.10946428571428563,0.13884615384616092,0.4636538461537172,0.12
2014-12-03,0.10946428571428563,0.13884615384616092,0.373846153846106,0.12
2014-12-04,0.10946428571428563,0.13884615384616092,0.4636538461537172,0.12
2014-12-05,0.11446428571427956,0.13192307692307062,0.6190384615383904,0.12
2014-12-08,0.11446428571427956,0.13192307692307062,0.5242307692307842,0.12
2014-12-09,0.11446428571427956,0.13192307692307062,0.5242307692307842,0.12
2014-12-10,0.1089285714285703,0.13192307692307062,0.4540384615385755,0.12
2014-12-11,0.1089285714285703,0.13192307692307062,0.5365384615387208,0.12
2014-12-12,0.1089285714285703,0.13192307692307062,0.5561538461541224,0.12
2014-12-15,0.10946428571428563,0.13884615384616092,0.46634615384625633,0.11
2014-12-16,0.10946428571428563,0.13884615384616092,0.38884615384610655,0.12
2014-12-17,0.11392857142856576,0.14884615384616603,0.376538461538646,0.13
2014-12-18,0.11946428571429075,0.14884615384616603,0.38653846153838156,0.13
2014-12-19,0.11946428571429075,0.14884615384616603,0.38653846153838156,0.13
2014-12-22,0.11946428571429075,0.14884615384616603,0.36923076923070486,0.13
2014-12-23,0.11946428571429075,0.14884615384616603,0.4467307692306344,0.13
2014-12-24,0.11946428571429075,0.14884615384616603,0.4467307692306344,0.13
2014-12-26,0.11946428571429075,0.14884615384616603,0.4467307692306344,0.13
2014-12-29,0.11946428571429075,0.13692307692306607,0.4467307692306344,0.13
2014-12-30,0.11946428571429075,0.125,0.5315384615387253,0.13
2014-12-31,0.11392857142856576,0.125,0.5315384615387253,0.06
2015-01-02,0.125,0.2749999999998636,0.4669230769230633,0.12
2015-01-05,0.12000000000000455,0.07423076923081551,0.4553846153846122,0.12
2015-01-06,0.12000000000000455,0.07423076923081551,0.44038461538461166,0.12
2015-01-07,0.12000000000000455,0.07423076923081551,0.41884615384615553,0.12
2015-01-08,0.12000000000000455,0.07423076923081551,0.41884615384615553,0.12
2015-01-09,0.12000000000000455,0.07423076923081551,0.37730769230770334,0.12
2015-01-12,0.12000000000000455,0.07423076923081551,0.36230769230770277,0.12
2015-01-13,0.12000000000000455,0.07423076923081551,0.340769230769228,0.12
2015-01-14,0.12000000000000455,0.07423076923081551,0.3042307692307713,0.12
2015-01-15,0.12000000000000455,-0.07576923076904807,0.28923076923077073,0.12
2015-01-16,0.12000000000000455,-0.07576923076904807,0.31730769230770106,0.13
2015-01-20,0.125,-0.07076923076905262,0.3157692307692223,0.12
2015-01-21,0.125,-0.07076923076905262,0.32076923076925057,0.12
2015-01-22,0.125,-0.07076923076905262,0.3373076923076785,0.12
2015-01-23,0.125,-0.07076923076905262,0.3257692307692274,0.12
2015-01-26,0.125,-0.07076923076905262,0.34230769230770675,0.12
2015-01-27,0.125,0.07923076923123729,0.3373076923076785,0.11
2015-01-28,0.125,0.07923076923123729,0.32076923076925057,0.12
2015-01-29,0.125,0.07923076923123729,0.32076923076925057,0.11
2015-01-30,0.125,0.07923076923123729,0.3157692307692223,0.06
2015-02-02,0.13692307692306607,0.19769230769232138,0.4621794871794016,0.12
2015-02-03,0.13692307692306607,0.19769230769232138,0.36512820512836913,0.12
2015-02-04,0.13692307692306607,0.19769230769232138,0.4217948717946782,0.11
2015-02-05,0.1403846153846014,0.19769230769232138,0.42679487179482045,0.12
2015-02-06,0.1403846153846014,0.24230769230767962,0.5247435897436533,0.11
2015-02-09,0.1438461538461367,0.24230769230767962,0.5247435897436533,0.12
2015-02-10,0.1438461538461367,0.24230769230767962,0.5247435897436533,0.12
2015-02-11,0.13192307692307062,0.24230769230767962,0.576410256410273,0.12
2015-02-12,0.13192307692307062,0.23730769230770277,0.5097435897436527,0.12
2015-02-13,0.13192307692307062,0.23230769230770731,0.5047435897436573,0.12
2015-02-17,0.13192307692307062,0.24384615384615835,0.5153846153846876,0.12
2015-02-18,0.13192307692307062,0.21576923076922802,0.48910256410261727,0.12
2015-02-19,0.13192307692307062,0.21576923076922802,0.540769230769237,0.12
2015-02-20,0.13538461538460594,0.21576923076922802,0.5974358974361724,0.12
2015-02-23,0.13538461538460594,0.21576923076922802,0.540769230769237,0.11
2015-02-24,0.12692307692309485,0.19269230769229312,0.520128205128375,0.11
2015-02-25,0.12692307692309485,0.19269230769229312,0.5157692307690986,0.11
2015-02-26,0.12692307692309485,0.20423076923077696,0.5307692307690992,0.11
2015-02-27,0.13038461538463017,0.20423076923077696,0.5257692307692364,0.06
2015-03-02,0.12465517241379293,0.20423076923077696,0.5264102564102758,0.12
2015-03-03,0.12465517241379293,0.20423076923077696,0.5314102564102713,0.12
2015-03-04,0.12465517241379293,0.20423076923077696,0.5874358974358612,0.11
2015-03-05,0.12465517241379293,0.20423076923077696,0.5307692307690992,0.11
2015-03-06,0.12465517241379293,0.22730769230767905,0.496025641025863,0.12
2015-03-09,0.12465517241379293,0.22730769230767905,0.5470512820511372,0.12
2015-03-10,0.12982758620689167,0.22730769230767905,0.5420512820514484,0.12
2015-03-11,0.12982758620689167,0.22730769230767905,0.5420512820514484,0.11
2015-03-12,0.12982758620689167,0.21576923076922802,0.5364102564104135,0.11
2015-03-13,0.12982758620689167,0.21576923076922802,0.5364102564104135,0.11
2015-03-16,0.13500000000000512,0.21576923076922802,0.5314102564102713,0.12
2015-03-17,0.13500000000000512,0.21576923076922802,0.4803846153845169,0.12
2015-03-18,0.12999999999999545,0.17615384615386523,0.43410256410247783,0.11
2015-03-19,0.12999999999999545,0.17615384615386523,0.33705128205144536,0.12
2015-03-20,0.12999999999999545,0.17615384615386523,0.332051282051129,0.12
2015-03-23,0.12999999999999545,0.17615384615386523,0.332051282051129,0.12
2015-03-24,0.12482758620689671,0.1646153846153814,0.3874358974358536,0.11
2015-03-25,0.125,0.17115384615383697,0.33076923076909165,0.12
2015-03-26,0.125,0.17115384615383697,0.33076923076909165,0.11
2015-03-27,0.125,0.15961538461538594,0.3767948717948233,0.12
2015-03-30,0.125,0.15961538461538594,0.3157692307692379,0.12
2015-03-31,0.125,0.15961538461538594,0.2641025641024714,0.06
2015-04-01,0.125,0.2430769230770009,0.42799999999999727,0.12
2015-04-02,0.125,0.2430769230770009,0.42799999999999727,0.12
2015-04-03,0.125,0.17788461538453237,0.38266666666667676,0.12
2015-04-06,0.125,0.17788461538453237,0.3926666666666525,0.13
2015-04-07,0.125,0.17788461538453237,0.40800000000000125,0.12
2015-04-08,0.125,0.2553846153844619,0.4026666666666728,0.12
2015-04-09,0.125,0.3328846153843914,0.4230000000000018,0.12
2015-04-10,0.125,0.3328846153843914,0.4230000000000018,0.12
2015-04-13,0.125,0.16557692307685112,0.4129999999999967,0.13
2015-04-14,0.125,0.2553846153844619,0.3926666666666525,0.13
2015-04-15,0.125,0.2553846153844619,0.38266666666667676,0.13
2015-04-16,0.125,0.17788461538453237,0.3726666666666565,0.13
2015-04-17,0.125,0.17788461538453237,0.38266666666667676,0.13
2015-04-20,0.125,0.17788461538453237,0.4030000000000058,0.13
2015-04-21,0.125,0.17788461538453237,0.397999999999981,0.13
2015-04-22,0.125,0.17788461538453237,0.4133333333333297,0.13
2015-04-23,0.125,0.17788461538453237,0.397999999999981,0.13
2015-04-24,0.125,0.17788461538453237,0.3726666666666565,0.13
2015-04-27,0.125,0.17788461538453237,0.3780000000000001,0.13
2015-04-28,0.125,0.17788461538453237,0.3829999999999804,0.13
2015-04-29,0.125,0.17788461538453237,0.38800000000000523,0.13
2015-04-30,0.12999999999999545,0.10538461538459831,0.4033333333333246,0.08
2015-05-01,0.15307692307693033,0.27230769230768076,0.5037500000000024,0.13
2015-05-04,0.15307692307693033,0.27230769230768076,0.5037500000000024,0.13
2015-05-05,0.15307692307693033,0.27230769230768076,0.5425000000000773,0.13
2015-05-06,0.15634615384615813,0.25576923076922004,0.4627499999999376,0.13
2015-05-07,0.15634615384615813,0.25576923076922004,0.4937500000001074,0.13
2015-05-08,0.15634615384615813,0.23423076923074532,0.46100000000010066,0.13
2015-05-11,0.15634615384615813,0.24576923076922916,0.47600000000010123,0.13
2015-05-12,0.15634615384615813,0.24576923076922916,0.43500000000003647,0.13
2015-05-13,0.1448076923077071,0.22923076923076843,0.4172500000000383,0.13
2015-05-14,0.1448076923077071,0.22423076923077298,0.3684999999999725,0.13
2015-05-15,0.1448076923077071,0.22423076923077298,0.3684999999999725,0.13
2015-05-18,0.1448076923077071,0.22423076923077298,0.4122499999999327,0.13
2015-05-19,0.1448076923077071,0.23576923076922404,0.3962500000000717,0.12
2015-05-20,0.1448076923077071,0.23576923076922404,0.4272499999999333,0.12
2015-05-21,0.1448076923077071,0.23576923076922404,0.3912499999999661,0.12
2015-05-22,0.14807692307693487,0.2573076923076802,0.38025000000010056,0.13
2015-05-26,0.13653846153845103,0.2573076923076802,0.45000000000003704,0.12
2015-05-27,0.13653846153845103,0.2573076923076802,0.45000000000003704,0.12
2015-05-28,0.13653846153845103,0.2573076923076802,0.4062499999999667,0.12
2015-05-29,0.13653846153845103,0.24730769230767508,0.4222500000001359,0.08
2015-06-01,0.13896551724137984,0.24730769230767508,0.40400000000006475,0.12
2015-06-02,0.13862068965517327,0.2407692307692195,0.40400000000006475,0.12
2015-06-03,0.13862068965517327,0.25230769230770334,0.4089999999999723,0.13
2015-06-04,0.13862068965517327,0.25230769230770334,0.4089999999999723,0.13
2015-06-05,0.13862068965517327,0.2753846153846054,0.41074999999999884,0.13
2015-06-08,0.13862068965517327,0.2753846153846054,0.3980000000000983,0.13
2015-06-09,0.13862068965517327,0.2753846153846054,0.4030000000000058,0.13
2015-06-10,0.13862068965517327,0.2753846153846054,0.446749999999966,0.13
2015-06-11,0.13862068965517327,0.2753846153846054,0.4157499999999943,0.13
2015-06-12,0.13862068965517327,0.2753846153846054,0.4157499999999943,0.13
2015-06-15,0.13896551724137984,0.25884615384615894,0.40075000000010386,0.13
2015-06-16,0.13896551724137984,0.25884615384615894,0.42674999999997,0.14
2015-06-17,0.13465517241379854,0.23230769230770731,0.3580000000000041,0.14
2015-06-18,0.13465517241379854,0.23230769230770731,0.3142500000001318,0.14
2015-06-19,0.13465517241379854,0.22076923076922347,0.29649999999993604,0.13
2015-06-22,0.13465517241379854,0.22076923076922347,0.30424999999992863,0.13
2015-06-23,0.13465517241379854,0.22076923076922347,0.38400000000006873,0.13
2015-06-24,0.13465517241379854,0.22076923076922347,0.34024999999989625,0.13
2015-06-25,0.13465517241379854,0.22076923076922347,0.37899999999997114,0.13
2015-06-26,0.13465517241379854,0.22076923076922347,0.31700000000002726,0.13
2015-06-29,0.13465517241379854,0.19769230769232138,0.2504999999999633,0.14
2015-06-30,0.13465517241379854,0.19769230769232138,0.2504999999999633,0.08
2015-07-01,0.14000000000000057,0.26884615384615945,0.5490000000000018,0.13
2015-07-02,0.14000000000000057,0.27320512820498283,0.5086666666666768,0.13
2015-07-06,0.14000000000000057,0.3292307692308789,0.4683333333333517,0.13
2015-07-07,0.13500000000000512,0.22089743589749725,0.4380000000000024,0.13
2015-07-08,0.13500000000000512,0.2769230769230872,0.41800000000000637,0.13
2015-07-09,0.13500000000000512,0.27256410256411695,0.4380000000000024,0.13
2015-07-10,0.13500000000000512,0.21217948717939747,0.493333333333328,0.13
2015-07-13,0.13500000000000512,0.2638461538460171,0.5036666666666519,0.13
2015-07-14,0.13500000000000512,0.21217948717939747,0.48866666666668074,0.13
2015-07-15,0.13500000000000512,0.21217948717939747,0.48866666666668074,0.13
2015-07-16,0.13500000000000512,0.2594871794871934,0.5083333333333286,0.14
2015-07-17,0.13500000000000512,0.2034615384616035,0.5233333333333292,0.13
2015-07-20,0.13500000000000512,0.25512820512837003,0.5433333333333252,0.14
2015-07-21,0.13500000000000512,0.25512820512837003,0.5333333333333343,0.13
2015-07-22,0.13500000000000512,0.25512820512837003,0.5486666666666536,0.13
2015-07-23,0.13500000000000512,0.25512820512837003,0.5436666666666582,0.13
2015-07-24,0.13500000000000512,0.25512820512837003,0.5336666666666531,0.13
2015-07-27,0.13500000000000512,0.2034615384616035,0.49800000000000466,0.14
2015-07-28,0.13500000000000512,0.2034615384616035,0.5030000000000001,0.14
2015-07-29,0.13500000000000512,0.2034615384616035,0.5133333333333241,0.14
2015-07-30,0.13500000000000512,0.25076923076909335,0.5433333333333252,0.14
2015-07-31,0.13500000000000512,0.2034615384616035,0.5033333333333332,0.08
2015-08-03,0.22730769230767905,0.3586666666666559,0.5580000000000496,0.14
2015-08-04,0.25038461538461393,0.38866666666665706,0.6050000000000489,0.14
2015-08-05,0.261923076923065,0.38866666666665706,0.6550000000000035,0.14
2015-08-06,0.261923076923065,0.38866666666665706,0.5950000000000438,0.14
2015-08-07,0.27346153846151605,0.3986666666666773,0.6120000000001854,0.14
2015-08-10,0.27346153846151605,0.3986666666666773,0.6120000000001854,0.14
2015-08-11,0.25038461538461393,0.3736666666666565,0.5750000000000478,0.15
2015-08-12,0.25038461538461393,0.35833333333335227,0.6080000000000041,0.15
2015-08-13,0.25038461538461393,0.37866666666665194,0.5420000000000927,0.15
2015-08-14,0.2586538461538372,0.38366666666667676,0.5519999999999611,0.14
2015-08-17,0.2586538461538372,0.37866666666665194,0.5800000000000433,0.15
2015-08-18,0.2586538461538372,0.37866666666665194,0.5369999999999605,0.15
2015-08-19,0.21250000000000022,0.3433333333333517,0.5880000000000081,0.15
2015-08-20,0.21250000000000022,0.3433333333333517,0.5880000000000081,0.15
2015-08-21,0.21250000000000022,0.3230000000000075,0.46299999999995123,0.15
2015-08-24,0.18942307692306534,0.2569999999999955,0.5219999999999629,0.15
2015-08-25,0.20096153846154918,0.2873333333333297,0.46600000000018404,0.15
2015-08-26,0.18942307692306534,0.27700000000000574,0.4490000000000431,0.14
2015-08-27,0.20096153846154918,0.29733333333335,0.4590000000000482,0.14
2015-08-28,0.21250000000000022,0.3270000000000029,0.5489999999998728,0.14
2015-08-31,0.22403846153845125,0.33199999999999835,0.5159999999999171,0.08
2015-09-01,0.2046428571428497,0.3323333333333314,0.5420000000000016,0.14
2015-09-02,0.20071428571428335,0.31733333333333086,0.5370000000000061,0.14
2015-09-03,0.1951785714285741,0.31733333333333086,0.4870000000000516,0.14
2015-09-04,0.1951785714285741,0.31733333333333086,0.4870000000000516,0.14
2015-09-08,0.19017857142856442,0.3226666666666745,0.5489999999998728,0.14
2015-09-09,0.19017857142856442,0.3226666666666745,0.5540000000000044,0.14
2015-09-10,0.19071428571427823,0.32800000000000296,0.5540000000000044,0.14
2015-09-11,0.19071428571427823,0.32800000000000296,0.49899999999991823,0.14
2015-09-14,0.19017857142856442,0.3226666666666745,0.5489999999998728,0.14
2015-09-15,0.19017857142856442,0.3433333333333517,0.48299999999996146,0.14
2015-09-16,0.1896428571428491,0.348333333333332,0.4380000000000024,0.14
2015-09-17,0.14071428571428105,0.2780000000000058,0.45400000000005275,0.14
2015-09-18,0.14178571428571018,0.25766666666667676,0.4820000000001361,0.14
2015-09-21,0.14178571428571018,0.2680000000000007,0.4490000000000431,0.14
2015-09-22,0.142321428571424,0.242333333333328,0.3689999999998233,0.14
2015-09-23,0.142321428571424,0.242333333333328,0.373999999999955,0.14
2015-09-24,0.142321428571424,0.242333333333328,0.4169999999999163,0.14
2015-09-25,0.142321428571424,0.25266666666665194,0.47700000000000387,0.13
2015-09-28,0.142321428571424,0.242333333333328,0.4620000000000033,0.13
2015-09-29,0.13732142857142854,0.23733333333333254,0.449999999999872,0.13
2015-09-30,0.13732142857142854,0.24766666666665646,0.3669999999999618,0.07
2015-10-01,0.16500000000000625,0.22700000000010423,0.46000000000000796,0.13
2015-10-02,0.15000000000000568,0.2352499999999722,0.394999999999996,0.13
2015-10-05,0.15000000000000568,0.2042500000000005,0.41499999999999204,0.13
2015-10-06,0.15000000000000568,0.2042500000000005,0.40500000000001535,0.13
2015-10-07,0.15000000000000568,0.21200000000010366,0.42499999999999716,0.13
2015-10-08,0.15000000000000568,0.21200000000010366,0.42499999999999716,0.13
2015-10-09,0.15000000000000568,0.21200000000010366,0.42499999999999716,0.13
2015-10-13,0.15000000000000568,0.17325000000002877,0.40500000000000114,0.13
2015-10-14,0.14000000000000057,0.18650000000000233,0.355000000000004,0.13
2015-10-15,0.14000000000000057,0.2252499999999671,0.3849999999999909,0.13
2015-10-16,0.14000000000000057,0.26399999999993184,0.394999999999996,0.13
2015-10-19,0.14000000000000057,0.26399999999993184,0.3849999999999909,0.13
2015-10-20,0.14000000000000057,0.26399999999993184,0.394999999999996,0.13
2015-10-21,0.14000000000000057,0.26399999999993184,0.394999999999996,0.13
2015-10-22,0.14000000000000057,0.2252499999999671,0.375,0.12
2015-10-23,0.14000000000000057,0.20199999999990004,0.41499999999999204,0.12
2015-10-26,0.14000000000000057,0.20199999999990004,0.4099999999999966,0.12
2015-10-27,0.13500000000000512,0.1582500000000282,0.3999999999999915,0.12
2015-10-28,0.13500000000000512,0.22025000000010375,0.4650000000000176,0.12
2015-10-29,0.13500000000000512,0.1892500000001318,0.4899999999999807,0.12
2015-10-30,0.13500000000000512,0.1892500000001318,0.4899999999999807,0.07
2015-11-02,0.2643333333333241,0.3780000000000001,0.4662500000001266,0.12
2015-11-03,0.2643333333333241,0.3726666666666565,0.5100000000000051,0.12
2015-11-04,0.2746666666666774,0.3930000000000007,0.5687499999999659,0.12
2015-11-05,0.27733333333334165,0.3930000000000007,0.5687499999999659,0.12
2015-11-06,0.2979999999999895,0.4336666666666739,0.6237500000000686,0.12
2015-11-09,0.30066666666665376,0.4336666666666739,0.618749999999963,0.12
2015-11-10,0.30066666666665376,0.42866666666667846,0.5699999999999932,0.12
2015-11-12,0.30333333333331797,0.42866666666667846,0.5462499999999331,0.12
2015-11-13,0.30333333333331797,0.4183333333333252,0.5937499999999716,0.12
2015-11-16,0.30333333333331797,0.40800000000000125,0.5837499999999665,0.13
2015-11-17,0.30333333333331797,0.4133333333333297,0.5837499999999665,0.13
2015-11-18,0.30333333333331797,0.42866666666667846,0.5599999999999064,0.12
2015-11-19,0.30333333333331797,0.42866666666667846,0.5599999999999064,0.12
2015-11-20,0.3136666666666713,0.4336666666666739,0.5649999999999977,0.12
2015-11-23,0.3163333333333355,0.454000000000003,0.5899999999999075,0.12
2015-11-24,0.32666666666665944,0.45899999999999846,0.5899999999999075,0.12
2015-11-25,0.32666666666665944,0.45899999999999846,0.5899999999999075,0.12
2015-11-27,0.32666666666665944,0.45899999999999846,0.618749999999963,0.12
2015-11-30,0.32666666666665944,0.45899999999999846,0.6575000000000379,0.08
2015-12-01,0.30129629629630433,0.44366666666667903,0.6037499999999625,0.13
2015-12-02,0.3005555555555643,0.45899999999999846,0.6287499999998722,0.13
2015-12-03,0.3005555555555643,0.45899999999999846,0.6387500000000692,0.13
2015-12-04,0.30555555555555763,0.47433333333333205,0.6487499999999642,0.13
2015-12-07,0.3105555555555531,0.4793333333333275,0.6487499999999642,0.13
2015-12-08,0.31555555555554854,0.49466666666667625,0.6687500000000703,0.13
2015-12-09,0.31555555555554854,0.47399999999999903,0.6675000000000288,0.14
2015-12-10,0.31555555555554854,0.4843333333333523,0.6487499999999642,0.14
2015-12-11,0.30555555555555763,0.44333333333333086,0.5887499999999761,0.14
2015-12-14,0.3112962962962932,0.44333333333333086,0.5887499999999761,0.15
2015-12-15,0.3112962962962932,0.44333333333333086,0.5600000000000023,0.15
2015-12-16,0.33203703703702925,0.46866666666665535,0.5949999999999989,0.15
2015-12-17,0.33777777777778106,0.4790000000000087,0.6674999999999329,0.37
2015-12-18,0.3427777777777765,0.48400000000000415,0.6337499999999636,0.37
2015-12-21,0.3427777777777765,0.48400000000000415,0.6387499999999733,0.36
2015-12-22,0.3427777777777765,0.4943333333333281,0.6149999999999949,0.36
2015-12-23,0.3427777777777765,0.4943333333333281,0.625,0.36
2015-12-24,0.3427777777777765,0.4943333333333281,0.6637499999999648,0.36
2015-12-28,0.3427777777777765,0.4943333333333281,0.6687500000000703,0.36
2015-12-29,0.3420370370370365,0.5096666666666768,0.7225000000000357,0.36
2015-12-30,0.3420370370370365,0.5096666666666768,0.6550000000000971,0.35
2015-12-31,0.3312962962962892,0.5046666666666814,0.635000000000101,0.2
2016-01-04,0.355000000000004,0.40300000000004016,0.7700000000000055,0.36
2016-01-05,0.355000000000004,0.4959999999999554,0.7766666666666519,0.36
2016-01-06,0.355000000000004,0.38899999999991053,0.7250000000000038,0.36
2016-01-07,0.355000000000004,0.3750000000000456,0.6733333333333084,0.36
2016-01-08,0.355000000000004,0.432000000000136,0.666666666666695,0.36
2016-01-11,0.355000000000004,0.4749999999999546,0.6516666666666945,0.36
2016-01-12,0.355000000000004,0.4250000000000001,0.6416666666666563,0.36
2016-01-13,0.355000000000004,0.4250000000000001,0.6416666666666563,0.36
2016-01-14,0.355000000000004,0.41799999999986426,0.6100000000000042,0.36
2016-01-15,0.355000000000004,0.4540000000000954,0.560000000000007,0.36
2016-01-19,0.355000000000004,0.4610000000000891,0.5800000000000031,0.36
2016-01-20,0.355000000000004,0.4469999999999601,0.5166666666666515,0.37
2016-01-21,0.355000000000004,0.39700000000000557,0.5283333333333076,0.37
2016-01-22,0.35999999999999943,0.4090000000001363,0.569999999999998,0.38
2016-01-25,0.3649999999999949,0.4570000000000931,0.5533333333333464,0.38
2016-01-26,0.3649999999999949,0.4570000000000931,0.5433333333333081,0.38
2016-01-27,0.3649999999999949,0.4999999999999118,0.5433333333333081,0.38
2016-01-28,0.3649999999999949,0.44299999999982137,0.5233333333333453,0.38
2016-01-29,0.3649999999999949,0.44299999999982137,0.4983333333333064,0.29
2016-02-01,0.4189999999999893,0.46999999999999886,0.5514285714285683,0.38
2016-02-02,0.4086666666666654,0.4450000000000074,0.49035714285713744,0.38
2016-02-03,0.4086666666666654,0.4450000000000074,0.485357142857142,0.38
2016-02-04,0.3983333333333415,0.4399999999999977,0.480000000000004,0.38
2016-02-05,0.3983333333333415,0.45999999999999375,0.5049999999999955,0.38
2016-02-08,0.37766666666666426,0.3900000000000148,0.4253571428571397,0.38
2016-02-09,0.37766666666666426,0.394999999999996,0.4303571428571504,0.38
2016-02-10,0.37766666666666426,0.394999999999996,0.4303571428571504,0.38
2016-02-11,0.37766666666666426,0.3650000000000091,0.37535714285714256,0.38
2016-02-12,0.375,0.3849999999999909,0.4157142857142923,0.38
2016-02-16,0.3853333333333239,0.3999999999999915,0.43571428571428833,0.38
2016-02-17,0.3853333333333239,0.4199999999999875,0.4607142857142788,0.37
2016-02-18,0.3853333333333239,0.4199999999999875,0.4503571428571464,0.38
2016-02-19,0.3853333333333239,0.4399999999999977,0.4707142857142849,0.38
2016-02-22,0.3956666666666772,0.4450000000000074,0.4857142857142855,0.38
2016-02-23,0.3956666666666772,0.4549999999999983,0.48035714285714753,0.38
2016-02-24,0.3956666666666772,0.4450000000000074,0.4703571428571414,0.38
2016-02-25,0.3956666666666772,0.4450000000000074,0.45000000000000284,0.37
2016-02-26,0.3956666666666772,0.47999999999998977,0.5157142857142867,0.37
2016-02-29,0.3956666666666772,0.45999999999997954,0.5103571428571486,0.29
2016-03-01,0.40166666666666767,0.4849999999999852,0.5510714285714258,0.36
2016-03-02,0.3961111111111172,0.4849999999999852,0.5610714285714309,0.37
2016-03-03,0.39166666666666256,0.4750000000000085,0.5457142857142878,0.37
2016-03-04,0.39166666666666256,0.48499999999999943,0.5714285714285643,0.36
2016-03-07,0.3905555555555509,0.5049999999999955,0.59642857142857,0.36
2016-03-08,0.38611111111111207,0.49499999999999034,0.5760714285714315,0.36
2016-03-09,0.38055555555556153,0.5050000000000097,0.5960714285714275,0.36
2016-03-10,0.38055555555556153,0.5050000000000097,0.6014285714285654,0.36
2016-03-11,0.3800000000000049,0.5199999999999818,0.6267857142857147,0.36
2016-03-14,0.37833333333333974,0.5250000000000057,0.6367857142857198,0.36
2016-03-15,0.3788888888888948,0.5300000000000011,0.6467857142857097,0.37
2016-03-16,0.3627777777777715,0.4750000000000085,0.5564285714285789,0.37
2016-03-17,0.3627777777777715,0.4750000000000085,0.5714285714285643,0.37
2016-03-18,0.3627777777777715,0.4750000000000085,0.5714285714285643,0.37
2016-03-21,0.3666666666666711,0.4899999999999807,0.59642857142857,0.37
2016-03-22,0.3666666666666711,0.5,0.6117857142857142,0.37
2016-03-23,0.3622222222222165,0.480000000000004,0.5867857142857075,0.37
2016-03-24,0.3622222222222165,0.480000000000004,0.6071428571428612,0.37
2016-03-28,0.3622222222222165,0.480000000000004,0.6021428571428515,0.37
2016-03-29,0.3638888888888832,0.4449999999999932,0.5464285714285728,0.37
2016-03-30,0.3638888888888832,0.42500000000001137,0.5110714285714337,0.37
2016-03-31,0.3638888888888832,0.42500000000001137,0.5110714285714337,0.25
2016-04-01,0.375,0.4350000000000023,0.5797058823529481,0.37
2016-04-04,0.37000000000000455,0.4300000000000068,0.5697058823529313,0.37
2016-04-05,0.37000000000000455,0.42000000000009763,0.5399999999999887,0.37
2016-04-06,0.37000000000000455,0.42000000000009763,0.54500000000001,0.37
2016-04-07,0.37000000000000455,0.4099999999999966,0.5249999999999881,0.37
2016-04-08,0.37000000000000455,0.4099999999999966,0.5208823529411684,0.37
2016-04-11,0.37000000000000455,0.4099999999999966,0.5208823529411684,0.37
2016-04-12,0.37000000000000455,0.4487500000000715,0.5305882352941149,0.37
2016-04-13,0.37000000000000455,0.4487500000000715,0.5305882352941149,0.37
2016-04-14,0.37000000000000455,0.4099999999999966,0.5399999999999887,0.37
2016-04-15,0.37000000000000455,0.43874999999997044,0.5300000000000095,0.37
2016-04-18,0.37000000000000455,0.43874999999997044,0.5208823529411684,0.37
2016-04-19,0.37000000000000455,0.4099999999999966,0.54500000000001,0.37
2016-04-20,0.37000000000000455,0.42000000000009763,0.5838235294117678,0.37
2016-04-21,0.37000000000000455,0.42000000000009763,0.5838235294117678,0.37
2016-04-22,0.37000000000000455,0.42000000000009763,0.5838235294117678,0.37
2016-04-25,0.37000000000000455,0.42000000000009763,0.6026470588235289,0.37
2016-04-26,0.37000000000000455,0.4587500000000624,0.6217647058823618,0.37
2016-04-27,0.3649999999999949,0.453749999999971,0.6073529411764658,0.37
2016-04-28,0.3649999999999949,0.4049999999999052,0.5691176470588258,0.37
2016-04-29,0.3649999999999949,0.4049999999999052,0.5641176470588304,0.3
2016-05-02,0.40500000000001535,0.49499999999999506,0.6007407407407349,0.37
2016-05-03,0.4100000000000108,0.4899999999999996,0.5757407407407434,0.37
2016-05-04,0.39749999999999375,0.4733333333333481,0.5605555555555578,0.37
2016-05-05,0.39749999999999375,0.4683333333333053,0.5455555555555572,0.37
2016-05-06,0.39749999999999375,0.4683333333333053,0.5605555555555578,0.37
2016-05-09,0.3850000000000051,0.4533333333333521,0.5253703703703763,0.37
2016-05-10,0.3850000000000051,0.4533333333333521,0.5405555555555618,0.37
2016-05-11,0.3850000000000051,0.46500000000000813,0.5405555555555618,0.37
2016-05-12,0.3850000000000051,0.4700000000000036,0.5657407407407383,0.37
2016-05-13,0.3850000000000051,0.4700000000000036,0.5605555555555578,0.37
2016-05-16,0.3850000000000051,0.47499999999999903,0.5807407407407389,0.37
2016-05-17,0.4075000000000131,0.5333333333333078,0.6205555555555601,0.37
2016-05-18,0.457499999999996,0.5933333333333101,0.6959259259259188,0.37
2016-05-19,0.4475000000000051,0.5766666666666586,0.6857407407407429,0.37
2016-05-20,0.4450000000000074,0.581666666666654,0.6907407407407383,0.37
2016-05-23,0.4450000000000074,0.5849999999999985,0.700925925925929,0.37
2016-05-24,0.4549999999999983,0.6016666666666973,0.7107407407407343,0.37
2016-05-25,0.45249999999998636,0.6016666666666973,0.705925925925924,0.37
2016-05-26,0.43250000000000455,0.5750000000000076,0.6759259259259228,0.37
2016-05-27,0.44249999999999545,0.5849999999999985,0.6909259259259234,0.37
2016-05-31,0.4224999999999852,0.5633333333333516,0.6859259259259284,0.29
2016-06-01,0.4151851851851929,0.5633333333333516,0.7061111111111095,0.37
2016-06-02,0.4144444444444528,0.568333333333347,0.700925925925929,0.37
2016-06-03,0.376111111111118,0.5116666666666939,0.5907407407407446,0.37
2016-06-06,0.37259259259258637,0.4966666666666602,0.6007407407407349,0.37
2016-06-07,0.36833333333333307,0.4866666666666551,0.5907407407407446,0.37
2016-06-08,0.36833333333333307,0.4866666666666551,0.5805555555555538,0.37
2016-06-09,0.36833333333333307,0.4866666666666551,0.5707407407407338,0.37
2016-06-10,0.3633333333333376,0.46500000000000813,0.5455555555555572,0.37
2016-06-13,0.36407407407407977,0.44333333333334696,0.5305555555555567,0.37
2016-06-14,0.36407407407407977,0.45999999999999847,0.5353703703703666,0.37
2016-06-15,0.3677777777777822,0.4516666666666585,0.5003703703703706,0.37
2016-06-16,0.3677777777777822,0.41833333333330813,0.48037037037037456,0.38
2016-06-17,0.36703703703704216,0.44000000000000244,0.4953703703703751,0.38
2016-06-20,0.3720370370370376,0.4616666666666968,0.5253703703703763,0.38
2016-06-21,0.37129629629629546,0.46666666666665907,0.5353703703703666,0.38
2016-06-22,0.3720370370370376,0.4449999999999979,0.5153703703703711,0.38
2016-06-23,0.37129629629629546,0.46666666666665907,0.5403703703703768,0.39
2016-06-24,0.3672222222222172,0.3499999999999943,0.3901851851851856,0.4
2016-06-27,0.37222222222222684,0.3216666666666536,0.3451851851851839,0.41
2016-06-28,0.3764814814814822,0.3483333333333434,0.3649999999999949,0.41
2016-06-29,0.3807407407407355,0.375,0.39481481481481046,0.41
2016-06-30,0.37787037037036775,0.3583333333333485,0.37999999999999545,0.3
2016-07-01,0.375,0.37999999999999545,0.42923611111111776,0.41
2016-07-05,0.375,0.37999999999999545,0.40954861111112145,0.4
2016-07-06,0.375,0.37999999999999545,0.41954861111109903,0.4
2016-07-07,0.37999999999999545,0.37999999999999545,0.41954861111109903,0.4
2016-07-08,0.3850000000000051,0.4000000000000057,0.44454861111111854,0.4
2016-07-11,0.3850000000000051,0.4046428571428586,0.47906250000000394,0.4
2016-07-12,0.3850000000000051,0.4253571428571397,0.49906249999999996,0.4
2016-07-13,0.3850000000000051,0.4099999999999966,0.47937500000000366,0.4
2016-07-14,0.39000000000000057,0.42499999999999716,0.5040624999999954,0.4
2016-07-15,0.394999999999996,0.43535714285714483,0.5388888888888947,0.4
2016-07-18,0.394999999999996,0.4303571428571504,0.5337152777777747,0.4
2016-07-19,0.394999999999996,0.43535714285714483,0.5338888888888855,0.4
2016-07-20,0.394999999999996,0.44535714285713573,0.5488888888888861,0.4
2016-07-21,0.394999999999996,0.44535714285713573,0.5438888888888906,0.4
2016-07-22,0.4000000000000057,0.44535714285713573,0.5487152777777753,0.4
2016-07-25,0.394999999999996,0.45571428571428435,0.5635763888888865,0.4
2016-07-26,0.4000000000000057,0.45535714285714085,0.5588888888888912,0.4
2016-07-27,0.394999999999996,0.4503571428571464,0.5438888888888906,0.4
2016-07-28,0.4000000000000057,0.4503571428571464,0.5340624999999966,0.4
2016-07-29,0.394999999999996,0.4253571428571397,0.4943750000000042,0.3
2016-08-01,0.4341666666666744,0.4611764705882255,0.5060714285714231,0.4
2016-08-02,0.4333333333333087,0.4661764705882343,0.5055357142857092,0.4
2016-08-03,0.4333333333333087,0.4708823529411712,0.5105357142857204,0.4
2016-08-04,0.42250000000001836,0.47941176470588187,0.5060714285714231,0.4
2016-08-05,0.43916666666666987,0.5038235294117562,0.5566071428571497,0.4
2016-08-08,0.4333333333333087,0.5041176470588281,0.5666071428571406,0.4
2016-08-09,0.43916666666666987,0.5035294117646977,0.5510714285714248,0.4
2016-08-10,0.42250000000001836,0.4797058823529404,0.5260714285714349,0.4
2016-08-11,0.4333333333333087,0.5032352941176391,0.5710714285714208,0.4
2016-08-12,0.42250000000001836,0.48352941176470166,0.5460714285714309,0.4
2016-08-15,0.42250000000001836,0.5023529411764626,0.5505357142857109,0.4
2016-08-16,0.43916666666666987,0.5167647058823586,0.576071428571432,0.4
2016-08-17,0.43916666666666987,0.5120588235293958,0.5710714285714208,0.4
2016-08-18,0.43916666666666987,0.5120588235294209,0.5610714285714314,0.4
2016-08-19,0.4333333333333087,0.5308823529411827,0.5860714285714214,0.4
2016-08-22,0.43916666666666987,0.5267647058823629,0.5860714285714214,0.4
2016-08-23,0.4558333333333688,0.5411764705882322,0.5910714285714326,0.4
2016-08-24,0.4558333333333688,0.5411764705882322,0.5910714285714326,0.4
2016-08-25,0.4558333333333688,0.5558823529411742,0.6166071428571378,0.4
2016-08-26,0.4891666666666718,0.5899999999999951,0.6516071428571486,0.4
2016-08-29,0.4558333333333688,0.5702941176470576,0.6310714285714231,0.4
2016-08-30,0.46416666666669454,0.5561764705882327,0.6316071428571384,0.4
2016-08-31,0.46416666666669454,0.5658823529411793,0.6310714285714231,0.3
2016-09-01,0.45999999999999375,0.5699999999999982,0.6316071428571384,0.4
2016-09-02,0.4549999999999983,0.5694117647058936,0.6310714285714231,0.4
2016-09-06,0.4350000000000023,0.5355882352941321,0.5860714285714214,0.4
2016-09-07,0.4300000000000068,0.5352941176470736,0.5860714285714214,0.4
2016-09-08,0.4449999999999932,0.5638235294117668,0.6160714285714225,0.4
2016-09-09,0.45000000000000284,0.5644117647058723,0.6310714285714231,0.4
2016-09-12,0.4300000000000068,0.553529411764704,0.6110714285714286,0.4
2016-09-13,0.4300000000000068,0.5491176470588132,0.6210714285714337,0.4
2016-09-14,0.42499999999999716,0.5305882352941232,0.596071428571428,0.4
2016-09-15,0.4200000000000017,0.5255882352941145,0.576071428571432,0.4
2016-09-16,0.42499999999999716,0.5397058823529385,0.6010714285714219,0.4
2016-09-19,0.42499999999999716,0.5441176470588294,0.6066071428571469,0.4
2016-09-20,0.4300000000000068,0.5491176470588132,0.6216071428571475,0.4
2016-09-21,0.394999999999996,0.5600000000000023,0.6316071428571384,0.4
2016-09-22,0.39000000000000057,0.5458823529411657,0.6166071428571378,0.4
2016-09-23,0.39000000000000057,0.5367647058823505,0.6121428571428561,0.4
2016-09-26,0.39000000000000057,0.5229411764705724,0.5916071428571463,0.4
2016-09-27,0.39000000000000057,0.518235294117648,0.5816071428571412,0.4
2016-09-28,0.39000000000000057,0.5320588235294136,0.5966071428571418,0.4
2016-09-29,0.394999999999996,0.5232352941176309,0.5860714285714214,0.4
2016-09-30,0.39000000000000057,0.5411764705882288,0.6016071428571372,0.29
2016-10-03,0.4167857142857209,0.5655555555555533,0.651093750000014,0.4
2016-10-04,0.42749999999999694,0.5705555555555483,0.665625000000015,0.4
2016-10-05,0.43267857142857885,0.5807407407407389,0.6850000000000116,0.4
2016-10-06,0.4325000000000076,0.5805555555555538,0.7043750000000069,0.4
2016-10-07,0.4164285714285784,0.5807407407407389,0.7043750000000069,0.4
2016-10-11,0.4164285714285784,0.5907407407407446,0.7143749999999991,0.41
2016-10-12,0.4164285714285784,0.5907407407407446,0.7099999999999893,0.41
2016-10-13,0.4164285714285784,0.5857407407407343,0.6998437499999981,0.41
2016-10-14,0.4164285714285784,0.5857407407407343,0.690000000000007,0.41
2016-10-17,0.4164285714285784,0.5805555555555538,0.6848437499999975,0.41
2016-10-18,0.4164285714285784,0.5705555555555483,0.6604687500000055,0.41
2016-10-19,0.4164285714285784,0.5703703703703632,0.65546875000001,0.41
2016-10-20,0.4164285714285784,0.5855555555555493,0.6709375000000102,0.41
2016-10-21,0.4164285714285784,0.5855555555555493,0.6803125000000017,0.41
2016-10-24,0.4164285714285784,0.590370370370374,0.6903125000000068,0.41
2016-10-25,0.4164285714285784,0.6005555555555498,0.6998437499999981,0.41
2016-10-26,0.4164285714285784,0.6005555555555498,0.6904687500000066,0.41
2016-10-27,0.4164285714285784,0.6005555555555498,0.7093750000000036,0.41
2016-10-28,0.4164285714285784,0.5905555555555589,0.7042187499999941,0.41
2016-10-31,0.4137499999999942,0.590370370370374,0.6948437500000026,0.31
2016-11-01,0.40392857142858984,0.5855555555555493,0.6798437500000021,0.41
2016-11-02,0.40392857142858984,0.5855555555555493,0.6798437500000021,0.41
2016-11-03,0.40392857142858984,0.5855555555555493,0.6704687500000106,0.41
2016-11-04,0.4100000000000129,0.5805555555555538,0.651093750000014,0.41
2016-11-07,0.408928571428568,0.5905555555555589,0.6848437499999975,0.41
2016-11-08,0.40785714285714036,0.6005555555555498,0.6949999999999887,0.41
2016-11-09,0.41392857142856343,0.590370370370374,0.7043750000000069,0.41
2016-11-10,0.408928571428568,0.5905555555555589,0.7131250000000127,0.41
2016-11-14,0.40571428571428214,0.6205555555555601,0.7526562499999914,0.41
2016-11-15,0.3996428571428591,0.6255555555555555,0.7620312499999828,0.41
2016-11-16,0.3996428571428591,0.6255555555555555,0.7620312499999828,0.41
2016-11-17,0.40464285714285453,0.6253703703703706,0.7814062499999932,0.41
2016-11-18,0.39857142857141425,0.6355555555555606,0.8007812499999885,0.41
2016-11-21,0.4035714285714412,0.6405555555555561,0.8103125000000078,0.41
2016-11-22,0.4035714285714412,0.6405555555555561,0.8107812500000073,0.41
2016-11-23,0.40857142857143663,0.6507407407407468,0.8396875000000081,0.41
2016-11-25,0.40857142857143663,0.6507407407407468,0.8446875000000036,0.41
2016-11-28,0.40857142857143663,0.6507407407407468,0.8301562500000026,0.41
2016-11-29,0.40857142857143663,0.6455555555555516,0.8103125000000078,0.41
2016-11-30,0.40249999999999636,0.6505555555555612,0.8201562499999988,0.31
2016-12-01,0.6350000000000051,0.7076041666666746,0.8291874999999763,0.41
2016-12-02,0.6350000000000051,0.6979166666666559,0.8109375000000426,0.41
2016-12-05,0.6400000000000006,0.7077777777777855,0.8056249999999977,0.41
2016-12-06,0.6400000000000006,0.7077777777777855,0.8106249999999193,0.41
2016-12-07,0.6400000000000006,0.7077777777777855,0.8308125000000459,0.41
2016-12-08,0.6400000000000006,0.7174652777777767,0.8283750000000409,0.41
2016-12-09,0.6400000000000006,0.71260416666667,0.8313124999999886,0.41
2016-12-12,0.6400000000000006,0.71260416666667,0.8288749999999908,0.41
2016-12-13,0.6400000000000006,0.7174305555555545,0.8723124999999718,0.41
2016-12-14,0.644999999999996,0.7369791666666754,0.9345000000000553,0.41
2016-12-15,0.644999999999996,0.7224652777777721,0.9186875000001201,0.66
2016-12-16,0.644999999999996,0.7224652777777721,0.8935000000000712,0.66
2016-12-19,0.644999999999996,0.712777777777781,0.9012500000001218,0.66
2016-12-20,0.644999999999996,0.712777777777781,0.867812500000064,0.66
2016-12-21,0.644999999999996,0.712777777777781,0.8368125000000923,0.66
2016-12-22,0.644999999999996,0.712777777777781,0.867812500000064,0.66
2016-12-23,0.644999999999996,0.712777777777781,0.867812500000064,0.66
2016-12-27,0.644999999999996,0.7224652777777721,0.9062499999999787,0.66
2016-12-28,0.644999999999996,0.7224652777777721,0.8752500000000069,0.66
2016-12-29,0.644999999999996,0.7224652777777721,0.8620000000000694,0.66
2016-12-30,0.644999999999996,0.7224652777777721,0.8235625000000162,0.55
2017-01-03,0.6552777777777792,0.7642857142857201,1.029999999999987,0.66
2017-01-04,0.6552777777777792,0.7642857142857201,1.029999999999987,0.66
2017-01-05,0.6552777777777792,0.7598214285714242,0.9950000000000045,0.66
2017-01-06,0.6552777777777792,0.7698214285714293,1.0100000000000051,0.66
2017-01-09,0.6552777777777792,0.7648214285714339,1.004999999999967,0.66
2017-01-10,0.6552777777777792,0.7648214285714339,1.004999999999967,0.66
2017-01-11,0.6552777777777792,0.754285714285715,0.9950000000000045,0.66
2017-01-12,0.6552777777777792,0.7442857142857083,0.9849999999999994,0.66
2017-01-13,0.6552777777777792,0.754285714285715,0.9800000000000182,0.66
2017-01-17,0.6552777777777792,0.7442857142857083,0.980000000000004,0.66
2017-01-18,0.6552777777777792,0.7492857142857196,0.9950000000000045,0.66
2017-01-19,0.6604629629629597,0.7803571428571497,1.0250000000000057,0.66
2017-01-20,0.6604629629629597,0.7708928571428585,1.0150000000000006,0.66
2017-01-23,0.6552777777777792,0.760357142857138,0.9900000000000091,0.66
2017-01-24,0.6552777777777792,0.7753571428571385,1.0000000000000142,0.66
2017-01-25,0.6603703703703666,0.7808928571428636,1.0250000000000057,0.66
2017-01-26,0.6603703703703666,0.7808928571428636,1.0250000000000057,0.66
2017-01-27,0.6603703703703666,0.7808928571428636,1.0099999999999767,0.66
2017-01-30,0.6603703703703666,0.7703571428571431,0.9949999999999761,0.66
2017-01-31,0.6603703703703666,0.7653571428571492,0.9899999999999807,0.56
2017-02-01,0.6636666666666732,0.765892857142863,0.9949999999999761,0.66
2017-02-02,0.6636666666666732,0.765892857142863,0.9949999999999761,0.66
2017-02-03,0.6690000000000016,0.7664285714285768,1.0100000000000051,0.66
2017-02-06,0.664333333333325,0.7403571428571419,0.9599999999999795,0.66
2017-02-07,0.664333333333325,0.7403571428571419,0.9599999999999795,0.66
2017-02-08,0.664333333333325,0.7348214285714327,0.950000000000017,0.66
2017-02-09,0.6693333333333499,0.7398214285714282,0.9650000000000176,0.66
2017-02-10,0.6640000000000215,0.7558928571428579,0.9850000000000136,0.66
2017-02-13,0.6690000000000016,0.7664285714285768,0.9899999999999807,0.66
2017-02-14,0.6686666666666686,0.7819642857142927,1.0349999999999966,0.66
2017-02-15,0.6626666666666732,0.8125000000000077,1.0550000000000068,0.66
2017-02-16,0.663333333333325,0.80357142857143,1.0450000000000017,0.66
2017-02-17,0.6686666666666686,0.7930357142857112,1.039999999999992,0.66
2017-02-21,0.6736666666666489,0.80357142857143,1.0450000000000017,0.66
2017-02-22,0.6686666666666686,0.8151785714285796,1.0450000000000017,0.66
2017-02-23,0.6683333333333205,0.8196428571428598,1.0349999999999966,0.66
2017-02-24,0.6629999999999919,0.8135714285714367,1.0199999999999676,0.66
2017-02-27,0.6776666666666737,0.8330357142857174,1.0499999999999972,0.66
2017-02-28,0.6723333333333452,0.8325000000000037,1.0550000000000068,0.57
2017-03-01,0.8250000000000028,0.969218750000004,1.1410344827586214,0.66
2017-03-02,0.8499999999999943,1.0178125000000007,1.186034482758623,0.66
2017-03-03,0.8599999999999994,1.0045312500000003,1.1710344827586225,0.66
2017-03-06,0.8649999999999949,0.9956249999999818,1.1610344827586174,0.66
2017-03-07,0.8649999999999949,0.9956249999999818,1.1610344827586174,0.66
2017-03-08,0.875,1.0104687499999963,1.1812068965517313,0.66
2017-03-09,0.875,1.0149999999999921,1.2012068965517269,0.66
2017-03-10,0.8799999999999955,1.0200000000000005,1.2060344827586191,0.66
2017-03-13,0.8850000000000051,1.0392187499999843,1.2158620689655208,0.66
2017-03-14,0.8850000000000051,1.0392187499999843,1.2158620689655208,0.66
2017-03-15,0.8900000000000006,1.0160937500000053,1.1856896551724159,0.66
2017-03-16,0.8900000000000006,1.0254687499999968,1.205689655172412,0.91
2017-03-17,0.8900000000000006,1.0254687499999968,1.205689655172412,0.91
2017-03-20,0.8900000000000006,1.0254687499999968,1.205689655172412,0.91
2017-03-21,0.8900000000000006,1.0348437499999883,1.2006896551724164,0.91
2017-03-22,0.8900000000000006,1.0160937500000053,1.1856896551724159,0.91
2017-03-23,0.8900000000000006,1.0160937500000053,1.1806896551724209,0.91
2017-03-24,0.8900000000000006,1.0160937500000053,1.1858620689655197,0.91
2017-03-27,0.8900000000000006,1.0160937500000053,1.1706896551724153,0.91
2017-03-28,0.8900000000000006,1.0160937500000053,1.1806896551724209,0.91
2017-03-29,0.8900000000000006,1.0160937500000053,1.1806896551724209,0.91
2017-03-30,0.8900000000000006,1.0254687499999968,1.1958620689655102,0.91
2017-03-31,0.8900000000000006,1.0348437499999883,1.2108620689655107,0.82
2017-04-03,0.9063392857142871,1.065593750000101,1.259779693486587,0.91
2017-04-04,0.9063392857142871,1.065593750000101,1.2635153256705023,0.91
2017-04-05,0.9063392857142871,1.0610937500000546,1.2600287356321809,0.91
2017-04-06,0.9063392857142871,1.0920937500000263,1.2700287356321964,0.91
2017-04-07,0.9063392857142871,1.0920937500000263,1.280028735632177,0.91
2017-04-10,0.9063392857142871,1.0610937500000546,1.256417624521073,0.91
2017-04-11,0.9063392857142871,1.065593750000101,1.222806513409954,0.91
2017-04-12,0.9063392857142871,1.0478437499999784,1.222806513409954,0.91
2017-04-13,0.9063392857142871,1.034593750000041,1.2078065134099534,0.91
2017-04-17,0.9063392857142871,1.008093749999977,1.1915421455938722,0.91
2017-04-18,0.9063392857142871,1.0125937500000233,1.1664176245210698,0.91
2017-04-19,0.9063392857142871,1.0258437500000994,1.1578065134099667,0.91
2017-04-20,0.9063392857142871,1.065593750000101,1.2015421455938773,0.91
2017-04-21,0.9063392857142871,1.0390937499999489,1.1865421455938767,0.91
2017-04-24,0.9063392857142871,1.0433437500000706,1.237806513409965,0.91
2017-04-25,0.9063392857142871,1.08759374999998,1.2628065134099704,0.91
2017-04-26,0.9060714285714303,1.0863749999999812,1.2579310344827472,0.91
2017-04-27,0.9060714285714303,1.0553749999999211,1.2528065134099655,0.91
2017-04-28,0.9060714285714303,1.0553749999999211,1.25654214559387,0.83
2017-05-01,0.9136813186813386,1.0900000000000034,1.2614176245210686,0.91
2017-05-02,0.9086813186813092,1.0849999999999937,1.2414176245210726,0.91
2017-05-03,0.9079670329670387,1.0949999999999989,1.2615421455938653,0.91
2017-05-04,0.9129670329670342,1.0999999999999943,1.266417624521078,0.91
2017-05-05,0.9161538461538588,1.1099999999999994,1.2815421455938756,0.91
2017-05-08,0.9154395604395572,1.1200000000000045,1.2965421455938761,0.91
2017-05-09,0.921538461538453,1.1299999999999955,1.307806513409972,0.91
2017-05-10,0.9108241758241771,1.1299999999999955,1.306542145593867,0.91
2017-05-11,0.9165384615384573,1.125,1.2964176245210792,0.91
2017-05-12,0.9236813186813101,1.0999999999999943,1.2515421455938744,0.91
2017-05-15,0.9168681318681297,1.0999999999999943,1.2465421455938648,0.91
2017-05-16,0.9100549450549293,1.0999999999999943,1.2465421455938648,0.91
2017-05-17,0.9082967032966913,1.0699999999999932,1.1791954022988644,0.91
2017-05-18,0.910769230769234,1.0900000000000034,1.2265421455938688,0.91
2017-05-19,0.9168681318681297,1.0999999999999943,1.2291954022988616,0.91
2017-05-22,0.9161538461538588,1.1099999999999994,1.2479310344827668,0.91
2017-05-23,0.9154395604395572,1.1200000000000045,1.2579310344827472,0.91
2017-05-24,0.9154395604395572,1.1200000000000045,1.2478065134099698,0.91
2017-05-25,0.9097252747252766,1.125,1.25654214559387,0.91
2017-05-26,0.9097252747252766,1.125,1.25654214559387,0.91
2017-05-30,0.9079120879120722,1.1299999999999955,1.25654214559387,0.91
2017-05-31,0.9132692307692102,1.1299999999999955,1.2515421455938744,0.83
2017-06-01,1.123076923076922,1.2099999999999795,1.2629310344827673,0.91
2017-06-02,1.1271153846153799,1.2050000000000267,1.266542145593875,0.91
2017-06-05,1.1280769230769174,1.1999999999999886,1.266542145593875,0.91
2017-06-06,1.1280769230769174,1.1999999999999886,1.25654214559387,0.91
2017-06-07,1.13307692307693,1.2050000000000267,1.2615421455938653,0.91
2017-06-08,1.139038461538463,1.2050000000000267,1.2578065134099505,0.91
2017-06-09,1.139038461538463,1.220000000000013,1.2715421455938705,0.91
2017-06-12,1.139038461538463,1.220000000000013,1.2715421455938705,0.91
2017-06-13,1.139038461538463,1.220000000000013,1.2715421455938705,0.91
2017-06-14,1.1440384615384556,1.1950000000000074,1.25654214559387,0.91
2017-06-15,1.1490384615384681,1.2000000000000028,1.2651532567049733,1.16
2017-06-16,1.1490384615384681,1.1850000000000165,1.2601532567049776,1.16
2017-06-19,1.1490384615384681,1.1850000000000165,1.2601532567049776,1.16
2017-06-20,1.1490384615384681,1.1850000000000165,1.2600287356321809,1.16
2017-06-21,1.1490384615384681,1.1850000000000165,1.2600287356321809,1.16
2017-06-22,1.1490384615384681,1.1850000000000165,1.2551532567049926,1.16
2017-06-23,1.1490384615384681,1.1850000000000165,1.263764367816096,1.16
2017-06-26,1.1490384615384681,1.1850000000000165,1.268764367816081,1.16
2017-06-27,1.1490384615384681,1.1850000000000165,1.2773754789272087,1.16
2017-06-28,1.1490384615384681,1.1850000000000165,1.2823754789272044,1.16
2017-06-29,1.1490384615384681,1.1850000000000165,1.2909865900383075,1.16
2017-06-30,1.1490384615384681,1.2000000000000028,1.2959865900383276,1.06
2017-07-03,1.1550000000000011,1.2203448275862059,1.407500000000016,1.16
2017-07-05,1.1550000000000011,1.2251724137930977,1.3970000000000256,1.16
2017-07-06,1.1550000000000011,1.2151724137931073,1.4024999999999763,1.16
2017-07-07,1.1550000000000011,1.2051724137931017,1.4080000000000013,1.16
2017-07-10,1.1550000000000011,1.2001724137931067,1.3925000000000154,1.16
2017-07-11,1.1550000000000011,1.1951724137930966,1.3775000000000148,1.16
2017-07-12,1.1599999999999966,1.1951724137930966,1.3415000000000035,1.16
2017-07-13,1.1599999999999966,1.1951724137930966,1.3569999999999893,1.16
2017-07-14,1.1599999999999966,1.1851724137931057,1.3314999999999984,1.16
2017-07-17,1.1599999999999966,1.1851724137931057,1.3419999999999888,1.16
2017-07-18,1.1599999999999966,1.1853448275862093,1.3369999999999933,1.16
2017-07-19,1.1599999999999966,1.1901724137931011,1.3369999999999933,1.16
2017-07-20,1.1599999999999966,1.1851724137931057,1.3419999999999888,1.16
2017-07-21,1.1550000000000011,1.1801724137931107,1.3215000000000074,1.16
2017-07-24,1.1550000000000011,1.1903448275862043,1.3314999999999984,1.16
2017-07-25,1.1550000000000011,1.1903448275862043,1.3415000000000035,1.16
2017-07-26,1.1550000000000011,1.1751724137931006,1.3215000000000074,1.16
2017-07-27,1.1550000000000011,1.170172413793105,1.3164999999999978,1.16
2017-07-28,1.1550000000000011,1.1753448275862037,1.3164999999999978,1.16
2017-07-31,1.1550000000000011,1.1753448275862037,1.3164999999999978,1.07
2017-08-01,1.1699999999999875,1.2522509578544065,1.3306896551724123,1.16
2017-08-02,1.1699999999999875,1.2522509578544065,1.3306896551724123,1.16
2017-08-03,1.1699999999999875,1.2436398467433032,1.3153448275862043,1.16
2017-08-04,1.1699999999999875,1.2522509578544065,1.3253448275862103,1.16
2017-08-07,1.1699999999999875,1.2522509578544065,1.3253448275862103,1.16
2017-08-08,1.1699999999999875,1.2608620689655097,1.3303448275862049,1.16
2017-08-09,1.1699999999999875,1.2522509578544065,1.3256896551724169,1.16
2017-08-10,1.1550000000000011,1.2522509578544065,1.3206896551724063,1.16
2017-08-11,1.1550000000000011,1.2201532567049715,1.2803448275862077,1.16
2017-08-14,1.1550000000000011,1.2422509578543908,1.2999999999999972,1.16
2017-08-15,1.1550000000000011,1.2557375478927169,1.3256896551724169,1.16
2017-08-16,1.1550000000000011,1.238515325670486,1.3156896551724109,1.16
2017-08-17,1.1550000000000011,1.238515325670486,1.3053448275862143,1.16
2017-08-18,1.1550000000000011,1.2422509578543908,1.3053448275862143,1.16
2017-08-21,1.1550000000000011,1.2287643678160993,1.2953448275862083,1.16
2017-08-22,1.1550000000000011,1.2336398467432876,1.3056896551724209,1.16
2017-08-23,1.1550000000000011,1.2336398467432876,1.2903448275862137,1.16
2017-08-24,1.1550000000000011,1.2422509578543908,1.2953448275862083,1.16
2017-08-25,1.1550000000000011,1.238515325670486,1.2953448275862083,1.16
2017-08-28,1.1550000000000011,1.2299042145593826,1.2800000000000011,1.16
2017-08-29,1.1550000000000011,1.2250287356321843,1.269999999999996,1.16
2017-08-30,1.1550000000000011,1.2250287356321843,1.269999999999996,1.16
2017-08-31,1.1550000000000011,1.2250287356321843,1.269999999999996,1.07
2017-09-01,1.1550000000000011,1.2336398467432876,1.2849999999999966,1.16
2017-09-05,1.1550000000000011,1.2115421455938682,1.255344827586202,1.16
2017-09-06,1.1550000000000011,1.2201532567049715,1.2703448275862026,1.16
2017-09-07,1.1550000000000011,1.215277777777773,1.2549999999999955,1.16
2017-09-08,1.1550000000000011,1.2066666666666697,1.2549999999999955,1.16
2017-09-11,1.1550000000000011,1.2325000000000041,1.2849999999999966,1.16
2017-09-12,1.1550000000000011,1.2411111111111073,1.2950000000000017,1.16
2017-09-13,1.1500000000000057,1.245862068965509,1.3149999999999977,1.16
2017-09-14,1.1500000000000057,1.2630842911877402,1.3349999999999937,1.16
2017-09-15,1.1550000000000011,1.2718199233716403,1.3403448275862109,1.16
2017-09-18,1.1550000000000011,1.2804310344827678,1.3499999999999943,1.16
2017-09-19,1.1550000000000011,1.2804310344827678,1.360344827586206,1.16
2017-09-20,1.1550000000000011,1.3062643678161023,1.3850000000000051,1.16
2017-09-21,1.1550000000000011,1.3234865900383088,1.4106896551724097,1.16
2017-09-22,1.1550000000000011,1.3148754789272055,1.4003448275862131,1.16
2017-09-25,1.1550000000000011,1.3013888888888792,1.3903448275862071,1.16
2017-09-26,1.1550000000000011,1.3186111111111103,1.4053448275862077,1.16
2017-09-27,1.1550000000000011,1.3272222222222136,1.4206896551724157,1.16
2017-09-28,1.1550000000000011,1.3186111111111103,1.4053448275862077,1.16
2017-09-29,1.1550000000000011,1.3148754789272055,1.4156896551724203,1.06
2017-10-02,1.1601724137931,1.3148754789272055,1.498884381338747,1.16
2017-10-03,1.1550000000000011,1.3186111111111103,1.4950608519269863,1.16
2017-10-04,1.1550000000000011,1.3272222222222136,1.5000608519269703,1.16
2017-10-05,1.1550000000000011,1.3358333333333414,1.5150608519269824,1.16
2017-10-06,1.1550000000000011,1.3444444444444446,1.5350608519269668,1.16
2017-10-10,1.1550000000000011,1.3444444444444446,1.5262373225152102,1.16
2017-10-11,1.1550000000000011,1.3444444444444446,1.5262373225152102,1.16
2017-10-12,1.1550000000000011,1.3444444444444446,1.5350608519269668,1.16
2017-10-13,1.1550000000000011,1.3358333333333414,1.5297971602434124,1.16
2017-10-16,1.1550000000000011,1.3444444444444446,1.5636206896551748,1.16
2017-10-17,1.1550000000000011,1.353055555555548,1.5724442190669314,1.16
2017-10-18,1.1550000000000011,1.353055555555548,1.577444219066952,1.16
2017-10-19,1.1601724137931,1.34070881226054,1.5588843813387492,1.16
2017-10-20,1.1601724137931,1.349319923371643,1.5686206896551702,1.16
2017-10-23,1.1601724137931,1.3579310344827709,1.5686206896551702,1.16
2017-10-24,1.1601724137931,1.3579310344827709,1.5686206896551702,1.16
2017-10-25,1.1601724137931,1.3579310344827709,1.5827079107505064,1.16
2017-10-26,1.1601724137931,1.3579310344827709,1.5836206896551708,1.16
2017-10-27,1.1601724137931,1.3579310344827709,1.5786206896551753,1.16
2017-10-30,1.1575862068965506,1.3597988505747232,1.565060851926968,1.16
2017-10-31,1.1575862068965506,1.3597988505747232,1.5750608519269846,1.07
2017-11-01,1.1434615384615456,1.3799999999999955,1.593356997971606,1.16
2017-11-02,1.1434615384615456,1.3799999999999955,1.5836206896551708,1.16
2017-11-03,1.1415384615384705,1.3900000000000006,1.5897971602434147,1.16
2017-11-06,1.1415384615384705,1.3850000000000051,1.5847971602434192,1.16
2017-11-07,1.1534615384615365,1.3900000000000006,1.5797971602433987,1.16
2017-11-08,1.1465384615384464,1.394999999999996,1.5797971602433987,1.16
2017-11-09,1.1534615384615365,1.3900000000000006,1.5797971602433987,1.16
2017-11-10,1.1465384615384464,1.3900000000000006,1.603620689655156,1.16
2017-11-13,1.1465384615384464,1.394999999999996,1.613620689655172,1.16
2017-11-14,1.1465384615384464,1.3900000000000006,1.6186206896551565,1.16
2017-11-15,1.1396153846153758,1.394999999999996,1.603620689655156,1.16
2017-11-16,1.1396153846153758,1.394999999999996,1.6274442190669383,1.16
2017-11-17,1.1515384615384756,1.394999999999996,1.6186206896551565,1.16
2017-11-20,1.1515384615384756,1.394999999999996,1.6412677484786904,1.16
2017-11-21,1.144615384615405,1.4000000000000057,1.6550912778904676,1.16
2017-11-22,1.1515384615384756,1.394999999999996,1.6312677484787104,1.16
2017-11-24,1.1515384615384756,1.394999999999996,1.6450912778904516,1.16
2017-11-27,1.1515384615384756,1.394999999999996,1.6450912778904516,1.16
2017-11-28,1.1515384615384756,1.394999999999996,1.6500912778904722,1.16
2017-11-29,1.1515384615384756,1.394999999999996,1.6510040567951252,1.16
2017-11-30,1.150576923076938,1.4000000000000057,1.683914807302246,1.07
2017-12-01,1.3900000000000006,1.5345000000000013,1.6904999999999977,1.16
2017-12-04,1.394999999999996,1.539499999999967,1.7054999999999982,1.16
2017-12-05,1.394999999999996,1.5549999999999968,1.7106666666666603,1.16
2017-12-06,1.394999999999996,1.5549999999999968,1.6954999999999927,1.16
2017-12-07,1.394999999999996,1.5549999999999968,1.7005000000000028,1.16
2017-12-08,1.394999999999996,1.5549999999999968,1.7006666666666694,1.16
2017-12-11,1.4000000000000057,1.5704999999999827,1.7204999999999988,1.16
2017-12-12,1.4000000000000057,1.5754999999999781,1.730666666666671,1.17
2017-12-13,1.4050000000000011,1.5495000000000019,1.7006666666666694,1.17
2017-12-14,1.4050000000000011,1.5495000000000019,1.7156666666666704,1.41
2017-12-15,1.4000000000000057,1.5754999999999781,1.730666666666671,1.41
2017-12-18,1.4000000000000057,1.5754999999999781,1.7308333333333374,1.42
2017-12-19,1.4050000000000011,1.5805000000000178,1.7406666666666615,1.42
2017-12-20,1.4050000000000011,1.5649999999999877,1.735833333333333,1.42
2017-12-21,1.4050000000000011,1.5805000000000178,1.735666666666666,1.42
2017-12-22,1.4050000000000011,1.5805000000000178,1.7558333333333285,1.42
2017-12-26,1.4050000000000011,1.5805000000000178,1.7558333333333285,1.42
2017-12-27,1.4050000000000011,1.5805000000000178,1.7508333333333335,1.42
2017-12-28,1.4050000000000011,1.5495000000000019,1.7508333333333335,1.42
2017-12-29,1.4050000000000011,1.5495000000000019,1.745833333333338,1.33
2018-01-02,1.4099999999999966,1.5960344827586197,1.75566666666667,1.42
2018-01-03,1.4099999999999966,1.6110344827586203,1.7706666666666706,1.42
2018-01-04,1.4150000000000063,1.6206896551724186,1.7845833333333392,1.42
2018-01-05,1.4150000000000063,1.6206896551724186,1.823166666666637,1.42
2018-01-08,1.4150000000000063,1.615689655172408,1.774583333333334,1.42
2018-01-09,1.4150000000000063,1.6206896551724186,1.822083333333305,1.42
2018-01-10,1.4150000000000063,1.6153448275862015,1.8181666666667358,1.42
2018-01-11,1.4150000000000063,1.6153448275862015,1.8181666666667358,1.42
2018-01-12,1.4200000000000017,1.6353448275862126,1.8381666666666376,1.42
2018-01-16,1.4200000000000017,1.6353448275862126,1.8481666666666303,1.42
2018-01-17,1.4200000000000017,1.6353448275862126,1.824583333333333,1.42
2018-01-18,1.4200000000000017,1.6306896551724086,1.8095833333333324,1.42
2018-01-19,1.4200000000000017,1.6353448275862126,1.8531666666667324,1.42
2018-01-22,1.4200000000000017,1.6406896551724146,1.8581666666666354,1.42
2018-01-23,1.4200000000000017,1.6403448275862071,1.8145833333333279,1.42
2018-01-24,1.4200000000000017,1.6403448275862071,1.8531666666667324,1.42
2018-01-25,1.4249999999999972,1.6453448275862026,1.8195833333333358,1.42
2018-01-26,1.4249999999999972,1.6506896551724197,1.867083333333401,1.42
2018-01-29,1.4249999999999972,1.6506896551724197,1.8295833333333285,1.42
2018-01-30,1.4249999999999972,1.6506896551724197,1.838499999999998,1.42
2018-01-31,1.4200000000000017,1.6610344827586174,1.8524166666666666,1.34
2018-02-01,1.4200000000000017,1.6556896551724152,1.8524166666666666,1.42
2018-02-02,1.62674999999999,1.8130324543610619,2.027727272727272,1.42
2018-02-05,1.611250000000004,1.77947261663287,1.954090909090899,1.42
2018-02-06,1.611250000000004,1.7880324543610562,1.9709090909090798,1.42
2018-02-07,1.62674999999999,1.798945233265714,1.9790909090909101,1.42
2018-02-08,1.62674999999999,1.8165922920892525,1.9790909090909101,1.42
2018-02-09,1.62674999999999,1.784208924949284,1.9240909090909175,1.42
2018-02-12,1.62674999999999,1.7944726166328706,1.954090909090899,1.42
2018-02-13,1.62674999999999,1.8032961460446273,1.9690909090908997,1.42
2018-02-14,1.6369999999999805,1.8318559837728237,2.0259090909090918,1.42
2018-02-15,1.6422499999999758,1.8406795131845803,2.0259090909090918,1.42
2018-02-16,1.6422499999999758,1.8368559837728191,2.0159090909090867,1.42
2018-02-20,1.6422499999999758,1.8415922920892447,2.0240909090909116,1.42
2018-02-21,1.6422499999999758,1.8551521298174407,2.0440909090909027,1.42
2018-02-22,1.6422499999999758,1.846328600405684,2.0440909090909027,1.42
2018-02-23,1.6369999999999805,1.8551521298174407,2.039090909090912,1.42
2018-02-26,1.6500000000000128,1.8504158215010265,2.039090909090912,1.42
2018-02-27,1.6577500000000058,1.8506795131845963,2.064090909090918,1.42
2018-02-28,1.6577500000000058,1.8724137931034408,2.0809090909090795,1.35
2018-03-01,1.6489500000000077,1.8359432048681663,2.0322727272727366,1.42
2018-03-02,1.6500000000000057,1.844766734279923,2.047272727272737,1.42
2018-03-05,1.6550000000000011,1.8633265720081142,2.0590909090909033,1.42
2018-03-06,1.6599999999999966,1.8635902636916841,2.0590909090909033,1.42
2018-03-07,1.6599999999999966,1.8547667342799274,2.064090909090918,1.42
2018-03-08,1.6599999999999966,1.8459432048681457,2.0609090909090884,1.42
2018-03-09,1.6599999999999966,1.8459432048681457,2.0590909090909033,1.42
2018-03-12,1.6599999999999966,1.8506795131845963,2.064090909090918,1.42
2018-03-13,1.6599999999999966,1.8506795131845963,2.064090909090918,1.42
2018-03-14,1.6650000000000063,1.8380324543610425,2.0590909090909033,1.42
2018-03-15,1.6700000000000017,1.843032454361063,2.0709090909090935,1.43
2018-03-16,1.6700000000000017,1.843032454361063,2.0709090909090935,1.43
2018-03-19,1.6700000000000017,1.8518559837728197,2.0590909090909033,1.43
2018-03-20,1.6749999999999972,1.865679513184597,2.085909090909094,1.44
2018-03-21,1.6800000000000068,1.8571196754563857,2.075909090909089,1.44
2018-03-22,1.6850000000000023,1.8750304259634938,2.0590909090909033,1.68
2018-03-23,1.6749999999999972,1.869766734279928,2.0522727272727277,1.68
2018-03-26,1.6749999999999972,1.869766734279928,2.055454545454543,1.68
2018-03-27,1.6749999999999972,1.8609432048681462,2.0404545454545424,1.68
2018-03-28,1.6749999999999972,1.8609432048681462,2.045454545454552,1.68
2018-03-29,1.6749999999999972,1.8609432048681462,2.0404545454545424,1.68
2018-04-02,1.6749999999999972,1.8562068965517204,2.0286363636363713,1.68
2018-04-03,1.6853448275862088,1.8803333333333285,2.118901515151507,1.69
2018-04-04,1.6905172413793077,1.8853333333333386,2.1267803030302956,1.69
2018-04-05,1.6905172413793077,1.9006666666666727,2.141780303030296,1.69
2018-04-06,1.6851724137931057,1.8804999999999954,2.09886363636364,1.69
2018-04-09,1.6905172413793077,1.9006666666666727,2.1138636363636407,1.69
2018-04-10,1.6903448275862043,1.905500000000001,2.1367803030303008,1.69
2018-04-11,1.6956896551724063,1.905500000000001,2.139659090909086,1.69
2018-04-12,1.6903448275862043,1.9155000000000062,2.177575757575769,1.69
2018-04-13,1.6903448275862043,1.9205000000000017,2.1717803030302973,1.69
2018-04-16,1.6903448275862043,1.9205000000000017,2.1739015151515075,1.69
2018-04-17,1.6903448275862043,1.9203333333333352,2.1946969696969796,1.69
2018-04-18,1.6955172413793032,1.9303333333333403,2.2168181818182,1.69
2018-04-19,1.6955172413793032,1.9305000000000068,2.222613636363635,1.69
2018-04-20,1.6955172413793032,1.9305000000000068,2.229734848484855,1.7
2018-04-23,1.7006896551724169,1.9404999999999977,2.249734848484851,1.7
2018-04-24,1.7006896551724169,1.9404999999999977,2.2289393939394078,1.7
2018-04-25,1.7060344827586191,1.9453333333333263,2.249734848484851,1.7
2018-04-26,1.7060344827586191,1.9505000000000028,2.2418181818181613,1.7
2018-04-27,1.7060344827586191,1.9453333333333263,2.2426136363636453,1.7
2018-04-30,1.7085344827586169,1.9505000000000028,2.2426136363636453,1.69
2018-05-01,1.7058965517241367,1.9503333333333364,2.2605303030302957,1.7
2018-05-02,1.6976923076922965,1.9554999999999982,2.2476136363636408,1.7
2018-05-03,1.6992307692307562,1.9454999999999927,2.245530303030295,1.7
2018-05-04,1.6976923076922965,1.9554999999999982,2.252613636363636,1.7
2018-05-07,1.7042307692307517,1.9505000000000028,2.265530303030291,1.7
2018-05-08,1.7092307692307802,1.9554999999999982,2.270530303030301,1.7
2018-05-09,1.7026923076923246,1.9604999999999937,2.2776515151515064,1.7
2018-05-10,1.7026923076923246,1.9604999999999937,2.2805303030302917,1.7
2018-05-11,1.7092307692307802,1.9554999999999982,2.2776515151515064,1.7
2018-05-14,1.7026923076923246,1.9604999999999937,2.2826515151515085,1.7
2018-05-15,1.7076923076923014,1.9655000000000034,2.305568181818199,1.7
2018-05-16,1.7142307692307757,1.9656666666666704,2.292651515151507,1.7
2018-05-17,1.7142307692307757,1.9656666666666704,2.3034469696969517,1.7
2018-05-18,1.7026923076923246,1.9604999999999937,2.2855303030303014,1.7
2018-05-21,1.7076923076923014,1.9603333333333268,2.2876515151515115,1.7
2018-05-22,1.7076923076923014,1.9603333333333268,2.2855303030303014,1.7
2018-05-23,1.7073076923076906,1.9201666666666681,2.2276136363636447,1.7
2018-05-24,1.7073076923076906,1.9253333333333302,2.236325757575775,1.7
2018-05-25,1.7073076923076906,1.9201666666666681,2.2034090909090787,1.7
2018-05-29,1.7076923076922959,1.8801666666666619,2.0717424242424243,1.7
2018-05-30,1.7038461538461414,1.9051666666666676,2.141780303030296,1.7
2018-05-31,1.7030769230769112,1.9050000000000011,2.151780303030332,1.7
2018-06-01,1.7015384615384652,1.9201666666666681,2.2046969696969847,1.7
2018-06-04,1.9200000000000017,2.111416666666708,2.2240909090908474,1.7
2018-06-05,1.9200000000000017,2.0739166666666353,2.2777272727275886,1.7
2018-06-06,1.9150000000000063,2.110333333333374,2.534090909091006,1.7
2018-06-07,1.9150000000000063,2.139999999999908,2.374090909090043,1.7
2018-06-08,1.9099999999999966,2.1014166666666068,2.3640909090911464,1.7
2018-06-11,1.9150000000000063,2.1439166666666782,2.3015909090912174,1.7
2018-06-12,1.9150000000000063,2.110333333333374,2.3979545454541125,1.7
2018-06-13,1.9099999999999966,2.1389166666665727,2.2977272727273714,1.7
2018-06-14,1.9150000000000063,2.1064166666666058,2.3713636363634123,1.9
2018-06-15,1.9099999999999966,2.1389166666665727,2.302727272727111,1.9
2018-06-18,1.9099999999999966,2.1389166666665727,2.302727272727111,1.9
2018-06-19,1.9099999999999966,2.1389166666665727,2.370227272727959,1.91
2018-06-20,1.9249999999999972,2.153916666666573,2.540227272727819,1.92
2018-06-21,1.9300000000000068,2.158916666666679,2.152727272728171,1.92
2018-06-22,1.9350000000000023,2.1224999999999383,2.2977272727273714,1.92
2018-06-25,1.9300000000000068,2.117499999999943,2.525227272727818,1.92
2018-06-26,1.9249999999999972,2.1500000000000057,2.525227272727818,1.92
2018-06-27,1.9249999999999972,2.1164166666666073,2.2738636363630462,1.91
2018-06-28,1.9200000000000017,2.1153333333332753,2.2102272727267405,1.91
2018-06-29,1.9200000000000017,2.111416666666708,2.2738636363630462,1.91
2018-07-02,1.9200000000000017,2.1489166666666737,2.0463636363636937,1.91
2018-07-03,1.925249999999997,2.118636363636355,2.3927272727272513,1.91
2018-07-05,1.925249999999997,2.133636363636356,2.4127272727272877,1.91
2018-07-06,1.9201666666666681,2.1286363636363657,2.407727272727252,1.91
2018-07-09,1.9151666666666733,2.133636363636356,2.436818181818189,1.91
2018-07-10,1.91508333333334,2.1386363636363708,2.44681818181818,1.91
2018-07-11,1.91508333333334,2.1318181818181756,2.417727272727257,1.91
2018-07-12,1.91508333333334,2.1386363636363708,2.436818181818189,1.91
2018-07-13,1.9151666666666733,2.1386363636363708,2.4318181818181532,1.91
2018-07-16,1.9201666666666681,2.1536363636363713,2.456818181818185,1.91
2018-07-17,1.9253333333333302,2.163636363636357,2.4668181818181902,1.91
2018-07-18,1.9253333333333302,2.158636363636367,2.4618181818181806,1.91
2018-07-19,1.9253333333333302,2.158636363636367,2.4518181818181897,1.91
2018-07-20,1.9203333333333352,2.160454545454547,2.456818181818185,1.91
2018-07-23,1.920250000000002,2.158636363636367,2.476818181818181,1.91
2018-07-24,1.920250000000002,2.158636363636367,2.4809090909090865,1.91
2018-07-25,1.920250000000002,2.158636363636367,2.4809090909090865,1.91
2018-07-26,1.920250000000002,2.163636363636357,2.495909090909087,1.91
2018-07-27,1.920250000000002,2.158636363636367,2.495909090909087,1.91
2018-07-30,1.920250000000002,2.163636363636357,2.5009090909090825,1.91
2018-07-31,1.920250000000002,2.163636363636357,2.495909090909087,1.91
2018-08-01,1.9177500000000043,2.158636363636367,2.4909090909091174,1.91
2018-08-02,1.920769230769234,2.1536363636363713,2.485909090909082,1.91
2018-08-03,1.920769230769234,2.146818181818176,2.4668181818181902,1.91
2018-08-06,1.914999999999992,2.1536363636363713,2.4809090909090865,1.91
2018-08-07,1.9142307692307619,2.158636363636367,2.4909090909091174,1.91
2018-08-08,1.9142307692307619,2.158636363636367,2.4909090909091174,1.91
2018-08-09,1.9142307692307619,2.151818181818191,2.4709090909090814,1.91
2018-08-10,1.915769230769222,2.135000000000005,2.426818181818184,1.91
2018-08-13,1.914999999999992,2.146818181818176,2.4418181818181846,1.91
2018-08-14,1.9142307692307619,2.151818181818191,2.4709090909090814,1.91
2018-08-15,1.9142307692307619,2.144999999999996,2.44681818181818,1.91
2018-08-16,1.9192307692307715,2.1500000000000057,2.456818181818185,1.92
2018-08-17,1.9200000000000037,2.151818181818191,2.456818181818185,1.92
2018-08-20,1.914999999999992,2.146818181818176,2.4277272727272883,1.92
2018-08-21,1.9200000000000037,2.151818181818191,2.4327272727272837,1.92
2018-08-22,1.9192307692307715,2.1500000000000057,2.4327272727272837,1.92
2018-08-23,1.9184615384615415,2.1618181818181768,2.4477272727272843,1.92
2018-08-24,1.924230769230767,2.1618181818181768,2.4618181818181806,1.92
2018-08-27,1.9176923076923114,2.1668181818181917,2.4668181818181902,1.92
2018-08-28,1.923461538461537,2.1668181818181917,2.476818181818181,1.92
2018-08-29,1.923461538461537,2.1668181818181917,2.5009090909090825,1.92
2018-08-30,1.9184615384615415,2.1618181818181768,2.4668181818181902,1.92
2018-08-31,1.9184615384615415,2.1618181818181768,2.4668181818181902,1.91
2018-09-04,1.9155769230769288,2.1618181818181768,2.4718181818181857,1.92
2018-09-05,2.1599999999999966,2.3300378787878735,2.5108333333333386,1.92
2018-09-06,2.1599999999999966,2.340833333333349,2.5006666666666666,1.92
2018-09-07,2.1599999999999966,2.3429545454545284,2.541000000000006,1.92
2018-09-10,2.1599999999999966,2.3558712121211833,2.5408333333333397,1.92
2018-09-11,2.1599999999999966,2.368787878787875,2.5709999999999926,1.92
2018-09-12,2.1650000000000063,2.358749999999977,2.561000000000002,1.92
2018-09-13,2.1650000000000063,2.3608712121212236,2.5709999999999926,1.92
2018-09-14,2.1650000000000063,2.3608712121212236,2.581166666666665,1.92
2018-09-17,2.1650000000000063,2.3716666666666684,2.5761666666666696,1.92
2018-09-18,2.1700000000000017,2.376666666666664,2.580999999999998,1.92
2018-09-19,2.174999999999997,2.370871212121184,2.585999999999993,1.92
2018-09-20,2.1700000000000017,2.365871212121219,2.580999999999998,1.92
2018-09-21,2.1700000000000017,2.365871212121219,2.5760000000000027,1.92
2018-09-24,2.1700000000000017,2.365871212121219,2.5709999999999926,1.93
2018-09-25,2.174999999999997,2.370871212121184,2.581166666666665,1.93
2018-09-26,2.174999999999997,2.370871212121184,2.581166666666665,1.93
2018-09-27,2.180000000000007,2.3737499999999776,2.581166666666665,2.18
2018-09-28,2.180000000000007,2.362954545454533,2.57116666666666,2.18
2018-10-01,2.1825000000000045,2.3643939393939255,2.580999999999998,2.18
2018-10-02,2.190909090909088,2.5431818181812815,2.6909999999999985,2.18
2018-10-03,2.191818181818178,2.5863636363630604,2.729636363636355,2.18
2018-10-04,2.191818181818178,2.353863636363272,2.7493484848485106,2.18
2018-10-05,2.1977272727272634,2.402045454545487,2.7582727272727454,2.18
2018-10-09,2.191818181818178,2.5088636363635715,2.75356060606059,2.18
2018-10-10,2.191818181818178,2.5088636363635715,2.74856060606062,2.18
2018-10-11,2.191818181818178,2.4313636363632014,2.7049242424242674,2.18
2018-10-12,2.191818181818178,2.353863636363272,2.7152121212121116,2.18
2018-10-15,2.191818181818178,2.353863636363272,2.7202121212121457,2.18
2018-10-16,2.1859090909090924,2.3056818181814975,2.7202121212121457,2.18
2018-10-17,2.191818181818178,2.5088636363635715,2.724924242424238,2.19
2018-10-18,2.2045454545454586,2.7259090909097523,2.706575757575756,2.19
2018-10-19,2.2045454545454586,2.4159090909093663,2.7315757575757615,2.19
2018-10-22,2.2045454545454586,2.5709090909092254,2.736287878787879,2.19
2018-10-23,2.2054545454545487,2.381590909090775,2.711287878787887,2.2
2018-10-24,2.210454545454544,2.4640909090902596,2.68657575757576,2.2
2018-10-25,2.2036363636363685,2.527727272727674,2.6962878787878863,2.2
2018-10-26,2.2036363636363685,2.217727272727956,2.6679393939393745,2.2
2018-10-29,2.2036363636363685,2.372727272727815,2.6862878787878817,2.2
2018-10-30,2.2036363636363685,2.372727272727815,2.691287878787877,2.2
2018-10-31,2.2045454545454586,2.3384090909089963,2.724924242424238,2.2
2018-11-01,2.207772727272727,2.336704545453969,2.696575757575765,2.2
2018-11-02,2.210736842105265,2.4000000000000057,2.7435606060606235,2.19
2018-11-05,2.205842105263164,2.4000000000000057,2.743272727272745,2.2
2018-11-06,2.2108421052631595,2.405000000000001,2.7582727272727454,2.2
2018-11-07,2.212578947368412,2.4099999999999966,2.767984848484832,2.2
2018-11-08,2.2208421052631646,2.4150000000000063,2.773272727272746,2.2
2018-11-09,2.2208421052631646,2.4150000000000063,2.758560606060624,2.19
2018-11-13,2.215842105263155,2.4099999999999966,2.7299242424242336,2.2
2018-11-14,2.213894736842104,2.394999999999996,2.705212121212145,2.2
2018-11-15,2.213894736842104,2.394999999999996,2.6962878787878863,2.2
2018-11-16,2.2170526315789525,2.3900000000000006,2.65765151515153,2.2
2018-11-19,2.2070526315789376,2.3799999999999955,2.6200909090908797,2.2
2018-11-20,2.213894736842104,2.394999999999996,2.6348030303030003,2.2
2018-11-21,2.2157368421052603,2.405000000000001,2.6350909090908803,2.2
2018-11-23,2.210736842105265,2.4000000000000057,2.6300909090909097,2.2
2018-11-26,2.212578947368412,2.4099999999999966,2.6448030303030308,2.2
2018-11-27,2.2126842105263065,2.4150000000000063,2.649803030303026,2.2
2018-11-28,2.2095263157894673,2.4200000000000017,2.6217424242424077,2.2
2018-11-29,2.2044210526315773,2.4099999999999966,2.6303787878787888,2.2
2018-11-30,2.1995263157894853,2.4099999999999966,2.625378787878793,2.2
2018-12-03,2.2004473684210546,2.4150000000000063,2.6403787878787934,2.19
2018-12-04,2.3895000000000004,2.5459090909090842,2.625378787878793,2.2
2018-12-05,2.3895000000000004,2.5459090909090842,2.625378787878793,2.2
2018-12-06,2.3745,2.502727272727291,2.572030303030314,2.2
2018-12-07,2.3745,2.474545454545458,2.5281060606060834,2.19
2018-12-10,2.3746666666666663,2.4554545454545265,2.522030303030317,2.2
2018-12-11,2.3794999999999953,2.4795454545454536,2.5517424242424394,2.19
2018-12-12,2.384500000000005,2.4986363636363595,2.571742424242436,2.19
2018-12-13,2.384500000000005,2.4986363636363595,2.571742424242436,2.19
2018-12-14,2.3794999999999953,2.4936363636363903,2.5570303030303134,2.19
2018-12-17,2.3696666666666713,2.464545454545453,2.5136818181818397,2.2
2018-12-18,2.3696666666666713,2.4363636363636605,2.4750454545454583,2.2
2018-12-19,2.3996666666666724,2.4522727272727254,2.491409090909069,2.2
2018-12-20,2.405000000000001,2.461363636363626,2.510045454545455,2.4
2018-12-21,2.4001666666666726,2.451363636363661,2.481409090909103,2.4
2018-12-24,2.400333333333339,2.418181818181833,2.42913636363637,2.4
2018-12-26,2.400333333333339,2.4322727272727294,2.4477727272727168,2.4
2018-12-27,2.4001666666666726,2.394999999999996,2.42306060606063,2.4
2018-12-28,2.4000000000000057,2.414090909090902,2.419712121212123,2.4
2018-12-31,2.4000000000000057,2.414090909090902,2.4147121212121267,2.4
2019-01-02,2.4000000000000057,2.414090909090902,2.4330606060605957,2.4
2019-01-03,2.385000000000005,2.349499999999994,2.2975000000000136,2.4
2019-01-04,2.394999999999996,2.3951666666666624,2.377500000000012,2.4
2019-01-07,2.4000000000000057,2.4053333333333344,2.4099999999999966,2.4
2019-01-08,2.4000000000000057,2.430500000000007,2.4650000000000034,2.4
2019-01-09,2.4000000000000057,2.4254999999999973,2.450000000000003,2.4
2019-01-10,2.405000000000001,2.435666666666669,2.4599999999999937,2.4
2019-01-11,2.4000000000000057,2.4308333333333403,2.4425000000000097,2.4
2019-01-14,2.4000000000000057,2.42583333333333,2.444999999999993,2.4
2019-01-15,2.4000000000000057,2.4155000000000064,2.4399999999999977,2.4
2019-01-16,2.4000000000000057,2.4103333333333294,2.4350000000000023,2.4
2019-01-17,2.4000000000000057,2.4103333333333294,2.4524999999999864,2.4
2019-01-18,2.405000000000001,2.420500000000002,2.4924999999999926,2.4
2019-01-22,2.4000000000000057,2.4155000000000064,2.450000000000003,2.4
2019-01-23,2.405000000000001,2.420333333333335,2.467499999999987,2.4
2019-01-24,2.405000000000001,2.4153333333333395,2.4575000000000173,2.4
2019-01-25,2.405000000000001,2.4254999999999973,2.4824999999999875,2.4
2019-01-28,2.4025000000000034,2.4153333333333395,2.467499999999987,2.4
2019-01-29,2.4025000000000034,2.4153333333333395,2.467499999999987,2.4
2019-01-30,2.4025000000000034,2.405000000000001,2.4375000000000213,2.4
2019-01-31,2.4000000000000057,2.389833333333334,2.3799999999999955,2.4
2019-02-01,2.4000000000000057,2.4000000000000057,2.4000000000000057,2.4
2019-02-04,2.4000000000000057,2.408636363636386,2.55999999999986,2.4
2019-02-05,2.4000000000000057,2.408636363636386,2.4099999999999966,2.4
2019-02-06,2.4095454545454515,2.4139242424242355,2.4150000000000063,2.4
2019-02-07,2.4000000000000057,2.399212121212113,2.394999999999996,2.4
2019-02-08,2.3904545454545456,2.3852878787878837,2.6050000000004303,2.4
2019-02-11,2.4000000000000057,2.390287878787879,2.394999999999996,2.4
2019-02-12,2.4000000000000057,2.3952878787878755,2.5549999999998647,2.4
2019-02-13,2.4000000000000057,2.4089242424242654,2.4999999999992895,2.4
2019-02-14,2.4000000000000057,2.4039242424242304,2.394999999999996,2.4
2019-02-15,2.3904545454545456,2.394999999999996,2.1800000000002058,2.4
2019-02-19,2.4000000000000057,2.390287878787879,2.394999999999996,2.4
2019-02-20,2.4000000000000057,2.3952878787878755,2.614999999999796,2.4
2019-02-21,2.4095454545454515,2.4002878787878843,2.4000000000000057,2.4
2019-02-22,2.4000000000000057,2.3816515151515243,2.2299999999997056,2.4
2019-02-25,2.407045454545454,2.3952878787878755,2.2350000000001415,2.4
2019-02-26,2.4095454545454515,2.3866515151514944,2.0700000000002774,2.4
2019-02-27,2.4095454545454515,2.4002878787878843,2.0749999999998465,2.4
2019-02-28,2.4095454545454515,2.405000000000001,2.244999999999706,2.4
2019-03-01,2.407045454545454,2.4186363636363524,2.1899999999995714,2.4
2019-03-04,2.405000000000001,2.405000000000001,2.1850000000002012,2.4
2019-03-05,2.405000000000001,2.4186363636363524,2.3449999999994304,2.4
2019-03-06,2.4000000000000057,2.4047121212121225,2.405000000000001,2.4
2019-03-07,2.4000000000000057,2.4000000000000057,2.2350000000001415,2.4
2019-03-08,2.4000000000000057,2.4000000000000057,2.079999999999842,2.4
2019-03-11,2.4000000000000057,2.4000000000000057,2.079999999999842,2.4
2019-03-12,2.4000000000000057,2.3816515151515243,2.1299999999997823,2.4
2019-03-13,2.4000000000000057,2.3816515151515243,2.125000000000412,2.4
2019-03-14,2.4000000000000057,2.3816515151515243,2.1299999999997823,2.4
2019-03-15,2.4000000000000057,2.368015151515173,2.339999999999577,2.4
2019-03-18,2.4000000000000057,2.3816515151515243,2.125000000000412,2.4
2019-03-19,2.4000000000000057,2.3816515151515243,2.2800000000007117,2.4
2019-03-20,2.405000000000001,2.381939393939402,2.1849999999992775,2.41
2019-03-21,2.4099999999999966,2.3916515151515285,2.190000000000353,2.41
2019-03-22,2.405000000000001,2.359378787878792,2.1350000000005593,2.41
2019-03-25,2.405000000000001,2.3363181818181933,1.9799999999997766,2.4
2019-03-26,2.405000000000001,2.3499545454545445,2.309999999999931,2.4
2019-03-27,2.405000000000001,2.331606060606038,1.8249999999999176,2.41
2019-03-28,2.405000000000001,2.331606060606038,2.140000000000711,2.41
2019-03-29,2.405000000000001,2.3499545454545445,2.095000000000141,2.43
2019-04-01,2.407499999999999,2.3684469696969903,2.2050000000004957,2.41
2019-04-02,2.3945833333333293,2.3684469696969903,2.195750000000005,2.41
2019-04-03,2.399666666666673,2.373303030303021,2.2107500000000058,2.41
2019-04-04,2.399666666666673,2.373303030303021,2.220749999999989,2.41
2019-04-05,2.399666666666673,2.373303030303021,2.2357499999999897,2.41
2019-04-08,2.399750000000006,2.3731590909090823,2.2507499999999903,2.41
2019-04-09,2.399750000000006,2.3731590909090823,2.240750000000007,2.41
2019-04-10,2.4048333333333347,2.3780151515151386,2.2279999999999966,2.41
2019-04-11,2.4048333333333347,2.3780151515151386,2.2507499999999903,2.41
2019-04-12,2.4048333333333347,2.3916515151515285,2.286249999999994,2.41
2019-04-15,2.4048333333333347,2.3916515151515285,2.286249999999994,2.41
2019-04-16,2.4099999999999966,2.3963636363636454,2.2912500000000113,2.41
2019-04-17,2.4150000000000063,2.4013636363636164,2.2834999999999965,2.42
2019-04-18,2.4150000000000063,2.4013636363636164,2.2834999999999965,2.43
2019-04-22,2.4250833333333306,2.383946969696965,2.2635000000000005,2.44
2019-04-23,2.4250833333333306,2.3703106060606136,2.2457500000000024,2.44
2019-04-24,2.4147500000000064,2.34724999999999,2.2007500000000007,2.44
2019-04-25,2.4198333333333353,2.3657424242424367,2.220749999999989,2.44
2019-04-26,2.4198333333333353,2.3657424242424367,2.182999999999995,2.44
2019-04-29,2.417250000000004,2.3702045454545537,2.1930000000000076,2.45
2019-04-30,2.417250000000004,2.3702045454545537,2.178000000000007,2.45
2019-05-01,2.39661666666666,2.3785712121212255,2.2057499999999886,2.45
2019-05-02,2.408684210526322,2.364999999999995,2.2457500000000024,2.41
2019-05-03,2.4007894736842013,2.3700000000000045,2.242999999999997,2.4
2019-05-06,2.3907894736842192,2.3499999999999943,2.2102499999999985,2.4
2019-05-07,2.388684210526312,2.344999999999999,2.1902500000000025,2.4
2019-05-08,2.3907894736842192,2.355000000000004,2.2002499999999934,2.39
2019-05-09,2.3836842105263165,2.3400000000000034,2.1802499999999974,2.38
2019-05-10,2.3786842105263206,2.3349999999999937,2.154750000000006,2.38
2019-05-13,2.376578947368414,2.3100000000000023,2.0919999999999987,2.38
2019-05-14,2.376578947368414,2.3100000000000023,2.104750000000009,2.38
2019-05-15,2.3815789473684315,2.305000000000007,2.076999999999998,2.4
2019-05-16,2.3915789473684144,2.319999999999993,2.1097500000000045,2.39
2019-05-17,2.388684210526312,2.325000000000003,2.0992500000000063,2.39
2019-05-20,2.385789473684201,2.3349999999999937,2.1170000000000124,2.39
2019-05-21,2.3878947368421164,2.3499999999999943,2.152000000000001,2.39
2019-05-22,2.3907894736842192,2.344999999999999,2.141999999999996,2.38
2019-05-23,2.388684210526312,2.325000000000003,2.048750000000002,2.38
2019-05-24,2.3907894736842192,2.344999999999999,2.081500000000008,2.38
2019-05-28,2.385789473684201,2.3349999999999937,2.0537499999999973,2.39
2019-05-29,2.3936842105263216,2.319999999999993,2.0182499999999934,2.39
2019-05-30,2.398684210526317,2.319999999999993,2.0132500000000055,2.39
2019-05-31,2.3973684210526276,2.25,1.8677500000000022,2.4
2019-06-03,2.393157894736851,2.2099999999999937,1.7372499999999995,2.38
2019-06-04,2.325000000000003,1.9949999999999974,1.6176249999999648,2.38
2019-06-05,2.3349999999999937,1.9850000000000065,1.520125000000025,2.38
2019-06-06,2.344999999999999,1.9949999999999974,1.5478750000000225,2.37
2019-06-07,2.319999999999993,1.944999999999986,1.5427499999999874,2.37
2019-06-10,2.3349999999999937,1.9749999999999872,1.6303749999998516,2.37
2019-06-11,2.3400000000000034,1.9975000000000023,1.69525000000014,2.37
2019-06-12,2.3299999999999983,1.9724999999999753,1.592749999999885,2.37
2019-06-13,2.3149999999999977,1.9100000000000037,1.5227499999999914,2.37
2019-06-14,2.325000000000003,1.917500000000011,1.6102499999998123,2.36
2019-06-17,2.3299999999999983,1.947499999999998,1.6103750000001718,2.38
2019-06-18,2.325000000000003,1.950000000000017,1.6956249999999997,2.37
2019-06-19,2.3599999999999994,1.845000000000006,1.5081250000000708,2.37
2019-06-20,2.3599999999999994,1.8124999999999858,1.4232499999999888,2.37
2019-06-21,2.364999999999995,1.842499999999987,1.4632499999997748,2.38
2019-06-24,2.364999999999995,1.8075000000000117,1.4581249999997397,2.38
2019-06-25,2.364999999999995,1.8249999999999886,1.4404999999998829,2.38
2019-06-26,2.3700000000000045,1.8699999999999974,1.5331250000000622,2.38
2019-06-27,2.364999999999995,1.8549999999999756,1.4406250000001322,2.38
2019-06-28,2.364999999999995,1.8699999999999832,1.4882500000001002,2.4
2019-07-01,2.3700000000000045,1.917500000000004,1.4657499999998436,2.39
2019-07-02,2.075000000000003,1.9650000000001455,0.38000000000023704,2.4
2019-07-03,2.069999999999993,1.9599999999995106,0.3850000000002325,2.41
2019-07-05,2.135000000000005,1.6500000000004889,0.6450000000000955,2.42
2019-07-08,2.1299999999999955,1.799999999999713,0.7799999999999727,2.41
2019-07-09,2.144999999999996,1.9050000000000722,0.7950000000003854,2.41
2019-07-10,2.0799999999999983,1.9049999999995748,0.5699999999996805,2.41
2019-07-11,2.105000000000004,1.7099999999997806,0.6149999999996822,2.4
2019-07-12,2.094999999999999,1.6099999999994168,0.5800000000000978,2.38
2019-07-15,2.0799999999999983,1.9049999999995748,0.5750000000001023,2.4
2019-07-16,2.0900000000000034,1.9150000000006457,0.7449999999999619,2.41
2019-07-17,2.075000000000003,1.9000000000006452,0.4150000000002336,2.41
2019-07-18,2.0150000000000006,1.840000000000643,0.32999999999981355,2.41
2019-07-19,2.0999999999999943,1.6799999999993531,0.2350000000003689,2.41
2019-07-22,2.105000000000004,1.8400000000002876,0.2350000000003689,2.4
2019-07-23,2.1099999999999994,1.779999999999717,0.41999999999981696,2.4
2019-07-24,2.105000000000004,1.6200000000004877,0.4150000000002336,2.4
2019-07-25,2.114999999999995,1.7849999999997124,0.5750000000001023,2.4
2019-07-26,2.114999999999995,1.875000000000071,0.5950000000000983,2.4
2019-07-29,2.0999999999999943,1.549999999999912,0.5800000000000978,2.4
2019-07-30,2.1075000000000017,1.4475000000000193,0.44500000000023476,2.39
2019-07-31,2.1525000000000034,1.3625000000005798,0.6600000000000961,2.4
2019-08-01,2.1525000000000034,1.4175000000000182,0.48000000000010346,2.14
2019-08-02,1.875000000000007,1.62650000000001,1.3825000000000074,2.14
2019-08-05,1.7749999999999986,1.4677499999999966,1.1800000000000068,2.13
2019-08-06,1.8225000000000051,1.5259999999999863,1.2299999999999969,2.13
2019-08-07,1.771250000000002,1.4632500000000086,1.1774999999999878,2.12
2019-08-08,1.8087500000000034,1.5082500000000103,1.2275000000000063,2.12
2019-08-09,1.8174999999999955,1.5209999999999986,1.2524999999999906,2.12
2019-08-12,1.7925000000000182,1.4755000000000116,1.1924999999999883,2.12
2019-08-13,1.8512500000000003,1.5610000000000048,1.2999999999999972,2.12
2019-08-14,1.8000000000000114,1.4827499999999971,1.207499999999989,2.12
2019-08-15,1.7612499999999756,1.4300000000000026,1.1325000000000074,2.13
2019-08-16,1.7962500000000148,1.429499999999995,1.1225000000000023,2.13
2019-08-19,1.8387500000000117,1.4900000000000049,1.1875,2.13
2019-08-20,1.8549999999999969,1.4617500000000085,1.1574999999999989,2.13
2019-08-21,1.8549999999999969,1.5172500000000007,1.2125000000000057,2.12
2019-08-22,1.8837500000000063,1.567750000000005,1.2674999999999983,2.12
2019-08-23,1.8337500000000162,1.4972500000000124,1.1699999999999946,2.12
2019-08-26,1.8587499999999935,1.5500000000000071,1.1999999999999957,2.12
2019-08-27,1.8587499999999935,1.5500000000000071,1.1849999999999952,2.12
2019-08-28,1.8587499999999935,1.5449999999999897,1.1699999999999875,2.12
2019-08-29,1.8712500000000176,1.5705000000000104,1.2149999999999892,2.12
2019-08-30,1.8712500000000176,1.5627499999999954,1.1900000000000048,2.13
2019-09-03,1.8484999999999943,1.520000000000006,1.125000000000007,2.13
2019-09-04,1.8101666666666734,1.4872499999999995,1.0774999999999935,2.13
2019-09-05,1.854499999999994,1.5599999999999903,1.17499999999999,2.13
2019-09-06,1.8701666666666616,1.5550000000000026,1.1650000000000063,2.12
2019-09-09,1.8699999999999946,1.5754999999999981,1.2275000000000063,2.13
2019-09-10,1.8745000000000047,1.6032500000000092,1.3149999999999977,2.13
2019-09-11,1.8795000000000002,1.6005000000000116,1.3199999999999932,2.13
2019-09-12,1.8786666666666667,1.6410000000000031,1.3850000000000051,2.13
2019-09-13,1.8983333333333292,1.6942500000000051,1.4549999999999983,2.14
2019-09-16,1.9139999999999964,1.658249999999994,1.3850000000000051,2.25
2019-09-17,1.9083333333333343,1.6809999999999874,1.3850000000000051,2.3
2019-09-18,1.8936666666666673,1.7102499999999985,1.4124999999999943,2.25
2019-09-19,1.8838333333333286,1.664250000000004,1.3824999999999932,1.9
2019-09-20,1.8684999999999945,1.6747499999999946,1.437500000000007,1.9
2019-09-23,1.8743333333333383,1.6392499999999983,1.3824999999999932,1.9
2019-09-24,1.8849999999999951,1.6060000000000065,1.2849999999999966,1.9
2019-09-25,1.8891666666666718,1.6514999999999938,1.3725000000000094,1.9
2019-09-26,1.8738333333333381,1.6542499999999989,1.3725000000000094,1.85
2019-09-27,1.8538333333333274,1.62650000000001,1.3474999999999966,1.83
2019-09-30,1.85058333333333,1.638750000000013,1.3499999999999943,1.9
2019-10-01,1.8548333333333276,1.588749999999994,1.2800000000000011,1.88
2019-10-02,1.6749999999999972,0.7178749999998217,0.9462499999999245,1.85
2019-10-03,1.6400000000000006,0.7099999999998978,0.8774999999999906,1.83
2019-10-04,1.6550000000000011,0.6901249999999344,0.9337500000000567,1.82
2019-10-07,1.6599999999999966,0.780374999999971,1.0087499999998535,1.82
2019-10-08,1.6400000000000006,0.7603749999997547,0.9737499999999599,1.82
2019-10-09,1.644999999999996,1.0327499999997265,1.0749999999999247,1.82
2019-10-10,1.6400000000000006,1.078125000000128,1.0524999999998847,1.82
2019-10-11,1.6650000000000063,1.1186250000000157,1.1574999999998887,1.82
2019-10-15,1.6599999999999966,1.0438750000001917,1.1774999999998847,1.9
2019-10-16,1.625,0.9740000000002276,1.1274999999998876,1.9
2019-10-17,1.6400000000000006,0.9890000000002281,1.1112499999999166,1.85
2019-10-18,1.6200000000000045,0.9612500000001205,1.1850000000001302,1.85
2019-10-21,1.625,1.043749999999946,1.1062499999999211,1.85
2019-10-22,1.6200000000000045,0.883750000000191,1.07624999999992,1.85
2019-10-23,1.6200000000000045,0.918625000000155,1.0612499999999194,1.85
2019-10-24,1.6200000000000045,1.0387500000002703,1.07624999999992,1.85
2019-10-25,1.6149999999999949,1.0414999999998322,1.1474999999997806,1.83
2019-10-28,1.6124999999999972,1.1416874999999642,1.1675000000001,1.83
2019-10-29,1.605000000000004,1.1167499999999855,1.1725000000000954,1.82
2019-10-30,1.5875000000000057,1.236812500000081,1.1575000000000948,1.82
2019-10-31,1.5875000000000057,1.0740625000001103,1.145000000000035,1.58
2019-11-01,1.5849999999999937,1.18200000000002,1.2000000000001307,1.57
2019-11-04,1.5644999999999905,0.27500000000023306,1.3442857142856977,1.56
2019-11-05,1.565874999999989,0.5949999999999704,1.3785714285714232,1.56
2019-11-06,1.551750000000002,0.42500000000009663,1.348571428571422,1.55
2019-11-07,1.5531250000000008,0.7499999999998295,1.4035714285714451,1.55
2019-11-08,1.5558750000000061,0.7550000000002512,1.4035714285714451,1.55
2019-11-12,1.5558750000000061,0.744999999999834,1.3942857142857252,1.55
2019-11-13,1.5572500000000047,0.5849999999999653,1.3585714285714434,1.55
2019-11-14,1.5508750000000107,0.42500000000009663,1.317857142857136,1.55
2019-11-15,1.5600000000000023,0.44499999999968054,1.3328571428571365,1.55
2019-11-18,1.5600000000000023,0.4400000000000972,1.317857142857136,1.55
2019-11-19,1.5600000000000023,0.43500000000010175,1.2921428571428595,1.55
2019-11-20,1.561375000000001,0.27500000000023306,1.2621428571428421,1.55
2019-11-21,1.576874999999987,0.2999999999998124,1.2928571428571445,1.55
2019-11-22,1.576874999999987,0.609999999999971,1.3121428571428393,1.55
2019-11-25,1.5782499999999857,0.6199999999999619,1.3271428571428399,1.55
2019-11-26,1.5704999999999927,0.47000000000009834,1.3171428571428652,1.55
2019-11-27,1.5704999999999927,0.629999999999967,1.357142857142841,1.55
2019-11-29,1.5704999999999927,0.6249999999999716,1.347857142857137,1.56
2019-12-02,1.5754749999999944,0.6249999999999716,1.3628571428571377,1.56
2019-12-03,1.557068965517248,0.3050000000002342,1.271428571428562,1.55
2019-12-04,1.5567241379310415,0.6149999999999665,1.3321428571428657,1.55
2019-12-05,1.557068965517248,0.4599999999996811,1.327857142857141,1.55
2019-12-06,1.5613793103448295,0.7749999999998352,1.3628571428571377,1.55
2019-12-09,1.5613793103448295,0.7749999999998352,1.3678571428571473,1.55
2019-12-10,1.5613793103448295,0.7799999999998306,1.3778571428571382,1.55
2019-12-11,1.566379310344825,0.7799999999998306,1.3628571428571377,1.55
2019-12-12,1.5603448275862088,1.0949999999999847,1.4185714285714457,1.55
2019-12-13,1.5550000000000066,0.9500000000001165,1.3778571428571382,1.55
2019-12-16,1.5546551724138,1.1049999999999898,1.4285714285714204,1.56
2019-12-17,1.5546551724138,0.9549999999996999,1.4178571428571445,1.55
2019-12-18,1.5596551724137955,0.8099999999998317,1.432857142857145,1.55
2019-12-19,1.5596551724137955,0.9600000000001216,1.42285714285714,1.55
2019-12-20,1.5543103448275934,0.9600000000001216,1.4378571428571405,1.55
2019-12-23,1.559310344827589,1.1149999999999807,1.4578571428571365,1.55
2019-12-24,1.559310344827589,1.1149999999999807,1.4478571428571456,1.55
2019-12-26,1.564655172413791,1.1149999999999807,1.452857142857141,1.55
2019-12-27,1.559310344827589,0.9650000000001171,1.4271428571428646,1.55
2019-12-30,1.5543103448275934,1.1099999999999852,1.4478571428571456,1.55
2019-12-31,1.551982758620684,1.2599999999998488,1.452857142857141,1.55
2020-01-02,1.549310344827583,1.2549999999998533,1.4478571428571456,1.55
2020-01-03,1.5750000000000028,1.4924999999999926,1.3530000000000002,1.55
2020-01-06,1.5699999999999932,1.4874999999999972,1.3539999999999992,1.55
2020-01-07,1.5750000000000028,1.480000000000004,1.3539999999999992,1.55
2020-01-08,1.5750000000000028,1.5074999999999932,1.3899999999999948,1.55
2020-01-09,1.5699999999999932,1.509999999999991,1.3849999999999993,1.55
2020-01-10,1.5750000000000028,1.509999999999991,1.3790000000000049,1.54
2020-01-13,1.5799999999999983,1.5150000000000077,1.3889999999999958,1.54
2020-01-14,1.5799999999999983,1.51250000000001,1.3840000000000003,1.54
2020-01-15,1.5799999999999983,1.5249999999999915,1.3889999999999958,1.54
2020-01-16,1.5799999999999983,1.5174999999999983,1.3889999999999958,1.54
2020-01-17,1.5799999999999983,1.5350000000000037,1.410000000000008,1.55
2020-01-21,1.5750000000000028,1.51250000000001,1.3689999999999998,1.55
2020-01-22,1.5799999999999983,1.5100000000000051,1.3640000000000043,1.55
2020-01-23,1.5799999999999983,1.5,1.3480000000000047,1.55
2020-01-24,1.5799999999999983,1.48749999999999,1.322999999999999,1.55
2020-01-27,1.5750000000000028,1.4549999999999912,1.2670000000000072,1.55
2020-01-28,1.5799999999999983,1.4775000000000063,1.3079999999999985,1.55
2020-01-29,1.5949999999999989,1.4750000000000085,1.2670000000000072,1.55
2020-01-30,1.5900000000000034,1.4425000000000026,1.2380000000000053,1.6
2020-01-31,1.5900000000000034,1.3950000000000031,1.1829999999999985,1.59
2020-02-03,1.5875000000000057,1.4100000000000037,1.2129999999999996,1.59
2020-02-04,0.9800000000001177,1.3874999999999567,1.2083999999999984,1.59
2020-02-05,1.1349999999999767,1.3299999999999201,1.243399999999995,1.59
2020-02-06,1.2799999999998448,1.3350000000001359,1.24840000000002,1.59
2020-02-07,1.1249999999999858,1.336249999999886,1.2083999999999984,1.58
2020-02-10,0.9700000000001125,1.3112499999999976,1.1734000000000018,1.58
2020-02-11,1.2749999999998494,1.3824999999998582,1.209466666666664,1.58
2020-02-12,1.2749999999998494,1.4387499999998212,1.2383999999999995,1.58
2020-02-13,1.2749999999998494,1.4237499999998207,1.2283999999999944,1.58
2020-02-14,1.1200000000004025,1.3674999999998576,1.1983999999999932,1.58
2020-02-18,1.1200000000004025,1.3212500000002088,1.1833999999999927,1.59
2020-02-19,1.424999999999713,1.4187499999999282,1.2020000000000044,1.59
2020-02-20,1.424999999999713,1.2850000000000357,1.16199999999998,1.59
2020-02-21,1.4200000000001296,1.1674999999998938,1.102000000000007,1.58
2020-02-24,1.1099999999999852,1.1700000000000266,1.023399999999996,1.58
2020-02-25,0.495000000000104,1.0475000000001984,0.9633999999999939,1.58
2020-02-26,0.3449999999998141,1.0337499999999622,0.9137333333333449,1.58
2020-02-27,-0.5799999999997993,0.8249999999998465,0.8376666666666582,1.58
2020-02-28,-3.285000000000039,0.6162500000000293,0.6322666666666612,1.58
2020-03-02,-4.564999999999799,0.20625000000008242,0.5821999999999984,1.59
2020-03-03,-5.734999999999829,0.1962499999999494,0.46613333333333473,1.59
2020-03-04,-6.397500000000065,0.16374999999998252,0.37039999999998907,1.09
2020-03-05,-8.034999999999911,0.007500000000128182,0.2853999999999953,1.09
2020-03-06,-10.14749999999978,-0.01499999999993662,0.20073333333333856,1.09
2020-03-09,-12.599999999999795,-0.06625000000025238,0.12819999999999404,1.09
2020-03-10,-11.842499999999987,0.0037499999999610623,0.19319999999999177,1.09
2020-03-11,-12.6099999999998,-0.05625000000004121,0.12786666666666407,1.09
2020-03-12,-15.789999999999921,-0.008750000000009805,0.107866666666665,1.1
2020-03-13,-16.08000000000007,0.03749999999985931,0.10679999999999931,1.1
2020-03-16,-15.844999999999914,0.043749999999928235,0.09819999999999292,0.25
2020-03-17,-15.902499999999847,0.15624999999997158,0.15353333333331856,0.25
2020-03-18,-16.554999999999666,0.05375000000013941,0.14279999999999593,0.25
2020-03-19,-16.02750000000013,0.14125000000007404,0.10319999999998837,0.2
2020-03-20,-16.274999999999935,-0.013750000000108287,0.08499999999999375,0.15
2020-03-23,-15.912499999999852,-0.002499999999940883,0.06893333333332749,0.15
2020-03-24,-15.989999999999782,0.03875000000013884,0.07500000000000284,0.12
2020-03-25,-16.067500000000138,0.03875000000013884,0.07033333333332621,0.1
2020-03-26,-16.29499999999993,0.02375000000013827,0.05500000000000682,0.1
2020-03-27,-16.672500000000014,0.05500000000000682,0.05500000000000682,0.1
2020-03-30,-16.597500000000082,0.0600000000001053,0.06499999999999773,0.09
2020-03-31,-16.747499999999945,0.023750000000035243,0.06999999999999318,0.08
2020-04-01,-16.808000000000234,0.10124999999996476,0.05966666666666924,0.06
2020-04-02,0.0799999999999983,0.11124999999996987,0.07500000000000284,0.05
2020-04-03,0.07500000000000284,0.15249999999993236,0.07500000000000284,0.05
2020-04-06,0.09000000000000341,0.04375000000013429,0.0789333333333326,0.05
2020-04-07,0.09000000000000341,0.04375000000013429,0.0789333333333326,0.05
2020-04-08,0.08499999999999375,0.11624999999996533,0.07393333333333411,0.05
2020-04-09,0.08499999999999375,0.11624999999996533,0.06393333333333204,0.05
2020-04-13,0.09000000000000341,0.04375000000013429,0.06893333333332749,0.05
2020-04-14,0.08499999999999375,0.11624999999996533,0.0792666666666808,0.05
2020-04-15,0.08499999999999375,0.06999999999978712,0.07033333333332621,0.05
2020-04-16,0.08499999999999375,0.03875000000003581,0.06499999999999773,0.05
2020-04-17,0.0799999999999983,0.0799999999999983,0.06499999999999773,0.05
2020-04-20,0.0799999999999983,0.0025000000000687805,0.06106666666666797,0.05
2020-04-21,0.0799999999999983,0.0799999999999983,0.06999999999999318,0.05
2020-04-22,0.0799999999999983,0.0799999999999983,0.06999999999999318,0.05
2020-04-23,0.0799999999999983,0.0799999999999983,0.06606666666666342,0.04
2020-04-24,0.07500000000000284,0.07500000000000284,0.06106666666666797,0.05
2020-04-27,0.07500000000000284,0.07500000000000284,0.06106666666666797,0.04
2020-04-28,0.07500000000000284,0.15249999999993236,0.06106666666666797,0.04
2020-04-29,0.04250000000000398,0.0731250000001964,0.051066666666665886,0.04
2020-04-30,0.04250000000000398,0.02687500000001819,0.04106666666667195,0.05
2020-05-01,0.04749999999999943,-0.04562499999991587,0.04106666666667195,0.05
2020-05-04,0.05124999999999602,0.04000000000000625,0.04000000000000625,0.05
2020-05-05,0.05124999999999602,0.045000000000001705,-0.005950000000062072,0.05
2020-05-06,0.04999999999999716,0.04000000000000625,0.0587999999999545,0.05
2020-05-07,0.041250000000005116,0.008571428571418746,0.08805000000011032,0.05
2020-05-08,0.048749999999998295,0.04000000000000625,0.07429999999991838,0.05
2020-05-11,0.04999999999999716,0.03928571428572119,0.0244999999999983,0.05
2020-05-12,0.048749999999998295,0.03928571428572119,-0.045249999999938256,0.05
2020-05-13,0.048749999999998295,0.03428571428572574,-0.023700000000060145,0.05
2020-05-14,0.048749999999998295,0.03928571428572119,-0.023700000000060145,0.05
2020-05-15,0.04999999999999716,0.03928571428572119,-0.057450000000049906,0.05
2020-05-18,0.06375000000000597,0.049285714285726305,0.0034999999999293374,0.05
2020-05-19,0.06500000000000483,0.049285714285726305,-0.03250000000003794,0.05
2020-05-20,0.05625000000001279,0.03928571428572119,-0.006499999999863365,0.05
2020-05-21,0.04999999999999716,0.0442857142857004,0.025050000000107958,0.05
2020-05-22,0.04999999999999716,0.03928571428572119,0.020049999999989743,0.05
2020-05-26,0.05625000000001279,0.0442857142857004,0.03225000000010139,0.05
2020-05-27,0.05625000000001279,0.0442857142857004,-0.010949999999982085,0.05
2020-05-28,0.05625000000001279,0.0442857142857004,-0.0037499999999681677,0.05
2020-05-29,0.04999999999999716,0.03928571428572119,-0.05470000000003197,0.05
2020-06-01,0.05750000000001165,0.03928571428572119,-0.02095000000006267,0.05
2020-06-02,0.05534482758621438,0.03928571428572119,-0.015949999999957082,0.06
2020-06-03,0.05500000000000682,0.0442857142857004,0.027799999999982672,0.06
2020-06-04,0.06499999999999773,0.05428571428572176,-0.0009499999999564857,0.06
2020-06-05,0.06499999999999773,0.05428571428572176,0.004050000000018483,0.07
2020-06-08,0.06999999999999318,0.06999999999999318,0.0018499999999450067,0.07
2020-06-09,0.08034482758620488,0.06428571428569642,0.009049999999938496,0.07
2020-06-10,0.0753448275862104,0.04857142857144124,-0.03970000000003138,0.08
2020-06-11,0.0753448275862104,0.04857142857144124,-0.056899999999940276,0.08
2020-06-12,0.09034482758621097,0.07428571428571777,-0.0319000000000243,0.08
2020-06-15,0.09568965517241301,0.07428571428571777,-0.03690000000001975,0.09
2020-06-16,0.09534482758620545,0.07928571428569699,-0.0319000000000243,0.09
2020-06-17,0.08534482758620034,0.06928571428572232,0.006299999999940964,0.09
2020-06-18,0.08034482758620488,0.06428571428569642,-0.02970000000002626,0.09
2020-06-19,0.08068965517241244,0.06999999999999318,-0.0031499999999749506,0.09
2020-06-22,0.08068965517241244,0.05928571428571721,-0.00370000000008458,0.08
2020-06-23,0.08068965517241244,0.06999999999999318,0.0013000000001437417,0.08
2020-06-24,0.08068965517241244,0.06999999999999318,-0.04189999999993971,0.08
2020-06-25,0.08068965517241244,0.05928571428571721,-0.00370000000008458,0.08
2020-06-26,0.0753448275862104,0.05928571428571721,-0.008700000000059604,0.08
2020-06-29,0.07568965517241699,0.05428571428572176,-0.013699999999856799,0.08
2020-06-30,0.07568965517241699,0.05428571428572176,-0.013699999999856799,0.08
2020-07-01,0.07568965517241699,0.05428571428572176,-0.04470000000002683,0.08
2020-07-02,0.07500000000000284,0.04400000000000261,0.013928571428555716,0.09
2020-07-06,0.07500000000000284,0.04899999999999523,0.013928571428555716,0.09
2020-07-07,0.07500000000000284,0.04899999999999523,0.013928571428555716,0.09
2020-07-08,0.07500000000000284,0.04400000000000261,0.008928571428577519,0.09
2020-07-09,0.07500000000000284,0.04400000000000261,0.003928571428582066,0.09
2020-07-10,0.0799999999999983,0.043000000000000684,0.003928571428582066,0.09
2020-07-13,0.0799999999999983,0.04899999999999523,0.008928571428577519,0.09
2020-07-14,0.0799999999999983,0.047999999999996136,0.008928571428577519,0.09
2020-07-15,0.0799999999999983,0.04899999999999523,0.008928571428577519,0.1
2020-07-16,0.07500000000000284,0.043000000000000684,0.003928571428582066,0.1
2020-07-17,0.0799999999999983,0.047999999999996136,0.013928571428555716,0.09
2020-07-20,0.0799999999999983,0.047999999999996136,0.013928571428555716,0.1
2020-07-21,0.08499999999999375,0.05400000000000773,0.013928571428555716,0.1
2020-07-22,0.08499999999999375,0.05400000000000773,0.013928571428555716,0.09
2020-07-23,0.0799999999999983,0.04899999999999523,0.013928571428555716,0.09
2020-07-24,0.0799999999999983,0.04899999999999523,0.007857142857132666,0.09
2020-07-27,0.07500000000000284,0.04899999999999523,0.018928571428582636,0.1
2020-07-28,0.0799999999999983,0.05400000000000773,0.018928571428582636,0.1
2020-07-29,0.0799999999999983,0.05400000000000773,0.018928571428582636,0.1
2020-07-30,0.0799999999999983,0.05400000000000773,0.007857142857132666,0.1
2020-07-31,0.0799999999999983,0.05400000000000773,0.007857142857132666,0.1
2020-08-03,0.08499999999999375,0.05900000000000318,0.012857142857159585,0.1
2020-08-04,0.06071428571428531,0.05073333333334404,0.11999999999970612,0.1
2020-08-05,0.06071428571428531,0.05073333333334404,0.12500000000015635,0.1
2020-08-06,0.06071428571428531,0.05073333333334404,0.04500000000022908,0.1
2020-08-07,0.05785714285714505,0.06106666666666797,0.12499999999992895,0.1
2020-08-10,0.0628571428571405,0.055733333333339484,0.12499999999992895,0.1
2020-08-11,0.0628571428571405,0.055733333333339484,0.045000000000001705,0.1
2020-08-12,0.0628571428571405,0.055733333333339484,0.12499999999992895,0.1
2020-08-13,0.06571428571428076,0.055733333333339484,0.12499999999992895,0.1
2020-08-14,0.07071428571427621,0.06573333333331523,0.06000000000022965,0.1
2020-08-17,0.07071428571427621,0.06573333333331523,0.1299999999999244,0.1
2020-08-18,0.07071428571427621,0.06073333333333797,0.05499999999999261,0.09
2020-08-19,0.0628571428571405,0.06073333333333797,0.05499999999999261,0.09
2020-08-20,0.0628571428571405,0.06606666666666342,0.05499999999999261,0.09
2020-08-21,0.05500000000000479,0.06499999999999773,0.05499999999999261,0.09
2020-08-24,0.05500000000000479,0.06499999999999773,0.05499999999999261,0.09
2020-08-25,0.0628571428571405,0.06999999999999318,0.13500000000016144,0.09
2020-08-26,0.07071428571427621,0.0710666666666619,0.13500000000016144,0.09
2020-08-27,0.0628571428571405,0.06999999999999318,0.05500000000000682,0.08
2020-08-28,0.052142857142864533,0.055733333333339484,0.1299999999999244,0.09
2020-08-31,0.06821428571427848,0.06073333333333797,0.1299999999999244,0.09
2020-09-01,0.0628571428571405,0.06073333333333797,0.1299999999999244,0.09
2020-09-02,0.07500000000000284,0.06073333333333797,0.1299999999999244,0.09
2020-09-03,0.06999999999999318,0.055733333333339484,0.049999999999783995,0.09
2020-09-04,0.0799999999999983,0.06573333333331523,0.13500000000016144,0.09
2020-09-08,0.0799999999999983,0.06573333333331523,0.06000000000022965,0.09
2020-09-09,0.0799999999999983,0.06573333333331523,0.06000000000022965,0.09
2020-09-10,0.08499999999999375,0.07073333333334005,0.06499999999978456,0.09
2020-09-11,0.08499999999999375,0.07073333333334005,0.1400000000001569,0.09
2020-09-14,0.08499999999999375,0.07073333333334005,0.06000000000022965,0.09
2020-09-15,0.08499999999999375,0.07073333333334005,0.06000000000022965,0.09
2020-09-16,0.08499999999999375,0.07073333333334005,0.06000000000022965,0.09
2020-09-17,0.08499999999999375,0.07073333333334005,0.06000000000022965,0.09
2020-09-18,0.08499999999999375,0.07073333333334005,0.06499999999978456,0.09
2020-09-21,0.08499999999999375,0.07073333333334005,0.06499999999978456,0.09
2020-09-22,0.08499999999999375,0.07073333333334005,0.06499999999978456,0.09
2020-09-23,0.0799999999999983,0.06573333333331523,0.06499999999978456,0.09
2020-09-24,0.0799999999999983,0.06573333333331523,0.13500000000016144,0.09
2020-09-25,0.0799999999999983,0.06573333333331523,0.13500000000016144,0.09
2020-09-28,0.08499999999999375,0.07073333333334005,0.13500000000016144,0.09
2020-09-29,0.08249999999999602,0.06626666666664809,0.13500000000016144,0.09
2020-09-30,0.08499999999999375,0.07073333333334005,0.06999999999999318,0.09
2020-10-01,0.08499999999999375,0.07073333333334005,0.14499999999992497,0.09
2020-10-02,0.07949999999999875,0.06864999999989851,0.04999999999999716,0.09
2020-10-05,0.07949999999999875,0.06864999999989851,0.05500000000000682,0.09
2020-10-06,0.07899999999999921,0.06504999999990185,0.05500000000000682,0.09
2020-10-07,0.07899999999999921,0.06504999999990185,0.060000000000002274,0.09
2020-10-08,0.08449999999999136,0.07364999999998356,0.06499999999999773,0.09
2020-10-09,0.08449999999999136,0.07364999999998356,0.06499999999999773,0.09
2020-10-13,0.08399999999999182,0.07004999999998685,0.060000000000002274,0.09
2020-10-14,0.08449999999999136,0.03489999999990867,0.060000000000002274,0.09
2020-10-15,0.09000000000000341,0.1132500000000704,0.060000000000002274,0.09
2020-10-16,0.08399999999999182,0.07004999999998685,0.060000000000002274,0.09
2020-10-19,0.08399999999999182,0.07004999999998685,0.060000000000002274,0.09
2020-10-20,0.08399999999999182,0.07004999999998685,0.06499999999999773,0.09
2020-10-21,0.08399999999999182,0.07004999999998685,0.06499999999999773,0.09
2020-10-22,0.08399999999999182,0.03905000000001513,0.06999999999999318,0.09
2020-10-23,0.08399999999999182,0.03905000000001513,0.06999999999999318,0.09
2020-10-26,0.08399999999999182,0.07004999999998685,0.060000000000002274,0.09
2020-10-27,0.08399999999999182,0.07004999999998685,0.06499999999999773,0.09
2020-10-28,0.08399999999999182,0.07004999999998685,0.060000000000002274,0.09
2020-10-29,0.08399999999999182,0.07004999999998685,0.060000000000002274,0.09
2020-10-30,0.08399999999999182,0.07004999999998685,0.060000000000002274,0.09
2020-11-02,0.08700000000000614,0.09165000000008999,0.060000000000002274,0.09
2020-11-03,0.08399305555554823,0.06999999999999318,0.060000000000002274,0.09
2020-11-04,0.08899305555554568,0.07500000000000284,0.060000000000002274,0.09
2020-11-05,0.08899305555554568,0.07500000000000284,0.06499999999999773,0.09
2020-11-06,0.08899305555554568,0.07500000000000284,0.06999999999999318,0.09
2020-11-09,0.08968749999998948,0.0799999999999983,0.0799999999999983,0.09
2020-11-10,0.08968749999998948,0.0799999999999983,0.0799999999999983,0.09
2020-11-12,0.08899305555554568,0.07500000000000284,0.07500000000000284,0.09
2020-11-13,0.08430555555554994,0.0799999999999983,0.07500000000000284,0.09
2020-11-16,0.08899305555554568,0.07500000000000284,0.07500000000000284,0.09
2020-11-17,0.08899305555554568,0.07500000000000284,0.07500000000000284,0.09
2020-11-18,0.08899305555554568,0.07500000000000284,0.07500000000000284,0.09
2020-11-19,0.08399305555554823,0.06999999999999318,0.06499999999999773,0.08
2020-11-20,0.08399305555554823,0.06999999999999318,0.06499999999999773,0.08
2020-11-23,0.08468749999999403,0.07500000000000284,0.06999999999999318,0.08
2020-11-24,0.08399305555554823,0.06999999999999318,0.06999999999999318,0.08
2020-11-25,0.08899305555554568,0.07500000000000284,0.06999999999999318,0.08
2020-11-27,0.08899305555554568,0.07500000000000284,0.06999999999999318,0.08
2020-11-30,0.08414930555555009,0.07500000000000284,0.07500000000000284,0.09
2020-12-01,0.08968749999998948,0.0799999999999983,0.07500000000000284,0.09
2020-12-02,0.0857407407407338,0.0799999999999983,0.12666666666662252,0.09
2020-12-03,0.0857407407407338,0.0799999999999983,0.07500000000000284,0.09
2020-12-04,0.0857407407407338,0.0799999999999983,0.07500000000000284,0.09
2020-12-07,0.08074074074073835,0.07500000000000284,0.06999999999999318,0.09
2020-12-08,0.0857407407407338,0.0799999999999983,0.07500000000000284,0.09
2020-12-09,0.0857407407407338,0.0799999999999983,0.0799999999999983,0.09
2020-12-10,0.0857407407407338,0.0799999999999983,0.0799999999999983,0.09
2020-12-11,0.08148148148148054,0.06999999999999318,0.07500000000000284,0.09
2020-12-14,0.08648148148147387,0.06392857142855288,0.06999999999999318,0.09
2020-12-15,0.0857407407407338,0.06892857142857979,0.07500000000000284,0.09
2020-12-16,0.0857407407407338,0.06892857142857979,0.07500000000000284,0.09
2020-12-17,0.09074074074074558,0.07392857142857524,0.07500000000000284,0.09
2020-12-18,0.09074074074074558,0.06285714285715674,0.06999999999999318,0.09
2020-12-21,0.09074074074074558,0.07392857142857524,0.06999999999999318,0.09
2020-12-22,0.09074074074074558,0.07392857142857524,0.07500000000000284,0.09
2020-12-23,0.09148148148148565,0.06892857142857979,0.06999999999999318,0.09
2020-12-24,0.0857407407407338,0.06892857142857979,0.02166666666656643,0.09
2020-12-28,0.0857407407407338,0.06892857142857979,0.07500000000000284,0.09
2020-12-29,0.0857407407407338,0.06892857142857979,0.07500000000000284,0.09
2020-12-30,0.0857407407407338,0.06892857142857979,0.07500000000000284,0.09
2020-12-31,0.0799999999999983,0.06892857142857979,0.02166666666656643,0.09
2021-01-04,0.0857407407407338,0.06892857142857979,0.06999999999999318,0.09
2021-01-05,0.0799999999999983,0.08499999999978058,0.08875000000002942,0.09
2021-01-06,0.0799999999999983,0.005000000000066507,0.0799999999999983,0.09
2021-01-07,0.0799999999999983,0.0799999999999983,0.0799999999999983,0.09
2021-01-08,0.0799999999999983,0.15999999999992554,0.07500000000000284,0.09
2021-01-11,0.0799999999999983,0.08499999999978058,0.07500000000000284,0.09
2021-01-12,0.08499999999999375,0.0899999999999892,0.07500000000000284,0.09
2021-01-13,0.08499999999999375,0.0899999999999892,0.07500000000000284,0.09
2021-01-14,0.08499999999999375,0.0899999999999892,0.07500000000000284,0.09
2021-01-15,0.08499999999999375,0.0899999999999892,0.06999999999999318,0.09
2021-01-19,0.08499999999999375,0.0899999999999892,0.06999999999999318,0.09
2021-01-20,0.08499999999999375,0.0899999999999892,0.06999999999999318,0.09
2021-01-21,0.0799999999999983,0.08499999999978058,0.08374999999998067,0.08
2021-01-22,0.0799999999999983,0.15999999999992554,0.06499999999999773,0.08
2021-01-25,0.0799999999999983,0.15999999999992554,0.06499999999999773,0.08
2021-01-26,0.07500000000000284,0.15500000000015746,0.08875000000002942,0.08
2021-01-27,0.07500000000000284,0.15500000000015746,0.06999999999999318,0.08
2021-01-28,0.07500000000000284,0.15500000000015746,0.09374999999998579,0.07
2021-01-29,0.060000000000002274,0.05500000000000682,0.09374999999998579,0.07
2021-02-01,0.06749999999999545,0.18249999999989086,0.07500000000000284,0.08
2021-02-02,0.0619642857142862,0.06999999999999318,0.0799999999999983,0.08
2021-02-03,0.0619642857142862,0.06999999999999318,0.07500000000000284,0.08
2021-02-04,0.05392857142857922,0.06999999999999318,0.0744444444444478,0.08
2021-02-05,0.05392857142857922,0.07500000000000284,0.0799999999999983,0.08
2021-02-08,0.05392857142857922,0.07500000000000284,0.08499999999999375,0.07
2021-02-09,0.058928571428574675,0.0799999999999983,0.08499999999999375,0.08
2021-02-10,0.058928571428574675,0.07500000000000284,0.0799999999999983,0.08
2021-02-11,0.05285714285713437,0.0799999999999983,0.08499999999999375,0.08
2021-02-12,0.0558928571428459,0.0799999999999983,0.08499999999999375,0.08
2021-02-16,0.0558928571428459,0.0799999999999983,0.08499999999999375,0.08
2021-02-17,0.0558928571428459,0.0799999999999983,0.09000000000000341,0.08
2021-02-18,0.05285714285713437,0.0799999999999983,0.09000000000000341,0.07
2021-02-19,0.044821428571427395,0.0799999999999983,0.09499999999999886,0.07
2021-02-22,0.05285714285713437,0.09571428571430017,0.09499999999999886,0.07
2021-02-23,0.05285714285713437,0.09571428571430017,0.09499999999999886,0.07
2021-02-24,0.05285714285713437,0.09571428571430017,0.09499999999999886,0.07
2021-02-25,0.05285714285713437,0.09000000000000341,0.09499999999999886,0.07
2021-02-26,0.06089285714284135,0.08499999999999375,0.09499999999999886,0.07
2021-03-01,0.06271428571427862,0.08499999999999375,0.09000000000000341,0.07
2021-03-02,0.07928571428571221,0.07928571428569699,0.09000000000000341,0.07
2021-03-03,0.07428571428571777,0.08499999999999375,0.09000000000000341,0.07
2021-03-04,0.07428571428571777,0.08499999999999375,0.09000000000000341,0.07
2021-03-05,0.0692857142857071,0.0799999999999983,0.08499999999999375,0.07
2021-03-08,0.0692857142857071,0.0799999999999983,0.08499999999999375,0.07
2021-03-09,0.06892857142856457,0.07428571428571777,0.09055555555556004,0.07
2021-03-10,0.0692857142857071,0.0799999999999983,0.09000000000000341,0.07
2021-03-11,0.0692857142857071,0.0799999999999983,0.08499999999999375,0.07
2021-03-12,0.0692857142857071,0.0799999999999983,0.08499999999999375,0.07
2021-03-15,0.06964285714284964,0.07500000000000284,0.08499999999999375,0.07
2021-03-16,0.0692857142857071,0.0799999999999983,0.09000000000000341,0.07
2021-03-17,0.0692857142857071,0.0799999999999983,0.0799999999999983,0.07
2021-03-18,0.06428571428571164,0.07500000000000284,0.08555555555554879,0.07
2021-03-19,0.0646428571428552,0.06999999999999318,0.07500000000000284,0.07
2021-03-22,0.05964285714285974,0.06499999999999773,0.07500000000000284,0.07
2021-03-23,0.0646428571428552,0.06999999999999318,0.0799999999999983,0.07
2021-03-24,0.05964285714285974,0.06499999999999773,0.0799999999999983,0.07
2021-03-25,0.0646428571428552,0.06999999999999318,0.07500000000000284,0.07
2021-03-26,0.06499999999999773,0.0757142857142737,0.07500000000000284,0.07
2021-03-29,0.06499999999999773,0.0757142857142737,0.0799999999999983,0.07
2021-03-30,0.062321428571428736,0.0757142857142737,0.0799999999999983,0.07
2021-03-31,0.06196428571428621,0.0807142857142996,0.08499999999999375,0.06
2021-04-01,0.06196428571428621,0.06999999999999318,0.0799999999999983,0.07
2021-04-02,0.06999999999999318,0.0733333333331861,0.09468750000001247,0.07
2021-04-05,0.06999999999999318,0.1216666666667597,0.08968749999998948,0.07
2021-04-06,0.06999999999999318,0.1216666666667597,0.08468749999999403,0.07
2021-04-07,0.06999999999999318,0.12499999999980578,0.08499999999999375,0.07
2021-04-08,0.07500000000000284,0.07833333333333314,0.08499999999999375,0.07
2021-04-09,0.07500000000000284,0.07833333333333314,0.08499999999999375,0.07
2021-04-12,0.07500000000000284,0.07833333333333314,0.08499999999999375,0.07
2021-04-13,0.07500000000000284,0.07833333333333314,0.08499999999999375,0.07
2021-04-14,0.07500000000000284,0.07833333333333314,0.08499999999999375,0.07
2021-04-15,0.0799999999999983,0.08333333333347544,0.09000000000000341,0.07
2021-04-16,0.08499999999999375,0.08833333333318667,0.09499999999999886,0.07
2021-04-19,0.0799999999999983,0.08333333333347544,0.09000000000000341,0.07
2021-04-20,0.0799999999999983,0.03499999999990185,0.09499999999999886,0.07
2021-04-21,0.0799999999999983,0.03499999999990185,0.09499999999999886,0.07
2021-04-22,0.0799999999999983,0.03499999999990185,0.09499999999999886,0.07
2021-04-23,0.0799999999999983,0.03499999999990185,0.09499999999999886,0.07
2021-04-26,0.07500000000000284,0.030000000000190614,0.09000000000000341,0.07
2021-04-27,0.0799999999999983,0.03499999999990185,0.09499999999999886,0.07
2021-04-28,0.06999999999999318,0.024999999999896733,0.094479166666666,0.07
2021-04-29,0.06999999999999318,-0.023333333333245793,0.09947916666666146,0.06
2021-04-30,0.06999999999999318,-0.023333333333245793,0.09499999999999886,0.05
2021-05-03,0.07500000000000284,-0.018333333333382978,0.09999999999999432,0.06
2021-05-04,0.1049999999999918,0.09000000000000341,0.09000000000000341,0.06
2021-05-05,0.10214285714285154,0.09000000000000341,0.09000000000000341,0.06
2021-05-06,0.09714285714285609,0.08499999999999375,0.0656249999999563,0.06
2021-05-07,0.08928571428572038,0.08499999999999375,0.08499999999999375,0.06
2021-05-10,0.08928571428572038,0.08499999999999375,0.08499999999999375,0.06
2021-05-11,0.08928571428572038,0.0799999999999983,0.060625000000015916,0.06
2021-05-12,0.08928571428572038,0.0799999999999983,0.060625000000015916,0.06
2021-05-13,0.08928571428572038,0.0799999999999983,0.060625000000015916,0.06
2021-05-14,0.08928571428572038,0.0799999999999983,0.0799999999999983,0.06
2021-05-17,0.08142857142855421,0.07500000000000284,0.055625000000020464,0.06
2021-05-18,0.08142857142855421,0.07500000000000284,0.055625000000020464,0.06
2021-05-19,0.08428571428569447,0.0799999999999983,0.060625000000015916,0.06
2021-05-20,0.08142857142855421,0.0799999999999983,0.0799999999999983,0.06
2021-05-21,0.08142857142855421,0.08499999999999375,0.05400000000002194,0.06
2021-05-24,0.08142857142855421,0.08499999999999375,0.05400000000002194,0.06
2021-05-25,0.0735714285714185,0.0799999999999983,0.0799999999999983,0.06
2021-05-26,0.08142857142855421,0.08499999999999375,0.05400000000002194,0.06
2021-05-27,0.08142857142855421,0.08499999999999375,0.08499999999999375,0.06
2021-05-28,0.08142857142855421,0.0799999999999983,0.0799999999999983,0.05
2021-06-01,0.08371428571426318,0.0799999999999983,0.1109999999999701,0.06
2021-06-02,0.07946428571428449,0.08499999999999375,0.08499999999999375,0.06
2021-06-03,0.07946428571428449,0.08499999999999375,0.08499999999999375,0.06
2021-06-04,0.07946428571428449,0.0662500000000108,0.0799999999999983,0.06
2021-06-07,0.07446428571428905,0.0799999999999983,0.0799999999999983,0.06
2021-06-08,0.07446428571428905,0.0799999999999983,0.0799999999999983,0.06
2021-06-09,0.06892857142856407,0.0799999999999983,0.0799999999999983,0.06
2021-06-10,0.07446428571428905,0.0799999999999983,0.0799999999999983,0.06
2021-06-11,0.07446428571428905,0.0799999999999983,0.0799999999999983,0.06
2021-06-14,0.07892857142856917,0.09000000000000341,0.10937500000004086,0.06
2021-06-15,0.07892857142856917,0.09000000000000341,0.09000000000000341,0.06
2021-06-16,0.09999999999999433,0.09999999999999432,0.09499999999999886,0.06
2021-06-17,0.09499999999999888,0.09499999999999886,0.07562500000001648,0.1
2021-06-18,0.10053571428570812,0.09499999999999886,0.1066250000000764,0.1
2021-06-21,0.09999999999999433,0.09999999999999432,0.1066250000000764,0.1
2021-06-22,0.09553571428571266,0.09000000000000341,0.12099999999997521,0.1
2021-06-23,0.09499999999999888,0.09499999999999886,0.09499999999999886,0.1
2021-06-24,0.09499999999999888,0.09499999999999886,0.09499999999999886,0.1
2021-06-25,0.09499999999999888,0.09499999999999886,0.09499999999999886,0.1
2021-06-28,0.09499999999999888,0.09499999999999886,0.09499999999999886,0.1
2021-06-29,0.09276785714285803,0.09000000000000341,0.12099999999997521,0.1
2021-06-30,0.0977678571428535,0.09499999999999886,0.11829166666664434,0.08
2021-07-01,0.0977678571428535,0.09499999999999886,0.09499999999999886,0.1
2021-07-02,0.09499999999999886,0.08944444444444836,0.1156666666666761,0.1
2021-07-06,0.09000000000000341,0.09000000000000341,0.11066666666665129,0.1
2021-07-07,0.09000000000000341,0.09000000000000341,0.11066666666665129,0.1
2021-07-08,0.09499999999999886,0.09000000000000341,0.10566666666667099,0.1
2021-07-09,0.09499999999999886,0.08944444444444836,0.11066666666665129,0.1
2021-07-12,0.09499999999999886,0.09000000000000341,0.11066666666665129,0.1
2021-07-13,0.09000000000000341,0.08444444444443712,0.12100000000000459,0.1
2021-07-14,0.09499999999999886,0.09000000000000341,0.11066666666665129,0.1
2021-07-15,0.09000000000000341,0.08444444444443712,0.11066666666665129,0.1
2021-07-16,0.09000000000000341,0.09000000000000341,0.11066666666665129,0.1
2021-07-19,0.09000000000000341,0.08444444444443712,0.11066666666665129,0.1
2021-07-20,0.09499999999999886,0.09000000000000341,0.10033333333332735,0.1
2021-07-21,0.09499999999999886,0.09000000000000341,0.11066666666665129,0.1
2021-07-22,0.09499999999999886,0.08444444444443712,0.10033333333332735,0.1
2021-07-23,0.09499999999999886,0.08444444444443712,0.10033333333332735,0.1
2021-07-26,0.09000000000000341,0.08444444444443712,0.10033333333332735,0.1
2021-07-27,0.09499999999999886,0.08444444444443712,0.09533333333334705,0.1
2021-07-28,0.09499999999999886,0.08444444444443712,0.09533333333334705,0.1
2021-07-29,0.09000000000000341,0.08499999999999375,0.09533333333334705,0.1
2021-07-30,0.09000000000000341,0.08499999999999375,0.09533333333334705,0.07
2021-08-02,0.09250000000000114,0.08499999999999375,0.09533333333334705,0.1
2021-08-03,0.07625000000001592,0.08052083333333115,0.08499999999999375,0.1
2021-08-04,0.07625000000001592,0.08052083333333115,0.09074074074074558,0.1
2021-08-05,0.08812500000000512,0.08552083333332809,0.09499999999999886,0.1
2021-08-06,0.08812500000000512,0.08552083333332809,0.10074074074073439,0.1
2021-08-09,0.08812500000000512,0.08552083333332809,0.10074074074073439,0.1
2021-08-10,0.08812500000000512,0.08552083333332809,0.10574074074074614,0.1
2021-08-11,0.08812500000000512,0.08552083333332809,0.10074074074073439,0.1
2021-08-12,0.08812500000000512,0.08552083333332809,0.10074074074073439,0.1
2021-08-13,0.08812500000000512,0.08552083333332809,0.10074074074073439,0.1
2021-08-16,0.08812500000000512,0.09052083333333627,0.10574074074074614,0.1
2021-08-17,0.09499999999999886,0.08552083333332809,0.10074074074073439,0.1
2021-08-18,0.08812500000000512,0.08552083333332809,0.10074074074073439,0.09
2021-08-19,0.07625000000001592,0.08499999999999375,0.09574074074073893,0.09
2021-08-20,0.07625000000001592,0.08499999999999375,0.10074074074073439,0.09
2021-08-23,0.07625000000001592,0.08499999999999375,0.09574074074073893,0.09
2021-08-24,0.07625000000001592,0.09000000000000341,0.10074074074073439,0.09
2021-08-25,0.07625000000001592,0.08499999999999375,0.10074074074073439,0.09
2021-08-26,0.07625000000001592,0.08499999999999375,0.10074074074073439,0.09
2021-08-27,0.05749999999997968,0.08447916666666089,0.09000000000000341,0.08
2021-08-30,0.04562499999999048,0.07947916666666544,0.08499999999999375,0.08
2021-08-31,0.04562499999999048,0.07947916666666544,0.08499999999999375,0.06
2021-09-01,0.046999999999997044,0.07947916666666544,0.08499999999999375,0.08
2021-09-02,0.07500000000000284,0.07947916666666544,0.08499999999999375,0.08
2021-09-03,0.06999999999999318,0.0744791666666685,0.0799999999999983,0.08
2021-09-07,0.06999999999999318,0.0744791666666685,0.08574074074073382,0.08
2021-09-08,0.06999999999999318,0.0744791666666685,0.08574074074073382,0.08
2021-09-09,0.06999999999999318,0.0744791666666685,0.08574074074073382,0.08
2021-09-10,0.07500000000000284,0.07947916666666544,0.08499999999999375,0.08
2021-09-13,0.07500000000000284,0.07947916666666544,0.0799999999999983,0.08
2021-09-14,0.07500000000000284,0.07947916666666544,0.0799999999999983,0.08
2021-09-15,0.0799999999999983,0.0799999999999983,0.0799999999999983,0.08
2021-09-16,0.0799999999999983,0.0799999999999983,0.0799999999999983,0.08
2021-09-17,0.0799999999999983,0.0747916666666697,0.0799999999999983,0.08
2021-09-20,0.0799999999999983,0.0799999999999983,0.0799999999999983,0.08
2021-09-21,0.0799999999999983,0.0799999999999983,0.0799999999999983,0.08
2021-09-22,0.0799999999999983,0.0799999999999983,0.08574074074073382,0.08
2021-09-23,0.0799999999999983,0.0799999999999983,0.08574074074073382,0.08
2021-09-24,0.0799999999999983,0.0799999999999983,0.08574074074073382,0.08
2021-09-27,0.0799999999999983,0.0799999999999983,0.08574074074073382,0.08
2021-09-28,0.08249999999999602,0.08026041666666472,0.09074074074074558,0.08
2021-09-29,0.0799999999999983,0.0799999999999983,0.09074074074074558,0.08
2021-09-30,0.07750000000000057,0.07526041666666927,0.08574074074073382,0.06
2021-10-01,0.0799999999999983,0.0799999999999983,0.08574074074073382,0.08
2021-10-04,0.07472222222222531,0.0426458333332775,0.11425925925925481,0.08
2021-10-05,0.0799999999999983,0.04900000000002649,0.12425925925927414,0.08
2021-10-06,0.0799999999999983,0.04900000000002649,0.11925925925926238,0.08
2021-10-07,0.07500000000000284,0.07500000000000284,0.1292592592592533,0.08
2021-10-08,0.07472222222222531,0.07364583333333741,0.13851851851853464,0.08
2021-10-12,0.0799999999999983,0.0799999999999983,0.15277777777776463,0.08
2021-10-13,0.0799999999999983,0.0799999999999983,0.167037037037023,0.08
2021-10-14,0.07472222222222531,0.07364583333333741,0.167037037037023,0.08
2021-10-15,0.07472222222222531,0.07364583333333741,0.1970370370370547,0.08
2021-10-18,0.0799999999999983,0.0799999999999983,0.2062962962962892,0.08
2021-10-19,0.07472222222222531,0.07364583333333741,0.19203703703703082,0.08
2021-10-20,0.07472222222222531,0.07364583333333741,0.1962962962963146,0.08
2021-10-21,0.0744444444444478,0.07229166666667197,0.22481481481480298,0.08
2021-10-22,0.0744444444444478,0.07229166666667197,0.2633333333333149,0.08
2021-10-25,0.0744444444444478,0.07229166666667197,0.23407407407408434,0.08
2021-10-26,0.0744444444444478,0.07229166666667197,0.24407407407407525,0.08
2021-10-27,0.07472222222222531,0.07364583333333741,0.25907407407407373,0.08
2021-10-28,0.0744444444444478,0.10329166666664377,0.27259259259259205,0.08
2021-10-29,0.0744444444444478,0.10329166666664377,0.2640740740740692,0.07
2021-11-01,0.07455555555555943,0.07283333333334116,0.2740740740740601,0.08
2021-11-02,0.07705128205128305,0.08499999999999375,0.2448148148148132,0.08
2021-11-03,0.0810256410256384,0.08499999999999375,0.25833333333333364,0.08
2021-11-04,0.07602564102564295,0.0799999999999983,0.22981481481481475,0.08
2021-11-05,0.07602564102564295,0.0799999999999983,0.2098148148148024,0.08
2021-11-08,0.0810256410256384,0.08499999999999375,0.2340740740740538,0.08
2021-11-09,0.0799999999999983,0.0799999999999983,0.22055555555556391,0.08
2021-11-10,0.0810256410256384,0.08499999999999375,0.25907407407407373,0.08
2021-11-12,0.0820512820512814,0.09000000000000341,0.293333333333316,0.08
2021-11-15,0.0820512820512814,0.09000000000000341,0.2833333333333251,0.08
2021-11-16,0.0820512820512814,0.09000000000000341,0.28833333333332056,0.08
2021-11-17,0.0820512820512814,0.09000000000000341,0.26833333333332454,0.08
2021-11-18,0.0820512820512814,0.09000000000000341,0.25833333333333364,0.08
2021-11-19,0.0820512820512814,0.09000000000000341,0.2775925925925896,0.08
2021-11-22,0.0820512820512814,0.09000000000000341,0.3246296296296365,0.08
2021-11-23,0.08705128205127685,0.09499999999999886,0.32537037037037864,0.08
2021-11-24,0.0820512820512814,0.09000000000000341,0.3581481481481672,0.08
2021-11-26,0.08738461538460697,0.08499999999999375,0.2575925925925936,0.08
2021-11-29,0.08738461538460697,0.08499999999999375,0.25833333333333364,0.08
2021-11-30,0.0810256410256384,0.08499999999999375,0.28185185185185707,0.07
2021-12-01,0.08619230769230037,0.08499999999999375,0.2961111111111034,0.08
2021-12-02,0.07807692307692038,0.1623333333333297,0.43874999999997044,0.08
2021-12-03,0.07807692307692038,0.15200000000000577,0.41374999999996476,0.08
2021-12-06,0.0771153846153828,0.16733333333332515,0.41999999999989157,0.08
2021-12-07,0.07211538461538734,0.18300000000000693,0.46000000000008967,0.08
2021-12-08,0.08307692307691583,0.17766666666667846,0.46874999999986144,0.08
2021-12-09,0.0771153846153828,0.17766666666667846,0.4787499999999625,0.08
2021-12-10,0.08307692307691583,0.17766666666667846,0.4787499999999625,0.08
2021-12-13,0.08307692307691583,0.16733333333332515,0.43500000000009775,0.08
2021-12-14,0.08807692307692823,0.17233333333334996,0.48374999999997215,0.08
2021-12-15,0.08307692307691583,0.1983333333333263,0.5387500000000607,0.08
2021-12-16,0.08307692307691583,0.1983333333333263,0.5187499999999692,0.08
2021-12-17,0.08307692307691583,0.21900000000000355,0.5437500000000703,0.08
2021-12-20,0.08307692307691583,0.20866666666667963,0.5237500000000601,0.08
2021-12-21,0.08211538461537825,0.223999999999999,0.509999999999895,0.08
2021-12-22,0.08307692307691583,0.2293333333333275,0.519999999999996,0.08
2021-12-23,0.0771153846153828,0.2396666666666808,0.5687499999999801,0.08
2021-12-27,0.07807692307692038,0.23466666666665598,0.5599999999999064,0.08
2021-12-28,0.08307692307691583,0.2500000000000047,0.598749999999967,0.08
2021-12-29,0.0771153846153828,0.2500000000000047,0.6037499999999625,0.08
2021-12-30,0.07807692307692038,0.23466666666665598,0.5499999999999972,0.08
2021-12-31,0.0771153846153828,0.2293333333333275,0.5450000000000017,0.07
2022-01-03,0.08009615384614932,0.2500000000000047,0.5749999999999069,0.08
2022-01-04,0.09000000000000341,0.3418518518518499,0.6516666666666519,0.08
2022-01-05,0.09000000000000341,0.3833333333333384,0.7066666666666587,0.08
2022-01-06,0.09499999999999886,0.398333333333339,0.7466666666666981,0.08
2022-01-07,0.09999999999999432,0.3868518518518516,0.7266666666666547,0.08
2022-01-10,0.10500000000000398,0.4083333333333278,0.7683333333333119,0.08
2022-01-11,0.09499999999999886,0.40333333333333443,0.7633333333333496,0.08
2022-01-12,0.09000000000000341,0.4083333333333278,0.7683333333333119,0.08
2022-01-13,0.09000000000000341,0.4075925925925877,0.7683333333333119,0.08
2022-01-14,0.09000000000000341,0.4283333333333401,0.818333333333309,0.08
2022-01-18,0.09499999999999886,0.4820370370370418,0.8933333333333119,0.08
2022-01-19,0.09499999999999886,0.4812962962962996,0.8733333333333491,0.08
2022-01-20,0.09499999999999886,0.48703703703703516,0.9150000000000063,0.08
2022-01-21,0.09000000000000341,0.4612962962962894,0.853333333333353,0.08
2022-01-24,0.09000000000000341,0.44629629629630513,0.8116666666666958,0.08
2022-01-25,0.09499999999999886,0.47703703703703004,0.8616666666666598,0.08
2022-01-26,0.08499999999999375,0.504259259259258,0.9450000000000074,0.08
2022-01-27,0.08499999999999375,0.5801851851851922,1.0516666666666623,0.08
2022-01-28,0.08499999999999375,0.5701851851851871,1.0566666666666578,0.08
2022-01-31,0.08499999999999375,0.5816666666666745,1.0666666666666629,0.08
2022-02-01,0.08249999999999602,0.5716666666666694,1.0516666666666623,0.08
2022-02-02,0.35900000000000887,0.7390740740740893,1.1314285714285717,0.08
2022-02-03,0.3873333333333458,0.7783333333333412,1.1617857142857153,0.08
2022-02-04,0.44899999999999995,0.8916666666666626,1.296428571428578,0.08
2022-02-07,0.4336666666666512,0.8709259259259429,1.2717857142857147,0.08
2022-02-08,0.4233333333333273,0.893703703703712,1.3014285714285734,0.08
2022-02-09,0.4156666666666827,0.8879629629629743,1.3067857142857113,0.08
2022-02-10,0.6416666666666667,1.08925925925927,1.5721428571428544,0.08
2022-02-11,0.5003333333333302,1.0548148148148224,1.5271428571428527,0.08
2022-02-14,0.5163333333333308,1.0812962962962962,1.6082142857142796,0.08
2022-02-15,0.5086666666666863,1.034999999999987,1.547857142857149,0.08
2022-02-16,0.46999999999999603,0.990740740740756,1.503214285714291,0.08
2022-02-17,0.4416666666666591,0.9572222222222132,1.442857142857145,0.08
2022-02-18,0.40799999999999365,0.9307407407407395,1.4178571428571394,0.08
2022-02-22,0.4596666666666721,1.0262962962963036,1.5285714285714238,0.08
2022-02-23,0.43899999999999484,1.0205555555555537,1.5442857142857105,0.08
2022-02-24,0.3796666666666567,0.9357407407407492,1.4546428571428496,0.08
2022-02-25,0.4106666666666579,0.9457407407407401,1.4799999999999989,0.08
2022-02-28,0.3666666666666686,0.8529629629629777,1.283928571428577,0.08
2022-03-01,0.3434999999999936,0.7288888888888786,1.0874999999999986,0.08
2022-03-02,0.33499999999999375,0.9135185185185166,1.3792857142857196,0.08
2022-03-03,0.3400000000000034,0.9127777777777908,1.4096428571428632,0.08
2022-03-04,0.3199999999999932,0.8870370370370287,1.3542857142857128,0.08
2022-03-07,0.32500000000000284,0.926296296296295,1.3942857142857201,0.08
2022-03-08,0.33499999999999375,0.9420370370370498,1.4653571428571408,0.08
2022-03-09,0.3499999999999943,0.9755555555555356,1.515357142857138,0.08
2022-03-10,0.3400000000000034,0.9983333333333212,1.5457142857142816,0.08
2022-03-11,0.3400000000000034,1.016851851851835,1.5757142857142827,0.08
2022-03-14,0.3649999999999949,1.0688888888889077,1.6457142857142912,0.08
2022-03-15,0.35999999999999943,1.0596296296296286,1.6460714285714337,0.08
2022-03-16,0.34499999999999886,1.1031481481481502,1.787857142857149,0.08
2022-03-17,0.33499999999999375,1.0405555555555475,1.7685714285714238,0.33
2022-03-18,0.3400000000000034,1.0768518518518373,1.8035714285714357,0.33
2022-03-21,0.3499999999999943,1.1551851851851924,1.994642857142861,0.33
2022-03-22,0.34499999999999886,1.1601851851851879,2.014642857142857,0.33
2022-03-23,0.34499999999999886,1.164444444444443,1.993928571428576,0.33
2022-03-24,0.34499999999999886,1.188703703703709,2.0489285714285677,0.33
2022-03-25,0.34499999999999886,1.2172222222222138,2.1807142857142927,0.33
2022-03-28,0.3499999999999943,1.2264814814814764,2.2314285714285753,0.33
2022-03-29,0.34250000000000114,1.1983333333333297,2.176428571428567,0.33
2022-03-30,0.34250000000000114,1.1840740740740836,2.16178571428571,0.33
2022-03-31,0.34250000000000114,1.1883333333333388,2.1260714285714277,0.33
2022-04-01,0.34250000000000114,1.2283333333333308,2.2382142857142844,0.33
2022-04-04,0.7985185185185129,1.540000000000024,2.4552941176470626,0.33
2022-04-05,0.8046296296296347,1.5912500000000058,2.5235294117647036,0.33
2022-04-06,0.8042592592592647,1.6087500000001,2.509705882352938,0.33
2022-04-07,0.8103703703703702,1.592499999999923,2.49029411764706,0.33
2022-04-08,0.8100000000000002,1.6287500000000001,2.533235294117637,0.33
2022-04-11,0.8214814814814875,1.6099999999999355,2.542647058823537,0.33
2022-04-12,0.8118518518518525,1.5437500000000632,2.4255882352941076,0.33
2022-04-13,0.8122222222222225,1.546250000000061,2.382058823529414,0.33
2022-04-14,0.8237037037037098,1.5862499999999713,2.46058823529413,0.33
2022-04-18,0.8233333333333398,1.5837499999999736,2.4797058823529503,0.33
2022-04-19,0.8290740740740753,1.5850000000000009,2.5682352941176467,0.33
2022-04-20,0.8348148148148108,1.6825000000000205,2.5994117647058697,0.33
2022-04-21,0.8520370370370337,1.7524999999999338,2.737058823529413,0.33
2022-04-22,0.8520370370370337,1.7737499999998612,2.829117647058814,0.33
2022-04-25,0.8405555555555627,1.8012500000000014,2.7335294117647027,0.33
2022-04-26,0.8409259259259327,1.7937500000000064,2.689411764705877,0.33
2022-04-27,0.8351851851851809,1.773749999999998,2.702647058823525,0.33
2022-04-28,0.8409259259259327,1.7849999999999326,2.746470588235304,0.33
2022-04-29,0.8524074074074037,1.8924999999998633,2.8297058823529455,0.33
2022-05-02,0.8466666666666682,1.852500000000063,2.814117647058827,0.33
2022-05-03,0.8601851851851867,1.9249999999999972,2.878823529411766,0.33
2022-05-04,0.8429629629629638,1.855000000000004,2.754411764705884,0.33
2022-05-05,0.8472222222222192,1.8649999999999949,2.835294117647055,0.83
2022-05-06,0.8400000000000012,1.8449999999999989,2.7997058823529404,0.83
2022-05-09,0.8435185185185288,1.8199999999999932,2.6941176470588357,0.83
2022-05-10,0.8407407407407412,1.8400000000000034,2.7052941176470626,0.83
2022-05-11,0.8387037037037084,1.8649999999999949,2.7544117647058965,0.83
2022-05-12,0.8349999999999895,1.8199999999999932,2.6558823529411835,0.83
2022-05-13,0.832222222222202,1.8499999999999943,2.7391176470588374,0.83
2022-05-16,0.832222222222202,1.8499999999999943,2.7200000000000046,0.83
2022-05-17,0.8359259259259373,1.8850000000000051,2.832058823529399,0.83
2022-05-18,0.837407407407389,1.8850000000000051,2.8264705882352983,0.83
2022-05-19,0.8394444444444364,1.8599999999999994,2.772647058823541,0.83
2022-05-20,0.8322222222222326,1.8299999999999983,2.7464705882353,0.83
2022-05-23,0.8387037037036962,1.855000000000004,2.7767647058823597,0.83
2022-05-24,0.8372222222222119,1.8349999999999937,2.66470588235294,0.83
2022-05-25,0.8307407407407505,1.8199999999999932,2.640882352941183,0.83
2022-05-26,0.8307407407407505,1.8199999999999932,2.6361764705882327,0.83
2022-05-27,0.8307407407407221,1.8100000000000023,2.6402941176470525,0.83
2022-05-31,0.8279629629629488,1.8250000000000028,2.7238235294117525,0.83
2022-06-01,0.8251851851851757,1.8449999999999989,2.796470588235297,0.83
2022-06-02,1.3405555555555564,2.25666666666667,2.9659259259259194,0.83
2022-06-03,1.3398148148148163,2.2616666666666654,2.996296296296291,0.83
2022-06-06,1.3440740740740695,2.254999999999972,3.0314814814814874,0.83
2022-06-07,1.3448148148148118,2.2500000000000093,3.0112962962962917,0.83
2022-06-08,1.3498148148148212,2.2716666666666705,3.0462962962963025,0.83
2022-06-09,1.3475925925925991,2.286666666666671,3.0968518518518553,0.83
2022-06-10,1.3851851851851775,2.481666666666674,3.397222222222223,0.83
2022-06-13,1.4049999999999985,2.6083333333333294,3.7085185185185217,0.83
2022-06-14,1.5644444444444396,2.8883333333333305,3.897407407407408,0.83
2022-06-15,1.5983333333333363,2.8533333333333197,3.7662962962963014,0.83
2022-06-16,1.5911111111111187,2.8799999999999764,3.740185185185185,1.58
2022-06-17,1.595370370370372,2.8899999999999815,3.699629629629623,1.58
2022-06-21,1.5931481481481498,2.9216666666666335,3.7292592592592535,1.58
2022-06-22,1.594629629629632,2.894999999999977,3.5679629629629606,1.58
2022-06-23,1.5938888888888918,2.883333333333321,3.5172222222222227,1.58
2022-06-24,1.5918518518518587,2.841666666666631,3.487777777777777,1.58
2022-06-27,1.5938888888888918,2.8666666666666694,3.527962962962969,1.58
2022-06-28,1.5882407407407346,2.8466666666666733,3.5533333333333306,1.58
2022-06-29,1.5882407407407346,2.8299999999999748,3.568333333333331,1.58
2022-06-30,1.5847222222222213,2.7983333333333227,3.4122222222222187,1.58
2022-07-01,1.5861111111111068,2.808333333333328,3.376481481481482,1.58
2022-07-05,2.269999999999996,3.1067857142857074,3.2818312757201604,1.58
2022-07-06,2.2849999999999966,3.173571428571435,3.3976954732510163,1.58
2022-07-07,2.299999999999997,3.214999999999997,3.4931069958847463,1.58
2022-07-08,2.325000000000003,3.2967857142857104,3.5972016460905456,1.58
2022-07-11,2.325000000000003,3.2700000000000053,3.5076954732510157,1.58
2022-07-12,2.325000000000003,3.2639285714285657,3.425061728395071,1.58
2022-07-13,2.5,3.536428571428572,3.546152263374511,1.58
2022-07-14,2.4150000000000063,3.4575000000000022,3.5809670781893113,1.58
2022-07-15,2.375,3.3646428571428606,3.512386831275748,1.58
2022-07-18,2.375,3.3646428571428606,3.481069958847731,1.58
2022-07-19,2.3900000000000006,3.3950000000000053,3.540164609053494,1.58
2022-07-20,2.3799999999999955,3.3957142857142903,3.5746090534979564,1.58
2022-07-21,2.3700000000000045,3.30678571428571,3.3833333333333337,1.58
2022-07-22,2.3499999999999943,3.2457142857142793,3.2679218106995966,1.58
2022-07-25,2.3599999999999994,3.2917857142857097,3.332016460905319,1.58
2022-07-26,2.364999999999995,3.266428571428577,3.3237860082304502,1.58
2022-07-27,2.3349999999999937,3.20464285714286,3.241111111111127,1.58
2022-07-28,2.3299999999999983,3.157500000000001,3.191111111111081,2.33
2022-07-29,2.3299999999999983,3.1732142857142867,3.24788065843621,2.32
2022-08-01,2.332499999999996,3.178214285714282,3.2646502057613467,2.33
2022-08-02,2.9408333333333445,3.3902941176470693,3.3475000000000046,2.33
2022-08-03,2.9408333333333445,3.418529411764691,3.4091071428571498,2.33
2022-08-04,2.9350000000000165,3.379999999999993,3.3430357142857074,2.33
2022-08-05,3.0450000000000252,3.5676470588235287,3.589107142857141,2.33
2022-08-08,3.0783333333333283,3.553823529411751,3.570178571428574,2.33
2022-08-09,3.0450000000000252,3.5908823529411684,3.641249999999995,2.33
2022-08-10,2.968333333333367,3.5158823529411913,3.5667857142857073,2.33
2022-08-11,2.957499999999996,3.534411764705868,3.617321428571434,2.33
2022-08-12,2.974166666666695,3.5299999999999896,3.653928571428572,2.33
2022-08-15,2.974166666666695,3.5058823529411747,3.592321428571427,2.33
2022-08-16,2.974166666666695,3.520000000000011,3.6278571428571373,2.33
2022-08-17,2.980000000000023,3.5335294117647047,3.6889285714285687,2.33
2022-08-18,2.974166666666695,3.520000000000011,3.637857142857144,2.33
2022-08-19,3.007499999999998,3.534999999999986,3.6633928571428633,2.33
2022-08-22,3.0241666666666966,3.606176470588249,3.7794642857142873,2.33
2022-08-23,3.007499999999998,3.5920588235294124,3.743928571428577,2.33
2022-08-24,3.0241666666666966,3.634999999999989,3.7839285714285675,2.33
2022-08-25,3.0300000000000247,3.6494117647058717,3.778928571428572,2.33
2022-08-26,3.007499999999998,3.6582352941176546,3.7894642857142924,2.33
2022-08-29,3.0241666666666966,3.7255882352941057,3.8383928571428605,2.33
2022-08-30,3.0241666666666966,3.7529411764706033,3.8894642857142867,2.33
2022-08-31,3.007499999999998,3.7429411764705853,3.894464285714281,2.33
2022-09-01,3.0300000000000247,3.7717647058823642,3.9549999999999983,2.33
2022-09-02,2.9749999999999943,3.680588235294104,3.813392857142855,2.33
2022-09-06,3.0150000000000006,3.794705882352945,3.938392857142855,2.33
2022-09-07,3.0250000000000057,3.7955882352941086,3.892857142857138,2.33
2022-09-08,3.049999999999997,3.8252941176470507,3.9078571428571385,2.33
2022-09-09,3.0600000000000023,3.886176470588225,3.9928571428571478,2.33
2022-09-12,3.0600000000000023,3.8955882352941247,3.9928571428571478,2.33
2022-09-13,3.1599999999999966,4.175882352941172,4.286250000000006,2.33
2022-09-14,3.144999999999996,4.202647058823539,4.34125,2.33
2022-09-15,3.1400000000000006,4.239117647058813,4.426785714285723,2.33
2022-09-16,3.1200000000000045,4.196176470588236,4.372857142857144,2.33
2022-09-19,3.1299999999999955,4.233823529411771,4.458928571428565,2.33
2022-09-20,3.125,4.219411764705889,4.468928571428569,2.33
2022-09-21,3.0849999999999937,4.270882352941184,4.529464285714288,2.33
2022-09-22,3.0900000000000034,4.285294117647068,4.6771428571428535,3.08
2022-09-23,3.094999999999999,4.29970588235295,4.72821428571428,3.08
2022-09-26,3.0999999999999943,4.290588235294109,4.65875,3.08
2022-09-27,3.0900000000000034,4.24823529411765,4.55660714285715,3.08
2022-09-28,3.0849999999999937,4.188235294117639,4.383392857142863,3.08
2022-09-29,3.0849999999999937,4.201764705882359,4.428392857142866,3.08
2022-09-30,3.0849999999999937,4.224705882352952,4.448392857142861,3.08
2022-10-03,3.082499999999996,4.224852941176469,4.401785714285715,3.08
2022-10-04,3.7708928571428513,4.442037037037039,4.3964062500000125,3.08
2022-10-05,3.7762500000000045,4.45703703703704,4.434687499999992,3.08
2022-10-06,3.797678571428572,4.507592592592593,4.522656249999997,3.08
2022-10-07,3.808571428571434,4.588333333333331,4.617812499999995,3.08
2022-10-11,3.813750000000001,4.613703703703708,4.62875,3.08
2022-10-12,3.813750000000001,4.618148148148148,4.609843750000003,3.08
2022-10-13,3.8673214285714264,4.811296296296293,4.833906249999986,3.08
2022-10-14,3.8566071428571504,4.852407407407411,4.926874999999997,3.08
2022-10-17,3.851249999999997,4.837222222222225,4.887656249999992,3.08
2022-10-18,3.851249999999997,4.827037037037035,4.849062500000012,3.08
2022-10-19,3.8514285714285683,4.882962962962968,4.941874999999998,3.08
2022-10-20,3.8566071428571504,4.898518518518524,4.9948437499999905,3.08
2022-10-21,3.8458928571428594,4.766666666666662,4.8554687500000036,3.08
2022-10-24,3.851249999999997,4.812407407407404,4.89562500000001,3.08
2022-10-25,3.851249999999997,4.797222222222219,4.885000000000005,3.08
2022-10-26,3.8405357142857213,4.741851851851856,4.816093749999985,3.08
2022-10-27,3.835178571428568,4.711111111111114,4.747812500000004,3.08
2022-10-28,3.824464285714292,4.7622222222222215,4.860156249999986,3.08
2022-10-31,3.8326785714285703,4.80814814814815,4.934062500000002,3.08
2022-11-01,3.835357142857139,4.818518518518526,5.01171875,3.08
2022-11-02,3.8442857142857045,4.798518518518514,5.0485937500000055,3.08
2022-11-03,3.8492857142857315,4.834629629629622,5.140156250000005,3.83
2022-11-04,3.8464285714285773,4.799259259259255,5.085781249999984,3.83
2022-11-07,3.8492857142857315,4.834629629629622,5.136093749999997,3.83
2022-11-08,3.8453571428571496,4.804074074074081,5.096093750000003,3.83
2022-11-09,3.8503571428571277,4.803888888888895,5.077187500000008,3.83
2022-11-10,3.846785714285726,4.692407407407415,4.85249999999999,3.83
2022-11-14,3.8457142857142803,4.712777777777781,4.919843749999998,3.83
2022-11-15,3.8517857142857213,4.69740740740741,4.899687500000014,3.83
2022-11-16,3.8517857142857213,4.69740740740741,4.9187499999999975,3.83
2022-11-17,3.8507142857142758,4.717777777777776,4.986250000000004,3.83
2022-11-18,3.8546428571428586,4.743148148148152,5.049687500000002,3.83
2022-11-21,3.865714285714277,4.753518518518513,5.069687499999999,3.83
2022-11-22,3.8646428571428633,4.779074074074075,5.0757812500000075,3.83
2022-11-23,3.859642857142854,4.763703703703704,5.031562500000005,3.83
2022-11-25,3.849642857142863,4.758888888888894,5.008124999999987,3.83
2022-11-28,3.8375000000000172,4.77407407407408,5.013593750000009,3.83
2022-11-29,3.8324999999999902,4.748333333333333,5.011562499999997,3.83
2022-11-30,3.8396428571428576,4.722962962962956,4.935312499999998,3.83
2022-12-01,3.8401785714285714,4.697222222222225,4.852343750000005,3.83
2022-12-02,4.349999999999994,4.870432098765432,4.846375000000009,3.83
2022-12-05,4.355000000000004,4.932613168724298,4.951812499999988,3.83
2022-12-06,4.349999999999994,4.9230658436213774,4.903687500000001,3.83
2022-12-07,4.349999999999994,4.870432098765432,4.817812499999948,3.83
2022-12-08,4.349999999999994,4.887654320987689,4.878687499999989,3.83
2022-12-09,4.349999999999994,4.901296296296331,4.868500000000017,3.83
2022-12-12,4.355000000000004,4.932613168724298,4.92949999999999,3.83
2022-12-13,4.334999999999994,4.828148148148115,4.7868124999999795,3.83
2022-12-14,4.334999999999994,4.819053497942396,4.824812499999962,3.83
2022-12-15,4.334999999999994,4.836275720164603,4.867937500000062,4.33
2022-12-16,4.329999999999998,4.796831275720144,4.78912500000003,4.33
2022-12-19,4.334999999999994,4.837242798353914,4.808812499999997,4.33
2022-12-20,4.334999999999994,4.815473251028783,4.828999999999979,4.33
2022-12-21,4.334999999999994,4.8063786008230664,4.801562499999972,4.33
2022-12-22,4.334999999999994,4.845370370370369,4.821250000000004,4.33
2022-12-23,4.334999999999994,4.854465020576121,4.87468749999997,4.33
2022-12-27,4.334999999999994,4.902551440329225,4.970124999999899,4.33
2022-12-28,4.334999999999994,4.854465020576121,4.902500000000072,4.33
2022-12-29,4.329999999999998,4.840370370370361,4.8999375000000045,4.33
2022-12-30,4.329999999999998,4.866687242798331,4.917062500000026,4.33
2023-01-03,4.332499999999996,4.866913580246891,4.894312500000052,4.33
2023-01-04,4.666944444444446,4.964642857142857,4.844999999999999,4.33
2023-01-05,4.682500000000002,5.000714285714279,4.930000000000007,4.33
2023-01-06,4.6513888888888895,4.944107142857146,4.810000000000002,4.33
2023-01-09,4.641018518518514,4.923571428571435,4.749999999999986,4.33
2023-01-10,4.646203703703709,4.934107142857139,4.785000000000011,4.33
2023-01-11,4.646203703703709,4.934107142857139,4.779999999999973,4.33
2023-01-12,4.604722222222221,4.900178571428573,4.7450000000000045,4.33
2023-01-13,4.604722222222221,4.915714285714286,4.795000000000002,4.33
2023-01-17,4.604722222222221,4.8946428571428635,4.75,4.33
2023-01-18,4.599537037037041,4.863035714285718,4.680000000000021,4.33
2023-01-19,4.594444444444438,4.879642857142862,4.739999999999995,4.33
2023-01-20,4.589166666666665,4.890714285714281,4.759999999999991,4.33
2023-01-23,4.594444444444438,4.915714285714286,4.784999999999997,4.33
2023-01-24,4.594444444444438,4.905714285714282,4.7900000000000205,4.33
2023-01-25,4.589166666666665,4.8846428571428575,4.720000000000013,4.33
2023-01-26,4.589259259259258,4.900178571428573,4.7549999999999955,4.33
2023-01-27,4.584074074074077,4.895178571428578,4.765000000000001,4.33
2023-01-30,4.591851851851848,4.916250000000001,4.799999999999997,4.33
2023-01-31,4.589166666666665,4.900714285714287,4.7749999999999915,4.33
2023-02-01,4.581481481481487,4.890178571428566,4.735000000000014,4.33
2023-02-02,4.582727272727273,4.879642857142862,4.720000000000013,4.58
2023-02-03,4.5825000000000085,4.975535714285708,4.909999999999997,4.58
2023-02-06,4.588409090909089,5.017678571428571,5.055000000000007,4.58
2023-02-07,4.579318181818182,5.03928571428571,5.089999999999975,4.58
2023-02-08,4.579318181818182,5.03375,5.089999999999975,4.58
2023-02-09,4.584318181818177,5.038749999999996,5.114999999999995,4.57
2023-02-10,4.579318181818182,5.044821428571434,5.135000000000005,4.58
2023-02-13,4.579318181818182,5.044821428571434,5.159999999999997,4.58
2023-02-14,4.584318181818177,5.055357142857139,5.255000000000024,4.58
2023-02-15,4.582272727272724,5.054821428571425,5.214999999999989,4.58
2023-02-16,4.5802272727272655,5.059821428571435,5.199999999999989,4.58
2023-02-17,4.583181818181829,5.103035714285714,5.264999999999986,4.58
2023-02-21,4.5840909090909125,5.134642857142857,5.3500000000000085,4.58
2023-02-22,4.589090909090903,5.145178571428575,5.365000000000009,4.58
2023-02-23,4.5820454545454545,5.145178571428575,5.339999999999975,4.58
2023-02-24,4.577045454545464,5.145714285714291,5.394999999999996,4.58
2023-02-27,4.579090909090917,5.14071428571428,5.400000000000006,4.57
2023-02-28,4.579090909090917,5.13517857142857,5.405000000000001,4.57
2023-03-01,4.575000000000006,5.150714285714285,5.460000000000022,4.58
2023-03-02,4.890000000000001,5.346406250000005,5.40344827586207,4.57
2023-03-03,4.885000000000005,5.350468750000001,5.398103448275869,4.57
2023-03-06,4.890000000000001,5.364531250000001,5.423275862068963,4.57
2023-03-07,4.980000000000004,5.5331250000000125,5.593448275862068,4.57
2023-03-08,5.0049999999999955,5.576249999999986,5.6384482758620695,4.57
2023-03-09,4.980000000000004,5.518906249999999,5.507931034482764,4.57
2023-03-10,4.900000000000006,5.272031249999993,5.025344827586207,4.57
2023-03-13,4.715000000000003,4.64328125,4.006379310344833,4.58
2023-03-14,4.7549999999999955,4.802656250000002,4.250517241379305,4.58
2023-03-15,4.709999999999994,4.588906249999994,3.890517241379306,4.58
2023-03-16,4.769999999999996,4.845156250000004,4.2603448275862075,4.58
2023-03-17,4.730000000000004,4.545468749999998,3.9201724137931007,4.58
2023-03-20,4.7549999999999955,4.6765624999999975,4.055862068965519,4.58
2023-03-21,4.780000000000001,4.906562499999988,4.486034482758615,4.58
2023-03-22,4.814999999999998,4.853281250000013,4.3751724137930985,4.58
2023-03-23,4.810000000000002,4.756093749999982,4.108965517241374,4.83
2023-03-24,4.799999999999997,4.741874999999995,4.088620689655171,4.83
2023-03-27,4.819999999999993,4.886718750000009,4.333965517241383,4.83
2023-03-28,4.810000000000002,4.881562500000001,4.409827586206903,4.83
2023-03-29,4.810000000000002,4.881562500000001,4.455172413793097,4.83
2023-03-30,4.814999999999998,4.904999999999992,4.499999999999995,4.83
2023-03-31,4.814999999999998,4.909531250000015,4.4944827586206895,4.83
2023-04-03,4.814999999999998,4.955781250000012,4.503793103448281,4.83
2023-04-04,4.94205357142858,4.763593750000046,4.150411877394631,4.83
2023-04-05,4.925714285714292,4.662750000000034,4.05066091954023,4.83
2023-04-06,4.941785714285722,4.709125000000048,4.168773946360144,4.83
2023-04-07,5.0021428571428554,4.854749999999956,4.376886973180064,4.83
2023-04-10,5.012946428571433,4.912656250000015,4.408275862068977,4.83
2023-04-11,5.007410714285707,4.869718749999981,4.408275862068977,4.83
2023-04-12,5.007410714285707,4.856468749999993,4.343524904214572,4.83
2023-04-13,5.007410714285707,4.891968750000006,4.334913793103445,4.83
2023-04-14,5.034821428571429,4.994187499999953,4.4947892720306335,4.83
2023-04-17,5.0458928571428645,5.017812500000042,4.5684003831417614,4.83
2023-04-18,5.0458928571428645,5.066562499999998,4.584664750957852,4.83
2023-04-19,5.051428571428573,5.100500000000006,4.647902298850571,4.83
2023-04-20,5.051428571428573,5.073999999999989,4.566302681992328,4.83
2023-04-21,5.056964285714282,5.063687499999946,4.5913026819923415,4.83
2023-04-24,5.062500000000006,5.0711250000000065,4.557940613026818,4.83
2023-04-25,5.023749999999994,4.952812500000016,4.347978927203059,4.83
2023-04-26,5.012946428571433,4.965656250000092,4.3542432950191605,4.83
2023-04-27,5.051428571428573,5.087250000000063,4.535842911877398,4.83
2023-04-28,5.051428571428573,5.073999999999989,4.5158429118774,4.83
2023-05-01,5.069835164835178,5.099999999999994,4.592816091954016,4.83
2023-05-02,5.048571428571448,4.954999999999998,4.424454022988512,4.83
2023-05-03,5.067417582417577,5.0049999999999955,4.399118773946364,4.83
2023-05-04,5.058241758241771,4.875,4.112681992337155,5.08
2023-05-05,5.063846153846137,4.980000000000004,4.317643678160927,5.08
2023-05-08,5.064615384615385,5.010000000000005,4.40449233716475,5.08
2023-05-09,5.067802197802206,5.019999999999996,4.414367816091959,5.08
2023-05-10,5.069175824175816,4.959999999999994,4.284157088122606,5.08
2023-05-11,5.06664835164836,4.974999999999994,4.299032567049809,5.08
2023-05-12,5.06961538461538,5.015000000000001,4.387270114942518,5.08
2023-05-15,5.068901098901109,5.025000000000006,4.4071455938697435,5.08
2023-05-16,5.070384615384609,5.045000000000002,4.483994252873562,5.08
2023-05-17,5.072252747252755,5.079999999999998,4.5337452107279645,5.08
2023-05-18,5.0817032967033,5.144999999999996,4.655593869731809,5.08
2023-05-19,5.0832417582417655,5.1299999999999955,4.6405938697318065,5.08
2023-05-22,5.08159340659339,5.180000000000007,4.699329501915705,5.08
2023-05-23,5.088076923076914,5.204999999999998,4.729080459770113,5.08
2023-05-24,5.091428571428583,5.260000000000005,4.803955938697319,5.08
2023-05-25,5.080549450549457,5.329999999999998,4.934291187739469,5.08
2023-05-26,5.075824175824168,5.334999999999994,5.007988505747118,5.08
2023-05-30,5.080467032967034,5.344999999999999,4.971139846743305,5.08
2023-05-31,5.086318681318674,5.290000000000006,4.894166666666666,5.08
2023-06-01,5.087609890109911,5.2450000000000045,4.844042145593871,5.08
2023-06-02,5.1578846153846225,5.264999999999986,4.994128352490424,5.08
2023-06-05,5.148846153846156,5.249999999999986,4.970641762452117,5.08
2023-06-06,5.13884615384615,5.240000000000023,4.992490421455953,5.08
2023-06-07,5.149807692307693,5.259999999999977,5.024588122605365,5.08
2023-06-08,5.149807692307693,5.259999999999977,5.001226053639853,5.08
2023-06-09,5.1578846153846225,5.280000000000015,5.053199233716477,5.08
2023-06-12,5.144038461538463,5.289999999999978,5.0693390804597716,5.08
2023-06-13,5.105961538461534,5.285000000000011,5.136398467432942,5.08
2023-06-14,5.085000000000001,5.284999999999997,5.197749042145595,5.08
2023-06-15,5.0840384615384595,5.290000000000006,5.180402298850568,5.07
2023-06-16,5.081153846153844,5.289999999999978,5.199013409961687,5.08
2023-06-20,5.080192307692307,5.310000000000002,5.218888888888876,5.07
2023-06-21,5.08615384615384,5.310000000000002,5.238390804597709,5.07
2023-06-22,5.081153846153844,5.319999999999993,5.283850574712648,5.07
2023-06-23,5.082115384615385,5.299999999999997,5.2381417624521145,5.07
2023-06-26,5.081153846153844,5.305000000000007,5.246752873563218,5.07
2023-06-27,5.075192307692311,5.319999999999993,5.307088122605363,5.07
2023-06-28,5.068269230769223,5.310000000000002,5.303477011494255,5.07
2023-06-29,5.070384615384621,5.360000000000014,5.388936781609199,5.07
2023-06-30,5.071346153846158,5.339999999999989,5.3652011494253,5.08
2023-07-03,5.076346153846154,5.345000000000027,5.3690613026820015,5.08
2023-07-05,5.290000000000006,5.407241379310346,5.196363636363649,5.08
2023-07-06,5.295000000000002,5.447586206896545,5.2613636363636465,5.08
2023-07-07,5.299999999999997,5.427068965517239,5.221363636363639,5.08
2023-07-10,5.299999999999997,5.422068965517243,5.16318181818182,5.07
2023-07-11,5.299999999999997,5.432413793103455,5.188181818181812,5.08
2023-07-12,5.299999999999997,5.381551724137927,5.070000000000014,5.08
2023-07-13,5.299999999999997,5.366206896551718,4.957727272727254,5.08
2023-07-14,5.310000000000002,5.4018965517241435,5.0659090909090825,5.08
2023-07-17,5.314999999999998,5.401724137931041,5.036818181818187,5.08
2023-07-18,5.314999999999998,5.406896551724139,5.0659090909090825,5.08
2023-07-19,5.314999999999998,5.401724137931041,5.0659090909090825,5.08
2023-07-20,5.314999999999998,5.416896551724145,5.134090909090883,5.08
2023-07-21,5.314999999999998,5.4118965517241335,5.139090909090917,5.08
2023-07-24,5.319999999999993,5.427068965517239,5.1690909090909205,5.08
2023-07-25,5.325000000000003,5.442241379310342,5.194090909090911,5.08
2023-07-26,5.325000000000003,5.426724137931031,5.173181818181811,5.08
2023-07-27,5.325000000000003,5.426551724137928,5.2272727272727115,5.33
2023-07-28,5.329999999999998,5.42137931034483,5.207272727272743,5.33
2023-07-31,5.327500000000001,5.421551724137933,5.197272727272713,5.33
2023-08-01,5.329999999999998,5.426724137931031,5.202272727272748,5.33
2023-08-02,5.375,5.370948275862066,5.020166666666673,5.33
2023-08-03,5.375,5.3893103448275905,5.035000000000006,5.33
2023-08-04,5.365000000000009,5.365699233716487,4.959500000000004,5.33
2023-08-07,5.365000000000009,5.375574712643671,4.949166666666666,5.33
2023-08-08,5.360000000000014,5.379310344827575,4.959333333333336,5.33
2023-08-09,5.360000000000014,5.379310344827575,4.989666666666671,5.33
2023-08-10,5.34999999999998,5.377921455938699,4.999999999999996,5.33
2023-08-11,5.360000000000014,5.40115900383141,5.055333333333336,5.33
2023-08-14,5.360000000000014,5.419645593869721,5.120833333333334,5.33
2023-08-15,5.360000000000014,5.406034482758632,5.110833333333328,5.33
2023-08-16,5.360000000000014,5.415909961685816,5.136000000000001,5.33
2023-08-17,5.360000000000014,5.415909961685816,5.115833333333338,5.33
2023-08-18,5.34999999999998,5.396283524904212,5.090666666666666,5.33
2023-08-21,5.360000000000014,5.429521072796941,5.1408333333333305,5.33
2023-08-22,5.360000000000014,5.443007662835242,5.176000000000006,5.33
2023-08-23,5.360000000000014,5.415909961685816,5.110666666666661,5.33
2023-08-24,5.3799999999999955,5.453007662835248,5.19616666666667,5.33
2023-08-25,5.389999999999986,5.482385057471263,5.261500000000001,5.33
2023-08-28,5.389999999999986,5.500871647509575,5.266499999999996,5.33
2023-08-29,5.367500000000007,5.44414750957855,5.150833333333335,5.33
2023-08-30,5.3525000000000205,5.439022988505733,5.130666666666673,5.33
2023-08-31,5.360000000000014,5.420785440613041,5.105499999999998,5.33
2023-09-01,5.344999999999985,5.400909961685817,5.105666666666665,5.33
2023-09-05,5.349999999999994,5.438898467432937,5.206333333333328,5.33
2023-09-06,5.349999999999994,5.447509578544065,5.241833333333338,5.33
2023-09-07,5.349999999999994,5.447509578544065,5.19616666666667,5.33
2023-09-08,5.349999999999994,5.447509578544065,5.221499999999994,5.33
2023-09-11,5.349999999999994,5.454980842911884,5.231499999999999,5.33
2023-09-12,5.349999999999994,5.458716475095789,5.241666666666672,5.33
2023-09-13,5.340000000000003,5.458467432950195,5.241666666666672,5.33
2023-09-14,5.340000000000003,5.443840996168586,5.257000000000006,5.33
2023-09-15,5.334999999999994,5.43770114942528,5.282166666666663,5.33
2023-09-18,5.334999999999994,5.451187739463608,5.2921666666666685,5.33
2023-09-19,5.334999999999994,5.446312260536408,5.322666666666671,5.33
2023-09-20,5.325000000000003,5.4497988505747195,5.353000000000003,5.33
2023-09-21,5.329999999999998,5.458534482758619,5.342499999999999,5.33
2023-09-22,5.329999999999998,5.457394636015337,5.332499999999994,5.33
2023-09-25,5.329999999999998,5.442768199233726,5.327499999999999,5.33
2023-09-26,5.329999999999998,5.434157088122599,5.327499999999999,5.33
2023-09-27,5.329999999999998,5.452519157088114,5.367666666666671,5.33
2023-09-28,5.329999999999998,5.430421455938695,5.312333333333331,5.33
2023-09-29,5.327500000000001,5.429219348659002,5.307333333333336,5.33
2023-10-02,5.327500000000001,5.458472222222222,5.347499999999995,5.33
2023-10-03,5.4075862068965534,5.4634099616858185,5.251777777777793,5.33
2023-10-04,5.381810344827582,5.430359195402295,5.1404444444444515,5.33
2023-10-05,5.386896551724143,5.418074712643676,5.112222222222217,5.33
2023-10-06,5.4075862068965534,5.446187739463612,5.185333333333342,5.33
2023-10-10,5.361120689655172,5.402246168582385,5.078999999999997,5.33
2023-10-11,5.3558620689655205,5.40604406130269,5.1022222222222355,5.33
2023-10-12,5.3559482758620724,5.431815134099624,5.160444444444439,5.33
2023-10-13,5.350689655172409,5.409779693486603,5.145333333333325,5.33
2023-10-16,5.350689655172409,5.418390804597706,5.165333333333322,5.33
2023-10-17,5.3559482758620724,5.44903735632183,5.248555555555563,5.33
2023-10-18,5.3455172413793095,5.439348659003842,5.243555555555553,5.33
2023-10-19,5.335172413793097,5.403764367816097,5.193666666666668,5.33
2023-10-20,5.329999999999997,5.381666666666667,5.132333333333348,5.33
2023-10-23,5.335172413793097,5.386542145593865,5.1490000000000045,5.33
2023-10-24,5.335172413793097,5.395153256704994,5.172111111111109,5.33
2023-10-25,5.335172413793097,5.395153256704994,5.1952222222222115,5.33
2023-10-26,5.329999999999997,5.381666666666667,5.137222222222222,5.33
2023-10-27,5.329999999999997,5.373055555555563,5.119111111111113,5.33
2023-10-30,5.329999999999997,5.39027777777777,5.138999999999999,5.33
2023-10-31,5.3275,5.392083333333324,5.195444444444435,5.33
2023-11-01,5.327413793103449,5.374923371647515,5.105777777777769,5.33
2023-11-02,5.327307692307702,5.400000000000006,5.0925555555555695,5.33
2023-11-03,5.333076923076933,5.355000000000004,4.973111111111124,5.33
2023-11-06,5.326153846153862,5.364999999999995,5.050888888888897,5.33
2023-11-07,5.326153846153862,5.364999999999995,5.0326666666666675,5.33
2023-11-08,5.326153846153862,5.3700000000000045,5.065777777777786,5.33
2023-11-09,5.324230769230767,5.385000000000005,5.128555555555563,5.33
2023-11-10,5.331153846153837,5.390000000000001,5.146777777777769,5.33
2023-11-13,5.3292307692307626,5.394999999999996,5.133777777777782,5.33
2023-11-14,5.329999999999999,5.325000000000003,4.946222222222231,5.33
2023-11-15,5.329999999999999,5.329999999999998,5.017333333333334,5.33
2023-11-16,5.329999999999999,5.325000000000003,4.969333333333335,5.33
2023-11-17,5.329999999999999,5.329999999999998,5.0024444444444445,5.33
2023-11-20,5.334999999999995,5.340000000000003,5.020777777777784,5.33
2023-11-21,5.340000000000003,5.344999999999999,5.0158888888888775,5.33
2023-11-22,5.338076923076929,5.359999999999999,5.04066666666666,5.33
2023-11-24,5.333076923076933,5.364999999999995,5.078777777777775,5.33
2023-11-27,5.333076923076933,5.359999999999999,5.055666666666671,5.33
2023-11-28,5.334999999999995,5.344999999999999,4.969555555555557,5.33
2023-11-29,5.329038461538461,5.325000000000003,4.856777777777788,5.33
2023-11-30,5.329038461538461,5.325000000000003,4.886555555555542,5.33
2023-12-01,5.329999999999999,5.295000000000002,4.752444444444432,5.33
2023-12-04,5.329999999999998,5.173181818181811,4.808666666666678,5.33
2023-12-05,5.334999999999994,5.154090909090919,4.75733333333334,5.33
2023-12-06,5.329999999999998,5.145000000000018,4.79722222222223,5.33
2023-12-07,5.329999999999998,5.139999999999981,4.77055555555555,5.33
2023-12-08,5.334999999999994,5.212272727272713,4.884999999999999,5.33
2023-12-11,5.329999999999998,5.212272727272713,4.889999999999994,5.33
2023-12-12,5.334999999999994,5.226363636363647,4.895000000000003,5.33
2023-12-13,5.329999999999998,5.135909090909092,4.683000000000009,5.33
2023-12-14,5.329999999999998,5.106818181818155,4.636555555555554,5.33
2023-12-15,5.329999999999998,5.135909090909092,4.697888888888897,5.33
2023-12-18,5.329999999999998,5.140909090909087,4.6931111111111,5.33
2023-12-19,5.329999999999998,5.126818181818191,4.6516666666666655,5.33
2023-12-20,5.329999999999998,5.116818181818184,4.595444444444453,5.33
2023-12-21,5.329999999999998,5.097727272727254,4.57066666666666,5.33
2023-12-22,5.325000000000003,5.078636363636362,4.532555555555555,5.33
2023-12-26,5.325000000000003,5.087727272727289,4.565555555555561,5.33
2023-12-27,5.325000000000003,5.068636363636358,4.535666666666663,5.33
2023-12-28,5.325000000000003,5.0736363636363535,4.563888888888896,5.33
2023-12-29,5.327500000000001,5.0736363636363535,4.54077777777777,5.33
2024-01-02,5.329999999999998,5.116818181818184,4.612111111111105,5.33
2024-01-03,5.305000000000007,4.902499999999995,4.207499999999996,5.33
2024-01-04,5.314999999999998,4.948333333333332,4.284999999999997,5.33
2024-01-05,5.314999999999998,4.932999999999997,4.2749999999999915,5.33
2024-01-08,5.314999999999998,4.927666666666669,4.259999999999991,5.33
2024-01-09,5.314999999999998,4.9481666666666655,4.284999999999997,5.33
2024-01-10,5.319999999999993,4.932833333333331,4.2549999999999955,5.33
2024-01-11,5.319999999999993,4.892000000000006,4.134999999999984,5.33
2024-01-12,5.314999999999998,4.815333333333337,3.990000000000009,5.33
2024-01-16,5.319999999999993,4.906833333333339,4.107499999999995,5.33
2024-01-17,5.319999999999993,4.978333333333333,4.272500000000008,5.33
2024-01-18,5.319999999999993,4.97316666666667,4.252499999999998,5.33
2024-01-19,5.325000000000003,5.024000000000001,4.337500000000006,5.33
2024-01-22,5.325000000000003,5.023666666666668,4.322500000000005,5.33
2024-01-23,5.325000000000003,5.013666666666664,4.322500000000005,5.33
2024-01-24,5.325000000000003,5.033833333333339,4.337500000000006,5.33
2024-01-25,5.325000000000003,4.988000000000005,4.267499999999998,5.33
2024-01-26,5.319999999999993,5.003500000000006,4.329999999999998,5.33
2024-01-29,5.325000000000003,5.00333333333334,4.302499999999974,5.33
2024-01-30,5.325000000000003,5.0286666666666635,4.360000000000021,5.33
2024-01-31,5.322500000000005,4.957500000000004,4.1999999999999815,5.33
2024-02-01,5.319999999999993,4.982166666666661,4.197500000000019,5.33
2024-02-02,5.263636363636366,4.870444444444439,4.255434782608699,5.33
2024-02-05,5.273181818181828,4.926555555555563,4.353478260869564,5.33
2024-02-06,5.25909090909089,4.895,4.281956521739124,5.33
2024-02-07,5.25909090909089,4.895,4.293478260869562,5.33
2024-02-08,5.25909090909089,4.917999999999991,4.3334782608695726,5.33
2024-02-09,5.268636363636378,4.944666666666672,4.385000000000003,5.33
2024-02-12,5.268636363636378,4.944666666666672,4.385000000000003,5.33
2024-02-13,5.29227272727272,5.081666666666665,4.608043478260869,5.33
2024-02-14,5.2877272727272695,5.046888888888881,4.53499999999999,5.33
2024-02-15,5.2877272727272695,5.046888888888881,4.529999999999995,5.33
2024-02-16,5.2877272727272695,5.0831111111111085,4.60152173913044,5.33
2024-02-20,5.301818181818166,5.070000000000009,4.576521739130435,5.33
2024-02-21,5.301818181818166,5.088222222222229,4.618043478260878,5.33
2024-02-22,5.315909090909103,5.1196666666666575,4.6845652173913095,5.33
2024-02-23,5.320454545454553,5.121111111111125,4.673043478260866,5.33
2024-02-26,5.322954545454551,5.15744444444443,4.718043478260868,5.33
2024-02-27,5.322954545454551,5.160888888888881,4.734565217391307,5.33
2024-02-28,5.315909090909103,5.13922222222221,4.671521739130434,5.33
2024-02-29,5.315909090909103,5.13922222222221,4.683043478260876,5.33
2024-03-01,5.322954545454551,5.094666666666657,4.590000000000002,5.33
2024-03-04,5.325000000000003,5.130999999999997,4.666521739130438,5.33
2024-03-05,5.319999999999993,5.109333333333324,4.620000000000003,5.33
2024-03-06,5.319999999999993,5.109333333333324,4.63804347826087,5.33
2024-03-07,5.319999999999993,5.091222222222216,4.596521739130431,5.33
2024-03-08,5.319999999999993,5.099555555555565,4.575000000000001,5.33
2024-03-11,5.325000000000003,5.1177777777777855,4.609999999999993,5.33
2024-03-12,5.325000000000003,5.137333333333337,4.668043478260871,5.33
2024-03-13,5.325000000000003,5.142222222222221,4.693043478260862,5.33
2024-03-14,5.325000000000003,5.163777777777771,4.741086956521736,5.33
2024-03-15,5.325000000000003,5.1721111111110964,4.761086956521746,5.33
2024-03-18,5.329999999999998,5.177111111111115,4.78760869565217,5.33
2024-03-19,5.329999999999998,5.168777777777766,4.771086956521737,5.33
2024-03-20,5.329999999999998,5.124222222222214,4.673043478260866,5.33
2024-03-21,5.329999999999998,5.129111111111098,4.696086956521734,5.33
2024-03-22,5.325000000000003,5.110888888888903,4.6710869565217426,5.33
2024-03-25,5.329999999999998,5.134000000000007,4.706086956521739,5.33
2024-03-26,5.325000000000003,5.132444444444428,4.7226086956521725,5.33
2024-03-27,5.329999999999998,5.137444444444448,4.7095652173912965,5.33
2024-03-28,5.327500000000001,5.158944444444452,4.762608695652183,5.33
2024-04-01,5.329999999999998,5.182,4.835652173913044,5.33
2024-04-02,5.309416666666669,5.160388888888885,4.640066889632103,5.33
2024-04-03,5.314499999999998,5.173666666666675,4.618143812709013,5.33
2024-04-04,5.294000000000001,5.137333333333337,4.582173913043485,5.33
2024-04-05,5.309416666666669,5.185388888888887,4.664882943143837,5.33
2024-04-08,5.314583333333331,5.19861111111112,4.7096989966555025,5.33
2024-04-09,5.314499999999998,5.182,4.659882943143807,5.33
2024-04-10,5.324833333333337,5.283444444444438,4.914147157190618,5.33
2024-04-11,5.324833333333337,5.275111111111112,4.906070234113689,5.33
2024-04-12,5.314583333333331,5.2486111111111216,4.844147157190651,5.33
2024-04-15,5.319749999999994,5.270166666666681,4.893963210702348,5.33
2024-04-16,5.319749999999994,5.278500000000006,4.8891471571906475,5.33
2024-04-17,5.31966666666666,5.278555555555562,4.898177257525087,5.33
2024-04-18,5.324833333333337,5.283444444444438,4.9458862876254415,5.33
2024-04-19,5.31966666666666,5.278555555555562,4.925886287625409,5.33
2024-04-22,5.324833333333337,5.283444444444438,4.921070234113689,5.33
2024-04-23,5.324833333333337,5.283444444444438,4.876254180602023,5.33
2024-04-24,5.324833333333337,5.283444444444438,4.9179933110367875,5.33
2024-04-25,5.319749999999994,5.295166666666682,4.987809364548506,5.33
2024-04-26,5.31966666666666,5.303555555555564,4.983779264214044,5.33
2024-04-29,5.322250000000007,5.293500000000007,4.977993311036816,5.33
2024-04-30,5.327416666666668,5.306722222222217,5.040702341137106,5.33
2024-05-01,5.327416666666668,5.306722222222217,4.978177257525091,5.33
2024-05-02,5.332500000000003,5.239999999999995,4.933361204013364,5.33
2024-05-03,5.325000000000009,5.230000000000004,4.8589130434782435,5.33
2024-05-06,5.325000000000009,5.239999999999995,4.8808361204013115,5.33
2024-05-07,5.329999999999984,5.2450000000000045,4.888729096989971,5.33
2024-05-08,5.329999999999984,5.2450000000000045,4.888729096989971,5.33
2024-05-09,5.329999999999984,5.234999999999999,4.861806020066906,5.33
2024-05-10,5.322499999999991,5.2549999999999955,4.906622073578597,5.33
2024-05-13,5.322499999999991,5.2549999999999955,4.906622073578597,5.33
2024-05-14,5.3274999999999855,5.2549999999999955,4.893729096989942,5.33
2024-05-15,5.3274999999999855,5.2450000000000045,4.822173913043479,5.33
2024-05-16,5.3349999999999795,5.2549999999999955,4.879698996655505,5.33
2024-05-17,5.3349999999999795,5.2549999999999955,4.889698996655529,5.33
2024-05-20,5.3274999999999855,5.265000000000001,4.914515050167227,5.33
2024-05-21,5.332500000000017,5.265000000000001,4.892591973244155,5.33
2024-05-22,5.325000000000003,5.284999999999997,4.934515050167224,5.33
2024-05-23,5.325000000000003,5.299999999999997,4.977224080267556,5.33
2024-05-24,5.329999999999997,5.305000000000007,4.999147157190648,5.33
2024-05-28,5.329999999999997,5.305000000000007,5.0149331103678785,5.33
2024-05-29,5.329999999999997,5.299999999999997,5.00993311036791,5.33
2024-05-30,5.329999999999997,5.299999999999997,4.979331103678925,5.33
2024-05-31,5.3374999999999915,5.295000000000002,4.972224080267586,5.33
2024-06-03,5.331249999999997,5.290000000000006,4.922591973244158,5.33
2024-06-04,5.325000000000003,5.134999999999991,4.935133779264206,5.33
2024-06-05,5.325000000000003,5.117500000000007,4.871914715718859,5.33
2024-06-06,5.319999999999993,5.125,4.8897993311037595,5.33
2024-06-07,5.325000000000003,5.197499999999998,4.952968227424478,5.33
2024-06-10,5.325000000000003,5.197499999999998,5.017801003344573,5.33
2024-06-11,5.325000000000003,5.192500000000003,5.025685618729142,5.33
2024-06-12,5.329999999999998,5.159999999999997,4.990903010033577,5.33
2024-06-13,5.325000000000003,5.137500000000003,4.732132107023418,5.33
2024-06-14,5.325000000000003,5.132500000000007,4.8175167224079445,5.33
2024-06-17,5.325000000000003,5.155000000000001,4.88285117056877,5.33
2024-06-18,5.329999999999998,5.147500000000008,4.777683946488281,5.33
2024-06-20,5.329999999999998,5.1499999999999915,4.8728511705686515,5.33
2024-06-21,5.329999999999998,5.142499999999977,4.795351170568722,5.33
2024-06-24,5.329999999999998,5.137500000000003,4.785351170568234,5.33
2024-06-25,5.329999999999998,5.1499999999999915,4.790351170568599,5.33
2024-06-26,5.329999999999998,5.155000000000001,4.900518394648756,5.33
2024-06-27,5.329999999999998,5.142499999999977,4.890518394648666,5.33
2024-06-28,5.329999999999998,5.155000000000001,4.782466555183888,5.33
2024-07-01,5.327500000000001,5.155000000000001,4.854966555183822,5.33
2024-07-02,5.310000000000002,5.053695652173918,4.572083333333333,5.33
2024-07-03,5.310000000000002,5.032173913043488,4.542083333333334,5.33
2024-07-05,5.310000000000002,5.009130434782603,4.451249999999988,5.33
2024-07-08,5.314999999999998,5.019130434782612,4.476249999999994,5.33
2024-07-09,5.319999999999993,5.029130434782617,4.4812499999999895,5.33
2024-07-10,5.314999999999998,5.017608695652174,4.476249999999994,5.33
2024-07-11,5.310000000000002,4.930000000000005,4.325416666666649,5.33
2024-07-12,5.314999999999998,4.918478260869562,4.3004166666666785,5.33
2024-07-15,5.314999999999998,4.890434782608704,4.265416666666682,5.33
2024-07-16,5.310000000000002,4.896956521739133,4.270416666666677,5.33
2024-07-17,5.319999999999993,4.906956521739124,4.275416666666651,5.33
2024-07-18,5.319999999999993,4.918478260869562,4.298333333333332,5.33
2024-07-19,5.319999999999993,4.924999999999991,4.32333333333334,5.33
2024-07-22,5.319999999999993,4.946521739130439,4.343333333333335,5.33
2024-07-23,5.319999999999993,4.930000000000005,4.310416666666647,5.33
2024-07-24,5.314999999999998,4.898478260869566,4.275416666666651,5.33
2024-07-25,5.314999999999998,4.886956521739128,4.298333333333332,5.33
2024-07-26,5.314999999999998,4.880434782608699,4.260416666666651,5.33
2024-07-29,5.3174999999999955,4.886956521739128,4.265416666666682,5.33
2024-07-30,5.3174999999999955,4.8819565217391325,4.232499999999995,5.33
2024-07-31,5.327500000000001,4.87391304347827,4.21250000000002,5.33
2024-08-01,5.314999999999998,4.755652173913039,4.016666666666649,5.33
2024-08-02,4.825000000000003,4.125602006688983,3.4054166666666643,5.33
2024-08-05,4.76124999999999,4.105066889632099,3.4333333333333385,5.33
2024-08-06,4.835000000000008,4.238795986622085,3.5783333333333345,5.33
2024-08-07,4.84375,4.2239799331103605,3.564791666666666,5.33
2024-08-08,4.886249999999997,4.281688963210717,3.624791666666668,5.33
2024-08-09,4.916249999999984,4.299581939799339,3.67854166666667,5.33
2024-08-12,4.907500000000013,4.311505016722405,3.6420833333333413,5.33
2024-08-13,4.903749999999995,4.244347826086938,3.5456249999999923,5.33
2024-08-14,4.962500000000013,4.2803177257525,3.5527083333333334,5.33
2024-08-15,4.996249999999982,4.393076923076927,3.7535416666666728,5.33
2024-08-16,4.996249999999982,4.38115384615386,3.718541666666662,5.33
2024-08-19,5.00500000000001,4.3980769230768955,3.717083333333326,5.33
2024-08-20,4.996249999999982,4.350551839464875,3.6341666666666637,5.33
2024-08-21,4.979999999999997,4.286454849498339,3.539166666666665,5.33
2024-08-22,5.017499999999998,4.362658862876277,3.6406250000000093,5.33
2024-08-23,4.9924999999999855,4.300133779264223,3.5327083333333373,5.33
2024-08-26,5.00500000000001,4.3307357859531805,3.569166666666666,5.33
2024-08-27,4.9924999999999855,4.2911036789297565,3.5291666666666597,5.33
2024-08-28,4.979999999999997,4.300919732441454,3.537708333333333,5.33
2024-08-29,4.9924999999999855,4.32284280936455,3.5627083333333385,5.33
2024-08-30,5.00500000000001,4.335735785953176,3.599166666666667,5.33
2024-09-03,4.986249999999991,4.327658862876247,3.5712499999999934,5.33
2024-09-04,4.969999999999999,4.232792642140447,3.4097916666666648,5.33
2024-09-05,4.980000000000004,4.2456856187290795,3.400416666666669,5.33
2024-09-06,5.0049999999999955,4.184682274247502,3.244583333333331,5.33
2024-09-09,5.0049999999999955,4.21142140468226,3.2760416666666643,5.33
2024-09-10,4.9950000000000045,4.186605351170566,3.224583333333335,5.33
2024-09-11,5.045000000000002,4.274916387959879,3.286666666666665,5.33
2024-09-12,5.010000000000005,4.23413043478262,3.2831250000000054,5.33
2024-09-13,4.954999999999998,4.164314381270922,3.2010416666666615,5.33
2024-09-16,4.924999999999997,4.140100334448148,3.1574999999999918,5.33
2024-09-17,4.920000000000002,4.1708695652173855,3.2239583333333397,5.33
2024-09-18,4.825000000000003,4.114180602006692,3.2339583333333306,5.33
2024-09-19,4.825000000000003,4.108394648829404,3.2418750000000087,4.83
2024-09-20,4.825000000000003,4.084899665551849,3.2118750000000076,4.83
2024-09-23,4.825000000000003,4.070083612040124,3.196875000000007,4.83
2024-09-24,4.819999999999993,4.0354515050167326,3.1733333333333333,4.83
2024-09-25,4.819999999999993,4.047374581939798,3.191874999999993,4.83
2024-09-26,4.819999999999993,4.0827926421404745,3.2833333333333328,4.83
2024-09-27,4.819999999999993,4.053160535117057,3.218333333333335,4.83
2024-09-30,4.819999999999993,4.133026755852821,3.3512499999999945,4.83
2024-10-01,4.822500000000005,4.119264214046821,3.3312499999999985,4.83
2024-10-02,4.480869565217397,3.7939966555184554,3.2009374999999936,4.83
2024-10-03,4.4866304347826045,3.760618729097189,3.3115624999999995,4.83
2024-10-04,4.571413043478254,3.9247157190633857,3.5881249999999922,4.83
2024-10-07,4.609782608695647,4.069096989966425,3.6706250000000096,4.83
2024-10-08,4.603260869565218,3.956045150501417,3.642812499999985,4.83
2024-10-09,4.622065217391307,4.089155518394811,3.710625000000016,4.83
2024-10-10,4.615543478260878,4.1132190635455,3.6803124999999937,4.83
2024-10-11,4.602500000000001,4.137500000000223,3.6018749999999784,4.83
2024-10-15,4.582173913043479,4.0751839464882025,3.626875000000011,4.83
2024-10-16,4.595217391304356,4.164172240802898,3.6140624999999815,4.83
2024-10-17,4.601739130434785,4.050685618728906,3.6615625000000223,4.83
2024-10-18,4.595217391304356,4.033018394648892,3.6365624999999895,4.83
2024-10-21,4.608260869565213,4.145852842809489,3.714687500000011,4.83
2024-10-22,4.595217391304356,4.170133779264603,3.7271874999999994,4.83
2024-10-23,4.601739130434785,4.283185618728908,3.7753124999999925,4.83
2024-10-24,4.589456521739125,4.245242474916097,3.7228125000000034,4.83
2024-10-25,4.588695652173908,4.15246655518375,3.7731250000000016,4.83
2024-10-28,4.591956521739123,4.277550167223971,3.8031250000000028,4.83
2024-10-29,4.588695652173908,4.325351170568716,3.7734375000000155,4.83
2024-10-30,4.5927173913043395,4.310710702340799,3.8009375000000047,4.83
2024-10-31,4.595217391304356,4.28340301003351,3.813750000000001,4.83
2024-11-01,4.585434782608694,4.295652173912757,3.859374999999981,4.83
2024-11-04,4.578802681992342,4.239999999999995,3.8368749999999943,4.83
2024-11-05,4.589051724137927,4.2549999999999955,3.874999999999981,4.83
2024-11-06,4.5847126436781656,4.305000000000007,3.957812499999998,4.83
2024-11-07,4.571101532567053,4.299999999999997,3.9178124999999846,4.83
2024-11-08,4.572739463601524,4.314999999999998,3.9709375000000087,4.58
2024-11-12,4.571513409961694,4.349999999999994,4.057187500000018,4.58
2024-11-13,4.57154214559387,4.284999999999997,3.9665625000000198,4.58
2024-11-14,4.570708812260541,4.310000000000002,3.9840624999999967,4.58
2024-11-15,4.579875478927203,4.344999999999999,4.016249999999995,4.58
2024-11-18,4.57651340996169,4.355000000000004,4.008750000000002,4.58
2024-11-19,4.5817624521072675,4.364999999999995,4.020937500000006,4.58
2024-11-20,4.5834003831417744,4.3799999999999955,4.038750000000004,4.58
2024-11-21,4.583649425287369,4.385000000000005,4.066875000000028,4.58
2024-11-22,4.580287356321855,4.394999999999996,4.097187499999987,4.58
2024-11-25,4.584789272030652,4.390000000000001,4.066249999999993,4.58
2024-11-26,4.582260536398456,4.375,4.096875000000008,4.58
2024-11-27,4.579731800766295,4.359999999999999,4.056562499999983,4.58
2024-11-29,4.579233716475108,4.349999999999994,4.026249999999995,4.58
2024-12-02,4.5820641762452095,4.3799999999999955,4.061249999999998,4.58
2024-12-03,4.3991379310344785,4.1929166666666795,3.5112499999992934,4.58
2024-12-04,4.389137931034488,4.157083333333343,3.8506249999995816,4.58
2024-12-05,4.399482758620685,4.187916666666684,3.6506249999997777,4.58
2024-12-06,4.365172413793102,4.129999999999991,3.440624999999926,4.58
2024-12-09,4.369482758620684,4.14499999999999,3.6106249999997857,4.58
2024-12-10,4.363448275862067,4.154999999999997,3.916874999999692,4.58
2024-12-11,4.338448275862062,4.1429166666666815,3.823124999999962,4.58
2024-12-12,4.338448275862062,4.1429166666666815,3.7681249999996567,4.58
2024-12-13,4.3431034482758655,4.165833333333342,3.859374999999787,4.58
2024-12-16,4.337413793103441,4.170833333333338,3.9537499999999426,4.58
2024-12-17,4.337758620689648,4.178749999999997,4.024375000000717,4.58
2024-12-18,4.326034482758623,4.219583333333344,3.8712499999998755,4.58
2024-12-19,4.32637931034483,4.201666666666658,4.220624999999529,4.33
2024-12-20,4.32637931034483,4.188750000000003,4.210625000000164,4.33
2024-12-23,4.326034482758623,4.219583333333344,4.306250000000233,4.33
2024-12-24,4.3313793103448255,4.206666666666654,4.070625000000248,4.33
2024-12-26,4.331724137931031,4.201666666666658,3.9156250000003894,4.33
2024-12-27,4.331724137931031,4.201666666666658,4.060000000000301,4.33
2024-12-30,4.329396551724138,4.196666666666686,3.889374999999802,4.33
2024-12-31,4.329051724137931,4.188750000000003,4.115000000000052,4.33
