Date,P30:credit/compress,P30:credit/mild,P30:credit/severe,P30:interest_rate/bear_steepen,P30:interest_rate/bull_flatten,P30:liquidity/stress,P90:credit/compress,P90:credit/mild,P90:credit/severe,P90:interest_rate/bear_steepen,P90:interest_rate/bull_flatten,P90:liquidity/stress
2005-07-01,0.079484,0.117086,0.027411,0.028391,0.136248,0.030501,0.220000,0.311736,0.080000,0.082777,0.355582,0.088741
2005-07-05,0.079484,0.109707,0.027411,0.029956,0.127404,0.032770,0.220000,0.294335,0.080000,0.087203,0.335584,0.095123
2005-07-06,0.079484,0.116770,0.027411,0.029653,0.129027,0.032327,0.220000,0.310997,0.080000,0.086347,0.339284,0.093880
2005-07-07,0.079484,0.114806,0.027411,0.031872,0.118022,0.035604,0.220000,0.306390,0.080000,0.092601,0.313921,0.103054
2005-07-08,0.079484,0.106442,0.027411,0.031487,0.119793,0.035030,0.220000,0.286542,0.080000,0.091519,0.318047,0.101452
2005-07-11,0.079484,0.098542,0.027411,0.029883,0.127792,0.032663,0.220000,0.267451,0.080000,0.086996,0.336471,0.094823
2005-07-12,0.080084,0.090683,0.027411,0.032075,0.117109,0.035907,0.221524,0.248124,0.080000,0.093171,0.311789,0.103900
2005-07-13,0.081556,0.088880,0.027411,0.032332,0.115972,0.036293,0.225256,0.243643,0.080000,0.093893,0.309126,0.104975
2005-07-14,0.086879,0.082945,0.027411,0.032582,0.114886,0.036669,0.238649,0.228766,0.080000,0.094595,0.306577,0.106024
2005-07-15,0.088474,0.081325,0.027411,0.032174,0.116669,0.036055,0.242631,0.224673,0.080000,0.093448,0.310760,0.104313
2005-07-18,0.093141,0.076948,0.027411,0.033078,0.112791,0.037419,0.254206,0.213536,0.080000,0.095987,0.301642,0.108108
2005-07-19,0.091358,0.078560,0.027411,0.032651,0.114587,0.036774,0.249797,0.217651,0.080000,0.094790,0.305875,0.106315
2005-07-20,0.091311,0.078604,0.027411,0.029795,0.128262,0.032534,0.249681,0.217762,0.080000,0.086748,0.337543,0.094462
2005-07-21,0.098647,0.072385,0.027411,0.033194,0.112309,0.037596,0.267708,0.201815,0.080000,0.096314,0.300503,0.108600
2005-07-22,0.096706,0.073927,0.027411,0.032767,0.114094,0.036949,0.262965,0.205788,0.080000,0.095115,0.304715,0.106801
2005-07-25,0.101907,0.069945,0.027411,0.032357,0.115862,0.036331,0.275624,0.195500,0.080000,0.093963,0.308869,0.105080
2005-07-26,0.102460,0.069548,0.027411,0.031963,0.117610,0.035740,0.276962,0.194470,0.080000,0.092857,0.312960,0.103434
2005-07-27,0.105028,0.067768,0.027411,0.031586,0.119336,0.035176,0.283151,0.189838,0.080000,0.091795,0.316984,0.101860
2005-07-28,0.103560,0.068773,0.027411,0.029475,0.129998,0.032068,0.279617,0.192456,0.080000,0.085845,0.341492,0.093152
2005-07-29,0.112830,0.062915,0.027411,0.030920,0.122504,0.034188,0.301734,0.177119,0.080000,0.089922,0.324329,0.099098
2005-08-02,0.105747,0.067287,0.027411,0.032617,0.114735,0.036722,0.284877,0.188583,0.080000,0.094693,0.306224,0.106170
2005-08-03,0.103571,0.068766,0.027411,0.032838,0.113792,0.037057,0.279643,0.192436,0.080000,0.095316,0.304004,0.107101
2005-08-04,0.104146,0.068369,0.027411,0.033055,0.112885,0.037384,0.281028,0.191402,0.080000,0.095923,0.301865,0.108012
2005-08-05,0.105415,0.067508,0.027411,0.033903,0.109469,0.038675,0.284080,0.189160,0.080000,0.098299,0.293769,0.111594
2005-08-08,0.103918,0.068525,0.027411,0.032223,0.116451,0.036129,0.280479,0.191811,0.080000,0.093587,0.310250,0.104519
2005-08-09,0.102449,0.069556,0.027411,0.033688,0.110314,0.038347,0.276934,0.194491,0.080000,0.097698,0.295777,0.110686
2005-08-10,0.103031,0.069143,0.027411,0.033256,0.112058,0.037689,0.278342,0.193418,0.080000,0.096486,0.299910,0.108858
2005-08-11,0.096126,0.074400,0.027411,0.030483,0.124682,0.033542,0.261546,0.207007,0.080000,0.088688,0.329347,0.097289
2005-08-12,0.092945,0.077122,0.027411,0.029079,0.132214,0.031493,0.253721,0.213981,0.080000,0.084724,0.346511,0.091535
2005-08-15,0.099488,0.071738,0.027411,0.029353,0.130672,0.031891,0.269755,0.200144,0.080000,0.085500,0.343022,0.092654
2005-08-16,0.096793,0.073856,0.027411,0.030164,0.126313,0.033075,0.263178,0.205607,0.080000,0.087791,0.333089,0.095979
2005-08-17,0.099348,0.071845,0.027411,0.030972,0.122252,0.034265,0.269415,0.200420,0.080000,0.090068,0.323746,0.099312
2005-08-18,0.096644,0.073977,0.027411,0.030646,0.123861,0.033783,0.262814,0.205918,0.080000,0.089148,0.327459,0.097963
2005-08-19,0.097886,0.072981,0.027411,0.029792,0.128277,0.032530,0.265850,0.203354,0.080000,0.086740,0.337577,0.094450
2005-08-22,0.097816,0.073037,0.027411,0.030587,0.124156,0.033696,0.265679,0.203496,0.080000,0.088982,0.328138,0.097719
2005-08-23,0.097088,0.073617,0.027411,0.030823,0.122982,0.034044,0.263902,0.204992,0.080000,0.089648,0.325433,0.098695
2005-08-24,0.098347,0.072618,0.027411,0.031611,0.119218,0.035214,0.266977,0.202418,0.080000,0.091867,0.316709,0.101966
2005-08-25,0.098277,0.072673,0.027411,0.030718,0.123500,0.033890,0.266805,0.202560,0.080000,0.089353,0.326627,0.098262
2005-08-26,0.104675,0.068007,0.027411,0.028846,0.133550,0.031157,0.282300,0.190461,0.080000,0.084067,0.349525,0.090589
2005-08-30,0.091528,0.078404,0.027411,0.032038,0.117273,0.035852,0.250218,0.217251,0.080000,0.093067,0.312174,0.103747
2005-08-31,0.080970,0.089588,0.027411,0.031685,0.118878,0.035324,0.223774,0.245405,0.080000,0.092074,0.315918,0.102273
2005-09-01,0.079484,0.096051,0.027411,0.039361,0.091601,0.047256,0.220000,0.261361,0.080000,0.113497,0.250399,0.135173
2005-09-02,0.079484,0.096032,0.027411,0.038105,0.095180,0.045239,0.220000,0.261315,0.080000,0.110014,0.259224,0.129670
2005-09-06,0.079484,0.091753,0.027411,0.038911,0.092853,0.046530,0.220000,0.250777,0.080000,0.112249,0.253495,0.133194
2005-09-07,0.080876,0.089703,0.027411,0.038345,0.094475,0.045622,0.223534,0.245692,0.080000,0.110679,0.257493,0.130717
2005-09-08,0.081986,0.088367,0.027411,0.038466,0.094123,0.045816,0.226345,0.242365,0.080000,0.111016,0.256625,0.131247
2005-09-09,0.081978,0.088377,0.027411,0.037250,0.097776,0.043882,0.226324,0.242389,0.080000,0.107640,0.265583,0.125953
2005-09-12,0.084264,0.085753,0.027411,0.037381,0.097369,0.044089,0.232088,0.235829,0.080000,0.108004,0.264588,0.126522
2005-09-13,0.082518,0.087742,0.027411,0.037510,0.096972,0.044293,0.227687,0.240806,0.080000,0.108362,0.263617,0.127081
2005-09-14,0.083082,0.087089,0.027411,0.038304,0.094594,0.045557,0.229112,0.239173,0.080000,0.110567,0.257784,0.130539
2005-09-15,0.084235,0.085785,0.027411,0.041965,0.084979,0.051509,0.232017,0.235908,0.080000,0.120685,0.233885,0.146705
2005-09-16,0.084811,0.085149,0.027411,0.039880,0.090200,0.048095,0.233465,0.234312,0.080000,0.114933,0.246927,0.137457
2005-09-19,0.080746,0.089863,0.027411,0.042161,0.084517,0.051835,0.223204,0.246087,0.080000,0.121226,0.232724,0.147584
2005-09-20,0.079484,0.092685,0.027411,0.037999,0.095493,0.045071,0.220000,0.253081,0.080000,0.109721,0.259994,0.129210
2005-09-21,0.079484,0.104437,0.027411,0.036164,0.101290,0.042172,0.220000,0.281729,0.080000,0.104615,0.274131,0.121255
2005-09-22,0.079484,0.109438,0.027411,0.036941,0.098752,0.043393,0.220000,0.293694,0.080000,0.106779,0.267964,0.124612
2005-09-23,0.079484,0.101073,0.027411,0.036426,0.100420,0.042583,0.220000,0.273603,0.080000,0.105345,0.272020,0.122385
2005-09-26,0.079484,0.092467,0.027411,0.036558,0.099987,0.042790,0.220000,0.252541,0.080000,0.105713,0.270968,0.122955
2005-09-27,0.079484,0.093189,0.027411,0.036054,0.101660,0.042000,0.220000,0.254323,0.080000,0.104308,0.275026,0.120782
2005-09-28,0.079484,0.095401,0.027411,0.033181,0.112363,0.037576,0.220000,0.259766,0.080000,0.096277,0.300632,0.108544
2005-09-29,0.079484,0.093899,0.027411,0.032778,0.114046,0.036966,0.220000,0.256073,0.080000,0.095147,0.304601,0.106849
2005-09-30,0.085132,0.084799,0.027411,0.032950,0.113323,0.037225,0.234271,0.233433,0.080000,0.095629,0.302898,0.107571
2005-10-03,0.089507,0.080311,0.027411,0.034276,0.108029,0.039246,0.245204,0.222102,0.080000,0.099344,0.290338,0.113179
2005-10-05,0.086904,0.082919,0.027411,0.032863,0.113688,0.037094,0.238711,0.228700,0.080000,0.095385,0.303759,0.107205
2005-10-06,0.084408,0.085593,0.027411,0.034176,0.108411,0.039093,0.232450,0.235429,0.080000,0.099065,0.291248,0.112755
2005-10-07,0.079484,0.092180,0.027411,0.034326,0.107838,0.039324,0.220000,0.251831,0.080000,0.099485,0.289882,0.113393
2005-10-11,0.079484,0.097502,0.027411,0.034474,0.107281,0.039551,0.220000,0.264913,0.080000,0.099898,0.288550,0.114021
2005-10-12,0.079484,0.106862,0.027411,0.037063,0.098366,0.043585,0.220000,0.287548,0.080000,0.107118,0.267022,0.125139
2005-10-13,0.079484,0.116270,0.027411,0.039140,0.092212,0.046899,0.220000,0.309826,0.080000,0.112884,0.251910,0.134201
2005-10-14,0.079484,0.111490,0.027411,0.037275,0.097699,0.043921,0.220000,0.298565,0.080000,0.107709,0.265395,0.126060
2005-10-17,0.079484,0.093373,0.027411,0.037390,0.097342,0.044103,0.220000,0.254777,0.080000,0.108028,0.264523,0.126559
2005-10-18,0.084125,0.085907,0.027411,0.038149,0.095048,0.045310,0.231740,0.236215,0.080000,0.110138,0.258900,0.129865
2005-10-19,0.079484,0.092647,0.027411,0.038256,0.094736,0.045480,0.220000,0.252986,0.080000,0.110432,0.258133,0.130328
2005-10-20,0.079711,0.091152,0.027411,0.036447,0.100349,0.042616,0.220577,0.249287,0.080000,0.105405,0.271848,0.122478
2005-10-21,0.079484,0.091897,0.027411,0.035346,0.104103,0.040898,0.220000,0.251132,0.080000,0.102335,0.280925,0.117745
2005-10-24,0.082102,0.088231,0.027411,0.037330,0.097528,0.044008,0.226636,0.242025,0.080000,0.107862,0.264976,0.126300
2005-10-25,0.085200,0.084725,0.027411,0.037441,0.097184,0.044184,0.234442,0.233248,0.080000,0.108171,0.264135,0.126782
2005-10-26,0.081871,0.088504,0.027411,0.038851,0.093022,0.046433,0.226054,0.242705,0.080000,0.112083,0.253912,0.132932
2005-10-27,0.079484,0.094520,0.027411,0.038291,0.094633,0.045536,0.220000,0.257603,0.080000,0.110530,0.257879,0.130482
2005-10-28,0.079484,0.095297,0.027411,0.036485,0.100224,0.042676,0.220000,0.259513,0.080000,0.105511,0.271543,0.122643
2005-10-31,0.079484,0.102130,0.027411,0.035988,0.101883,0.041897,0.220000,0.276164,0.080000,0.104124,0.275566,0.120498
2005-11-01,0.079484,0.103251,0.027411,0.035503,0.103550,0.041142,0.220000,0.278872,0.080000,0.102774,0.279592,0.118419
2005-11-02,0.079484,0.100655,0.027411,0.036852,0.099037,0.043252,0.220000,0.272591,0.080000,0.106531,0.268658,0.124225
2005-11-03,0.079484,0.091545,0.027411,0.036963,0.098682,0.043428,0.220000,0.250261,0.080000,0.106841,0.267791,0.124708
2005-11-04,0.079484,0.091545,0.027411,0.037705,0.096378,0.044602,0.220000,0.250260,0.080000,0.108903,0.262163,0.127927
2005-11-07,0.079484,0.092312,0.027411,0.037175,0.098013,0.043762,0.220000,0.252158,0.080000,0.107430,0.266160,0.125626
2005-11-09,0.079484,0.093065,0.027411,0.035575,0.103300,0.041254,0.220000,0.254018,0.080000,0.102973,0.278990,0.118725
2005-11-10,0.079484,0.103303,0.027411,0.033385,0.111529,0.037886,0.220000,0.278997,0.080000,0.096849,0.298659,0.109405
2005-11-14,0.079484,0.104136,0.027411,0.033527,0.110956,0.038102,0.220000,0.281005,0.080000,0.097247,0.297301,0.110006
2005-11-15,0.079484,0.107749,0.027411,0.032567,0.114948,0.036648,0.220000,0.289668,0.080000,0.094555,0.306723,0.105963
2005-11-16,0.079484,0.129027,0.027411,0.031653,0.119024,0.035277,0.220000,0.339285,0.080000,0.091985,0.316257,0.102141
2005-11-17,0.079484,0.142642,0.027411,0.032880,0.113617,0.037119,0.220000,0.369789,0.080000,0.095432,0.303592,0.107275
2005-11-18,0.079484,0.125330,0.027411,0.033574,0.110769,0.038173,0.220000,0.330836,0.080000,0.097378,0.296857,0.110203
2005-11-21,0.079484,0.127465,0.027411,0.032088,0.117049,0.035927,0.220000,0.335724,0.080000,0.093208,0.311650,0.103956
2005-11-22,0.079484,0.137199,0.027411,0.034429,0.107449,0.039482,0.220000,0.357708,0.080000,0.099773,0.288952,0.113831
2005-11-23,0.079484,0.124940,0.027411,0.034556,0.106973,0.039677,0.220000,0.329941,0.080000,0.100128,0.287813,0.114371
2005-11-25,0.079484,0.128122,0.027411,0.034117,0.108638,0.039003,0.220000,0.337224,0.080000,0.098899,0.291789,0.112504
2005-11-28,0.079484,0.126864,0.027411,0.033144,0.112517,0.037519,0.220000,0.334351,0.080000,0.096173,0.300995,0.108387
2005-11-29,0.079484,0.115948,0.027411,0.033282,0.111949,0.037729,0.220000,0.309070,0.080000,0.096561,0.299651,0.108971
2005-11-30,0.079484,0.134507,0.027411,0.032879,0.113620,0.037118,0.220000,0.351679,0.080000,0.095430,0.303598,0.107273
2005-12-01,0.079484,0.122418,0.027411,0.033019,0.113034,0.037330,0.220000,0.324130,0.080000,0.095823,0.302216,0.107862
2005-12-02,0.079484,0.129462,0.027411,0.034250,0.108127,0.039207,0.220000,0.340276,0.080000,0.099272,0.290570,0.113070
2005-12-05,0.079484,0.128154,0.027411,0.034938,0.105567,0.040266,0.220000,0.337296,0.080000,0.101194,0.284445,0.115998
2005-12-06,0.079484,0.141941,0.027411,0.033394,0.111496,0.037898,0.220000,0.368242,0.080000,0.096872,0.298580,0.109440
2005-12-07,0.079484,0.139132,0.027411,0.035192,0.104652,0.040659,0.220000,0.362015,0.080000,0.101904,0.282246,0.117084
2005-12-08,0.079484,0.151427,0.027411,0.035306,0.104244,0.040836,0.220000,0.388962,0.080000,0.102224,0.281264,0.117574
2005-12-09,0.079484,0.131203,0.027411,0.035997,0.101851,0.041911,0.220000,0.344225,0.080000,0.104150,0.275489,0.120538
2005-12-13,0.079484,0.130876,0.027411,0.036209,0.101138,0.042243,0.220000,0.343483,0.080000,0.104742,0.273762,0.121451
2005-12-14,0.079484,0.138177,0.027411,0.034599,0.106813,0.039743,0.220000,0.359890,0.080000,0.100248,0.287431,0.114554
2005-12-15,0.079484,0.135444,0.027411,0.035852,0.102345,0.041685,0.220000,0.353782,0.080000,0.103746,0.276682,0.119914
2005-12-16,0.079484,0.136531,0.027411,0.034820,0.105996,0.040084,0.220000,0.356217,0.080000,0.100866,0.285474,0.115497
2005-12-19,0.079484,0.137630,0.027411,0.034379,0.107638,0.039405,0.220000,0.358670,0.080000,0.099633,0.289402,0.113618
2005-12-20,0.079484,0.135752,0.027411,0.033357,0.111645,0.037842,0.220000,0.354471,0.080000,0.096769,0.298933,0.109285
2005-12-21,0.079484,0.136631,0.027411,0.033993,0.109119,0.038812,0.220000,0.356440,0.080000,0.098551,0.292935,0.111976
2005-12-22,0.079484,0.142585,0.027411,0.032989,0.113161,0.037284,0.220000,0.369661,0.080000,0.095738,0.302515,0.107734
2005-12-27,0.079484,0.151058,0.027411,0.030525,0.124467,0.033605,0.220000,0.388166,0.080000,0.088808,0.328853,0.097465
2005-12-28,0.079484,0.144648,0.027411,0.031655,0.119015,0.035280,0.220000,0.374201,0.080000,0.091991,0.316237,0.102149
2005-12-29,0.079484,0.149839,0.027411,0.030720,0.123490,0.033893,0.220000,0.385526,0.080000,0.089358,0.326604,0.098271
2005-12-30,0.079484,0.137928,0.027411,0.030312,0.125553,0.033291,0.220000,0.359336,0.080000,0.088206,0.331347,0.096585
2006-01-03,0.079484,0.105509,0.027411,0.033088,0.112749,0.037434,0.220000,0.284305,0.080000,0.096015,0.301542,0.108151
2006-01-04,0.079484,0.101368,0.027411,0.034370,0.107672,0.039391,0.220000,0.274319,0.080000,0.099608,0.289484,0.113579
2006-01-05,0.079484,0.096531,0.027411,0.033901,0.109475,0.038672,0.220000,0.262537,0.080000,0.098295,0.293782,0.111588
2006-01-06,0.081050,0.089492,0.027411,0.032872,0.113652,0.037107,0.223974,0.245165,0.080000,0.095409,0.303675,0.107241
2006-01-09,0.084612,0.085368,0.027411,0.032983,0.113183,0.037276,0.232963,0.234863,0.080000,0.095722,0.302569,0.107711
2006-01-10,0.085433,0.084473,0.027411,0.033071,0.112818,0.037409,0.235026,0.232616,0.080000,0.095968,0.301707,0.108080
2006-01-11,0.087724,0.082078,0.027411,0.033185,0.112349,0.037581,0.240761,0.226577,0.080000,0.096287,0.300598,0.108559
2006-01-12,0.083612,0.086484,0.027411,0.033871,0.109595,0.038626,0.230448,0.237661,0.080000,0.098209,0.294068,0.111458
2006-01-13,0.079484,0.098215,0.027411,0.033379,0.111555,0.037876,0.220000,0.266655,0.080000,0.096831,0.298720,0.109379
2006-01-17,0.079484,0.104399,0.027411,0.032873,0.113645,0.037109,0.220000,0.281637,0.080000,0.095413,0.303657,0.107248
2006-01-18,0.079484,0.094561,0.027411,0.033013,0.113058,0.037321,0.220000,0.257703,0.080000,0.095807,0.302273,0.107838
2006-01-19,0.081261,0.089235,0.027411,0.033147,0.112506,0.037523,0.224509,0.244528,0.080000,0.096180,0.300968,0.108399
2006-01-20,0.080132,0.090623,0.027411,0.032693,0.114409,0.036837,0.221646,0.247975,0.080000,0.094908,0.305456,0.106490
2006-01-23,0.081042,0.089501,0.027411,0.033433,0.111336,0.037958,0.223954,0.245189,0.080000,0.096983,0.298201,0.109607
2006-01-24,0.084780,0.085183,0.027411,0.034829,0.105965,0.040097,0.233387,0.234398,0.080000,0.100890,0.285399,0.115533
2006-01-25,0.096822,0.073833,0.027411,0.034983,0.105403,0.040336,0.263249,0.205547,0.080000,0.101321,0.284051,0.116191
2006-01-26,0.103397,0.068887,0.027411,0.035796,0.102536,0.041598,0.279223,0.192753,0.080000,0.103590,0.277145,0.119674
2006-01-27,0.105460,0.067478,0.027411,0.034019,0.109019,0.038852,0.284188,0.189081,0.080000,0.098623,0.292697,0.112085
2006-01-30,0.111439,0.063724,0.027411,0.034800,0.106070,0.040053,0.298445,0.179249,0.080000,0.100810,0.285651,0.115411
2006-02-01,0.111171,0.063883,0.027411,0.032642,0.114627,0.036760,0.297810,0.179666,0.080000,0.094764,0.305969,0.106276
2006-02-02,0.116856,0.060693,0.027411,0.032810,0.113911,0.037014,0.311198,0.171252,0.080000,0.095236,0.304284,0.106983
2006-02-03,0.114234,0.062120,0.027411,0.031201,0.121148,0.034604,0.305045,0.175023,0.080000,0.090712,0.321192,0.100261
2006-02-06,0.114715,0.061853,0.027411,0.030212,0.126065,0.033145,0.306177,0.174317,0.080000,0.087926,0.332520,0.096176
2006-02-07,0.109019,0.065188,0.027411,0.032082,0.117078,0.035918,0.292697,0.183093,0.080000,0.093190,0.311718,0.103929
2006-02-08,0.110577,0.064238,0.027411,0.029936,0.127509,0.032741,0.296401,0.180599,0.080000,0.087147,0.335824,0.095042
2006-02-09,0.116585,0.060837,0.027411,0.027941,0.139017,0.029858,0.310564,0.171633,0.080000,0.081504,0.361759,0.086925
2006-02-10,0.120520,0.058814,0.027411,0.029153,0.131796,0.031600,0.319736,0.166269,0.080000,0.084933,0.345567,0.091836
2006-02-13,0.119043,0.059556,0.027411,0.029319,0.130863,0.031841,0.316302,0.168239,0.080000,0.085403,0.343454,0.092514
2006-02-15,0.126628,0.055950,0.027411,0.029635,0.129126,0.032300,0.333812,0.158635,0.080000,0.086295,0.339510,0.093805
2006-02-16,0.138247,0.051273,0.027411,0.029781,0.128337,0.032514,0.360046,0.146068,0.080000,0.086708,0.337714,0.094404
2006-02-17,0.138100,0.051327,0.027411,0.028820,0.133702,0.031119,0.359718,0.146214,0.080000,0.083992,0.349868,0.090482
2006-02-21,0.142005,0.049941,0.027411,0.027884,0.139378,0.029776,0.368382,0.142466,0.080000,0.081341,0.362562,0.086694
2006-02-22,0.140503,0.050464,0.027411,0.027561,0.141447,0.029316,0.365060,0.143881,0.080000,0.080426,0.367150,0.085396
2006-02-23,0.156308,0.045514,0.027411,0.027217,0.143724,0.028828,0.399447,0.130423,0.080000,0.079449,0.372170,0.084016
2006-02-24,0.148385,0.047850,0.027411,0.027322,0.143019,0.028978,0.382367,0.136791,0.080000,0.079748,0.370618,0.084438
2006-02-27,0.158608,0.044885,0.027411,0.027985,0.138742,0.029920,0.404345,0.128701,0.080000,0.081628,0.361148,0.087102
2006-02-28,0.123761,0.057256,0.027411,0.028634,0.134795,0.030850,0.327227,0.162120,0.080000,0.083465,0.352326,0.089725
2006-03-01,0.145936,0.048629,0.027411,0.029892,0.127746,0.032676,0.377025,0.138907,0.080000,0.087021,0.336365,0.094859
2006-03-02,0.158101,0.045022,0.027411,0.032407,0.115644,0.036406,0.403267,0.129076,0.080000,0.094103,0.308358,0.105289
2006-03-03,0.165115,0.043207,0.027411,0.032500,0.115240,0.036545,0.418058,0.124102,0.080000,0.094364,0.307411,0.105679
2006-03-06,0.172111,0.041559,0.027411,0.035962,0.101969,0.041857,0.432566,0.119569,0.080000,0.104053,0.275775,0.120388
2006-03-07,0.155934,0.045619,0.027411,0.036047,0.101683,0.041989,0.398648,0.130708,0.080000,0.104289,0.275083,0.120752
2006-03-08,0.154727,0.045960,0.027411,0.039133,0.092231,0.046888,0.396063,0.131639,0.080000,0.112865,0.251957,0.134171
2006-03-09,0.153459,0.046324,0.027411,0.040028,0.089809,0.048335,0.393341,0.132633,0.080000,0.115341,0.245955,0.138110
2006-03-10,0.157397,0.045214,0.027411,0.040117,0.089575,0.048480,0.401768,0.129601,0.080000,0.115588,0.245372,0.138503
2006-03-13,0.163406,0.043634,0.027411,0.041064,0.087158,0.050027,0.414477,0.125272,0.080000,0.118203,0.239347,0.142698
2006-03-14,0.150480,0.047206,0.027411,0.042921,0.082780,0.053097,0.386915,0.135038,0.080000,0.123315,0.228349,0.150984
2006-03-15,0.169286,0.042207,0.027411,0.042129,0.084592,0.051782,0.426736,0.121351,0.080000,0.121138,0.232913,0.147440
2006-03-16,0.150133,0.047312,0.027411,0.041353,0.086447,0.050501,0.386163,0.135325,0.080000,0.119000,0.237567,0.143981
2006-03-17,0.155061,0.045865,0.027411,0.041460,0.086186,0.050678,0.396780,0.131380,0.080000,0.119296,0.236913,0.144458
2006-03-20,0.156306,0.045515,0.027411,0.039808,0.090392,0.047978,0.399443,0.130425,0.080000,0.114733,0.247403,0.137140
2006-03-22,0.174302,0.041073,0.027411,0.035848,0.102358,0.041679,0.437058,0.118228,0.080000,0.103735,0.276716,0.119897
2006-03-23,0.177545,0.040378,0.027411,0.035908,0.102153,0.041773,0.443666,0.116309,0.080000,0.103903,0.276219,0.120156
2006-03-24,0.166454,0.042880,0.027411,0.035151,0.104798,0.040595,0.420853,0.123203,0.080000,0.101789,0.282598,0.116909
2006-03-27,0.173828,0.041177,0.027411,0.037661,0.096510,0.044533,0.436089,0.118515,0.080000,0.108782,0.262488,0.127738
2006-03-28,0.187799,0.038353,0.027411,0.037733,0.096291,0.044648,0.464215,0.110704,0.080000,0.108983,0.261951,0.128052
2006-03-29,0.181869,0.039494,0.027411,0.038697,0.093458,0.046187,0.452394,0.113863,0.080000,0.111658,0.254987,0.132260
2006-03-30,0.186908,0.038520,0.027411,0.041556,0.085954,0.050835,0.462450,0.111165,0.080000,0.119559,0.236333,0.144884
2006-03-31,0.161207,0.044197,0.027411,0.043611,0.081261,0.054253,0.409847,0.126817,0.080000,0.125211,0.224510,0.154087
2006-04-03,0.167390,0.042655,0.027411,0.041622,0.085794,0.050945,0.422802,0.122584,0.080000,0.119742,0.235932,0.145180
2006-04-04,0.173989,0.041142,0.027411,0.042703,0.083271,0.052734,0.436417,0.118418,0.080000,0.122716,0.229588,0.150006
2006-04-05,0.166855,0.042783,0.027411,0.042761,0.083138,0.052832,0.421688,0.122937,0.080000,0.122877,0.229254,0.150269
2006-04-06,0.158027,0.045042,0.027411,0.046184,0.076061,0.058618,0.403110,0.129131,0.080000,0.132253,0.211268,0.165748
2006-04-07,0.177955,0.040292,0.027411,0.048722,0.071546,0.063018,0.444496,0.116072,0.080000,0.139161,0.199648,0.177391
2006-04-10,0.168589,0.042370,0.027411,0.048854,0.071327,0.063249,0.425293,0.121801,0.080000,0.139518,0.199080,0.177998
2006-04-11,0.165421,0.043132,0.027411,0.045276,0.077819,0.057066,0.418697,0.123895,0.080000,0.129771,0.215762,0.161614
2006-04-12,0.173608,0.041226,0.027411,0.047858,0.073023,0.061509,0.435636,0.118649,0.080000,0.136811,0.203461,0.173409
2006-04-13,0.174216,0.041092,0.027411,0.050642,0.068472,0.066408,0.436881,0.118281,0.080000,0.144363,0.191671,0.186287
2006-04-17,0.167387,0.042656,0.027411,0.052205,0.066159,0.069205,0.422796,0.122586,0.080000,0.148580,0.185635,0.193578
2006-04-18,0.151737,0.046829,0.027411,0.060185,0.056436,0.084025,0.389632,0.134011,0.080000,0.169907,0.159932,0.231487
2006-04-19,0.167472,0.042635,0.027411,0.065484,0.051432,0.094353,0.422972,0.122530,0.080000,0.183869,0.146497,0.257190
2006-04-20,0.172208,0.041538,0.027411,0.060427,0.056186,0.084487,0.432764,0.119509,0.080000,0.170547,0.159266,0.232650
2006-04-21,0.171085,0.041792,0.027411,0.054131,0.063515,0.072700,0.430451,0.120209,0.080000,0.153760,0.178699,0.202629
2006-04-24,0.166213,0.042939,0.027411,0.052782,0.065343,0.070248,0.420351,0.123364,0.080000,0.150136,0.183498,0.196287
2006-04-25,0.192692,0.037471,0.027411,0.056137,0.060978,0.076397,0.473840,0.108253,0.080000,0.159135,0.172006,0.212128
2006-04-26,0.193514,0.037327,0.027411,0.058041,0.058753,0.079956,0.475446,0.107854,0.080000,0.164213,0.166106,0.221202
2006-04-27,0.185538,0.038779,0.027411,0.067745,0.049562,0.098877,0.459728,0.111883,0.080000,0.189778,0.141438,0.268269
2006-04-28,0.184449,0.038988,0.027411,0.072422,0.046102,0.108465,0.457557,0.112462,0.080000,0.201911,0.132027,0.291378
2006-05-01,0.205996,0.035304,0.027411,0.073273,0.045525,0.110242,0.499426,0.102217,0.080000,0.204105,0.130451,0.295606
2006-05-02,0.203942,0.035618,0.027411,0.073685,0.045250,0.111108,0.495531,0.103094,0.080000,0.205167,0.129700,0.297660
2006-05-03,0.212673,0.034329,0.027411,0.076562,0.043427,0.117210,0.511949,0.099492,0.080000,0.212550,0.124705,0.312026
2006-05-04,0.217518,0.033663,0.027411,0.072168,0.046277,0.107936,0.520904,0.097628,0.080000,0.201255,0.132505,0.290116
2006-05-05,0.211695,0.034468,0.027411,0.070240,0.047652,0.103955,0.510128,0.099880,0.080000,0.196266,0.136252,0.280568
2006-05-08,0.218746,0.033500,0.027411,0.063913,0.052819,0.091250,0.523156,0.097170,0.080000,0.179746,0.150236,0.249529
2006-05-09,0.225681,0.032613,0.027411,0.066344,0.050704,0.096065,0.535741,0.094682,0.080000,0.186119,0.144530,0.261396
2006-05-10,0.232601,0.031786,0.027411,0.058261,0.058507,0.080370,0.548077,0.092360,0.080000,0.164797,0.165452,0.222251
2006-05-11,0.240325,0.030926,0.027411,0.064690,0.052124,0.092779,0.561587,0.089939,0.080000,0.181786,0.148364,0.253312
2006-05-12,0.240696,0.030886,0.027411,0.072044,0.046363,0.107680,0.562230,0.089826,0.080000,0.200935,0.132739,0.289502
2006-05-15,0.227781,0.032356,0.027411,0.067541,0.049725,0.098466,0.539509,0.093961,0.080000,0.189245,0.141880,0.267266
2006-05-16,0.187713,0.038369,0.027411,0.063281,0.053399,0.090011,0.464044,0.110748,0.080000,0.178083,0.151796,0.246455
2006-05-17,0.161519,0.044116,0.027411,0.075415,0.044135,0.114763,0.410506,0.126595,0.080000,0.209611,0.126648,0.306288
2006-05-18,0.135848,0.052166,0.027411,0.063471,0.053223,0.090383,0.354688,0.148477,0.080000,0.178583,0.151323,0.247380
2006-05-19,0.137101,0.051696,0.027411,0.053439,0.064440,0.071439,0.357491,0.147208,0.080000,0.151903,0.181129,0.199372
2006-05-22,0.125312,0.056541,0.027411,0.055525,0.061731,0.075263,0.330795,0.160214,0.080000,0.157496,0.173995,0.209221
2006-05-23,0.129460,0.054725,0.027411,0.055714,0.061496,0.075612,0.340269,0.155354,0.080000,0.158002,0.173376,0.210117
2006-05-24,0.109170,0.065095,0.027411,0.053928,0.063784,0.072329,0.293056,0.182848,0.080000,0.153215,0.179406,0.201671
2006-05-25,0.115649,0.061341,0.027411,0.054090,0.063569,0.072625,0.308369,0.172966,0.080000,0.153650,0.178842,0.202435
2006-05-26,0.116668,0.060793,0.027411,0.056249,0.060843,0.076605,0.310759,0.171515,0.080000,0.159434,0.171647,0.212660
2006-05-30,0.118640,0.059762,0.027411,0.056572,0.060455,0.077205,0.315365,0.168784,0.080000,0.160296,0.170622,0.214194
2006-05-31,0.104845,0.067892,0.027411,0.052749,0.065389,0.070188,0.282710,0.190160,0.080000,0.150046,0.183621,0.196130
2006-06-01,0.103122,0.069080,0.027411,0.051004,0.067921,0.067053,0.278560,0.193253,0.080000,0.145341,0.190237,0.187973
2006-06-02,0.083915,0.086143,0.027411,0.053105,0.064896,0.070833,0.231211,0.236805,0.080000,0.151005,0.182326,0.197802
2006-06-05,0.086743,0.083086,0.027411,0.044194,0.080022,0.055233,0.238310,0.229121,0.080000,0.126809,0.221368,0.156715
2006-06-06,0.081407,0.089059,0.027411,0.042698,0.083282,0.052726,0.224879,0.244088,0.080000,0.122702,0.229617,0.149984
2006-06-07,0.083205,0.086948,0.027411,0.039717,0.090635,0.047831,0.229422,0.238820,0.080000,0.114482,0.248007,0.136739
2006-06-08,0.079484,0.101886,0.027411,0.038377,0.094380,0.045674,0.220000,0.275573,0.080000,0.110770,0.257258,0.130860
2006-06-09,0.079484,0.103595,0.027411,0.035730,0.102763,0.041495,0.220000,0.279701,0.080000,0.103406,0.277693,0.119391
2006-06-12,0.079484,0.101161,0.027411,0.035875,0.102268,0.041720,0.220000,0.273818,0.080000,0.103809,0.276497,0.120011
2006-06-13,0.079484,0.124441,0.027411,0.033409,0.111431,0.037922,0.220000,0.328794,0.080000,0.096917,0.298427,0.109508
2006-06-14,0.079484,0.138912,0.027411,0.032345,0.115912,0.036314,0.220000,0.361527,0.080000,0.093931,0.308986,0.105032
2006-06-15,0.079484,0.119654,0.027411,0.035046,0.105176,0.040433,0.220000,0.317724,0.080000,0.101496,0.283505,0.116460
2006-06-16,0.079484,0.114785,0.027411,0.036539,0.100050,0.042760,0.220000,0.306340,0.080000,0.105659,0.271121,0.122872
2006-06-19,0.079484,0.125864,0.027411,0.034022,0.109004,0.038857,0.220000,0.332062,0.080000,0.098634,0.292662,0.112101
2006-06-20,0.079484,0.131710,0.027411,0.035505,0.103545,0.041145,0.220000,0.345373,0.080000,0.102778,0.279579,0.118425
2006-06-21,0.079484,0.144332,0.027411,0.035614,0.103166,0.041314,0.220000,0.373508,0.080000,0.103081,0.278666,0.118891
2006-06-22,0.079484,0.139882,0.027411,0.037143,0.098113,0.043712,0.220000,0.363681,0.080000,0.107342,0.266404,0.125488
2006-06-23,0.079484,0.137848,0.027411,0.035888,0.102222,0.041741,0.220000,0.359158,0.080000,0.103846,0.276386,0.120069
2006-06-26,0.079484,0.160639,0.027411,0.038889,0.092915,0.046494,0.220000,0.408647,0.080000,0.112188,0.253648,0.133098
2006-06-28,0.079484,0.156937,0.027411,0.036246,0.101014,0.042301,0.220000,0.400788,0.080000,0.104845,0.273461,0.121612
2006-06-29,0.079484,0.156106,0.027411,0.044223,0.079961,0.055282,0.220000,0.399015,0.080000,0.126889,0.221214,0.156847
2006-06-30,0.079484,0.160275,0.027411,0.040982,0.087363,0.049892,0.220000,0.407877,0.080000,0.117976,0.239860,0.142332
2006-07-03,0.079484,0.154324,0.027411,0.039507,0.091205,0.047490,0.220000,0.395199,0.080000,0.113899,0.249418,0.135811
2006-07-05,0.079484,0.138819,0.027411,0.041289,0.086604,0.050396,0.220000,0.361319,0.080000,0.118823,0.237961,0.143696
2006-07-06,0.079484,0.146887,0.027411,0.038208,0.094874,0.045404,0.220000,0.379103,0.080000,0.110301,0.258473,0.130122
2006-07-07,0.079484,0.150682,0.027411,0.038356,0.094441,0.045641,0.220000,0.387353,0.080000,0.110712,0.257409,0.130768
2006-07-10,0.079484,0.142897,0.027411,0.036950,0.098723,0.043407,0.220000,0.370350,0.080000,0.106804,0.267893,0.124651
2006-07-11,0.079484,0.148872,0.027411,0.032844,0.113770,0.037065,0.220000,0.383427,0.080000,0.095330,0.303951,0.107124
2006-07-12,0.079484,0.145702,0.027411,0.032988,0.113165,0.037283,0.220000,0.376511,0.080000,0.095735,0.302525,0.107730
2006-07-13,0.079484,0.161709,0.027411,0.037433,0.097210,0.044171,0.220000,0.410906,0.080000,0.108148,0.264198,0.126746
2006-07-14,0.079484,0.192971,0.029183,0.042506,0.083720,0.052407,0.220000,0.474386,0.085018,0.122174,0.230718,0.149125
2006-07-17,0.079484,0.185027,0.027707,0.036175,0.101252,0.042190,0.220000,0.458711,0.080839,0.104646,0.274039,0.121304
2006-07-18,0.079484,0.153166,0.027411,0.034870,0.105816,0.040160,0.220000,0.392711,0.080000,0.101004,0.285041,0.115707
2006-07-19,0.079484,0.164809,0.027411,0.034984,0.105400,0.040337,0.220000,0.417418,0.080000,0.101323,0.284044,0.116195
2006-07-20,0.079484,0.166408,0.027411,0.039744,0.090564,0.047874,0.220000,0.420757,0.080000,0.114556,0.247829,0.136857
2006-07-21,0.079484,0.160166,0.027411,0.039876,0.090213,0.048088,0.220000,0.407647,0.080000,0.114920,0.246957,0.137437
2006-07-24,0.079484,0.159228,0.027411,0.036811,0.099166,0.043189,0.220000,0.405661,0.080000,0.106419,0.268972,0.124051
2006-07-25,0.079484,0.150976,0.027411,0.038518,0.093973,0.045900,0.220000,0.387988,0.080000,0.111160,0.256255,0.131475
2006-07-26,0.079484,0.150127,0.027411,0.042037,0.084808,0.051629,0.220000,0.386151,0.080000,0.120884,0.233457,0.147029
2006-07-27,0.079484,0.144715,0.027411,0.045920,0.076564,0.058166,0.220000,0.374349,0.080000,0.131532,0.212554,0.164545
2006-07-28,0.079484,0.153308,0.027411,0.050201,0.069154,0.065625,0.220000,0.393016,0.080000,0.143169,0.193446,0.184237
2006-07-31,0.079484,0.182155,0.027411,0.050354,0.068917,0.065895,0.220000,0.452967,0.080000,0.143582,0.192829,0.184945
2006-08-01,0.079484,0.177885,0.027411,0.050497,0.068694,0.066150,0.220000,0.444354,0.080000,0.143971,0.192250,0.185613
2006-08-03,0.079484,0.169911,0.027411,0.042682,0.083318,0.052700,0.220000,0.428029,0.080000,0.122659,0.229706,0.149914
2006-08-04,0.079484,0.174406,0.027411,0.046717,0.075066,0.059535,0.220000,0.437270,0.080000,0.133706,0.208717,0.168182
2006-08-07,0.079484,0.167764,0.027411,0.041122,0.087016,0.050121,0.220000,0.423580,0.080000,0.118362,0.238991,0.142953
2006-08-08,0.079484,0.164112,0.027411,0.051355,0.067397,0.067680,0.220000,0.415958,0.080000,0.146288,0.188869,0.189608
2006-08-09,0.079484,0.163147,0.027411,0.049266,0.070648,0.063973,0.220000,0.413934,0.080000,0.140636,0.197323,0.179903
2006-08-10,0.079484,0.164823,0.027411,0.047274,0.074055,0.060496,0.220000,0.417446,0.080000,0.135222,0.206119,0.170729
2006-08-11,0.079484,0.156244,0.027411,0.049550,0.070186,0.064474,0.220000,0.399309,0.080000,0.141407,0.196127,0.181220
2006-08-14,0.079484,0.135335,0.027411,0.045487,0.077403,0.057426,0.220000,0.353537,0.080000,0.130349,0.214699,0.162575
2006-08-15,0.079484,0.141234,0.027411,0.045626,0.077133,0.057662,0.220000,0.366677,0.080000,0.130727,0.214009,0.163204
2006-08-16,0.079484,0.147411,0.027411,0.047819,0.073090,0.061442,0.220000,0.380247,0.080000,0.136707,0.203634,0.173232
2006-08-17,0.079484,0.137971,0.027411,0.043887,0.080670,0.054716,0.220000,0.359432,0.080000,0.125968,0.223011,0.155331
2006-08-18,0.079484,0.144100,0.027411,0.042133,0.084583,0.051788,0.220000,0.372999,0.080000,0.121149,0.232890,0.147458
2006-08-21,0.079484,0.148377,0.027411,0.042279,0.084242,0.052030,0.220000,0.382350,0.080000,0.121551,0.232034,0.148111
2006-08-22,0.079484,0.148097,0.027411,0.038789,0.093198,0.046333,0.220000,0.381740,0.080000,0.111911,0.254347,0.132660
2006-08-23,0.079484,0.147826,0.027411,0.038895,0.092898,0.046504,0.220000,0.381151,0.080000,0.112205,0.253605,0.133125
2006-08-24,0.079484,0.147565,0.027411,0.035672,0.102965,0.041404,0.220000,0.380582,0.080000,0.103243,0.278181,0.119140
2006-08-25,0.079484,0.149611,0.027411,0.035764,0.102648,0.041547,0.220000,0.385032,0.080000,0.103499,0.277415,0.119534
2006-08-28,0.079484,0.142298,0.027411,0.034295,0.107959,0.039275,0.220000,0.369030,0.080000,0.099396,0.290169,0.113258
2006-08-29,0.079484,0.141965,0.027411,0.034393,0.107585,0.039426,0.220000,0.368294,0.080000,0.099672,0.289277,0.113677
2006-08-30,0.079484,0.143909,0.027411,0.036109,0.101475,0.042086,0.220000,0.372577,0.080000,0.104461,0.274578,0.121018
2006-08-31,0.079484,0.160660,0.027411,0.039689,0.090712,0.047785,0.220000,0.408693,0.080000,0.114403,0.248197,0.136613
2006-09-01,0.079484,0.175783,0.027411,0.041682,0.085650,0.051044,0.220000,0.440081,0.080000,0.119908,0.235570,0.145447
2006-09-05,0.079484,0.144348,0.027411,0.045935,0.076536,0.058191,0.220000,0.373542,0.080000,0.131571,0.212484,0.164611
2006-09-06,0.079484,0.137264,0.027411,0.046043,0.076330,0.058376,0.220000,0.357854,0.080000,0.131866,0.211956,0.165103
2006-09-07,0.079484,0.139205,0.027411,0.046124,0.076175,0.058516,0.220000,0.362179,0.080000,0.132089,0.211559,0.165475
2006-09-08,0.079484,0.141227,0.027411,0.046246,0.075944,0.058725,0.220000,0.366662,0.080000,0.132422,0.210968,0.166032
2006-09-11,0.079484,0.134494,0.027411,0.044130,0.080157,0.055125,0.220000,0.351649,0.080000,0.126633,0.221710,0.156425
2006-09-12,0.079484,0.136632,0.027411,0.042093,0.084678,0.051721,0.220000,0.356441,0.080000,0.121037,0.233129,0.147276
2006-09-13,0.079484,0.132161,0.027411,0.044389,0.079615,0.055562,0.220000,0.346391,0.080000,0.127344,0.220335,0.157597
2006-09-14,0.079484,0.125761,0.027411,0.042312,0.084167,0.052084,0.220000,0.331825,0.080000,0.121640,0.231845,0.148256
2006-09-15,0.079484,0.111626,0.027411,0.036447,0.100349,0.042616,0.220000,0.298888,0.080000,0.105405,0.271849,0.122478
2006-09-18,0.079484,0.111590,0.027411,0.036604,0.099835,0.042863,0.220000,0.298802,0.080000,0.105843,0.270599,0.123157
2006-09-19,0.079484,0.136239,0.027411,0.040692,0.088091,0.049418,0.220000,0.355562,0.080000,0.117177,0.241677,0.141048
2006-09-20,0.079484,0.133750,0.027411,0.035071,0.105085,0.040472,0.220000,0.349975,0.080000,0.101567,0.283287,0.116567
2006-09-21,0.079484,0.154945,0.027411,0.038991,0.092628,0.046658,0.220000,0.396531,0.080000,0.112471,0.252939,0.133546
2006-09-22,0.079484,0.168157,0.027411,0.037197,0.097944,0.043797,0.220000,0.424396,0.080000,0.107491,0.265992,0.125721
2006-09-25,0.079484,0.173465,0.027411,0.037357,0.097443,0.044051,0.220000,0.435345,0.080000,0.107938,0.264770,0.126418
2006-09-26,0.079484,0.158810,0.027411,0.033880,0.109557,0.038640,0.220000,0.404774,0.080000,0.098236,0.293977,0.111499
2006-09-27,0.079484,0.148180,0.027411,0.039675,0.090749,0.047763,0.220000,0.381922,0.080000,0.114365,0.248288,0.136553
2006-09-28,0.079484,0.143069,0.027411,0.041849,0.085252,0.051318,0.220000,0.370729,0.080000,0.120366,0.234573,0.146189
2006-09-29,0.079484,0.138251,0.027411,0.037881,0.095846,0.044883,0.220000,0.360056,0.080000,0.109393,0.260860,0.128695
2006-10-03,0.079484,0.140411,0.027411,0.042268,0.084268,0.052012,0.220000,0.364856,0.080000,0.121520,0.232100,0.148061
2006-10-04,0.079484,0.158550,0.027411,0.047166,0.074249,0.060309,0.220000,0.404220,0.080000,0.134929,0.206617,0.170235
2006-10-05,0.079484,0.130742,0.027411,0.044805,0.078763,0.056266,0.220000,0.343181,0.080000,0.128483,0.218166,0.159480
2006-10-06,0.079484,0.114294,0.027411,0.044919,0.078533,0.056459,0.220000,0.305186,0.080000,0.128794,0.217582,0.159994
2006-10-10,0.079484,0.106806,0.027411,0.038292,0.094628,0.045538,0.220000,0.287414,0.080000,0.110534,0.257868,0.130489
2006-10-11,0.079484,0.092023,0.027411,0.038398,0.094320,0.045707,0.220000,0.251443,0.080000,0.110827,0.257110,0.130950
2006-10-12,0.080200,0.090537,0.027411,0.040694,0.088088,0.049420,0.221820,0.247763,0.080000,0.117180,0.241670,0.141053
2006-10-13,0.083778,0.086296,0.027411,0.040775,0.087882,0.049553,0.230867,0.237191,0.080000,0.117406,0.241154,0.141415
2006-10-16,0.084967,0.084978,0.027411,0.040866,0.087654,0.049701,0.233857,0.233884,0.080000,0.117655,0.240586,0.141816
2006-10-17,0.083683,0.086405,0.027411,0.043391,0.081739,0.053884,0.230626,0.237461,0.080000,0.124607,0.225719,0.153097
2006-10-18,0.084855,0.085100,0.027411,0.036657,0.099664,0.042946,0.233576,0.234191,0.080000,0.105989,0.270183,0.123384
2006-10-19,0.092746,0.077299,0.027411,0.041261,0.086672,0.050350,0.253230,0.214434,0.080000,0.118746,0.238131,0.143572
2006-10-20,0.092601,0.077429,0.027411,0.036863,0.098999,0.043271,0.252872,0.214765,0.080000,0.106564,0.268565,0.124277
2006-10-23,0.096692,0.073938,0.027411,0.039179,0.092105,0.046961,0.262932,0.205817,0.080000,0.112991,0.251646,0.134370
2006-10-24,0.095125,0.075235,0.027411,0.037042,0.098430,0.043553,0.259088,0.209150,0.080000,0.107062,0.267178,0.125051
2006-10-25,0.089553,0.080266,0.027411,0.033043,0.112936,0.037366,0.245319,0.221988,0.080000,0.095889,0.301985,0.107961
2006-10-26,0.086868,0.082956,0.027411,0.037333,0.097521,0.044012,0.238622,0.228794,0.080000,0.107869,0.264958,0.126310
2006-10-27,0.084292,0.085721,0.027411,0.037465,0.097110,0.044222,0.232161,0.235749,0.080000,0.108237,0.263956,0.126886
2006-10-31,0.079484,0.094680,0.027411,0.033569,0.110790,0.038165,0.220000,0.257996,0.080000,0.097364,0.296907,0.110181
2006-11-01,0.079484,0.096329,0.027411,0.035788,0.102562,0.041586,0.220000,0.262043,0.080000,0.103569,0.277208,0.119642
2006-11-02,0.082761,0.087460,0.027411,0.040471,0.088656,0.049057,0.228301,0.240101,0.080000,0.116566,0.243084,0.140069
2006-11-03,0.106697,0.066663,0.027411,0.034039,0.108938,0.038883,0.287153,0.186953,0.080000,0.098681,0.292505,0.112173
2006-11-06,0.104841,0.067894,0.027411,0.032283,0.116184,0.036220,0.282701,0.190167,0.080000,0.093757,0.309624,0.104773
2006-11-08,0.109237,0.065053,0.027411,0.032678,0.114472,0.036815,0.293217,0.182739,0.080000,0.094866,0.305605,0.106428
2006-11-09,0.112412,0.063156,0.027411,0.029272,0.131125,0.031773,0.300746,0.177754,0.080000,0.085270,0.344048,0.092322
2006-11-10,0.108643,0.065422,0.027411,0.027838,0.139668,0.029711,0.291801,0.183706,0.080000,0.081211,0.363206,0.086510
2006-11-13,0.122858,0.057681,0.027411,0.026481,0.148843,0.027792,0.325145,0.163253,0.080000,0.077358,0.383364,0.081081
2006-11-14,0.111519,0.063677,0.027411,0.023882,0.170254,0.024213,0.298635,0.179125,0.080000,0.069949,0.428739,0.070895
2006-11-15,0.136988,0.051738,0.027411,0.021643,0.194358,0.021236,0.357237,0.147322,0.080000,0.063535,0.477090,0.062363
2006-11-16,0.150578,0.047176,0.027411,0.021983,0.190274,0.021680,0.387128,0.134957,0.080000,0.064508,0.469099,0.063640
2006-11-17,0.123253,0.057494,0.027411,0.027796,0.139937,0.029650,0.326057,0.162755,0.080000,0.081091,0.363805,0.086339
2006-11-20,0.130734,0.054192,0.027411,0.026545,0.148382,0.027882,0.343163,0.153925,0.080000,0.077540,0.382362,0.081336
2006-11-21,0.118061,0.060061,0.027411,0.025377,0.157243,0.026256,0.314013,0.169577,0.080000,0.074216,0.401440,0.076719
2006-11-22,0.115742,0.061290,0.027411,0.025639,0.155169,0.026618,0.308589,0.172832,0.080000,0.074961,0.397010,0.077748
2006-11-24,0.113065,0.062780,0.027411,0.024587,0.163860,0.025171,0.302289,0.176765,0.080000,0.071963,0.415430,0.073630
2006-11-27,0.100841,0.070723,0.027411,0.026229,0.150677,0.027440,0.273041,0.197518,0.080000,0.076642,0.387342,0.080082
2006-11-28,0.092656,0.077380,0.027411,0.027930,0.139087,0.029842,0.253007,0.214640,0.080000,0.081472,0.361916,0.086880
2006-11-29,0.112021,0.063383,0.027411,0.026679,0.147432,0.028069,0.299823,0.178351,0.080000,0.077920,0.380292,0.081867
2006-11-30,0.087930,0.081870,0.027411,0.028391,0.136247,0.030501,0.241274,0.226051,0.080000,0.082777,0.355582,0.088741
2006-12-01,0.086225,0.083629,0.027411,0.041839,0.085276,0.051302,0.237012,0.230490,0.080000,0.120339,0.234632,0.146145
2006-12-04,0.094441,0.075816,0.027411,0.041984,0.084933,0.051542,0.257407,0.210641,0.080000,0.120738,0.233770,0.146792
2006-12-05,0.104069,0.068422,0.027411,0.047063,0.074435,0.060131,0.280842,0.191541,0.080000,0.134648,0.207096,0.169763
2006-12-06,0.126751,0.055896,0.027411,0.037842,0.095963,0.044821,0.334092,0.158490,0.080000,0.109285,0.261146,0.128526
2006-12-07,0.130744,0.054188,0.027411,0.042421,0.083914,0.052266,0.343186,0.153914,0.080000,0.121941,0.231208,0.148746
2006-12-08,0.154668,0.045977,0.027411,0.036103,0.101492,0.042078,0.395936,0.131685,0.080000,0.104447,0.274620,0.120996
2006-12-11,0.136449,0.051940,0.027411,0.030838,0.122910,0.034066,0.356031,0.147866,0.080000,0.089689,0.325267,0.098756
2006-12-12,0.126670,0.055932,0.027411,0.036505,0.100161,0.042706,0.333906,0.158586,0.080000,0.105565,0.271391,0.122726
2006-12-13,0.140629,0.050420,0.027411,0.036654,0.099675,0.042940,0.365339,0.143761,0.080000,0.105980,0.270211,0.123369
2006-12-14,0.140067,0.050618,0.027411,0.034883,0.105766,0.040181,0.364094,0.144298,0.080000,0.101042,0.284921,0.115766
2006-12-15,0.144649,0.049050,0.027411,0.035048,0.105170,0.040435,0.374203,0.140050,0.080000,0.101501,0.283491,0.116467
2006-12-18,0.141320,0.050178,0.027411,0.039189,0.092076,0.046978,0.366868,0.143108,0.080000,0.113020,0.251574,0.134416
2006-12-19,0.143753,0.049348,0.027411,0.039270,0.091853,0.047108,0.372235,0.140858,0.080000,0.113244,0.251022,0.134771
2006-12-20,0.146336,0.048500,0.027411,0.039420,0.091440,0.047350,0.377899,0.138557,0.080000,0.113660,0.250001,0.135431
2006-12-21,0.140693,0.050398,0.027411,0.039574,0.091021,0.047600,0.365480,0.143701,0.080000,0.114087,0.248962,0.136110
2006-12-26,0.170835,0.041849,0.027411,0.042022,0.084842,0.051605,0.429936,0.120367,0.080000,0.120844,0.233543,0.146963
2006-12-27,0.190711,0.037822,0.027411,0.039949,0.090019,0.048206,0.469957,0.109229,0.080000,0.115122,0.246476,0.137759
2006-12-28,0.224746,0.032729,0.027411,0.038004,0.095478,0.045079,0.534057,0.095008,0.080000,0.109735,0.259956,0.129232
2006-12-29,0.226145,0.032556,0.027411,0.040253,0.089221,0.048700,0.536576,0.094522,0.080000,0.115962,0.244492,0.139102
2007-01-03,0.169004,0.042273,0.027411,0.045142,0.078086,0.056838,0.426152,0.121533,0.080000,0.129405,0.216441,0.161006
2007-01-04,0.156026,0.045593,0.027411,0.045254,0.077863,0.057029,0.398845,0.130638,0.080000,0.129711,0.215872,0.161515
2007-01-05,0.161576,0.044101,0.027411,0.040764,0.087910,0.049535,0.410626,0.126555,0.080000,0.117375,0.241224,0.141366
2007-01-08,0.163947,0.043498,0.027411,0.038783,0.093213,0.046325,0.415612,0.124899,0.080000,0.111896,0.254384,0.132636
2007-01-09,0.172898,0.041383,0.027411,0.036923,0.098810,0.043364,0.434182,0.119083,0.080000,0.106729,0.268104,0.124533
2007-01-10,0.178744,0.040128,0.027411,0.039091,0.092348,0.046820,0.446095,0.115618,0.080000,0.112748,0.252248,0.133985
2007-01-11,0.214803,0.034032,0.027411,0.039244,0.091923,0.047067,0.515900,0.098662,0.080000,0.113173,0.251197,0.134658
2007-01-12,0.220891,0.033219,0.027411,0.041533,0.086010,0.050797,0.527073,0.096382,0.080000,0.119495,0.236474,0.144780
2007-01-16,0.223857,0.032840,0.027411,0.041742,0.085506,0.051143,0.532453,0.095320,0.080000,0.120073,0.235210,0.145715
2007-01-17,0.275239,0.027706,0.027411,0.039731,0.090600,0.047853,0.619298,0.080835,0.080000,0.114519,0.247917,0.136798
2007-01-18,0.264353,0.028607,0.027411,0.035905,0.102163,0.041768,0.601886,0.083390,0.080000,0.103894,0.276244,0.120143
2007-01-19,0.275754,0.027665,0.027411,0.034239,0.108172,0.039189,0.620110,0.080720,0.080000,0.099239,0.290678,0.113020
2007-01-22,0.275763,0.027664,0.027411,0.034410,0.107521,0.039452,0.620123,0.080718,0.080000,0.099719,0.289124,0.113749
2007-01-23,0.327118,0.024334,0.027411,0.038315,0.094561,0.045575,0.695339,0.071241,0.080000,0.110598,0.257704,0.130589
2007-01-24,0.332667,0.024045,0.027411,0.040447,0.088719,0.049016,0.702815,0.070415,0.080000,0.116498,0.243243,0.139959
2007-01-25,0.370039,0.020689,0.027411,0.042711,0.083252,0.052748,0.750000,0.060791,0.080000,0.122739,0.229539,0.150045
2007-01-26,0.340245,0.023668,0.027411,0.042755,0.083152,0.052822,0.712825,0.069337,0.080000,0.122860,0.229289,0.150242
2007-01-29,0.370039,0.021971,0.027411,0.047436,0.073764,0.060778,0.750000,0.064476,0.080000,0.135665,0.205371,0.171476
2007-02-01,0.271396,0.028015,0.027411,0.040620,0.088274,0.049300,0.613210,0.081711,0.080000,0.116978,0.242134,0.140729
2007-02-02,0.262297,0.028787,0.027411,0.042813,0.083022,0.052917,0.598538,0.083899,0.080000,0.123018,0.228961,0.150499
2007-02-05,0.258603,0.029118,0.027411,0.042828,0.082988,0.052943,0.592476,0.084836,0.080000,0.123060,0.228874,0.150569
2007-02-06,0.255116,0.029441,0.027411,0.038607,0.093717,0.046042,0.586699,0.085747,0.080000,0.111406,0.255626,0.131863
2007-02-07,0.260434,0.028953,0.027411,0.038691,0.093475,0.046177,0.595488,0.084368,0.080000,0.111641,0.255029,0.132233
2007-02-08,0.256844,0.029280,0.027411,0.036734,0.099414,0.043067,0.589569,0.085292,0.080000,0.106204,0.269576,0.123718
2007-02-09,0.311362,0.025222,0.027411,0.038654,0.093582,0.046118,0.673433,0.073773,0.080000,0.111538,0.255292,0.132070
2007-02-12,0.305760,0.025563,0.027411,0.036657,0.099663,0.042947,0.665398,0.074745,0.080000,0.105990,0.270181,0.123386
2007-02-14,0.280696,0.027283,0.027411,0.038520,0.093968,0.045902,0.627834,0.079637,0.080000,0.111165,0.256244,0.131482
2007-02-15,0.290098,0.026598,0.027411,0.038501,0.094021,0.045873,0.642238,0.077691,0.080000,0.111114,0.256374,0.131402
2007-02-16,0.328449,0.024264,0.027411,0.036579,0.099917,0.042824,0.697144,0.071040,0.080000,0.105772,0.270799,0.123048
2007-02-20,0.316887,0.024899,0.027411,0.038605,0.093723,0.046038,0.681229,0.072853,0.080000,0.111401,0.255640,0.131854
2007-02-21,0.333279,0.024014,0.027411,0.038733,0.093357,0.046244,0.703631,0.070326,0.080000,0.111756,0.254738,0.132415
2007-02-22,0.349503,0.023234,0.027411,0.036919,0.098822,0.043358,0.724745,0.068094,0.080000,0.106718,0.268135,0.124516
2007-02-23,0.309299,0.025346,0.027411,0.037082,0.098304,0.043616,0.670489,0.074127,0.080000,0.107173,0.266870,0.125225
2007-02-26,0.290109,0.026597,0.027411,0.037248,0.097784,0.043878,0.642254,0.077689,0.080000,0.107633,0.265603,0.125942
2007-02-27,0.162795,0.043789,0.027411,0.048361,0.072155,0.062387,0.413192,0.125697,0.080000,0.138180,0.201223,0.175726
2007-02-28,0.143690,0.049369,0.027411,0.048481,0.071953,0.062595,0.372097,0.140915,0.080000,0.138505,0.200699,0.176277
2007-03-01,0.153911,0.046193,0.027411,0.053947,0.063758,0.072365,0.394313,0.132277,0.080000,0.153267,0.179338,0.201764
2007-03-02,0.128042,0.055331,0.027411,0.063311,0.053372,0.090069,0.337042,0.156977,0.080000,0.178161,0.151721,0.246600
2007-03-05,0.107076,0.066417,0.027411,0.070524,0.047444,0.104538,0.288061,0.186310,0.080000,0.197003,0.135686,0.281972
2007-03-06,0.113704,0.062417,0.027411,0.060203,0.056418,0.084058,0.303797,0.175807,0.080000,0.169954,0.159884,0.231571
2007-03-07,0.117858,0.060166,0.027411,0.063560,0.053141,0.090557,0.313540,0.169856,0.080000,0.178818,0.151103,0.247813
2007-03-08,0.126730,0.055905,0.027411,0.060319,0.056297,0.084281,0.334044,0.158515,0.080000,0.170262,0.159563,0.232131
2007-03-09,0.155836,0.045647,0.027411,0.054297,0.063297,0.073004,0.398437,0.130784,0.080000,0.154206,0.178126,0.203412
2007-03-12,0.134219,0.052793,0.027411,0.057269,0.059636,0.078506,0.351030,0.150166,0.080000,0.162155,0.168450,0.217512
2007-03-13,0.106824,0.066580,0.027411,0.070833,0.047220,0.105173,0.287458,0.186736,0.080000,0.197802,0.135077,0.283498
2007-03-14,0.104324,0.068246,0.027411,0.074733,0.044568,0.113317,0.281457,0.191084,0.080000,0.207862,0.127833,0.302884
2007-03-15,0.112061,0.063360,0.027411,0.067135,0.050053,0.097650,0.299916,0.178291,0.080000,0.188186,0.142768,0.265274
2007-03-16,0.103227,0.069006,0.027411,0.067165,0.050028,0.097710,0.278813,0.193062,0.080000,0.188265,0.142701,0.265422
2007-03-19,0.106934,0.066509,0.027411,0.067243,0.049965,0.097866,0.287720,0.186551,0.080000,0.188467,0.142531,0.265801
2007-03-21,0.091780,0.078172,0.027411,0.088368,0.037300,0.143517,0.250844,0.216660,0.080000,0.242369,0.107778,0.371716
2007-03-22,0.111946,0.063427,0.027411,0.088398,0.037287,0.143586,0.299644,0.178467,0.080000,0.242442,0.107742,0.371867
2007-03-23,0.114475,0.061986,0.027411,0.088428,0.037274,0.143655,0.305611,0.174670,0.080000,0.242516,0.107705,0.372019
2007-03-26,0.110343,0.064379,0.027411,0.098861,0.033188,0.168698,0.295845,0.180969,0.080000,0.268229,0.096297,0.425517
2007-03-27,0.111570,0.063647,0.027411,0.099043,0.033125,0.169149,0.298754,0.179047,0.080000,0.268671,0.096120,0.426453
2007-03-28,0.107651,0.066048,0.027411,0.131551,0.024881,0.260282,0.289435,0.185346,0.080000,0.345013,0.072800,0.595239
2007-03-29,0.110112,0.064518,0.027411,0.110712,0.029558,0.199391,0.295298,0.181335,0.080000,0.296722,0.086078,0.486829
2007-03-30,0.112632,0.063029,0.027411,0.117183,0.027911,0.217272,0.301268,0.177418,0.080000,0.311963,0.081419,0.520452
2007-04-02,0.096682,0.073946,0.027411,0.105367,0.031085,0.185235,0.262907,0.205839,0.080000,0.283965,0.090386,0.459124
2007-04-03,0.099994,0.071354,0.027411,0.100211,0.032727,0.172069,0.270987,0.199152,0.080000,0.271513,0.095003,0.432479
2007-04-04,0.087968,0.081832,0.027411,0.107005,0.030599,0.189517,0.241369,0.225954,0.080000,0.287891,0.089017,0.467607
2007-04-05,0.091024,0.078870,0.027411,0.107705,0.030397,0.191361,0.248970,0.218439,0.080000,0.289564,0.088446,0.471233
2007-04-09,0.108433,0.065554,0.027411,0.091339,0.036031,0.150467,0.291301,0.184051,0.080000,0.249750,0.104245,0.386887
2007-04-10,0.105970,0.067139,0.027411,0.091771,0.035854,0.151490,0.285411,0.188198,0.080000,0.250820,0.103751,0.389099
2007-04-11,0.119475,0.059337,0.027411,0.087070,0.037885,0.140522,0.317308,0.167657,0.080000,0.239126,0.109403,0.365100
2007-04-12,0.119408,0.059371,0.027411,0.087814,0.037547,0.142235,0.317151,0.167748,0.080000,0.240985,0.108466,0.368891
2007-04-13,0.124918,0.056721,0.027411,0.083587,0.039552,0.132615,0.329891,0.160693,0.080000,0.230386,0.114025,0.347416
2007-04-16,0.126124,0.056175,0.027411,0.083527,0.039582,0.132479,0.332657,0.159236,0.080000,0.230233,0.114109,0.347110
2007-04-17,0.112855,0.062900,0.027411,0.089660,0.036737,0.146522,0.301794,0.177081,0.080000,0.245583,0.106212,0.378305
2007-04-18,0.111553,0.063657,0.027411,0.096524,0.034020,0.162934,0.298716,0.179072,0.080000,0.262520,0.098626,0.413485
2007-04-19,0.114061,0.062217,0.027411,0.111322,0.029394,0.201041,0.304636,0.175279,0.080000,0.298168,0.085615,0.489995
2007-04-20,0.129026,0.054909,0.027411,0.112884,0.028982,0.205299,0.339283,0.155847,0.080000,0.301863,0.084451,0.498107
2007-04-23,0.128935,0.054947,0.027411,0.114403,0.028594,0.209485,0.339075,0.155951,0.080000,0.305442,0.083352,0.505997
2007-04-24,0.126021,0.056222,0.027411,0.123754,0.026430,0.236337,0.332420,0.159360,0.080000,0.327212,0.077214,0.554645
2007-04-25,0.130326,0.054361,0.027411,0.109096,0.030003,0.195052,0.342238,0.154379,0.080000,0.292880,0.087334,0.478442
2007-04-26,0.136258,0.052011,0.027411,0.102582,0.031950,0.178064,0.355605,0.148060,0.080000,0.277256,0.092819,0.444718
2007-04-27,0.136162,0.052048,0.027411,0.119323,0.027410,0.223376,0.355390,0.148157,0.080000,0.316954,0.079995,0.531584
2007-05-01,0.109877,0.064661,0.027411,0.098958,0.033155,0.168939,0.294740,0.181709,0.080000,0.268465,0.096202,0.426017
2007-05-02,0.112261,0.063243,0.027411,0.092976,0.035369,0.154358,0.300390,0.177984,0.080000,0.253799,0.102399,0.395272
2007-05-03,0.118376,0.059898,0.027411,0.075683,0.043968,0.115332,0.314749,0.169145,0.080000,0.210298,0.126189,0.307626
2007-05-04,0.114364,0.062048,0.027411,0.076311,0.043580,0.116673,0.305350,0.174832,0.080000,0.211907,0.125125,0.310768
2007-05-08,0.115172,0.061601,0.027411,0.066373,0.050680,0.096122,0.307250,0.173653,0.080000,0.186195,0.144465,0.261537
2007-05-09,0.121246,0.058457,0.027411,0.061826,0.054784,0.087180,0.321418,0.165320,0.080000,0.174246,0.155513,0.239402
2007-05-10,0.119585,0.059281,0.027411,0.067072,0.050104,0.097524,0.317564,0.167510,0.080000,0.188023,0.142906,0.264966
2007-05-11,0.134254,0.052780,0.027411,0.072915,0.045766,0.109493,0.351110,0.150129,0.080000,0.203182,0.131109,0.293826
2007-05-14,0.136701,0.051845,0.027411,0.073384,0.045450,0.110475,0.356597,0.147610,0.080000,0.204391,0.130248,0.296159
2007-05-15,0.142156,0.049890,0.027411,0.073361,0.045465,0.110428,0.368715,0.142326,0.080000,0.204333,0.130288,0.296048
2007-05-16,0.140031,0.050631,0.027411,0.086941,0.037944,0.140227,0.364013,0.144333,0.080000,0.238805,0.109567,0.364447
2007-05-17,0.143899,0.049299,0.027411,0.087520,0.037680,0.141557,0.372555,0.140726,0.080000,0.240251,0.108834,0.367393
2007-05-18,0.165297,0.043163,0.027411,0.095773,0.034296,0.161102,0.418438,0.123979,0.080000,0.260680,0.099400,0.409625
2007-05-21,0.149877,0.047390,0.027411,0.088615,0.037191,0.144090,0.385608,0.135538,0.080000,0.242984,0.107475,0.372975
2007-05-22,0.171991,0.041586,0.027411,0.105522,0.031038,0.185636,0.432319,0.119643,0.080000,0.284336,0.090255,0.459923
2007-05-23,0.174271,0.041080,0.027411,0.115302,0.028369,0.211986,0.436995,0.118247,0.080000,0.307555,0.082716,0.510670
2007-05-24,0.170948,0.041823,0.027411,0.115205,0.028393,0.211715,0.430170,0.120295,0.080000,0.307327,0.082784,0.510166
2007-05-25,0.169501,0.042157,0.027411,0.115020,0.028439,0.211201,0.427181,0.121214,0.080000,0.306894,0.082914,0.509206
2007-05-29,0.173470,0.041257,0.027411,0.105175,0.031143,0.184735,0.435354,0.118733,0.080000,0.283503,0.090549,0.458128
2007-05-30,0.152123,0.046715,0.027411,0.096357,0.034081,0.162525,0.390466,0.133699,0.080000,0.262110,0.098797,0.412625
2007-05-31,0.133972,0.052890,0.027411,0.088340,0.037313,0.143451,0.350475,0.150425,0.080000,0.242297,0.107814,0.371570
2007-06-01,0.139748,0.050732,0.027411,0.088190,0.037379,0.143105,0.363385,0.144605,0.080000,0.241925,0.107998,0.370809
2007-06-04,0.134657,0.052623,0.027411,0.074510,0.044711,0.112846,0.352016,0.149707,0.080000,0.207289,0.128226,0.301772
2007-06-05,0.137695,0.051476,0.027411,0.095944,0.034233,0.161518,0.358816,0.146614,0.080000,0.261099,0.099223,0.410503
2007-06-06,0.127701,0.055479,0.027411,0.104279,0.031417,0.182417,0.336264,0.157374,0.080000,0.281349,0.091320,0.453494
2007-06-07,0.115184,0.061595,0.027411,0.213235,0.015867,0.415196,0.307277,0.173636,0.080000,0.512992,0.046851,0.800000
2007-06-08,0.101258,0.070416,0.027411,0.281300,0.012615,0.415196,0.274053,0.196723,0.080000,0.628770,0.037369,0.800000
2007-06-11,0.101746,0.070061,0.027411,0.330567,0.011042,0.415196,0.275235,0.195801,0.080000,0.700000,0.032760,0.800000
2007-06-12,0.102224,0.069717,0.027411,0.330567,0.007795,0.415196,0.276392,0.194908,0.080000,0.700000,0.023202,0.800000
2007-06-13,0.098039,0.072860,0.027411,0.272533,0.012933,0.415196,0.266224,0.203042,0.080000,0.615019,0.038299,0.800000
2007-06-14,0.111373,0.063763,0.027411,0.290567,0.012302,0.415196,0.298288,0.179352,0.080000,0.642946,0.036455,0.800000
2007-06-15,0.108740,0.065362,0.027411,0.233421,0.014682,0.415196,0.292032,0.183548,0.080000,0.549525,0.043403,0.800000
2007-06-18,0.107196,0.066340,0.027411,0.300967,0.011978,0.415196,0.288347,0.186108,0.080000,0.658420,0.035504,0.800000
2007-06-19,0.099151,0.071996,0.027411,0.319233,0.011466,0.415196,0.268935,0.200810,0.080000,0.684503,0.034004,0.800000
2007-06-20,0.099665,0.071604,0.027411,0.330567,0.010288,0.415196,0.270185,0.199797,0.080000,0.700000,0.030546,0.800000
2007-06-21,0.084761,0.085204,0.027411,0.330567,0.009961,0.415196,0.233339,0.234451,0.080000,0.700000,0.029587,0.800000
2007-06-22,0.079484,0.097609,0.027411,0.330567,0.007962,0.415196,0.220000,0.265175,0.080000,0.700000,0.023695,0.800000
2007-06-25,0.079484,0.109259,0.027411,0.330567,0.008425,0.415196,0.220000,0.293270,0.080000,0.700000,0.025061,0.800000
2007-06-26,0.079484,0.120416,0.027411,0.330567,0.010055,0.415196,0.220000,0.319493,0.080000,0.700000,0.029861,0.800000
2007-06-27,0.079484,0.132286,0.027411,0.305424,0.011846,0.415196,0.220000,0.346675,0.080000,0.664912,0.035119,0.800000
2007-06-28,0.079484,0.139822,0.027411,0.250930,0.013824,0.415196,0.220000,0.363549,0.080000,0.579693,0.040901,0.800000
2007-06-29,0.079484,0.148887,0.027411,0.243870,0.014153,0.415196,0.220000,0.383459,0.080000,0.567696,0.041862,0.800000
2007-07-02,0.079484,0.217428,0.033717,0.205955,0.016358,0.415196,0.220000,0.520738,0.097779,0.499349,0.048275,0.800000
2007-07-03,0.079484,0.184300,0.027572,0.232142,0.014751,0.415196,0.220000,0.457260,0.080456,0.547266,0.043602,0.800000
2007-07-05,0.079484,0.169137,0.027411,0.242079,0.014240,0.415196,0.220000,0.426428,0.080000,0.564617,0.042116,0.800000
2007-07-06,0.079484,0.164900,0.027411,0.292501,0.012240,0.415196,0.220000,0.417607,0.080000,0.645859,0.036272,0.800000
2007-07-09,0.079484,0.170080,0.027411,0.262349,0.013332,0.415196,0.220000,0.428378,0.080000,0.598622,0.039466,0.800000
2007-07-10,0.079484,0.237486,0.037404,0.237647,0.014462,0.415196,0.220000,0.556653,0.108067,0.556934,0.042762,0.800000
2007-07-11,0.079484,0.279943,0.045024,0.264942,0.013227,0.415196,0.220000,0.626664,0.129082,0.602840,0.039159,0.800000
2007-07-12,0.079484,0.249366,0.039565,0.240469,0.014320,0.415196,0.220000,0.577054,0.114062,0.561836,0.042347,0.800000
2007-07-13,0.079484,0.240681,0.037987,0.206898,0.016292,0.415196,0.220000,0.562202,0.109687,0.501131,0.048084,0.800000
2007-07-16,0.079484,0.270921,0.043431,0.191519,0.017452,0.415196,0.220000,0.612454,0.124717,0.471542,0.051448,0.800000
2007-07-17,0.079484,0.260783,0.041623,0.200523,0.016749,0.415196,0.220000,0.596060,0.119743,0.489003,0.049411,0.800000
2007-07-18,0.079484,0.361128,0.058481,0.209598,0.016108,0.415196,0.220000,0.739240,0.165384,0.506208,0.047549,0.800000
2007-07-19,0.079484,0.406409,0.065153,0.193902,0.017259,0.415196,0.220000,0.790848,0.183001,0.476202,0.050889,0.800000
2007-07-20,0.079484,0.415196,0.121248,0.190777,0.017513,0.415196,0.220000,0.800000,0.321422,0.470087,0.051625,0.800000
2007-07-23,0.079484,0.415196,0.146604,0.187944,0.017752,0.415196,0.220000,0.800000,0.378485,0.464501,0.052316,0.800000
2007-07-24,0.079484,0.415196,0.210108,0.185060,0.018003,0.415196,0.220000,0.800000,0.507164,0.458777,0.053041,0.800000
2007-07-25,0.079484,0.415196,0.263194,0.193176,0.017317,0.415196,0.220000,0.800000,0.600000,0.474786,0.051058,0.800000
2007-07-26,0.079484,0.415196,0.263194,0.253998,0.013687,0.415196,0.220000,0.800000,0.600000,0.584836,0.040501,0.800000
2007-07-27,0.079484,0.415196,0.263194,0.262148,0.013341,0.415196,0.220000,0.800000,0.600000,0.598295,0.039490,0.800000
2007-07-31,0.079484,0.415196,0.263194,0.221441,0.015357,0.415196,0.220000,0.800000,0.600000,0.528073,0.045366,0.800000
2007-08-01,0.079484,0.415196,0.263194,0.194649,0.017200,0.415196,0.220000,0.800000,0.600000,0.477658,0.050717,0.800000
2007-08-03,0.079484,0.415196,0.263194,0.246841,0.014012,0.415196,0.220000,0.800000,0.600000,0.572771,0.041450,0.800000
2007-08-06,0.079484,0.415196,0.263194,0.253669,0.013701,0.415196,0.220000,0.800000,0.600000,0.584285,0.040544,0.800000
2007-08-07,0.079484,0.415196,0.263194,0.189996,0.017578,0.415196,0.220000,0.800000,0.600000,0.468550,0.051813,0.800000
2007-08-08,0.079484,0.415196,0.263194,0.177905,0.018663,0.415196,0.220000,0.800000,0.600000,0.444396,0.054952,0.800000
2007-08-09,0.079484,0.415196,0.263194,0.294996,0.012161,0.415196,0.220000,0.800000,0.600000,0.649591,0.036041,0.800000
2007-08-10,0.079484,0.415196,0.263194,0.330567,0.010573,0.415196,0.220000,0.800000,0.600000,0.700000,0.031385,0.800000
2007-08-13,0.079484,0.415196,0.263194,0.302523,0.011931,0.415196,0.220000,0.800000,0.600000,0.660695,0.035368,0.800000
2007-08-14,0.079484,0.415196,0.263194,0.324278,0.011336,0.415196,0.220000,0.800000,0.600000,0.691465,0.033624,0.800000
2007-08-15,0.079484,0.415196,0.263194,0.330567,0.008538,0.415196,0.220000,0.800000,0.600000,0.700000,0.025397,0.800000
2007-08-16,0.079484,0.415196,0.263194,0.330567,0.006187,0.415196,0.220000,0.800000,0.600000,0.700000,0.018445,0.800000
2007-08-17,0.079484,0.415196,0.263194,0.330567,0.007208,0.415196,0.220000,0.800000,0.600000,0.700000,0.021469,0.800000
2007-08-20,0.079484,0.415196,0.263194,0.330567,0.006940,0.415196,0.220000,0.800000,0.600000,0.700000,0.020675,0.800000
2007-08-21,0.079484,0.415196,0.263194,0.330567,0.006928,0.415196,0.220000,0.800000,0.600000,0.700000,0.020641,0.800000
2007-08-22,0.079484,0.415196,0.263194,0.330567,0.009367,0.415196,0.220000,0.800000,0.600000,0.700000,0.027838,0.800000
2007-08-23,0.079484,0.415196,0.263194,0.301619,0.011958,0.415196,0.220000,0.800000,0.600000,0.659374,0.035447,0.800000
2007-08-24,0.079484,0.415196,0.241246,0.201976,0.016642,0.415196,0.220000,0.800000,0.563179,0.491785,0.049101,0.800000
2007-08-27,0.079484,0.415196,0.223045,0.191032,0.017492,0.415196,0.220000,0.800000,0.530984,0.470587,0.051564,0.800000
2007-08-28,0.079484,0.415196,0.263194,0.254923,0.013646,0.415196,0.220000,0.800000,0.600000,0.586378,0.040383,0.800000
2007-08-29,0.079484,0.415196,0.236779,0.278893,0.012700,0.415196,0.220000,0.800000,0.555418,0.625028,0.037618,0.800000
2007-08-30,0.079484,0.415196,0.249368,0.269333,0.013055,0.415196,0.220000,0.800000,0.577057,0.609915,0.038655,0.800000
2007-08-31,0.079484,0.415196,0.218570,0.224368,0.015185,0.415196,0.220000,0.800000,0.522834,0.533376,0.044865,0.800000
2007-09-04,0.079484,0.415196,0.197865,0.253025,0.013730,0.415196,0.220000,0.800000,0.483889,0.583209,0.040627,0.800000
2007-09-05,0.079484,0.415196,0.205044,0.264665,0.013238,0.415196,0.220000,0.800000,0.497624,0.602391,0.039192,0.800000
2007-09-06,0.079484,0.415196,0.196216,0.238508,0.014418,0.415196,0.220000,0.800000,0.480700,0.558434,0.042634,0.800000
2007-09-07,0.079484,0.415196,0.249874,0.278317,0.012720,0.415196,0.220000,0.800000,0.577913,0.624129,0.037678,0.800000
2007-09-10,0.079484,0.415196,0.261229,0.259286,0.013459,0.415196,0.220000,0.800000,0.596791,0.593601,0.039837,0.800000
2007-09-11,0.079484,0.415196,0.234246,0.212225,0.015933,0.415196,0.220000,0.800000,0.550977,0.511115,0.047042,0.800000
2007-09-12,0.079484,0.415196,0.211935,0.237444,0.014472,0.415196,0.220000,0.800000,0.510575,0.556579,0.042792,0.800000
2007-09-13,0.079484,0.415196,0.175726,0.196744,0.017036,0.415196,0.220000,0.800000,0.439965,0.481722,0.050242,0.800000
2007-09-14,0.079484,0.415196,0.166146,0.199469,0.016828,0.415196,0.220000,0.800000,0.420210,0.486979,0.049639,0.800000
2007-09-17,0.079484,0.415196,0.148409,0.184125,0.018086,0.415196,0.220000,0.800000,0.382420,0.456911,0.053282,0.800000
2007-09-18,0.079484,0.415196,0.133619,0.249475,0.013890,0.415196,0.220000,0.800000,0.349680,0.577239,0.041094,0.800000
2007-09-19,0.079484,0.415196,0.105999,0.267655,0.013120,0.415196,0.220000,0.800000,0.285480,0.607221,0.038846,0.800000
2007-09-20,0.079484,0.415196,0.088045,0.317764,0.011504,0.415196,0.220000,0.800000,0.241563,0.682456,0.034118,0.800000
2007-09-21,0.079484,0.415196,0.078158,0.293871,0.012196,0.415196,0.220000,0.800000,0.216626,0.647912,0.036145,0.800000
2007-09-24,0.079484,0.415196,0.070902,0.282799,0.012563,0.415196,0.220000,0.800000,0.197981,0.631089,0.037217,0.800000
2007-09-25,0.079484,0.415196,0.072961,0.321399,0.011409,0.415196,0.220000,0.800000,0.203301,0.687505,0.033839,0.800000
2007-09-26,0.079484,0.415196,0.067948,0.330567,0.010927,0.415196,0.220000,0.800000,0.190306,0.700000,0.032424,0.800000
2007-09-27,0.079484,0.415196,0.066900,0.294947,0.012162,0.415196,0.220000,0.800000,0.187572,0.649518,0.036045,0.800000
2007-09-28,0.079484,0.401053,0.064399,0.275391,0.012827,0.415196,0.220000,0.785135,0.181022,0.619539,0.037988,0.800000
2007-10-02,0.079484,0.395229,0.063568,0.219009,0.015504,0.415196,0.220000,0.778806,0.178838,0.523638,0.045794,0.800000
2007-10-03,0.079484,0.365441,0.059145,0.197937,0.016944,0.415196,0.220000,0.744485,0.167147,0.484029,0.049976,0.800000
2007-10-04,0.079484,0.347582,0.056361,0.199555,0.016822,0.415196,0.220000,0.722298,0.159731,0.487145,0.049621,0.800000
2007-10-05,0.079484,0.298899,0.048315,0.211771,0.015963,0.415196,0.220000,0.655380,0.138056,0.510269,0.047129,0.800000
2007-10-09,0.079484,0.272481,0.043708,0.182307,0.018250,0.415196,0.220000,0.614936,0.125476,0.453273,0.053757,0.800000
2007-10-10,0.079484,0.252980,0.040219,0.171006,0.019358,0.414301,0.220000,0.583134,0.115869,0.430289,0.056957,0.799080
2007-10-11,0.079484,0.234330,0.036827,0.181612,0.018314,0.415196,0.220000,0.551125,0.106461,0.451878,0.053942,0.800000
2007-10-12,0.079484,0.228208,0.035703,0.154990,0.021232,0.343333,0.220000,0.540272,0.103332,0.396628,0.062353,0.716838
2007-10-15,0.079484,0.219845,0.034163,0.153387,0.021443,0.336994,0.220000,0.525165,0.099028,0.393187,0.062960,0.708557
2007-10-16,0.079484,0.235497,0.037040,0.179203,0.018539,0.415196,0.220000,0.553175,0.107055,0.447022,0.054593,0.800000
2007-10-17,0.079484,0.266805,0.042699,0.189834,0.017592,0.415196,0.220000,0.605853,0.122706,0.468232,0.051853,0.800000
2007-10-18,0.079484,0.292015,0.047129,0.195965,0.017096,0.415196,0.220000,0.645127,0.134829,0.480214,0.050417,0.800000
2007-10-19,0.079484,0.333468,0.054094,0.202025,0.016639,0.415196,0.220000,0.703883,0.153662,0.491878,0.049090,0.800000
2007-10-22,0.079484,0.348878,0.056566,0.180553,0.018412,0.415196,0.220000,0.723951,0.160280,0.449747,0.054226,0.800000
2007-10-23,0.079484,0.324452,0.052617,0.190804,0.017511,0.415196,0.220000,0.691703,0.149691,0.470140,0.051619,0.800000
2007-10-24,0.079484,0.351120,0.056920,0.196669,0.017042,0.415196,0.220000,0.726793,0.161224,0.481577,0.050259,0.800000
2007-10-25,0.079484,0.340026,0.055154,0.197831,0.016952,0.415196,0.220000,0.712538,0.156505,0.483823,0.049999,0.800000
2007-10-26,0.079484,0.331937,0.053845,0.198968,0.016866,0.415196,0.220000,0.701838,0.152992,0.486015,0.049749,0.800000
2007-10-30,0.079484,0.319208,0.051748,0.168680,0.019606,0.402975,0.220000,0.684468,0.147348,0.425481,0.057673,0.787197
2007-10-31,0.079484,0.322355,0.052270,0.152889,0.021510,0.335050,0.220000,0.688823,0.148757,0.392116,0.063151,0.705986
2007-11-01,0.079484,0.385837,0.062204,0.168720,0.019602,0.403164,0.220000,0.768340,0.175245,0.425563,0.057661,0.787400
2007-11-02,0.079484,0.415196,0.069949,0.190200,0.017561,0.415196,0.220000,0.800000,0.195510,0.468952,0.051764,0.800000
2007-11-05,0.079484,0.415196,0.074369,0.191438,0.017459,0.415196,0.220000,0.800000,0.206925,0.471384,0.051467,0.800000
2007-11-07,0.079484,0.415196,0.083078,0.216376,0.015667,0.415196,0.220000,0.800000,0.229102,0.518803,0.046268,0.800000
2007-11-08,0.079484,0.415196,0.094275,0.254340,0.013672,0.415196,0.220000,0.800000,0.257000,0.585407,0.040457,0.800000
2007-11-09,0.079484,0.415196,0.103753,0.247869,0.013964,0.415196,0.220000,0.800000,0.280081,0.574519,0.041310,0.800000
2007-11-13,0.079484,0.415196,0.103445,0.198178,0.016926,0.415196,0.220000,0.800000,0.279339,0.484494,0.049922,0.800000
2007-11-14,0.079484,0.415196,0.097843,0.190850,0.017507,0.415196,0.220000,0.800000,0.265746,0.470230,0.051608,0.800000
2007-11-15,0.079484,0.415196,0.113928,0.237638,0.014463,0.415196,0.220000,0.800000,0.304323,0.556918,0.042763,0.800000
2007-11-16,0.079484,0.415196,0.122299,0.231974,0.014760,0.415196,0.220000,0.800000,0.323854,0.546970,0.043628,0.800000
2007-11-19,0.079484,0.415196,0.146398,0.263752,0.013275,0.415196,0.220000,0.800000,0.378033,0.600909,0.039299,0.800000
2007-11-20,0.079484,0.415196,0.153280,0.273303,0.012904,0.415196,0.220000,0.800000,0.392958,0.616240,0.038214,0.800000
2007-11-21,0.079484,0.415196,0.172394,0.324429,0.011332,0.415196,0.220000,0.800000,0.433147,0.691672,0.033613,0.800000
2007-11-23,0.079484,0.415196,0.143642,0.265041,0.013223,0.415196,0.220000,0.800000,0.371990,0.603002,0.039148,0.800000
2007-11-26,0.079484,0.415196,0.154079,0.241610,0.014263,0.415196,0.220000,0.800000,0.394674,0.563808,0.042183,0.800000
2007-11-27,0.079484,0.415196,0.147361,0.230938,0.014816,0.415196,0.220000,0.800000,0.380137,0.545133,0.043792,0.800000
2007-11-28,0.079484,0.415196,0.130613,0.208755,0.016165,0.415196,0.220000,0.800000,0.342887,0.504627,0.047714,0.800000
2007-11-29,0.079484,0.415196,0.130910,0.212744,0.015899,0.415196,0.220000,0.800000,0.343562,0.512081,0.046943,0.800000
2007-11-30,0.079484,0.415196,0.124142,0.229476,0.014896,0.415196,0.220000,0.800000,0.328106,0.542534,0.044025,0.800000
2007-12-03,0.079484,0.415196,0.127210,0.251890,0.013781,0.415196,0.220000,0.800000,0.335142,0.581307,0.040774,0.800000
2007-12-04,0.079484,0.415196,0.130113,0.244982,0.014100,0.415196,0.220000,0.800000,0.341754,0.569600,0.041707,0.800000
2007-12-05,0.079484,0.415196,0.126085,0.252681,0.013745,0.415196,0.220000,0.800000,0.332567,0.582633,0.040671,0.800000
2007-12-06,0.079484,0.415196,0.119224,0.232310,0.014741,0.415196,0.220000,0.800000,0.316725,0.547564,0.043576,0.800000
2007-12-07,0.079484,0.415196,0.104323,0.231040,0.014810,0.415196,0.220000,0.800000,0.281454,0.545315,0.043775,0.800000
2007-12-10,0.079484,0.415196,0.096585,0.217677,0.015586,0.415196,0.220000,0.800000,0.262670,0.521195,0.046032,0.800000
2007-12-12,0.079484,0.415196,0.092667,0.208359,0.016192,0.415196,0.220000,0.800000,0.253036,0.503882,0.047793,0.800000
2007-12-13,0.079484,0.415196,0.089649,0.201010,0.016713,0.415196,0.220000,0.800000,0.245557,0.489937,0.049307,0.800000
2007-12-14,0.079484,0.415196,0.084058,0.184798,0.018026,0.415196,0.220000,0.800000,0.231571,0.458255,0.053109,0.800000
2007-12-17,0.079484,0.415196,0.083147,0.191695,0.017438,0.415196,0.220000,0.800000,0.229276,0.471889,0.051406,0.800000
2007-12-18,0.079484,0.415196,0.083808,0.185637,0.017952,0.415196,0.220000,0.800000,0.230942,0.459925,0.052894,0.800000
2007-12-19,0.079484,0.415196,0.083290,0.179958,0.018468,0.415196,0.220000,0.800000,0.229636,0.448547,0.054387,0.800000
2007-12-20,0.079484,0.415196,0.085046,0.180305,0.018435,0.415196,0.220000,0.800000,0.234054,0.449248,0.054293,0.800000
2007-12-24,0.079484,0.415196,0.074513,0.186618,0.017866,0.415196,0.220000,0.800000,0.207296,0.461875,0.052646,0.800000
2007-12-26,0.079484,0.415196,0.070743,0.183884,0.018107,0.415196,0.220000,0.800000,0.197570,0.456430,0.053344,0.800000
2007-12-27,0.079484,0.415196,0.070603,0.175723,0.018877,0.415196,0.220000,0.800000,0.197206,0.439959,0.055568,0.800000
2007-12-28,0.079484,0.415196,0.071709,0.178875,0.018570,0.415196,0.220000,0.800000,0.200069,0.446360,0.054683,0.800000
2007-12-31,0.079484,0.415196,0.076020,0.176463,0.018804,0.415196,0.220000,0.800000,0.211162,0.441467,0.055357,0.800000
2008-01-02,0.079484,0.415196,0.082117,0.185492,0.017965,0.415196,0.220000,0.800000,0.226676,0.459636,0.052931,0.800000
2008-01-03,0.079484,0.415196,0.083316,0.197381,0.016987,0.415196,0.220000,0.800000,0.229702,0.482954,0.050099,0.800000
2008-01-04,0.079484,0.415196,0.091163,0.213031,0.015880,0.415196,0.220000,0.800000,0.249315,0.512615,0.046889,0.800000
2008-01-07,0.079484,0.415196,0.094079,0.196559,0.017050,0.415196,0.220000,0.800000,0.256517,0.481364,0.050283,0.800000
2008-01-08,0.079484,0.415196,0.094545,0.193427,0.017297,0.415196,0.220000,0.800000,0.257665,0.475275,0.050999,0.800000
2008-01-09,0.079484,0.415196,0.106677,0.199212,0.016847,0.415196,0.220000,0.800000,0.287105,0.486485,0.049695,0.800000
2008-01-10,0.079484,0.415196,0.098607,0.217746,0.015581,0.415196,0.220000,0.800000,0.267610,0.521322,0.046020,0.800000
2008-01-11,0.079484,0.415196,0.097268,0.223341,0.015244,0.415196,0.220000,0.800000,0.264342,0.531520,0.045040,0.800000
2008-01-14,0.079484,0.415196,0.092212,0.218631,0.015527,0.415196,0.220000,0.800000,0.251911,0.522945,0.045861,0.800000
2008-01-15,0.079484,0.415196,0.094458,0.201974,0.016643,0.415196,0.220000,0.800000,0.257450,0.491780,0.049101,0.800000
2008-01-16,0.079484,0.415196,0.095887,0.210348,0.016057,0.415196,0.220000,0.800000,0.260960,0.507612,0.047403,0.800000
2008-01-17,0.079484,0.415196,0.102321,0.203451,0.016535,0.415196,0.220000,0.800000,0.276625,0.494597,0.048791,0.800000
2008-01-18,0.079484,0.415196,0.103039,0.224376,0.015184,0.415196,0.220000,0.800000,0.278359,0.533390,0.044864,0.800000
2008-01-22,0.079484,0.415196,0.119027,0.270162,0.013023,0.415196,0.220000,0.800000,0.316266,0.611242,0.038562,0.800000
2008-01-23,0.079484,0.415196,0.120861,0.254218,0.013677,0.415196,0.220000,0.800000,0.320526,0.585202,0.040473,0.800000
2008-01-24,0.079484,0.415196,0.097907,0.251057,0.013818,0.415196,0.220000,0.800000,0.265903,0.579906,0.040884,0.800000
2008-01-25,0.079484,0.415196,0.090300,0.227684,0.014995,0.415196,0.220000,0.800000,0.247175,0.539335,0.044315,0.800000
2008-01-28,0.079484,0.415196,0.087880,0.232318,0.014741,0.415196,0.220000,0.800000,0.241151,0.547577,0.043575,0.800000
2008-01-29,0.079484,0.415196,0.079185,0.223988,0.015207,0.415196,0.220000,0.800000,0.219241,0.532690,0.044930,0.800000
2008-01-30,0.079484,0.415196,0.076086,0.244897,0.014104,0.415196,0.220000,0.800000,0.211332,0.569455,0.041718,0.800000
2008-01-31,0.079484,0.415196,0.079598,0.245499,0.014075,0.415196,0.220000,0.800000,0.220291,0.570484,0.041635,0.800000
2008-02-01,0.079484,0.415196,0.077807,0.249422,0.013892,0.415196,0.220000,0.800000,0.215730,0.577148,0.041101,0.800000
2008-02-04,0.079484,0.415196,0.075606,0.267586,0.013123,0.415196,0.220000,0.800000,0.210101,0.607112,0.038853,0.800000
2008-02-05,0.079484,0.415196,0.077384,0.290523,0.012304,0.415196,0.220000,0.800000,0.214651,0.642879,0.036459,0.800000
2008-02-06,0.079484,0.415196,0.076230,0.269539,0.013047,0.415196,0.220000,0.800000,0.211700,0.610246,0.038632,0.800000
2008-02-07,0.079484,0.415196,0.076176,0.300027,0.012006,0.415196,0.220000,0.800000,0.211561,0.657040,0.035587,0.800000
2008-02-08,0.079484,0.415196,0.078953,0.273908,0.012881,0.415196,0.220000,0.800000,0.218651,0.617197,0.038149,0.800000
2008-02-11,0.079484,0.415196,0.081747,0.258733,0.013483,0.415196,0.220000,0.800000,0.225740,0.592690,0.039905,0.800000
2008-02-12,0.079484,0.415196,0.080404,0.261478,0.013368,0.415196,0.220000,0.800000,0.222336,0.597199,0.039571,0.800000
2008-02-13,0.079484,0.415196,0.079376,0.277989,0.012732,0.415196,0.220000,0.800000,0.219726,0.623616,0.037713,0.800000
2008-02-14,0.079484,0.415196,0.074126,0.319318,0.011463,0.415196,0.220000,0.800000,0.206302,0.684621,0.033998,0.800000
2008-02-15,0.079484,0.415196,0.074253,0.279725,0.012670,0.415196,0.220000,0.800000,0.206628,0.626324,0.037531,0.800000
2008-02-20,0.079484,0.415196,0.068765,0.243837,0.014155,0.415196,0.220000,0.800000,0.192434,0.567639,0.041867,0.800000
2008-02-21,0.079484,0.415196,0.070052,0.237650,0.014462,0.415196,0.220000,0.800000,0.195778,0.556939,0.042761,0.800000
2008-02-22,0.079484,0.415196,0.069139,0.237214,0.014484,0.415196,0.220000,0.800000,0.193407,0.556179,0.042826,0.800000
2008-02-25,0.079484,0.403665,0.064768,0.223915,0.015211,0.415196,0.220000,0.787934,0.181991,0.532558,0.044942,0.800000
2008-02-26,0.079484,0.393256,0.063284,0.234096,0.014646,0.415196,0.220000,0.776635,0.178090,0.550714,0.043299,0.800000
2008-02-27,0.079484,0.389983,0.062810,0.228637,0.014942,0.415196,0.220000,0.773000,0.176841,0.541039,0.044160,0.800000
2008-02-28,0.079484,0.415196,0.067074,0.223482,0.015236,0.415196,0.220000,0.800000,0.188028,0.531775,0.045016,0.800000
2008-02-29,0.079484,0.415196,0.075320,0.228146,0.014970,0.415196,0.220000,0.800000,0.209367,0.540161,0.044240,0.800000
2008-03-03,0.079484,0.415196,0.077424,0.235180,0.014589,0.415196,0.220000,0.800000,0.214752,0.552619,0.043133,0.800000
2008-03-04,0.079484,0.415196,0.079318,0.242072,0.014241,0.415196,0.220000,0.800000,0.219578,0.564605,0.042117,0.800000
2008-03-05,0.079484,0.415196,0.078299,0.251457,0.013800,0.415196,0.220000,0.800000,0.216986,0.580580,0.040831,0.800000
2008-03-06,0.079484,0.415196,0.084851,0.257966,0.013515,0.415196,0.220000,0.800000,0.233566,0.591426,0.040000,0.800000
2008-03-07,0.079484,0.415196,0.088087,0.235559,0.014570,0.415196,0.220000,0.800000,0.241665,0.553284,0.043075,0.800000
2008-03-10,0.079484,0.415196,0.093836,0.220910,0.015389,0.415196,0.220000,0.800000,0.255919,0.527107,0.045459,0.800000
2008-03-11,0.079484,0.415196,0.090729,0.190864,0.017506,0.415196,0.220000,0.800000,0.248238,0.470257,0.051605,0.800000
2008-03-12,0.079484,0.415196,0.094399,0.187844,0.017760,0.415196,0.220000,0.800000,0.257305,0.464305,0.052340,0.800000
2008-03-13,0.079484,0.415196,0.100449,0.197444,0.016982,0.415196,0.220000,0.800000,0.272090,0.483077,0.050085,0.800000
2008-03-14,0.079484,0.415196,0.104736,0.201422,0.016683,0.415196,0.220000,0.800000,0.282447,0.490726,0.049218,0.800000
2008-03-17,0.079484,0.415196,0.114179,0.201546,0.016674,0.415196,0.220000,0.800000,0.304914,0.490963,0.049192,0.800000
2008-03-19,0.079484,0.415196,0.098674,0.170890,0.019370,0.413728,0.220000,0.800000,0.267773,0.430051,0.056992,0.798490
2008-03-20,0.079484,0.415196,0.097833,0.156072,0.021092,0.347678,0.220000,0.800000,0.265721,0.398942,0.061951,0.722421
2008-03-24,0.079484,0.415196,0.083563,0.150576,0.021825,0.326153,0.220000,0.800000,0.230324,0.387123,0.064056,0.694026
2008-03-25,0.079484,0.415196,0.077770,0.149171,0.022022,0.320854,0.220000,0.800000,0.215637,0.384076,0.064621,0.686751
2008-03-26,0.079484,0.415196,0.075572,0.158212,0.020822,0.356439,0.220000,0.800000,0.210015,0.403504,0.061173,0.733456
2008-03-27,0.079484,0.415196,0.073547,0.160638,0.020525,0.366649,0.220000,0.800000,0.204811,0.408645,0.060319,0.745942
2008-03-28,0.079484,0.415196,0.072759,0.154941,0.021238,0.343139,0.220000,0.800000,0.202780,0.396524,0.062371,0.716587
2008-03-31,0.079484,0.415196,0.075934,0.157344,0.020931,0.352855,0.220000,0.800000,0.210942,0.401655,0.061486,0.728978
2008-04-01,0.079484,0.415196,0.069372,0.148140,0.022169,0.317019,0.220000,0.800000,0.194013,0.381835,0.065043,0.681415
2008-04-02,0.079484,0.391943,0.063094,0.140897,0.023267,0.291160,0.220000,0.775181,0.177591,0.365933,0.068191,0.643841
2008-04-03,0.079484,0.368864,0.059667,0.137523,0.023822,0.279714,0.220000,0.748598,0.168534,0.358433,0.069778,0.626307
2008-04-04,0.079484,0.351432,0.056969,0.133212,0.024576,0.265586,0.220000,0.727186,0.161355,0.348765,0.071931,0.603884
2008-04-07,0.079484,0.316732,0.051335,0.127052,0.025750,0.246281,0.220000,0.681013,0.146234,0.334781,0.075277,0.571819
2008-04-08,0.079484,0.312908,0.050694,0.135798,0.024118,0.273996,0.220000,0.675627,0.144502,0.354576,0.070622,0.617337
2008-04-09,0.079484,0.323159,0.052403,0.135913,0.024098,0.274373,0.220000,0.689930,0.149115,0.354832,0.070565,0.617932
2008-04-10,0.079484,0.317512,0.051465,0.133843,0.024462,0.267619,0.220000,0.682104,0.146585,0.350185,0.071607,0.607165
2008-04-11,0.079484,0.319865,0.051857,0.135069,0.024245,0.271606,0.220000,0.685381,0.147643,0.352941,0.070985,0.613545
2008-04-14,0.079484,0.313617,0.050813,0.136284,0.024034,0.275597,0.220000,0.676631,0.144825,0.355663,0.070382,0.619862
2008-04-15,0.079484,0.298358,0.048223,0.136393,0.024015,0.275958,0.220000,0.654581,0.137804,0.355907,0.070328,0.620430
2008-04-16,0.079484,0.279741,0.044989,0.133258,0.024568,0.265733,0.220000,0.626350,0.128985,0.348868,0.071907,0.604121
2008-04-17,0.079484,0.266703,0.042681,0.120315,0.027183,0.226240,0.220000,0.605689,0.122656,0.319260,0.079354,0.536747
2008-04-18,0.079484,0.243883,0.038570,0.115952,0.028209,0.213804,0.220000,0.567719,0.111305,0.309080,0.082263,0.514049
2008-04-21,0.079484,0.236131,0.037156,0.112691,0.029033,0.204768,0.220000,0.554286,0.107378,0.301405,0.084594,0.497101
2008-04-22,0.079484,0.228238,0.035709,0.107863,0.030351,0.191779,0.220000,0.540326,0.103347,0.289942,0.088318,0.472053
2008-04-23,0.079484,0.222677,0.034686,0.111692,0.029295,0.202043,0.220000,0.530317,0.100489,0.299043,0.085336,0.491913
2008-04-24,0.079484,0.212353,0.032778,0.103632,0.031617,0.180752,0.220000,0.511353,0.095147,0.279791,0.091885,0.450148
2008-04-25,0.079484,0.206055,0.031612,0.104035,0.031492,0.181786,0.220000,0.499539,0.091869,0.280760,0.091533,0.452228
2008-04-28,0.079484,0.202646,0.030979,0.106088,0.030869,0.187113,0.220000,0.493063,0.090088,0.285694,0.089778,0.462856
2008-04-29,0.079484,0.199352,0.030368,0.105660,0.030997,0.185996,0.220000,0.486754,0.088365,0.284667,0.090138,0.460639
2008-04-30,0.079484,0.194623,0.029490,0.103596,0.031629,0.180658,0.220000,0.477607,0.085886,0.279703,0.091917,0.449958
2008-05-01,0.079484,0.188130,0.028283,0.097681,0.033602,0.165777,0.220000,0.464870,0.082473,0.265350,0.097458,0.419440
2008-05-02,0.079484,0.176532,0.027411,0.098101,0.033454,0.166813,0.220000,0.441608,0.080000,0.266375,0.097041,0.421602
2008-05-05,0.079484,0.174929,0.027411,0.100880,0.032504,0.173751,0.220000,0.438339,0.080000,0.273137,0.094376,0.435930
2008-05-06,0.079484,0.175773,0.027411,0.107942,0.030329,0.191987,0.220000,0.440060,0.080000,0.290129,0.088254,0.472460
2008-05-07,0.079484,0.175544,0.027411,0.108356,0.030211,0.193083,0.220000,0.439595,0.080000,0.291116,0.087922,0.474604
2008-05-08,0.079484,0.179639,0.027411,0.106194,0.030838,0.187389,0.220000,0.447904,0.080000,0.285948,0.089690,0.463403
2008-05-09,0.079484,0.181280,0.027411,0.104093,0.031474,0.181937,0.220000,0.451210,0.080000,0.280901,0.091482,0.452531
2008-05-12,0.079484,0.180295,0.027411,0.100430,0.032654,0.172619,0.220000,0.449227,0.080000,0.272045,0.094797,0.433609
2008-05-13,0.079484,0.172189,0.027411,0.096151,0.034156,0.162023,0.220000,0.432725,0.080000,0.261607,0.099009,0.411568
2008-05-14,0.079484,0.166493,0.027411,0.092813,0.035434,0.153968,0.220000,0.420935,0.080000,0.253396,0.102579,0.394437
2008-05-15,0.079484,0.167048,0.027411,0.091771,0.035854,0.151489,0.220000,0.422090,0.080000,0.250819,0.103751,0.389096
2008-05-16,0.079484,0.163227,0.027411,0.091470,0.035977,0.150777,0.220000,0.414100,0.080000,0.250075,0.104094,0.387559
2008-05-19,0.079484,0.161421,0.027411,0.093396,0.035204,0.155362,0.220000,0.410298,0.080000,0.254834,0.101937,0.397424
2008-05-20,0.079484,0.164293,0.027411,0.095371,0.034446,0.160124,0.220000,0.416338,0.080000,0.259693,0.099820,0.407558
2008-05-21,0.079484,0.162124,0.027411,0.092018,0.035753,0.152075,0.220000,0.411780,0.080000,0.251430,0.103471,0.390361
2008-05-22,0.079484,0.160563,0.027411,0.088791,0.037114,0.144497,0.220000,0.408488,0.080000,0.243421,0.107261,0.373870
2008-05-23,0.079484,0.164527,0.027411,0.090698,0.036297,0.148956,0.220000,0.416827,0.080000,0.248161,0.104987,0.383608
2008-05-27,0.079484,0.164602,0.027411,0.089474,0.036817,0.146087,0.220000,0.416983,0.080000,0.245121,0.106435,0.377355
2008-05-28,0.079484,0.159032,0.027411,0.091415,0.036000,0.150647,0.220000,0.405245,0.080000,0.249939,0.104157,0.387277
2008-05-29,0.079484,0.154448,0.027411,0.091115,0.036124,0.149938,0.220000,0.395466,0.080000,0.249195,0.104503,0.385741
2008-05-30,0.079484,0.154402,0.027411,0.090068,0.036563,0.147477,0.220000,0.395367,0.080000,0.246598,0.105727,0.380390
2008-06-02,0.079484,0.155503,0.027411,0.094964,0.034599,0.159138,0.220000,0.397725,0.080000,0.258694,0.100248,0.405469
2008-06-03,0.079484,0.159559,0.027411,0.094639,0.034723,0.158352,0.220000,0.406362,0.080000,0.257895,0.100593,0.403800
2008-06-04,0.079484,0.160136,0.027411,0.097546,0.033651,0.165444,0.220000,0.407584,0.080000,0.265021,0.097593,0.418745
2008-06-05,0.079484,0.152881,0.027411,0.099699,0.032900,0.170787,0.220000,0.392097,0.080000,0.270269,0.095489,0.429839
2008-06-06,0.079484,0.153920,0.027411,0.099333,0.033025,0.169872,0.220000,0.394333,0.080000,0.269378,0.095840,0.427949
2008-06-09,0.079484,0.148050,0.027411,0.080155,0.041351,0.124999,0.220000,0.381639,0.080000,0.221706,0.118995,0.330076
2008-06-10,0.079484,0.145277,0.027411,0.074126,0.044961,0.112035,0.220000,0.375581,0.080000,0.206301,0.128908,0.299856
2008-06-11,0.079484,0.147829,0.027411,0.078384,0.042348,0.121136,0.220000,0.381158,0.080000,0.217201,0.121741,0.321163
2008-06-12,0.079484,0.142013,0.027411,0.073681,0.045253,0.111098,0.220000,0.368400,0.080000,0.205155,0.129709,0.297637
2008-06-13,0.079484,0.140094,0.027411,0.074713,0.044581,0.113275,0.220000,0.364152,0.080000,0.207810,0.127868,0.302784
2008-06-16,0.079484,0.138829,0.027411,0.075123,0.044320,0.114142,0.220000,0.361343,0.080000,0.208862,0.127153,0.304829
2008-06-17,0.079484,0.138349,0.027411,0.078834,0.042090,0.122114,0.220000,0.360274,0.080000,0.218349,0.121030,0.323428
2008-06-18,0.079484,0.143714,0.027411,0.077455,0.042891,0.119129,0.220000,0.372150,0.080000,0.214832,0.123233,0.316502
2008-06-19,0.079484,0.143083,0.027411,0.074609,0.044648,0.113054,0.220000,0.370760,0.080000,0.207543,0.128052,0.302264
2008-06-20,0.079484,0.152042,0.027411,0.077663,0.042768,0.119578,0.220000,0.390291,0.080000,0.215364,0.122895,0.317547
2008-06-24,0.079484,0.166751,0.027411,0.074121,0.044964,0.112024,0.220000,0.421471,0.080000,0.206288,0.128918,0.299830
2008-06-25,0.079484,0.167503,0.027411,0.078560,0.042247,0.121517,0.220000,0.423037,0.080000,0.217649,0.121462,0.322047
2008-06-26,0.079484,0.185985,0.027885,0.084797,0.038956,0.135341,0.220000,0.460617,0.081344,0.233430,0.112374,0.353551
2008-06-27,0.079484,0.194535,0.029473,0.080863,0.040967,0.126555,0.220000,0.477436,0.085840,0.223501,0.117934,0.333644
2008-07-01,0.079484,0.208596,0.032083,0.083292,0.039700,0.131953,0.220000,0.504328,0.093193,0.229642,0.114435,0.345922
2008-07-02,0.079484,0.210371,0.032411,0.083786,0.039453,0.133062,0.220000,0.507655,0.094117,0.230887,0.113750,0.348425
2008-07-03,0.079484,0.218157,0.033852,0.088209,0.037371,0.143147,0.220000,0.522076,0.098156,0.241970,0.107975,0.370902
2008-07-07,0.079484,0.223889,0.034909,0.090195,0.036509,0.147774,0.220000,0.532512,0.101113,0.246912,0.105577,0.381037
2008-07-08,0.079484,0.234794,0.036912,0.086645,0.038081,0.139546,0.220000,0.551942,0.106698,0.238062,0.109947,0.362937
2008-07-09,0.079484,0.233378,0.036652,0.086374,0.038206,0.138927,0.220000,0.549450,0.105976,0.237384,0.110296,0.361559
2008-07-10,0.079484,0.239133,0.037705,0.082185,0.040267,0.129481,0.220000,0.559519,0.108902,0.226846,0.116003,0.340319
2008-07-11,0.079484,0.241455,0.038128,0.080409,0.041213,0.125556,0.220000,0.563541,0.110079,0.222350,0.118612,0.331355
2008-07-14,0.079484,0.240486,0.037951,0.084817,0.038946,0.135385,0.220000,0.561865,0.109588,0.233478,0.112348,0.353649
2008-07-15,0.079484,0.262673,0.041961,0.088670,0.037167,0.144217,0.220000,0.599151,0.120675,0.243121,0.107408,0.373255
2008-07-16,0.079484,0.264293,0.042251,0.092738,0.035464,0.153788,0.220000,0.601788,0.121473,0.253210,0.102663,0.394050
2008-07-17,0.079484,0.243230,0.038451,0.088941,0.037048,0.144847,0.220000,0.566597,0.110975,0.243795,0.107078,0.374637
2008-07-18,0.079484,0.232874,0.036560,0.085298,0.038715,0.136475,0.220000,0.548561,0.105719,0.234686,0.111706,0.356090
2008-07-21,0.079484,0.223473,0.034832,0.083396,0.039648,0.132186,0.220000,0.531759,0.100899,0.229904,0.114290,0.346449
2008-07-22,0.079484,0.224779,0.035073,0.080736,0.041035,0.126276,0.220000,0.534116,0.101571,0.223180,0.118122,0.333005
2008-07-23,0.079484,0.209761,0.032299,0.076635,0.043382,0.117367,0.220000,0.506514,0.093800,0.212737,0.124582,0.312393
2008-07-24,0.079484,0.222595,0.034670,0.081848,0.040443,0.128734,0.220000,0.530169,0.100447,0.225996,0.116488,0.338619
2008-07-25,0.079484,0.218466,0.033909,0.082407,0.040152,0.129977,0.220000,0.522642,0.098315,0.227409,0.115684,0.341444
2008-07-28,0.079484,0.232808,0.036548,0.085522,0.038607,0.136985,0.220000,0.548443,0.105685,0.235250,0.111408,0.357232
2008-07-29,0.079484,0.233187,0.036617,0.082705,0.039999,0.130640,0.220000,0.549112,0.105878,0.228160,0.115261,0.342949
2008-07-30,0.079484,0.230789,0.036177,0.081613,0.040567,0.128212,0.220000,0.544868,0.104653,0.225400,0.116831,0.337428
2008-07-31,0.079484,0.246250,0.039000,0.084757,0.038975,0.135251,0.220000,0.571766,0.112497,0.233329,0.112427,0.353348
2008-08-01,0.079484,0.254179,0.040435,0.083626,0.039533,0.132701,0.220000,0.585138,0.116467,0.230483,0.113971,0.347612
2008-08-05,0.079484,0.248185,0.039351,0.086651,0.038078,0.139561,0.220000,0.575054,0.113469,0.238079,0.109938,0.362970
2008-08-06,0.079484,0.241588,0.038152,0.086379,0.038204,0.138939,0.220000,0.563770,0.110146,0.237398,0.110289,0.361587
2008-08-07,0.079484,0.249595,0.039607,0.085210,0.038756,0.136277,0.220000,0.577442,0.114177,0.234467,0.111821,0.355648
2008-08-08,0.079484,0.245885,0.038934,0.079761,0.041569,0.124135,0.220000,0.571144,0.112314,0.220705,0.119595,0.328090
2008-08-11,0.079484,0.238699,0.037625,0.079516,0.041705,0.123601,0.220000,0.558765,0.108682,0.220084,0.119971,0.326859
2008-08-12,0.079484,0.243364,0.038476,0.081827,0.040454,0.128686,0.220000,0.566828,0.111043,0.225941,0.116520,0.338509
2008-08-13,0.079484,0.239960,0.037856,0.079845,0.041522,0.124320,0.220000,0.560955,0.109322,0.220919,0.119466,0.328514
2008-08-14,0.079484,0.241369,0.038113,0.079588,0.041665,0.123758,0.220000,0.563393,0.110035,0.220266,0.119860,0.327221
2008-08-15,0.079484,0.241993,0.038226,0.079335,0.041807,0.123204,0.220000,0.564468,0.110350,0.219622,0.120251,0.325945
2008-08-18,0.079484,0.245615,0.038885,0.081712,0.040515,0.128432,0.220000,0.570682,0.112178,0.225651,0.116686,0.337929
2008-08-19,0.079484,0.251975,0.040037,0.085119,0.038800,0.136070,0.220000,0.581449,0.115367,0.234238,0.111943,0.355184
2008-08-20,0.079484,0.261386,0.041731,0.087732,0.037584,0.142047,0.220000,0.597049,0.120041,0.240781,0.108568,0.368474
2008-08-21,0.079484,0.260249,0.041527,0.084774,0.038967,0.135287,0.220000,0.595185,0.119479,0.233370,0.112406,0.353430
2008-08-22,0.079484,0.254700,0.040529,0.079042,0.041972,0.122566,0.220000,0.586007,0.116726,0.218877,0.120705,0.324472
2008-08-25,0.079484,0.262145,0.041867,0.079678,0.041615,0.123953,0.220000,0.598290,0.120416,0.220494,0.119723,0.327671
2008-08-26,0.079484,0.261794,0.041804,0.077653,0.042774,0.119556,0.220000,0.597716,0.120242,0.215338,0.122912,0.317495
2008-08-27,0.079484,0.260940,0.041651,0.079181,0.041894,0.122868,0.220000,0.596319,0.119821,0.219230,0.120490,0.325170
2008-08-28,0.079484,0.256430,0.040841,0.075408,0.044140,0.114747,0.220000,0.588883,0.117587,0.209593,0.126661,0.306252
2008-08-29,0.079484,0.253263,0.040270,0.079602,0.041657,0.123788,0.220000,0.583607,0.116010,0.220302,0.119839,0.327291
2008-09-02,0.079484,0.263655,0.042137,0.079850,0.041520,0.124329,0.220000,0.600751,0.121159,0.220930,0.119460,0.328536
2008-09-03,0.079484,0.268385,0.042981,0.076805,0.043280,0.117731,0.220000,0.608396,0.123479,0.213171,0.124301,0.313242
2008-09-04,0.079484,0.274122,0.043998,0.075642,0.043993,0.115245,0.220000,0.617535,0.126272,0.210193,0.126259,0.307422
2008-09-05,0.079484,0.273801,0.043941,0.074490,0.044724,0.112804,0.220000,0.617028,0.126117,0.207238,0.128261,0.301672
2008-09-08,0.079484,0.261571,0.041764,0.068246,0.049166,0.099889,0.220000,0.597351,0.120132,0.191083,0.140365,0.270731
2008-09-09,0.079484,0.271868,0.043599,0.070523,0.047445,0.104535,0.220000,0.613961,0.125177,0.196998,0.135690,0.281963
2008-09-10,0.079484,0.280385,0.045102,0.073802,0.045173,0.111353,0.220000,0.627350,0.129294,0.205467,0.129490,0.298240
2008-09-11,0.079484,0.312079,0.050555,0.076337,0.043564,0.116727,0.220000,0.674451,0.144125,0.211973,0.125082,0.310897
2008-09-12,0.079484,0.313390,0.050775,0.080983,0.040902,0.126821,0.220000,0.676310,0.144722,0.223806,0.117755,0.334251
2008-09-15,0.079484,0.415196,0.083927,0.101414,0.032328,0.175099,0.220000,0.800000,0.231242,0.274431,0.093881,0.438687
2008-09-16,0.079484,0.415196,0.119461,0.088939,0.037049,0.144842,0.220000,0.800000,0.317274,0.243791,0.107080,0.374628
2008-09-17,0.079484,0.415196,0.155132,0.112009,0.029211,0.202907,0.220000,0.800000,0.396931,0.299794,0.085099,0.493561
2008-09-18,0.079484,0.415196,0.178934,0.110201,0.029697,0.198014,0.220000,0.800000,0.446479,0.295509,0.086471,0.484177
2008-09-19,0.079484,0.415196,0.105437,0.091532,0.035951,0.150924,0.220000,0.800000,0.284132,0.250229,0.104023,0.387876
2008-09-22,0.079484,0.415196,0.097056,0.101345,0.032350,0.174923,0.220000,0.800000,0.263824,0.274262,0.093945,0.438327
2008-09-23,0.079484,0.415196,0.108430,0.106578,0.030724,0.188395,0.220000,0.800000,0.291293,0.286869,0.089370,0.465394
2008-09-24,0.079484,0.415196,0.126978,0.110633,0.029579,0.199178,0.220000,0.800000,0.334610,0.296535,0.086139,0.486419
2008-09-25,0.079484,0.415196,0.144871,0.103194,0.031755,0.179629,0.220000,0.800000,0.374690,0.278734,0.092272,0.447882
2008-09-26,0.079484,0.415196,0.199951,0.105750,0.030970,0.186232,0.220000,0.800000,0.487906,0.284885,0.090062,0.461107
2008-10-01,0.079484,0.415196,0.263194,0.140663,0.023305,0.290354,0.220000,0.800000,0.600000,0.365414,0.068298,0.642623
2008-10-02,0.079484,0.415196,0.263194,0.160035,0.020598,0.364083,0.220000,0.800000,0.600000,0.407370,0.060529,0.742841
2008-10-03,0.079484,0.415196,0.263194,0.156954,0.020980,0.351260,0.220000,0.800000,0.600000,0.400824,0.061628,0.726969
2008-10-06,0.079484,0.415196,0.263194,0.160912,0.020492,0.367822,0.220000,0.800000,0.600000,0.409224,0.060224,0.747351
2008-10-07,0.079484,0.415196,0.263194,0.155356,0.021184,0.344797,0.220000,0.800000,0.600000,0.397411,0.062216,0.718727
2008-10-08,0.079484,0.415196,0.263194,0.164114,0.020116,0.381855,0.220000,0.800000,0.600000,0.415963,0.059141,0.763805
2008-10-09,0.079484,0.415196,0.263194,0.196411,0.017062,0.415196,0.220000,0.800000,0.600000,0.481079,0.050316,0.800000
2008-10-10,0.079484,0.415196,0.263194,0.221088,0.015378,0.415196,0.220000,0.800000,0.600000,0.527430,0.045428,0.800000
2008-10-14,0.079484,0.415196,0.263194,0.216182,0.015679,0.415196,0.220000,0.800000,0.600000,0.518445,0.046303,0.800000
2008-10-15,0.079484,0.415196,0.263194,0.269835,0.013035,0.415196,0.220000,0.800000,0.600000,0.610719,0.038599,0.800000
2008-10-16,0.079484,0.415196,0.263194,0.255853,0.013606,0.415196,0.220000,0.800000,0.600000,0.587925,0.040265,0.800000
2008-10-17,0.079484,0.415196,0.263194,0.235605,0.014567,0.415196,0.220000,0.800000,0.600000,0.553364,0.043068,0.800000
2008-10-20,0.079484,0.415196,0.263194,0.186371,0.017888,0.415196,0.220000,0.800000,0.600000,0.461383,0.052709,0.800000
2008-10-21,0.079484,0.415196,0.263194,0.179560,0.018505,0.415196,0.220000,0.800000,0.600000,0.447745,0.054495,0.800000
2008-10-22,0.079484,0.415196,0.263194,0.162647,0.020286,0.375353,0.220000,0.800000,0.600000,0.412882,0.059632,0.756273
2008-10-23,0.079484,0.415196,0.263194,0.154603,0.021283,0.341790,0.220000,0.800000,0.600000,0.395797,0.062498,0.714837
2008-10-24,0.079484,0.415196,0.263194,0.179594,0.018502,0.415196,0.220000,0.800000,0.600000,0.447812,0.054486,0.800000
2008-10-27,0.079484,0.415196,0.263194,0.180983,0.018372,0.415196,0.220000,0.800000,0.600000,0.450612,0.054110,0.800000
2008-10-28,0.079484,0.415196,0.263194,0.190903,0.017503,0.415196,0.220000,0.800000,0.600000,0.470335,0.051595,0.800000
2008-10-29,0.079484,0.415196,0.263194,0.225546,0.015117,0.415196,0.220000,0.800000,0.600000,0.535498,0.044668,0.800000
2008-10-30,0.079484,0.415196,0.263194,0.244118,0.014141,0.415196,0.220000,0.800000,0.600000,0.568120,0.041827,0.800000
2008-10-31,0.079484,0.415196,0.249095,0.256818,0.013564,0.415196,0.220000,0.800000,0.576596,0.589526,0.040143,0.800000
2008-11-03,0.079484,0.415196,0.234775,0.279554,0.012676,0.415196,0.220000,0.800000,0.551908,0.626058,0.037549,0.800000
2008-11-04,0.079484,0.415196,0.207784,0.234343,0.014633,0.415196,0.220000,0.800000,0.502800,0.551148,0.043261,0.800000
2008-11-05,0.079484,0.415196,0.181640,0.212583,0.015910,0.415196,0.220000,0.800000,0.451933,0.511781,0.046974,0.800000
2008-11-06,0.079484,0.415196,0.173260,0.245632,0.014069,0.415196,0.220000,0.800000,0.434925,0.570711,0.041616,0.800000
2008-11-07,0.079484,0.415196,0.164355,0.252331,0.013761,0.415196,0.220000,0.800000,0.416467,0.582046,0.040717,0.800000
2008-11-10,0.079484,0.415196,0.152490,0.267046,0.013144,0.415196,0.220000,0.800000,0.391256,0.606241,0.038915,0.800000
2008-11-12,0.079484,0.415196,0.150521,0.264339,0.013252,0.415196,0.220000,0.800000,0.387003,0.601862,0.039230,0.800000
2008-11-13,0.079484,0.415196,0.150281,0.275108,0.012837,0.415196,0.220000,0.800000,0.386483,0.619093,0.038019,0.800000
2008-11-14,0.079484,0.415196,0.143527,0.228782,0.014934,0.415196,0.220000,0.800000,0.371737,0.541297,0.044137,0.800000
2008-11-17,0.079484,0.415196,0.145916,0.211672,0.015970,0.415196,0.220000,0.800000,0.376980,0.510084,0.047148,0.800000
2008-11-18,0.079484,0.415196,0.154727,0.185508,0.017963,0.415196,0.220000,0.800000,0.396065,0.459669,0.052927,0.800000
2008-11-19,0.079484,0.415196,0.168895,0.161380,0.020436,0.369836,0.220000,0.800000,0.425926,0.410212,0.060063,0.749758
2008-11-20,0.079484,0.415196,0.197239,0.123292,0.026529,0.234964,0.220000,0.800000,0.482680,0.326147,0.077494,0.552239
2008-11-21,0.079484,0.415196,0.210215,0.124340,0.026306,0.238085,0.220000,0.800000,0.507363,0.328562,0.076861,0.557698
2008-11-24,0.079484,0.415196,0.192773,0.112601,0.029056,0.204523,0.220000,0.800000,0.473999,0.301194,0.084660,0.496636
2008-11-25,0.079484,0.415196,0.180756,0.100812,0.032526,0.173578,0.220000,0.800000,0.450157,0.272971,0.094440,0.435577
2008-11-26,0.079484,0.415196,0.167286,0.092790,0.035443,0.153913,0.220000,0.800000,0.422586,0.253339,0.102605,0.394317
2008-11-28,0.079484,0.415196,0.150855,0.096055,0.034192,0.161789,0.220000,0.800000,0.387727,0.261371,0.099108,0.411075
2008-12-01,0.079484,0.415196,0.144818,0.082507,0.040101,0.130199,0.220000,0.800000,0.374574,0.227661,0.115542,0.341950
2008-12-02,0.079484,0.415196,0.140480,0.077976,0.042585,0.120252,0.220000,0.800000,0.365009,0.216161,0.122392,0.319114
2008-12-03,0.079484,0.415196,0.138742,0.079836,0.041527,0.124300,0.220000,0.800000,0.361149,0.220896,0.119480,0.328469
2008-12-04,0.079484,0.415196,0.135610,0.072424,0.046100,0.108470,0.220000,0.800000,0.354154,0.201916,0.132023,0.291388
2008-12-05,0.079484,0.415196,0.132991,0.073155,0.045604,0.109995,0.220000,0.800000,0.348264,0.203801,0.130667,0.295019
2008-12-08,0.079484,0.415196,0.124400,0.079135,0.041920,0.122768,0.220000,0.800000,0.328700,0.219113,0.120561,0.324939
2008-12-10,0.079484,0.415196,0.114211,0.081963,0.040383,0.128988,0.220000,0.800000,0.304990,0.226285,0.116323,0.339196
2008-12-11,0.079484,0.415196,0.112317,0.084032,0.039331,0.133614,0.220000,0.800000,0.300523,0.231505,0.113412,0.349670
2008-12-12,0.079484,0.415196,0.112817,0.080290,0.041278,0.125294,0.220000,0.800000,0.301704,0.222047,0.118792,0.330753
2008-12-15,0.079484,0.415196,0.114625,0.075616,0.044010,0.115190,0.220000,0.800000,0.305965,0.210126,0.126304,0.307292
2008-12-16,0.079484,0.415196,0.105314,0.069197,0.048432,0.101822,0.220000,0.800000,0.283838,0.193558,0.138372,0.275418
2008-12-17,0.079484,0.415196,0.094288,0.048471,0.071970,0.062578,0.220000,0.800000,0.257031,0.138477,0.200743,0.176231
2008-12-18,0.079484,0.415196,0.085842,0.043791,0.080876,0.054554,0.220000,0.800000,0.236052,0.125703,0.223534,0.154895
2008-12-19,0.079484,0.415196,0.079431,0.043056,0.082478,0.053323,0.220000,0.800000,0.219867,0.123687,0.227586,0.151591
2008-12-22,0.079484,0.415196,0.074781,0.037322,0.097554,0.043995,0.220000,0.800000,0.207985,0.107838,0.265041,0.126262
2008-12-23,0.079484,0.415196,0.069537,0.036699,0.099529,0.043012,0.220000,0.800000,0.194441,0.106106,0.269854,0.123565
2008-12-24,0.079484,0.415196,0.066857,0.037650,0.096545,0.044515,0.220000,0.800000,0.187460,0.108750,0.262572,0.127688
2008-12-29,0.079484,0.372607,0.060235,0.040306,0.089083,0.048787,0.220000,0.753044,0.170038,0.116109,0.244149,0.139336
2008-12-31,0.079484,0.305832,0.049498,0.049003,0.071079,0.063511,0.220000,0.665502,0.141266,0.139924,0.198438,0.178689
2009-01-02,0.079484,0.292864,0.047276,0.055663,0.061559,0.075519,0.220000,0.646402,0.135229,0.157867,0.173542,0.209877
2009-01-05,0.079484,0.273260,0.043846,0.067149,0.050041,0.097678,0.220000,0.616171,0.125854,0.188224,0.142736,0.265344
2009-01-06,0.079484,0.243404,0.038483,0.066989,0.050172,0.097356,0.220000,0.566896,0.111063,0.187805,0.143090,0.264557
2009-01-07,0.079484,0.230971,0.036211,0.065999,0.050994,0.095376,0.220000,0.545192,0.104746,0.185216,0.145314,0.259705
2009-01-08,0.079484,0.229521,0.035945,0.060310,0.056307,0.084264,0.220000,0.542614,0.104004,0.170238,0.159587,0.232088
2009-01-09,0.079484,0.224251,0.034976,0.063888,0.052842,0.091201,0.220000,0.533166,0.101300,0.179680,0.150297,0.249408
2009-01-12,0.079484,0.221050,0.034385,0.056690,0.060315,0.077425,0.220000,0.527361,0.099650,0.160611,0.170251,0.214754
2009-01-13,0.079484,0.220813,0.034342,0.054162,0.063474,0.072757,0.220000,0.526929,0.099528,0.153844,0.178591,0.202776
2009-01-14,0.079484,0.221445,0.034458,0.049549,0.070190,0.064471,0.220000,0.528080,0.099854,0.141402,0.196135,0.181211
2009-01-15,0.079484,0.222757,0.034700,0.048785,0.071441,0.063129,0.220000,0.530462,0.100530,0.139332,0.199376,0.177682
2009-01-16,0.079484,0.213375,0.032968,0.059044,0.057646,0.081851,0.220000,0.513254,0.095678,0.166880,0.163160,0.226003
2009-01-20,0.079484,0.211770,0.032671,0.062542,0.054094,0.088570,0.220000,0.510268,0.094845,0.176136,0.153661,0.242870
2009-01-21,0.079484,0.208867,0.032133,0.073669,0.045261,0.111075,0.220000,0.504837,0.093334,0.205127,0.129729,0.297582
2009-01-22,0.079484,0.207021,0.031791,0.084334,0.039182,0.134294,0.220000,0.501362,0.092372,0.232265,0.113000,0.351200
2009-01-23,0.079484,0.205663,0.031539,0.078071,0.042529,0.120459,0.220000,0.498796,0.091664,0.216404,0.122239,0.319593
2009-01-26,0.079484,0.202836,0.031015,0.081648,0.040549,0.128289,0.220000,0.493426,0.090188,0.225488,0.116780,0.337605
2009-01-27,0.079484,0.198753,0.030257,0.067116,0.050068,0.097611,0.220000,0.485601,0.088051,0.188136,0.142810,0.265178
2009-01-28,0.079484,0.188779,0.028404,0.077941,0.042605,0.120177,0.220000,0.466153,0.082815,0.216072,0.122448,0.318940
2009-01-29,0.079484,0.184183,0.027550,0.090624,0.036328,0.148782,0.220000,0.457027,0.080395,0.247978,0.105073,0.383232
2009-01-30,0.079484,0.181768,0.027411,0.091912,0.035796,0.151824,0.220000,0.452191,0.080000,0.251169,0.103591,0.389820
2009-02-02,0.079484,0.180805,0.027411,0.083947,0.039373,0.133424,0.220000,0.450253,0.080000,0.231292,0.113528,0.349241
2009-02-03,0.079484,0.177996,0.027411,0.091887,0.035807,0.151764,0.220000,0.444580,0.080000,0.251106,0.103619,0.389691
2009-02-04,0.079484,0.174195,0.027411,0.097587,0.033636,0.165544,0.220000,0.436840,0.080000,0.265120,0.097552,0.418954
2009-02-05,0.079484,0.172580,0.027411,0.097418,0.033696,0.165129,0.220000,0.433529,0.080000,0.264708,0.097721,0.418086
2009-02-06,0.079484,0.169426,0.027411,0.111683,0.029298,0.202020,0.220000,0.427026,0.080000,0.299023,0.085343,0.491869
2009-02-09,0.079484,0.165691,0.027411,0.104702,0.031287,0.183509,0.220000,0.419261,0.080000,0.282366,0.090954,0.455681
2009-02-10,0.079484,0.165548,0.027411,0.098253,0.033400,0.167190,0.220000,0.418962,0.080000,0.266747,0.096891,0.422387
2009-02-11,0.079484,0.164732,0.027411,0.080662,0.041075,0.126113,0.220000,0.417256,0.080000,0.222992,0.118233,0.332631
2009-02-12,0.079484,0.166295,0.027411,0.081871,0.040431,0.128785,0.220000,0.420521,0.080000,0.226053,0.116455,0.338733
2009-02-13,0.079484,0.164727,0.027411,0.089575,0.036773,0.146324,0.220000,0.417246,0.080000,0.245373,0.106313,0.377873
2009-02-17,0.079484,0.167591,0.027411,0.071675,0.046621,0.106913,0.220000,0.423220,0.080000,0.199981,0.133443,0.287670
2009-02-18,0.079484,0.170909,0.027411,0.071780,0.046547,0.107132,0.220000,0.430090,0.080000,0.200254,0.133241,0.288193
2009-02-19,0.079484,0.169466,0.027411,0.079828,0.041532,0.124281,0.220000,0.427108,0.080000,0.220875,0.119493,0.328426
2009-02-20,0.079484,0.176322,0.027411,0.077639,0.042783,0.119524,0.220000,0.441179,0.080000,0.215301,0.122935,0.317423
2009-02-23,0.079484,0.177818,0.027411,0.077771,0.042705,0.119810,0.220000,0.444219,0.080000,0.215638,0.122722,0.318086
2009-02-24,0.079484,0.186266,0.027937,0.072255,0.046216,0.108118,0.220000,0.461175,0.081492,0.201481,0.132340,0.290550
2009-02-25,0.079484,0.184460,0.027602,0.082770,0.039966,0.130785,0.220000,0.457579,0.080541,0.228324,0.115169,0.343277
2009-02-26,0.079484,0.184415,0.027593,0.087939,0.037491,0.142524,0.220000,0.457490,0.080517,0.241297,0.108310,0.369528
2009-02-27,0.079484,0.187127,0.028097,0.105711,0.030982,0.186128,0.220000,0.462884,0.081945,0.284789,0.090095,0.460901
2009-03-02,0.079484,0.190250,0.028677,0.105834,0.030945,0.186450,0.220000,0.469051,0.083588,0.285086,0.089991,0.461541
2009-03-03,0.079484,0.196488,0.029836,0.105681,0.030991,0.186051,0.220000,0.481227,0.086864,0.284718,0.090120,0.460747
2009-03-04,0.079484,0.203534,0.031144,0.108765,0.030095,0.194172,0.220000,0.494754,0.090552,0.292092,0.087596,0.476728
2009-03-05,0.079484,0.210054,0.032353,0.091661,0.035899,0.151230,0.220000,0.507061,0.093952,0.250549,0.103876,0.388537
2009-03-06,0.079484,0.212825,0.032866,0.090129,0.036537,0.147619,0.220000,0.512232,0.095393,0.246749,0.105655,0.380700
2009-03-09,0.079484,0.220011,0.034194,0.091352,0.036026,0.150498,0.220000,0.525467,0.099114,0.249782,0.104230,0.386953
2009-03-10,0.079484,0.216873,0.033614,0.098426,0.033340,0.167618,0.220000,0.519717,0.097491,0.267169,0.096721,0.423276
2009-03-11,0.079484,0.210416,0.032420,0.089757,0.036695,0.146749,0.220000,0.507739,0.094140,0.245825,0.106096,0.378801
2009-03-12,0.079484,0.207456,0.031871,0.081955,0.040387,0.128971,0.220000,0.502182,0.092599,0.226266,0.116334,0.339159
2009-03-13,0.079484,0.202165,0.030890,0.088305,0.037328,0.143370,0.220000,0.492145,0.089837,0.242210,0.107857,0.371393
2009-03-17,0.079484,0.190485,0.028721,0.096336,0.034088,0.162474,0.220000,0.469513,0.083712,0.262059,0.098819,0.412518
2009-03-18,0.079484,0.195734,0.029696,0.063475,0.053220,0.090390,0.220000,0.479766,0.086469,0.178592,0.151314,0.247396
2009-03-19,0.079484,0.191216,0.028857,0.068281,0.049138,0.099961,0.220000,0.470949,0.084096,0.191175,0.140290,0.270906
2009-03-20,0.079484,0.190951,0.028808,0.070264,0.047635,0.104003,0.220000,0.470429,0.083957,0.196327,0.136205,0.280684
2009-03-23,0.079484,0.187291,0.028128,0.069218,0.048416,0.101863,0.220000,0.463210,0.082032,0.193611,0.138330,0.275519
2009-03-24,0.079484,0.184231,0.027559,0.069205,0.048426,0.101837,0.220000,0.457123,0.080420,0.193577,0.138357,0.275454
2009-03-25,0.079484,0.181530,0.027411,0.080189,0.041333,0.125074,0.220000,0.451714,0.080000,0.221792,0.118944,0.330247
2009-03-26,0.079484,0.177435,0.027411,0.081320,0.040722,0.127563,0.220000,0.443441,0.080000,0.224658,0.117259,0.335948
2009-03-27,0.079484,0.171394,0.027411,0.083706,0.039493,0.132882,0.220000,0.431089,0.080000,0.230685,0.113860,0.348019
2009-03-31,0.079484,0.168892,0.027411,0.086060,0.038353,0.138211,0.220000,0.425920,0.080000,0.236599,0.110702,0.359965
2009-04-01,0.079484,0.169092,0.027411,0.079751,0.041575,0.124113,0.220000,0.426335,0.080000,0.220679,0.119611,0.328038
2009-04-02,0.079484,0.162664,0.027411,0.084478,0.039111,0.134621,0.220000,0.412917,0.080000,0.232628,0.112804,0.351933
2009-04-03,0.079484,0.158663,0.027411,0.092183,0.035686,0.152468,0.220000,0.404462,0.080000,0.251840,0.103284,0.391209
2009-04-06,0.079484,0.155696,0.027411,0.100579,0.032604,0.172993,0.220000,0.398139,0.080000,0.272406,0.094657,0.434376
2009-04-07,0.079484,0.153987,0.027411,0.101748,0.032219,0.175943,0.220000,0.394475,0.080000,0.275238,0.093575,0.440408
2009-04-08,0.079484,0.150994,0.027411,0.088577,0.037208,0.144001,0.220000,0.388027,0.080000,0.242888,0.107522,0.372780
2009-04-09,0.079484,0.145782,0.027411,0.098072,0.033464,0.166742,0.220000,0.376687,0.080000,0.266305,0.097070,0.421453
2009-04-13,0.079484,0.143833,0.027411,0.096278,0.034110,0.162333,0.220000,0.372411,0.080000,0.261917,0.098878,0.412220
2009-04-14,0.079484,0.138217,0.027411,0.089060,0.036997,0.145122,0.220000,0.359979,0.080000,0.244090,0.106934,0.375241
2009-04-15,0.079484,0.134394,0.027411,0.091491,0.035968,0.150828,0.220000,0.351425,0.080000,0.250128,0.104070,0.387668
2009-04-16,0.079484,0.128994,0.027411,0.089850,0.036655,0.146967,0.220000,0.339209,0.080000,0.246057,0.105985,0.379278
2009-04-17,0.079484,0.122790,0.027411,0.095092,0.034551,0.159447,0.220000,0.324990,0.080000,0.259007,0.100113,0.406125
2009-04-20,0.079484,0.122192,0.027411,0.089277,0.036902,0.145628,0.220000,0.323608,0.080000,0.244630,0.106672,0.376349
2009-04-21,0.079484,0.122667,0.027411,0.093117,0.035313,0.154694,0.220000,0.324705,0.080000,0.254146,0.102243,0.395993
2009-04-22,0.079484,0.120671,0.027411,0.092847,0.035421,0.154049,0.220000,0.320086,0.080000,0.253479,0.102542,0.394609
2009-04-23,0.079484,0.118547,0.027411,0.093965,0.034982,0.156727,0.220000,0.315146,0.080000,0.256235,0.101317,0.400340
2009-04-24,0.079484,0.114599,0.027411,0.100957,0.032478,0.173945,0.220000,0.305902,0.080000,0.273324,0.094304,0.436328
2009-04-27,0.079484,0.113946,0.027411,0.102096,0.032106,0.176828,0.220000,0.304367,0.080000,0.276082,0.093258,0.442209
2009-04-28,0.079484,0.111523,0.027411,0.109661,0.029845,0.196563,0.220000,0.298643,0.080000,0.294224,0.086891,0.481372
2009-04-29,0.079484,0.106575,0.027411,0.123307,0.026526,0.235009,0.220000,0.286862,0.080000,0.326182,0.077485,0.552319
2009-04-30,0.079484,0.095650,0.027411,0.136546,0.023989,0.276462,0.220000,0.260378,0.080000,0.356248,0.070254,0.621223
2009-05-01,0.079484,0.093261,0.027411,0.144218,0.022749,0.302787,0.220000,0.254501,0.080000,0.373257,0.066706,0.661080
2009-05-04,0.079484,0.091560,0.027411,0.134396,0.024364,0.269412,0.220000,0.250298,0.080000,0.351429,0.071325,0.610042
2009-05-05,0.081614,0.088810,0.027411,0.127416,0.025677,0.247393,0.225403,0.243469,0.080000,0.335612,0.075069,0.573711
2009-05-06,0.083869,0.086195,0.027411,0.126596,0.025841,0.244890,0.231094,0.236936,0.080000,0.333738,0.075538,0.569443
2009-05-07,0.088393,0.081406,0.027411,0.140033,0.023407,0.288193,0.242429,0.224877,0.080000,0.364017,0.068590,0.639350
2009-05-08,0.091217,0.078690,0.027411,0.138925,0.023588,0.284427,0.249450,0.217982,0.080000,0.361556,0.069109,0.633594
2009-05-11,0.090568,0.079298,0.027411,0.129964,0.025180,0.255281,0.247839,0.219527,0.080000,0.341414,0.073653,0.586974
2009-05-12,0.090957,0.078932,0.027411,0.133082,0.024599,0.265168,0.248805,0.218598,0.080000,0.348471,0.071998,0.603206
2009-05-13,0.090079,0.079762,0.027411,0.122548,0.026689,0.232764,0.246625,0.220707,0.080000,0.324430,0.077950,0.548367
2009-05-14,0.089885,0.079947,0.027411,0.123671,0.026448,0.236089,0.246144,0.221177,0.080000,0.327020,0.077264,0.554212
2009-05-15,0.090445,0.079414,0.027411,0.128602,0.025443,0.251045,0.247534,0.219823,0.080000,0.338318,0.074403,0.579886
2009-05-18,0.091762,0.078189,0.027411,0.133948,0.024444,0.267960,0.250797,0.216704,0.080000,0.350422,0.071553,0.607712
2009-05-19,0.094321,0.075919,0.027411,0.143422,0.022871,0.299967,0.257114,0.210903,0.080000,0.371507,0.067055,0.656951
2009-05-20,0.097427,0.073345,0.027411,0.137967,0.023748,0.281200,0.264730,0.204292,0.080000,0.359424,0.069564,0.628616
2009-05-21,0.099373,0.071826,0.027411,0.169451,0.019523,0.406686,0.269476,0.200371,0.080000,0.427079,0.057433,0.791141
2009-05-22,0.101797,0.070024,0.027411,0.186537,0.017873,0.415196,0.275359,0.195705,0.080000,0.461714,0.052667,0.800000
2009-05-26,0.104452,0.068159,0.027411,0.186398,0.017885,0.415196,0.281766,0.190855,0.080000,0.461437,0.052702,0.800000
2009-05-27,0.108325,0.065622,0.027411,0.258822,0.013479,0.415196,0.291043,0.184229,0.080000,0.592837,0.039894,0.800000
2009-05-28,0.111679,0.063583,0.027411,0.232106,0.014752,0.415196,0.299012,0.178879,0.080000,0.547203,0.043608,0.800000
2009-05-29,0.114252,0.062110,0.027411,0.180049,0.018459,0.415196,0.305086,0.174997,0.080000,0.448730,0.054362,0.800000
2009-06-01,0.122290,0.057951,0.027411,0.240064,0.014340,0.415196,0.323835,0.163974,0.080000,0.561134,0.042406,0.800000
2009-06-02,0.127901,0.055392,0.027411,0.216660,0.015649,0.415196,0.336720,0.157141,0.080000,0.519325,0.046216,0.800000
2009-06-03,0.130703,0.054205,0.027411,0.200006,0.016788,0.415196,0.343091,0.153960,0.080000,0.488012,0.049523,0.800000
2009-06-04,0.133618,0.053029,0.027411,0.233897,0.014657,0.415196,0.349679,0.150799,0.080000,0.550364,0.043329,0.800000
2009-06-05,0.139914,0.050673,0.027411,0.159658,0.020643,0.362489,0.363754,0.144445,0.080000,0.406573,0.060661,0.740903
2009-06-08,0.143148,0.049552,0.027411,0.151637,0.021679,0.330206,0.370902,0.141411,0.080000,0.389417,0.063637,0.699515
2009-06-09,0.144687,0.049037,0.027411,0.159422,0.020672,0.361494,0.374287,0.140016,0.080000,0.406073,0.060744,0.739687
2009-06-10,0.149612,0.047471,0.027411,0.174888,0.018960,0.415196,0.385034,0.135758,0.080000,0.438255,0.055808,0.800000
2009-06-11,0.151735,0.046830,0.027411,0.156106,0.021088,0.347815,0.389628,0.134013,0.080000,0.399015,0.061939,0.722596
2009-06-12,0.153410,0.046338,0.027411,0.150336,0.021858,0.325241,0.393236,0.132672,0.080000,0.386603,0.064152,0.692783
2009-06-15,0.154964,0.045892,0.027411,0.146961,0.022340,0.312679,0.396572,0.131455,0.080000,0.379264,0.065533,0.675302
2009-06-16,0.154991,0.045884,0.027411,0.134004,0.024434,0.268141,0.396630,0.131434,0.080000,0.350548,0.071524,0.608004
2009-06-17,0.152144,0.046708,0.027411,0.142733,0.022977,0.297542,0.390511,0.133682,0.080000,0.369989,0.067361,0.653374
2009-06-18,0.153415,0.046337,0.027411,0.160768,0.020509,0.367207,0.393247,0.132668,0.080000,0.408921,0.060274,0.746613
2009-06-19,0.155117,0.045849,0.027411,0.150609,0.021820,0.326277,0.396900,0.131336,0.080000,0.387194,0.064043,0.694195
2009-06-23,0.152789,0.046519,0.027411,0.141842,0.023117,0.294429,0.391900,0.133165,0.080000,0.368022,0.067761,0.648746
2009-06-24,0.153570,0.046292,0.027411,0.144676,0.022679,0.304418,0.393581,0.132545,0.080000,0.374262,0.066507,0.663454
2009-06-25,0.152698,0.046545,0.027411,0.125191,0.026129,0.240636,0.391705,0.133238,0.080000,0.330516,0.076357,0.562125
2009-06-26,0.152803,0.046515,0.027411,0.122821,0.026630,0.233570,0.391931,0.133154,0.080000,0.325060,0.077782,0.549788
2009-06-30,0.161619,0.044090,0.027411,0.121476,0.026924,0.229620,0.410716,0.126524,0.080000,0.321952,0.078617,0.542790
2009-07-01,0.162755,0.043799,0.027411,0.134641,0.024320,0.270208,0.413109,0.125725,0.080000,0.351979,0.071201,0.611315
2009-07-02,0.163450,0.043623,0.027411,0.139287,0.023529,0.285652,0.414568,0.125242,0.080000,0.362360,0.068938,0.635474
2009-07-06,0.162851,0.043774,0.027411,0.143852,0.022805,0.301487,0.413311,0.125658,0.080000,0.372453,0.066866,0.659182
2009-07-07,0.163592,0.043587,0.027411,0.129739,0.025223,0.254580,0.414866,0.125144,0.080000,0.340905,0.073776,0.585806
2009-07-08,0.160876,0.044283,0.027411,0.117370,0.027867,0.217800,0.409148,0.127053,0.080000,0.312399,0.081292,0.521422
2009-07-09,0.162580,0.043843,0.027411,0.130129,0.025148,0.255799,0.412741,0.125847,0.080000,0.341790,0.073563,0.587836
2009-07-10,0.161788,0.044046,0.027411,0.114533,0.028561,0.209846,0.411074,0.126404,0.080000,0.305748,0.083260,0.506672
2009-07-13,0.162381,0.043894,0.027411,0.121910,0.026829,0.230888,0.412322,0.125987,0.080000,0.322955,0.078346,0.545045
2009-07-14,0.166108,0.042964,0.027411,0.133353,0.024550,0.266040,0.420132,0.123434,0.080000,0.349082,0.071858,0.604617
2009-07-15,0.172591,0.041452,0.027411,0.145878,0.022499,0.308743,0.433551,0.119272,0.080000,0.376898,0.065990,0.669693
2009-07-16,0.173826,0.041178,0.027411,0.142711,0.022981,0.297464,0.436085,0.118516,0.080000,0.369940,0.067371,0.653259
2009-07-17,0.179844,0.039902,0.027411,0.153865,0.021380,0.338872,0.448318,0.114993,0.080000,0.394214,0.062777,0.711028
2009-07-20,0.181977,0.039472,0.027411,0.146297,0.022437,0.310261,0.452611,0.113803,0.080000,0.377814,0.065812,0.671863
2009-07-21,0.185874,0.038715,0.027411,0.130104,0.025153,0.255721,0.460396,0.111706,0.080000,0.341733,0.073577,0.587705
2009-07-22,0.189257,0.038085,0.027411,0.140244,0.023373,0.288916,0.467096,0.109959,0.080000,0.364485,0.068492,0.640448
2009-07-23,0.196605,0.036800,0.027411,0.147023,0.022331,0.312907,0.481453,0.106387,0.080000,0.379400,0.065507,0.675625
2009-07-24,0.200775,0.036117,0.027411,0.147893,0.022204,0.316106,0.489486,0.104484,0.080000,0.381298,0.065145,0.680135
2009-07-27,0.205559,0.035370,0.027411,0.150817,0.021792,0.327066,0.498598,0.102402,0.080000,0.387643,0.063961,0.695269
2009-07-28,0.210263,0.034673,0.027411,0.135952,0.024091,0.274501,0.507453,0.100454,0.080000,0.354919,0.070546,0.618134
2009-07-29,0.216117,0.033852,0.027411,0.121320,0.026959,0.229163,0.518326,0.098158,0.080000,0.321591,0.078715,0.541977
2009-07-30,0.223923,0.032832,0.027411,0.114452,0.028582,0.209621,0.532573,0.095297,0.080000,0.305557,0.083317,0.506252
2009-07-31,0.229819,0.032112,0.027411,0.101174,0.032407,0.174491,0.543146,0.093275,0.080000,0.273848,0.094103,0.437445
2009-08-04,0.243189,0.030623,0.027411,0.116073,0.028180,0.214144,0.566527,0.089083,0.080000,0.309364,0.082179,0.514679
2009-08-05,0.248520,0.030079,0.027411,0.126892,0.025782,0.245791,0.575623,0.087549,0.080000,0.334414,0.075368,0.570983
2009-08-06,0.252114,0.029726,0.027411,0.126154,0.025931,0.243546,0.581683,0.086554,0.080000,0.332725,0.075794,0.567140
2009-08-07,0.258013,0.029172,0.027411,0.125479,0.026070,0.241504,0.591502,0.084988,0.080000,0.331177,0.076187,0.563624
2009-08-10,0.258581,0.029120,0.027411,0.123135,0.026563,0.234498,0.592440,0.084841,0.080000,0.325784,0.077590,0.551421
2009-08-11,0.255380,0.029416,0.027411,0.113014,0.028949,0.205655,0.587138,0.085677,0.080000,0.302169,0.084356,0.498781
2009-08-12,0.250258,0.029907,0.027411,0.118762,0.027539,0.221766,0.578560,0.087064,0.080000,0.315648,0.080363,0.528664
2009-08-13,0.247108,0.030220,0.027411,0.107591,0.030430,0.191058,0.573227,0.087948,0.080000,0.289290,0.088539,0.470639
2009-08-14,0.244990,0.030436,0.027411,0.108619,0.030136,0.193783,0.569613,0.088557,0.080000,0.291744,0.087712,0.475970
2009-08-17,0.235986,0.031402,0.027411,0.102689,0.031915,0.178339,0.554031,0.091277,0.080000,0.277516,0.092723,0.445274
2009-08-18,0.233661,0.031664,0.027411,0.103874,0.031542,0.181373,0.549947,0.092017,0.080000,0.280373,0.091673,0.451397
2009-08-19,0.231835,0.031875,0.027411,0.102106,0.032102,0.176854,0.546723,0.092609,0.080000,0.276106,0.093249,0.442261
2009-08-20,0.230926,0.031981,0.027411,0.095135,0.034535,0.159552,0.545112,0.092908,0.080000,0.259113,0.100068,0.406346
2009-08-21,0.235040,0.031508,0.027411,0.100086,0.032769,0.171755,0.552373,0.091577,0.080000,0.271209,0.095121,0.431832
2009-08-24,0.234948,0.031518,0.027411,0.099754,0.032882,0.170924,0.552211,0.091606,0.080000,0.270402,0.095437,0.430120
2009-08-25,0.236281,0.031369,0.027411,0.095463,0.034412,0.160349,0.554547,0.091185,0.080000,0.259920,0.099723,0.408034
2009-08-26,0.236607,0.031332,0.027411,0.092600,0.035519,0.153461,0.555119,0.091082,0.080000,0.252871,0.102816,0.393346
2009-08-27,0.237587,0.031224,0.027411,0.098914,0.033170,0.168829,0.556829,0.090777,0.080000,0.268357,0.096245,0.425789
2009-08-28,0.238189,0.031158,0.027411,0.101378,0.032339,0.175008,0.557879,0.090591,0.080000,0.274344,0.093914,0.438501
2009-08-31,0.234792,0.031536,0.027411,0.098233,0.033407,0.167141,0.551938,0.091655,0.080000,0.266699,0.096910,0.422284
2009-09-01,0.231542,0.031909,0.027411,0.102078,0.032111,0.176783,0.546204,0.092705,0.080000,0.276039,0.093274,0.442117
2009-09-02,0.229024,0.032207,0.027411,0.093484,0.035169,0.155574,0.541729,0.093541,0.080000,0.255052,0.101840,0.397877
2009-09-03,0.228416,0.032279,0.027411,0.095819,0.034279,0.161214,0.540643,0.093746,0.080000,0.260793,0.099352,0.409862
2009-09-04,0.229711,0.032125,0.027411,0.108416,0.030194,0.193244,0.542953,0.093311,0.080000,0.291261,0.087874,0.474918
2009-09-08,0.229723,0.032123,0.027411,0.112458,0.029093,0.204131,0.542975,0.093307,0.080000,0.300855,0.084765,0.495891
2009-09-09,0.230088,0.032080,0.027411,0.113529,0.028816,0.207070,0.543624,0.093186,0.080000,0.303383,0.083981,0.501454
2009-09-10,0.231590,0.031903,0.027411,0.099408,0.033000,0.170059,0.546290,0.092689,0.080000,0.269560,0.095768,0.428335
2009-09-11,0.235271,0.031482,0.027411,0.096278,0.034110,0.162332,0.552779,0.091503,0.080000,0.261917,0.098878,0.412220
2009-09-14,0.239517,0.031013,0.027411,0.101519,0.032293,0.175363,0.560186,0.090184,0.080000,0.274684,0.093785,0.439226
2009-09-15,0.244520,0.030484,0.027411,0.105534,0.031035,0.185668,0.568810,0.088693,0.080000,0.284365,0.090244,0.459987
2009-09-16,0.250505,0.029883,0.027411,0.099296,0.033038,0.169781,0.578976,0.086996,0.080000,0.269289,0.095875,0.427761
2009-09-17,0.248480,0.030083,0.027411,0.094855,0.034641,0.158874,0.575555,0.087560,0.080000,0.258425,0.100364,0.404908
2009-09-18,0.249628,0.029969,0.027411,0.097286,0.033743,0.164804,0.577496,0.087239,0.080000,0.264386,0.097853,0.417408
2009-09-21,0.246822,0.030249,0.027411,0.098362,0.033362,0.167460,0.572739,0.088030,0.080000,0.267013,0.096784,0.422947
2009-09-22,0.246739,0.030257,0.027411,0.094020,0.034960,0.156861,0.572598,0.088054,0.080000,0.256373,0.101257,0.400626
2009-09-23,0.244184,0.030519,0.027411,0.099163,0.033084,0.169449,0.568234,0.088791,0.080000,0.268964,0.096004,0.427074
2009-09-24,0.241365,0.030815,0.027411,0.097482,0.033673,0.165285,0.563385,0.089626,0.080000,0.264864,0.097657,0.418414
2009-09-25,0.237914,0.031188,0.027411,0.083483,0.039604,0.132380,0.557400,0.090676,0.080000,0.230122,0.114170,0.346887
2009-09-28,0.233023,0.031738,0.027411,0.080055,0.041407,0.124779,0.548823,0.092223,0.080000,0.221451,0.119148,0.329570
2009-09-29,0.230486,0.032033,0.027411,0.077839,0.042665,0.119958,0.544332,0.093053,0.080000,0.215813,0.122611,0.318430
2009-09-30,0.226254,0.032542,0.027411,0.083360,0.039666,0.132104,0.536771,0.094484,0.080000,0.229811,0.114341,0.346262
2009-10-01,0.218440,0.033540,0.027411,0.081116,0.040831,0.127113,0.522594,0.097284,0.080000,0.224142,0.117559,0.334920
2009-10-02,0.213851,0.034164,0.027411,0.083410,0.039641,0.132217,0.514136,0.099031,0.080000,0.229938,0.114271,0.346518
2009-10-05,0.213118,0.034267,0.027411,0.083398,0.039647,0.132189,0.512775,0.099318,0.080000,0.229907,0.114288,0.346455
2009-10-07,0.211070,0.034557,0.027411,0.080946,0.040922,0.126739,0.508962,0.100130,0.080000,0.223712,0.117810,0.334064
2009-10-08,0.211490,0.034497,0.027411,0.084247,0.039225,0.134098,0.509745,0.099962,0.080000,0.232046,0.113119,0.350759
2009-10-09,0.212261,0.034387,0.027411,0.090120,0.036540,0.147599,0.511181,0.099655,0.080000,0.246728,0.105665,0.380657
2009-10-13,0.207006,0.035152,0.027411,0.091172,0.036100,0.150072,0.501334,0.101793,0.080000,0.249336,0.104437,0.386032
2009-10-14,0.209029,0.034853,0.027411,0.098944,0.033159,0.168904,0.505141,0.100956,0.080000,0.268431,0.096216,0.425945
2009-10-15,0.208744,0.034894,0.027411,0.103035,0.031806,0.179220,0.504606,0.101073,0.080000,0.278349,0.092414,0.447057
2009-10-16,0.207227,0.035119,0.027411,0.094681,0.034707,0.158453,0.501750,0.101701,0.080000,0.257997,0.100549,0.404014
2009-10-19,0.206078,0.035292,0.027411,0.089584,0.036770,0.146344,0.499581,0.102183,0.080000,0.245394,0.106303,0.377917
2009-10-20,0.205262,0.035415,0.027411,0.087221,0.037816,0.140868,0.498037,0.102528,0.080000,0.239503,0.109212,0.365868
2009-10-21,0.205179,0.035428,0.027411,0.089672,0.036732,0.146550,0.497879,0.102564,0.080000,0.245613,0.106198,0.378366
2009-10-22,0.205221,0.035422,0.027411,0.096052,0.034193,0.161781,0.497959,0.102546,0.080000,0.261363,0.099111,0.411057
2009-10-23,0.205426,0.035391,0.027411,0.096052,0.034193,0.161781,0.498347,0.102459,0.080000,0.261363,0.099111,0.411057
2009-10-26,0.206129,0.035284,0.027411,0.104457,0.031362,0.182876,0.499677,0.102161,0.080000,0.281777,0.091166,0.454414
2009-10-27,0.202629,0.035823,0.027411,0.100196,0.032732,0.172030,0.493030,0.103664,0.080000,0.271475,0.095018,0.432398
2009-10-28,0.198807,0.036435,0.027411,0.098638,0.033266,0.168144,0.485705,0.105371,0.080000,0.267685,0.096514,0.424368
2009-10-29,0.197522,0.036647,0.027411,0.107356,0.030497,0.190439,0.483228,0.105961,0.080000,0.288729,0.088730,0.469423
2009-10-30,0.194225,0.037204,0.027411,0.101567,0.032278,0.175486,0.476831,0.107512,0.080000,0.274801,0.093741,0.439476
2009-11-02,0.191462,0.037688,0.027411,0.104575,0.031326,0.183181,0.471431,0.108856,0.080000,0.282061,0.091064,0.455024
2009-11-03,0.189761,0.037993,0.027411,0.112001,0.029213,0.202885,0.468089,0.109705,0.080000,0.299775,0.085105,0.493520
2009-11-04,0.189181,0.038099,0.027411,0.125020,0.026164,0.240124,0.466945,0.109998,0.080000,0.330125,0.076457,0.561239
2009-11-05,0.188049,0.038307,0.027411,0.126060,0.025950,0.243261,0.464710,0.110575,0.080000,0.332509,0.075848,0.566650
2009-11-06,0.186129,0.038666,0.027411,0.127090,0.025742,0.246395,0.460903,0.111572,0.080000,0.334867,0.075255,0.572013
2009-11-10,0.185567,0.038773,0.027411,0.120367,0.027172,0.226389,0.459786,0.111867,0.080000,0.319379,0.079321,0.537014
2009-11-12,0.182770,0.039315,0.027411,0.116393,0.028102,0.215042,0.454201,0.113369,0.080000,0.310113,0.081959,0.516340
2009-11-13,0.181860,0.039495,0.027411,0.112619,0.029051,0.204573,0.452375,0.113868,0.080000,0.301236,0.084646,0.496729
2009-11-16,0.180659,0.039736,0.027411,0.103421,0.031684,0.180210,0.449961,0.114535,0.080000,0.279281,0.092071,0.449055
2009-11-17,0.179541,0.039964,0.027411,0.103001,0.031816,0.179135,0.447705,0.115165,0.080000,0.278269,0.092444,0.446885
2009-11-18,0.179027,0.040070,0.027411,0.108375,0.030206,0.193133,0.446667,0.115457,0.080000,0.291161,0.087907,0.474703
2009-11-19,0.177413,0.040406,0.027411,0.112446,0.029096,0.204100,0.443396,0.116386,0.080000,0.300828,0.084774,0.495832
2009-11-20,0.176554,0.040588,0.027411,0.110388,0.029646,0.198516,0.441652,0.116887,0.080000,0.295952,0.086327,0.485146
2009-11-23,0.175877,0.040732,0.027411,0.108385,0.030202,0.193162,0.440273,0.117287,0.080000,0.291187,0.087898,0.474758
2009-11-24,0.173976,0.041145,0.027411,0.106428,0.030768,0.188002,0.436391,0.118426,0.080000,0.286509,0.089494,0.464617
2009-11-25,0.172920,0.041379,0.027411,0.100313,0.032693,0.172324,0.434226,0.119070,0.080000,0.271760,0.094907,0.433002
2009-11-27,0.169075,0.042256,0.027411,0.097033,0.033835,0.164182,0.426299,0.121487,0.080000,0.263766,0.098108,0.416104
2009-12-01,0.167687,0.042584,0.027411,0.107521,0.030450,0.190875,0.423419,0.122389,0.080000,0.289124,0.088595,0.470280
2009-12-02,0.168983,0.042278,0.027411,0.105600,0.031015,0.185838,0.426108,0.121547,0.080000,0.284522,0.090189,0.460326
2009-12-03,0.170260,0.041981,0.027411,0.112908,0.028976,0.205365,0.428751,0.120730,0.080000,0.301920,0.084433,0.498233
2009-12-04,0.172539,0.041464,0.027411,0.111067,0.029462,0.200349,0.433443,0.119304,0.080000,0.297563,0.085808,0.488670
2009-12-07,0.172187,0.041543,0.027411,0.114044,0.028685,0.208493,0.432720,0.119522,0.080000,0.304598,0.083609,0.504133
2009-12-08,0.170605,0.041902,0.027411,0.115627,0.028289,0.212895,0.429461,0.120512,0.080000,0.308319,0.082489,0.512361
2009-12-09,0.170859,0.041844,0.027411,0.119050,0.027473,0.222592,0.429986,0.120351,0.080000,0.316318,0.080174,0.530163
2009-12-11,0.173197,0.041317,0.027411,0.124615,0.026249,0.238907,0.434795,0.118900,0.080000,0.329193,0.076698,0.559126
2009-12-14,0.175701,0.040770,0.027411,0.118954,0.027495,0.222316,0.439914,0.117391,0.080000,0.316094,0.080237,0.529663
2009-12-15,0.177189,0.040453,0.027411,0.124613,0.026249,0.238901,0.442943,0.116516,0.080000,0.329188,0.076699,0.559117
2009-12-16,0.177147,0.040462,0.027411,0.132473,0.024711,0.263215,0.442857,0.116540,0.080000,0.347096,0.072315,0.600035
2009-12-17,0.174681,0.040991,0.027411,0.125833,0.025997,0.242574,0.437833,0.118000,0.080000,0.331989,0.075980,0.565469
2009-12-18,0.175492,0.040815,0.027411,0.125242,0.026118,0.240790,0.439489,0.117515,0.080000,0.330633,0.076327,0.562392
2009-12-21,0.176610,0.040576,0.027411,0.139506,0.023493,0.286396,0.441765,0.116855,0.080000,0.362846,0.068836,0.636610
2009-12-22,0.177344,0.040420,0.027411,0.140995,0.023252,0.291498,0.443257,0.116426,0.080000,0.366150,0.068146,0.644350
2009-12-23,0.176935,0.040507,0.027411,0.140324,0.023360,0.289189,0.442427,0.116664,0.080000,0.364662,0.068455,0.640861
2009-12-24,0.177515,0.040384,0.027411,0.141896,0.023109,0.294617,0.443605,0.116326,0.080000,0.368141,0.067736,0.649026
2009-12-29,0.177172,0.040457,0.027411,0.121714,0.026872,0.230315,0.442908,0.116526,0.080000,0.322502,0.078468,0.544026
2009-12-30,0.176269,0.040648,0.027411,0.119593,0.027348,0.224153,0.441071,0.117056,0.080000,0.317581,0.079820,0.532987
2009-12-31,0.176833,0.040528,0.027411,0.117537,0.027827,0.218275,0.442218,0.116724,0.080000,0.312790,0.081180,0.522292
2010-01-04,0.177279,0.040434,0.027411,0.127511,0.025658,0.247685,0.443125,0.116464,0.080000,0.335829,0.075016,0.574206
2010-01-05,0.177992,0.040284,0.027411,0.126959,0.025768,0.245995,0.444572,0.116050,0.080000,0.334567,0.075330,0.571331
2010-01-06,0.179709,0.039930,0.027411,0.145081,0.022618,0.305872,0.448046,0.115069,0.080000,0.375152,0.066331,0.665559
2010-01-07,0.181591,0.039549,0.027411,0.139313,0.023524,0.285739,0.451834,0.114017,0.080000,0.362417,0.068926,0.635607
2010-01-08,0.181811,0.039505,0.027411,0.150875,0.021784,0.327290,0.452276,0.113895,0.080000,0.387770,0.063938,0.695572
2010-01-11,0.181926,0.039482,0.027411,0.157839,0.020868,0.354894,0.452508,0.113832,0.080000,0.402710,0.061308,0.731531
2010-01-12,0.179423,0.039988,0.027411,0.136292,0.024032,0.275625,0.447468,0.115231,0.080000,0.355682,0.070378,0.619907
2010-01-13,0.178871,0.040102,0.027411,0.138084,0.023728,0.281590,0.446351,0.115546,0.080000,0.359682,0.069509,0.629220
2010-01-14,0.177515,0.040384,0.027411,0.134957,0.024265,0.271238,0.443604,0.116326,0.080000,0.352688,0.071042,0.612959
2010-01-15,0.174989,0.040924,0.027411,0.131810,0.024833,0.261103,0.438461,0.117816,0.080000,0.345599,0.072663,0.596586
2010-01-19,0.172180,0.041544,0.027411,0.128778,0.025408,0.251591,0.432706,0.119526,0.080000,0.338719,0.074305,0.580803
2010-01-20,0.170356,0.041959,0.027411,0.119651,0.027334,0.224321,0.428949,0.120669,0.080000,0.317717,0.079782,0.533290
2010-01-21,0.167732,0.042573,0.027411,0.117055,0.027942,0.216910,0.423513,0.122359,0.080000,0.311663,0.081506,0.519785
2010-01-22,0.164596,0.043336,0.027411,0.122585,0.026681,0.232874,0.416973,0.124455,0.080000,0.324516,0.077927,0.548560
2010-01-25,0.162024,0.043986,0.027411,0.126170,0.025928,0.243595,0.411569,0.126238,0.080000,0.332762,0.075784,0.567224
2010-01-26,0.160821,0.044298,0.027411,0.121179,0.026990,0.228751,0.409032,0.127093,0.080000,0.321263,0.078804,0.541241
2010-01-27,0.160332,0.044426,0.027411,0.116486,0.028079,0.215303,0.407998,0.127444,0.080000,0.310331,0.081895,0.516824
2010-01-28,0.159064,0.044762,0.027411,0.126240,0.025914,0.243809,0.405313,0.128365,0.080000,0.332923,0.075744,0.567590
2010-01-29,0.157502,0.045185,0.027411,0.125664,0.026031,0.242064,0.401994,0.129522,0.080000,0.331603,0.076079,0.564592
2010-02-01,0.154385,0.046057,0.027411,0.127146,0.025731,0.246566,0.395331,0.131905,0.080000,0.334994,0.075223,0.572304
2010-02-02,0.154298,0.046082,0.027411,0.124432,0.026287,0.238360,0.395145,0.131973,0.080000,0.328773,0.076807,0.558175
2010-02-03,0.154594,0.045997,0.027411,0.132987,0.024617,0.264863,0.395779,0.131742,0.080000,0.348257,0.072047,0.602712
2010-02-04,0.151013,0.047045,0.027411,0.125719,0.026020,0.242230,0.388068,0.134601,0.080000,0.331728,0.076047,0.564877
2010-02-05,0.146385,0.048484,0.027411,0.125213,0.026124,0.240703,0.378005,0.138514,0.080000,0.330567,0.076344,0.562240
2010-02-08,0.144873,0.048976,0.027411,0.126979,0.025764,0.246057,0.374694,0.139850,0.080000,0.334614,0.075318,0.571437
2010-02-09,0.143517,0.049427,0.027411,0.126517,0.025857,0.244648,0.371716,0.141073,0.080000,0.333556,0.075584,0.569029
2010-02-10,0.142284,0.049845,0.027411,0.121746,0.026864,0.230409,0.368999,0.142206,0.080000,0.322576,0.078448,0.544193
2010-02-11,0.140737,0.050382,0.027411,0.123492,0.026486,0.235558,0.365578,0.143659,0.080000,0.326608,0.077372,0.553282
2010-02-12,0.139542,0.050806,0.027411,0.129823,0.025207,0.254841,0.362926,0.144804,0.080000,0.341095,0.073730,0.586242
2010-02-16,0.138562,0.051159,0.027411,0.126747,0.025811,0.245350,0.360748,0.145758,0.080000,0.334083,0.075451,0.570230
2010-02-17,0.141171,0.050230,0.027411,0.133095,0.024597,0.265210,0.366540,0.143248,0.080000,0.348501,0.071991,0.603275
2010-02-18,0.143316,0.049495,0.027411,0.137196,0.023878,0.278623,0.371274,0.141256,0.080000,0.357703,0.069936,0.624606
2010-02-19,0.144749,0.049017,0.027411,0.122225,0.026759,0.231815,0.374423,0.139960,0.080000,0.323685,0.078149,0.546689
2010-02-22,0.145495,0.048772,0.027411,0.135753,0.024125,0.273847,0.376059,0.139296,0.080000,0.354474,0.070644,0.617101
2010-02-23,0.144078,0.049239,0.027411,0.118901,0.027507,0.222164,0.372950,0.140564,0.080000,0.315971,0.080272,0.529387
2010-02-24,0.144010,0.049262,0.027411,0.120613,0.027116,0.227103,0.372801,0.140625,0.080000,0.319950,0.079163,0.538294
2010-02-25,0.142346,0.049824,0.027411,0.117911,0.027739,0.219337,0.369134,0.142149,0.080000,0.313663,0.080929,0.524236
2010-02-26,0.142220,0.049867,0.027411,0.113278,0.028881,0.206379,0.368857,0.142266,0.080000,0.302791,0.084164,0.500150
2010-03-01,0.140847,0.050343,0.027411,0.115056,0.028430,0.211301,0.365821,0.143555,0.080000,0.306978,0.082889,0.509393
2010-03-02,0.142745,0.049688,0.027411,0.116777,0.028009,0.216124,0.370014,0.141781,0.080000,0.311012,0.081695,0.518338
2010-03-03,0.142995,0.049603,0.027411,0.114180,0.028650,0.208867,0.370567,0.141550,0.080000,0.304917,0.083512,0.504837
2010-03-04,0.143468,0.049444,0.027411,0.102032,0.032127,0.176664,0.371607,0.141118,0.080000,0.275926,0.093316,0.441876
2010-03-05,0.146195,0.048545,0.027411,0.107976,0.030319,0.192077,0.377592,0.138680,0.080000,0.290210,0.088227,0.472636
2010-03-08,0.148343,0.047863,0.027411,0.116701,0.028027,0.215909,0.382276,0.136827,0.080000,0.310834,0.081747,0.517942
2010-03-09,0.149179,0.047604,0.027411,0.116764,0.028012,0.216089,0.384094,0.136121,0.080000,0.310983,0.081704,0.518273
2010-03-10,0.150555,0.047184,0.027411,0.114534,0.028561,0.209848,0.387076,0.134977,0.080000,0.305749,0.083259,0.506676
2010-03-11,0.150962,0.047061,0.027411,0.103378,0.031697,0.180098,0.387958,0.134642,0.080000,0.279177,0.092110,0.448831
2010-03-12,0.151906,0.046779,0.027411,0.099116,0.033100,0.169332,0.389997,0.133874,0.080000,0.268849,0.096049,0.426831
2010-03-16,0.151587,0.046874,0.027411,0.096750,0.033937,0.163487,0.389309,0.134133,0.080000,0.263073,0.098396,0.414648
2010-03-17,0.152836,0.046505,0.027411,0.090665,0.036311,0.148880,0.392002,0.133128,0.080000,0.248081,0.105024,0.383444
2010-03-18,0.155401,0.045769,0.027411,0.090527,0.036369,0.148554,0.397508,0.131117,0.080000,0.247738,0.105186,0.382736
2010-03-19,0.156595,0.045435,0.027411,0.086528,0.038134,0.139280,0.400058,0.130206,0.080000,0.237771,0.110096,0.362345
2010-03-22,0.155772,0.045664,0.027411,0.082610,0.040048,0.130429,0.398301,0.130833,0.080000,0.227921,0.115396,0.342470
2010-03-23,0.156136,0.045562,0.027411,0.084203,0.039246,0.133998,0.399080,0.130554,0.080000,0.231935,0.113179,0.350535
2010-03-24,0.160215,0.044456,0.027411,0.102894,0.031850,0.178860,0.407752,0.127528,0.080000,0.278009,0.092540,0.446328
2010-03-25,0.162817,0.043783,0.027411,0.115528,0.028313,0.212617,0.413240,0.125682,0.080000,0.308086,0.082558,0.511845
2010-03-26,0.162993,0.043738,0.027411,0.118141,0.027684,0.219993,0.413609,0.125559,0.080000,0.314200,0.080775,0.525435
2010-03-30,0.163842,0.043524,0.027411,0.118047,0.027706,0.219725,0.415391,0.124972,0.080000,0.313981,0.080837,0.524946
2010-03-31,0.163472,0.043617,0.027411,0.118100,0.027694,0.219875,0.414615,0.125227,0.080000,0.314104,0.080802,0.525219
2010-04-01,0.163966,0.043493,0.027411,0.124351,0.026304,0.238117,0.415651,0.124887,0.080000,0.328586,0.076855,0.557753
2010-04-05,0.169901,0.042064,0.027411,0.121442,0.026932,0.229518,0.428008,0.120958,0.080000,0.321872,0.078639,0.542609
2010-04-06,0.171333,0.041735,0.027411,0.124898,0.026190,0.239757,0.430964,0.120054,0.080000,0.329845,0.076529,0.560603
2010-04-07,0.169090,0.042253,0.027411,0.121840,0.026844,0.230683,0.426330,0.121478,0.080000,0.322793,0.078389,0.544681
2010-04-08,0.169817,0.042084,0.027411,0.118808,0.027528,0.221899,0.427834,0.121012,0.080000,0.315756,0.080333,0.528906
2010-04-09,0.171191,0.041768,0.027411,0.118900,0.027507,0.222163,0.430671,0.120142,0.080000,0.315970,0.080272,0.529385
2010-04-12,0.172143,0.041552,0.027411,0.112496,0.029083,0.204235,0.432631,0.119549,0.080000,0.300945,0.084737,0.496088
2010-04-13,0.173693,0.041207,0.027411,0.103294,0.031724,0.179884,0.435812,0.118597,0.080000,0.278975,0.092184,0.448398
2010-04-14,0.177954,0.040293,0.027411,0.115543,0.028310,0.212661,0.444494,0.116073,0.080000,0.308122,0.082547,0.511926
2010-04-15,0.180063,0.039857,0.027411,0.118519,0.027596,0.221072,0.448760,0.114869,0.080000,0.315082,0.080524,0.527402
2010-04-16,0.177662,0.040354,0.027411,0.114639,0.028534,0.210142,0.443902,0.116241,0.080000,0.305998,0.083184,0.507226
2010-04-19,0.176929,0.040508,0.027411,0.117641,0.027802,0.218569,0.442415,0.116668,0.080000,0.313032,0.081110,0.522831
2010-04-20,0.179044,0.040066,0.027411,0.101374,0.032341,0.174997,0.446701,0.115447,0.080000,0.274333,0.093919,0.438478
2010-04-21,0.179322,0.040009,0.027411,0.092661,0.035495,0.153605,0.447264,0.115289,0.080000,0.253020,0.102749,0.393655
2010-04-22,0.179687,0.039934,0.027411,0.089719,0.036712,0.146659,0.448001,0.115082,0.080000,0.245730,0.106142,0.378606
2010-04-23,0.181966,0.039474,0.027411,0.092104,0.035718,0.152281,0.452588,0.113810,0.080000,0.251644,0.103373,0.390805
2010-04-26,0.181397,0.039588,0.027411,0.091846,0.035823,0.151669,0.451446,0.114124,0.080000,0.251007,0.103665,0.389484
2010-04-27,0.175353,0.040845,0.027411,0.076661,0.043367,0.117421,0.439206,0.117598,0.080000,0.212802,0.124540,0.312520
2010-04-28,0.175577,0.040797,0.027411,0.100166,0.032742,0.171957,0.439662,0.117465,0.080000,0.271404,0.095045,0.432247
2010-04-29,0.174545,0.041020,0.027411,0.093996,0.034970,0.156803,0.437554,0.118082,0.080000,0.256314,0.101283,0.400503
2010-04-30,0.172323,0.041512,0.027411,0.085483,0.038626,0.136895,0.433000,0.119438,0.080000,0.235151,0.111460,0.357030
2010-05-04,0.165840,0.043029,0.027411,0.072796,0.045846,0.109246,0.419573,0.123613,0.080000,0.202877,0.131328,0.293237
2010-05-05,0.155735,0.045675,0.027411,0.079624,0.041645,0.123836,0.398222,0.130861,0.080000,0.220357,0.119805,0.327401
2010-05-06,0.137477,0.051556,0.027411,0.070130,0.047734,0.103728,0.358329,0.146832,0.080000,0.195979,0.136474,0.280021
2010-05-07,0.126947,0.055809,0.027411,0.061899,0.054713,0.087322,0.334541,0.158258,0.080000,0.174439,0.155322,0.239755
2010-05-10,0.136665,0.051858,0.027411,0.079337,0.041806,0.123209,0.356516,0.147647,0.080000,0.219627,0.120248,0.325955
2010-05-11,0.132813,0.053348,0.027411,0.081699,0.040522,0.128402,0.347865,0.151657,0.080000,0.225617,0.116706,0.337862
2010-05-12,0.138020,0.051356,0.027411,0.072145,0.046293,0.107889,0.359541,0.146292,0.080000,0.201196,0.132548,0.290003
2010-05-13,0.139548,0.050803,0.027411,0.074460,0.044744,0.112739,0.362941,0.144798,0.080000,0.207159,0.128315,0.301520
2010-05-14,0.132150,0.053614,0.027411,0.067717,0.049584,0.098822,0.346368,0.152372,0.080000,0.189706,0.141498,0.268133
2010-05-17,0.131095,0.054044,0.027411,0.069847,0.047943,0.103149,0.343980,0.153527,0.080000,0.195247,0.137043,0.278626
2010-05-18,0.126846,0.055854,0.027411,0.061767,0.054841,0.087067,0.334310,0.158377,0.080000,0.174092,0.155666,0.239120
2010-05-19,0.119926,0.059110,0.027411,0.051425,0.067293,0.067805,0.318356,0.167055,0.080000,0.146478,0.188598,0.189935
2010-05-20,0.106071,0.067073,0.027411,0.041658,0.085709,0.051003,0.285653,0.188024,0.080000,0.119839,0.235719,0.145337
2010-05-21,0.103083,0.069107,0.027411,0.035999,0.101844,0.041915,0.278466,0.193324,0.080000,0.104156,0.275472,0.120547
2010-05-24,0.103082,0.069108,0.027411,0.038288,0.094642,0.045531,0.278464,0.193325,0.080000,0.110521,0.257902,0.130468
2010-05-25,0.093098,0.076986,0.027411,0.029383,0.130509,0.031934,0.254099,0.213634,0.080000,0.085583,0.342652,0.092774
2010-05-26,0.096902,0.073767,0.027411,0.031322,0.120571,0.034784,0.263447,0.205378,0.080000,0.091054,0.319854,0.100765
2010-05-27,0.101331,0.070363,0.027411,0.039838,0.090314,0.048026,0.274229,0.196585,0.080000,0.114815,0.247208,0.137270
2010-05-28,0.100523,0.070959,0.027411,0.050623,0.068500,0.066375,0.272271,0.198128,0.080000,0.144312,0.191745,0.186200
2010-06-01,0.095225,0.075150,0.027411,0.044824,0.078725,0.056298,0.259335,0.208933,0.080000,0.128534,0.218070,0.159564
2010-06-02,0.093662,0.076490,0.027411,0.047513,0.073628,0.060911,0.255489,0.212366,0.080000,0.135874,0.205020,0.171828
2010-06-03,0.096514,0.074083,0.027411,0.053552,0.064287,0.071645,0.262496,0.206190,0.080000,0.152206,0.180728,0.199903
2010-06-04,0.090377,0.079478,0.027411,0.040908,0.087547,0.049771,0.247366,0.219986,0.080000,0.117773,0.240318,0.142006
2010-06-07,0.089222,0.080589,0.027411,0.035347,0.104101,0.040899,0.244494,0.222806,0.080000,0.102336,0.280920,0.117747
2010-06-08,0.085511,0.084389,0.027411,0.036510,0.100144,0.042714,0.235222,0.232404,0.080000,0.105579,0.271351,0.122747
2010-06-09,0.084689,0.085283,0.027411,0.038786,0.093205,0.046330,0.233157,0.234650,0.080000,0.111904,0.254363,0.132649
2010-06-10,0.084921,0.085029,0.027411,0.049222,0.070719,0.063896,0.233741,0.234011,0.080000,0.140518,0.197506,0.179702
2010-06-11,0.083027,0.087152,0.027411,0.042333,0.084118,0.052119,0.228972,0.239333,0.080000,0.121698,0.231722,0.148350
2010-06-14,0.085653,0.084236,0.027411,0.044849,0.078675,0.056340,0.235579,0.232020,0.080000,0.128602,0.217943,0.159676
2010-06-15,0.087629,0.082175,0.027411,0.047496,0.073659,0.060880,0.240524,0.226821,0.080000,0.135827,0.205100,0.171747
2010-06-16,0.088942,0.080862,0.027411,0.045988,0.076436,0.058281,0.243798,0.223500,0.080000,0.131715,0.212226,0.164851
2010-06-17,0.090304,0.079547,0.027411,0.042023,0.084842,0.051605,0.247184,0.220162,0.080000,0.120844,0.233542,0.146964
2010-06-18,0.092347,0.077657,0.027411,0.043332,0.081869,0.053784,0.252244,0.215348,0.080000,0.124444,0.226049,0.152829
2010-06-21,0.096982,0.073703,0.027411,0.046069,0.076281,0.058420,0.263641,0.205213,0.080000,0.131937,0.211830,0.165221
2010-06-22,0.094956,0.075377,0.027411,0.039709,0.090658,0.047818,0.258675,0.209514,0.080000,0.114459,0.248062,0.136703
2010-06-23,0.092246,0.077748,0.027411,0.039728,0.090606,0.047849,0.251996,0.215580,0.080000,0.114512,0.247935,0.136787
2010-06-24,0.089554,0.080266,0.027411,0.039675,0.090750,0.047762,0.245321,0.221987,0.080000,0.114364,0.248291,0.136551
2010-06-25,0.088834,0.080969,0.027411,0.039703,0.090674,0.047808,0.243529,0.223769,0.080000,0.114442,0.248102,0.136676
2010-06-28,0.086978,0.082842,0.027411,0.035207,0.104599,0.040681,0.238897,0.228507,0.080000,0.101945,0.282120,0.117147
2010-06-30,0.080992,0.089561,0.027411,0.028888,0.133311,0.031217,0.223828,0.245339,0.080000,0.084184,0.348986,0.090757
2010-07-01,0.079607,0.091283,0.027411,0.026706,0.147242,0.028107,0.220314,0.249612,0.080000,0.077996,0.379879,0.081974
2010-07-02,0.080539,0.090117,0.027411,0.030204,0.126107,0.033133,0.222681,0.246718,0.080000,0.087903,0.332618,0.096142
2010-07-06,0.079912,0.090898,0.027411,0.027204,0.143811,0.028810,0.221088,0.248658,0.080000,0.079412,0.372363,0.083963
2010-07-07,0.079518,0.091395,0.027411,0.030683,0.123676,0.033837,0.220089,0.249890,0.080000,0.089253,0.327033,0.098116
2010-07-08,0.083157,0.087003,0.027411,0.034572,0.106915,0.039701,0.229300,0.238959,0.080000,0.100171,0.287675,0.114437
2010-07-09,0.086616,0.083218,0.027411,0.037825,0.096014,0.044794,0.237992,0.229455,0.080000,0.109238,0.261271,0.128451
2010-07-12,0.087695,0.082108,0.027411,0.036907,0.098860,0.043339,0.240689,0.226651,0.080000,0.106685,0.268227,0.124465
2010-07-13,0.093816,0.076356,0.027411,0.042720,0.083231,0.052764,0.255869,0.212022,0.080000,0.122764,0.229487,0.150086
2010-07-14,0.095791,0.074677,0.027411,0.039308,0.091748,0.047169,0.260725,0.207718,0.080000,0.113349,0.250763,0.134938
2010-07-15,0.093924,0.076262,0.027411,0.033253,0.112068,0.037685,0.256136,0.211781,0.080000,0.096479,0.299934,0.108848
2010-07-16,0.092366,0.077640,0.027411,0.029835,0.128046,0.032593,0.252291,0.215305,0.080000,0.086862,0.337049,0.094628
2010-07-19,0.091943,0.078023,0.027411,0.032474,0.115351,0.036507,0.251246,0.216282,0.080000,0.094293,0.307670,0.105572
2010-07-20,0.090972,0.078919,0.027411,0.031684,0.118882,0.035323,0.248841,0.218563,0.080000,0.092072,0.315927,0.102270
2010-07-21,0.092670,0.077367,0.027411,0.027732,0.140343,0.029560,0.253043,0.214607,0.080000,0.080911,0.364705,0.086083
2010-07-22,0.095625,0.074816,0.027411,0.031177,0.121264,0.034568,0.260317,0.208074,0.080000,0.090644,0.321461,0.100160
2010-07-23,0.100860,0.070709,0.027411,0.036959,0.098696,0.043421,0.273089,0.197480,0.080000,0.106828,0.267826,0.124688
2010-07-26,0.104318,0.068250,0.027411,0.036071,0.101602,0.042027,0.281444,0.191094,0.080000,0.104356,0.274887,0.120855
2010-07-27,0.112490,0.063110,0.027411,0.038231,0.094807,0.045441,0.300932,0.177634,0.080000,0.110365,0.258307,0.130222
2010-07-28,0.110614,0.064215,0.027411,0.037256,0.097758,0.043891,0.296489,0.180540,0.080000,0.107656,0.265540,0.125978
2010-07-29,0.111062,0.063948,0.027411,0.039456,0.091341,0.047409,0.297552,0.179837,0.080000,0.113760,0.249757,0.135590
2010-07-30,0.105051,0.067753,0.027411,0.034447,0.107381,0.039510,0.283204,0.189798,0.080000,0.099823,0.288790,0.113907
2010-08-03,0.104526,0.068109,0.027411,0.036403,0.100494,0.042547,0.281942,0.190726,0.080000,0.105283,0.272199,0.122289
2010-08-04,0.107506,0.066141,0.027411,0.037437,0.097199,0.044177,0.289088,0.185588,0.080000,0.108158,0.264171,0.126761
2010-08-05,0.106368,0.066877,0.027411,0.036402,0.100499,0.042545,0.286366,0.187514,0.080000,0.105278,0.272213,0.122281
2010-08-06,0.103761,0.068634,0.027411,0.031815,0.118280,0.035519,0.280101,0.192093,0.080000,0.092441,0.314525,0.102817
2010-08-09,0.105698,0.067320,0.027411,0.028653,0.134682,0.030878,0.284758,0.188669,0.080000,0.083519,0.352072,0.089803
2010-08-10,0.100620,0.070887,0.027411,0.025186,0.158797,0.025992,0.272505,0.197942,0.080000,0.073670,0.404746,0.075968
2010-08-11,0.091697,0.078248,0.027411,0.020050,0.216203,0.019178,0.250637,0.216856,0.080000,0.058951,0.518484,0.056437
2010-08-12,0.088549,0.081251,0.027411,0.020869,0.204383,0.020229,0.242818,0.224484,0.080000,0.061310,0.496369,0.059468
2010-08-13,0.087871,0.081930,0.027411,0.018665,0.239712,0.017434,0.241126,0.226203,0.080000,0.054956,0.560525,0.051397
2010-08-16,0.086108,0.083753,0.027411,0.016008,0.295270,0.014211,0.236718,0.230802,0.080000,0.047259,0.650000,0.042030
2010-08-17,0.089669,0.080155,0.027411,0.018542,0.242056,0.017282,0.245607,0.221705,0.080000,0.054601,0.564576,0.050954
2010-08-18,0.091700,0.078245,0.027411,0.019323,0.227920,0.018258,0.250645,0.216847,0.080000,0.056856,0.539757,0.053779
2010-08-19,0.089790,0.080039,0.027411,0.017870,0.255770,0.016452,0.245906,0.221410,0.080000,0.052657,0.587787,0.048550
2010-08-20,0.090012,0.079825,0.027411,0.020067,0.215941,0.019200,0.246460,0.220868,0.080000,0.059001,0.518000,0.056501
2010-08-23,0.088787,0.081015,0.027411,0.019480,0.225286,0.018455,0.243412,0.223886,0.080000,0.057308,0.535032,0.054349
2010-08-24,0.082208,0.088105,0.027411,0.015492,0.295270,0.013605,0.226906,0.241711,0.080000,0.045761,0.650000,0.040263
2010-08-25,0.082017,0.088330,0.027411,0.016336,0.294127,0.014600,0.226423,0.242273,0.080000,0.048212,0.648295,0.043164
2010-08-26,0.080082,0.090685,0.027411,0.016061,0.295270,0.014273,0.221519,0.248130,0.080000,0.047413,0.650000,0.042212
2010-08-27,0.083819,0.086250,0.027411,0.020897,0.204007,0.020265,0.230970,0.237075,0.080000,0.061389,0.495655,0.059571
2010-08-31,0.079484,0.097710,0.027411,0.017535,0.263228,0.016043,0.220000,0.265421,0.080000,0.051687,0.600055,0.047361
2010-09-01,0.079685,0.091184,0.027411,0.021181,0.200219,0.020633,0.220512,0.249367,0.080000,0.062207,0.488421,0.060631
2010-09-02,0.083365,0.086765,0.027411,0.023843,0.170628,0.024160,0.229825,0.238364,0.080000,0.069836,0.429511,0.070743
2010-09-03,0.089327,0.080486,0.027411,0.027890,0.139342,0.029784,0.244755,0.222547,0.080000,0.081357,0.362482,0.086717
2010-09-07,0.087405,0.082404,0.027411,0.023803,0.171001,0.024107,0.239963,0.227399,0.080000,0.069723,0.430280,0.070591
2010-09-08,0.092081,0.077898,0.027411,0.025083,0.159643,0.025851,0.251586,0.215963,0.080000,0.073377,0.406540,0.075566
2010-09-09,0.098461,0.072530,0.027411,0.028629,0.134824,0.030844,0.267253,0.202189,0.080000,0.083451,0.352389,0.089706
2010-09-10,0.104380,0.068208,0.027411,0.030580,0.124189,0.033686,0.281592,0.190984,0.080000,0.088964,0.328214,0.097692
2010-09-13,0.107596,0.066083,0.027411,0.029435,0.130217,0.032010,0.289303,0.185437,0.080000,0.085732,0.341989,0.092990
2010-09-14,0.108783,0.065335,0.027411,0.027777,0.140058,0.029623,0.292135,0.183477,0.080000,0.081037,0.364073,0.086263
2010-09-15,0.109406,0.064949,0.027411,0.031532,0.119585,0.035097,0.293620,0.182466,0.080000,0.091645,0.317562,0.101638
2010-09-16,0.114003,0.062249,0.027411,0.035002,0.105336,0.040364,0.304501,0.175364,0.080000,0.101373,0.283889,0.116271
2010-09-17,0.114177,0.062152,0.027411,0.033652,0.110458,0.038292,0.304910,0.175107,0.080000,0.097597,0.296118,0.110533
2010-09-20,0.114965,0.061715,0.027411,0.032378,0.115770,0.036362,0.306765,0.173953,0.080000,0.094022,0.308653,0.105168
2010-09-21,0.110517,0.064274,0.027411,0.028198,0.137424,0.030224,0.296259,0.180693,0.080000,0.082230,0.358212,0.087959
2010-09-22,0.106738,0.066636,0.027411,0.025149,0.159097,0.025942,0.287250,0.186884,0.080000,0.073566,0.405382,0.075825
2010-09-23,0.105230,0.067632,0.027411,0.024861,0.161508,0.025546,0.283635,0.189484,0.080000,0.072743,0.410482,0.074696
2010-09-24,0.107591,0.066086,0.027411,0.028221,0.137278,0.030258,0.289291,0.185446,0.080000,0.082297,0.357885,0.088056
2010-09-27,0.104940,0.067827,0.027411,0.024792,0.162094,0.025451,0.282939,0.189993,0.080000,0.072546,0.411718,0.074427
2010-09-28,0.104528,0.068107,0.027411,0.025522,0.156087,0.026457,0.281947,0.190721,0.080000,0.074629,0.398973,0.077289
2010-09-29,0.108086,0.065772,0.027411,0.024344,0.166011,0.024840,0.290473,0.184623,0.080000,0.071268,0.419929,0.072684
2010-09-30,0.109415,0.064944,0.027411,0.026069,0.151871,0.027216,0.293640,0.182452,0.080000,0.076186,0.389921,0.079447
2010-10-01,0.111377,0.063761,0.027411,0.026807,0.146531,0.028250,0.298298,0.179346,0.080000,0.078284,0.378325,0.082378
2010-10-04,0.110331,0.064386,0.027411,0.025541,0.155939,0.026483,0.295817,0.180987,0.080000,0.074682,0.398657,0.077362
2010-10-06,0.118384,0.059894,0.027411,0.023282,0.176109,0.023405,0.314768,0.169134,0.080000,0.068232,0.440746,0.068584
2010-10-07,0.121323,0.058419,0.027411,0.024447,0.165088,0.024981,0.321598,0.165219,0.080000,0.071564,0.418002,0.073086
2010-10-08,0.121508,0.058330,0.027411,0.025171,0.158919,0.025972,0.322024,0.164980,0.080000,0.073628,0.405004,0.075910
2010-10-12,0.125471,0.056469,0.027411,0.025944,0.152815,0.027042,0.331160,0.160021,0.080000,0.075830,0.391957,0.078952
2010-10-13,0.129324,0.054782,0.027411,0.027150,0.144174,0.028734,0.339960,0.155508,0.080000,0.079259,0.373159,0.083748
2010-10-14,0.130166,0.054428,0.027411,0.029952,0.127426,0.032764,0.341875,0.154558,0.080000,0.087191,0.335635,0.095106
2010-10-15,0.128791,0.055009,0.027411,0.034787,0.106119,0.040033,0.338748,0.156115,0.080000,0.100773,0.285768,0.115354
2010-10-18,0.123179,0.057529,0.027411,0.030260,0.125821,0.033214,0.325886,0.162849,0.080000,0.088059,0.331962,0.096370
2010-10-19,0.121278,0.058442,0.027411,0.029931,0.127539,0.032733,0.321492,0.165278,0.080000,0.087131,0.335893,0.095019
2010-10-20,0.117259,0.060480,0.027411,0.031784,0.118424,0.035472,0.312141,0.170687,0.080000,0.092353,0.314859,0.102686
2010-10-21,0.123179,0.057529,0.027411,0.034326,0.107840,0.039323,0.325886,0.162849,0.080000,0.099484,0.289885,0.113391
2010-10-22,0.127954,0.055369,0.027411,0.037034,0.098455,0.043541,0.336839,0.157080,0.080000,0.107040,0.267239,0.125017
2010-10-25,0.137145,0.051679,0.027411,0.035910,0.102147,0.041775,0.357588,0.147164,0.080000,0.103907,0.276205,0.120163
2010-10-26,0.148784,0.047726,0.027411,0.039403,0.091488,0.047322,0.383235,0.136453,0.080000,0.113612,0.250119,0.135355
2010-10-27,0.159728,0.044585,0.027411,0.045576,0.077229,0.057578,0.406721,0.127881,0.080000,0.130592,0.214256,0.162978
2010-10-28,0.151996,0.046752,0.027411,0.043250,0.082048,0.053648,0.390190,0.133802,0.080000,0.124220,0.226502,0.152463
2010-10-29,0.146689,0.048386,0.027411,0.041122,0.087015,0.050122,0.378670,0.138249,0.080000,0.118363,0.238988,0.142955
2010-11-01,0.128432,0.055163,0.027411,0.043538,0.081420,0.054129,0.337931,0.156527,0.080000,0.125009,0.224913,0.153756
2010-11-02,0.132056,0.053652,0.027411,0.041384,0.086370,0.050553,0.346155,0.152474,0.080000,0.119086,0.237376,0.144120
2010-11-03,0.133165,0.053208,0.027411,0.044538,0.079309,0.055813,0.348658,0.151281,0.080000,0.127751,0.219556,0.158269
2010-11-04,0.137851,0.051418,0.027411,0.035555,0.103371,0.041222,0.359165,0.146459,0.080000,0.102917,0.279161,0.118638
2010-11-05,0.149222,0.047590,0.027411,0.035723,0.102788,0.041484,0.384187,0.136085,0.080000,0.103386,0.277754,0.119359
2010-11-09,0.169922,0.042059,0.027411,0.040000,0.089882,0.048290,0.428053,0.120944,0.080000,0.115265,0.246135,0.137988
2010-11-10,0.154143,0.046127,0.027411,0.036801,0.099198,0.043173,0.394811,0.132095,0.080000,0.106391,0.269050,0.124008
2010-11-12,0.149855,0.047396,0.027411,0.039578,0.091011,0.047606,0.385560,0.135556,0.080000,0.114097,0.248938,0.136126
2010-11-15,0.157496,0.045187,0.027411,0.050635,0.068483,0.066394,0.401980,0.129527,0.080000,0.144342,0.191701,0.186251
2010-11-16,0.135703,0.052222,0.027411,0.046478,0.075510,0.059122,0.354363,0.148626,0.080000,0.133053,0.209856,0.167087
2010-11-17,0.132411,0.053509,0.027411,0.050824,0.068193,0.066733,0.346957,0.152090,0.080000,0.144855,0.190946,0.187135
2010-11-18,0.146138,0.048564,0.027411,0.050038,0.069411,0.065335,0.377465,0.138730,0.080000,0.142727,0.194113,0.183478
2010-11-19,0.144483,0.049105,0.027411,0.048413,0.072067,0.062477,0.373839,0.140199,0.080000,0.138321,0.200995,0.175965
2010-11-22,0.135427,0.052327,0.027411,0.044479,0.079431,0.055713,0.353743,0.148910,0.080000,0.127589,0.219866,0.158001
2010-11-23,0.117772,0.060211,0.027411,0.045384,0.077607,0.057250,0.313340,0.169975,0.080000,0.130065,0.215219,0.162104
2010-11-24,0.126193,0.056144,0.027411,0.052323,0.065991,0.069418,0.332816,0.159153,0.080000,0.148898,0.185195,0.194131
2010-11-26,0.127045,0.055766,0.027411,0.048974,0.071126,0.063461,0.334765,0.158142,0.080000,0.139845,0.198562,0.178556
2010-11-30,0.092141,0.077844,0.027411,0.049230,0.070707,0.063909,0.251735,0.215824,0.080000,0.140538,0.197475,0.179736
2010-12-01,0.106957,0.066494,0.027411,0.056806,0.060178,0.077641,0.287775,0.186512,0.080000,0.160920,0.169887,0.215307
2010-12-02,0.115601,0.061367,0.027411,0.058970,0.057726,0.081710,0.308258,0.173034,0.080000,0.166682,0.163375,0.225646
2010-12-03,0.118495,0.059837,0.027411,0.068143,0.049247,0.099681,0.315026,0.168983,0.080000,0.190815,0.140584,0.270225
2010-12-06,0.115707,0.061309,0.027411,0.067071,0.050105,0.097521,0.308507,0.172882,0.080000,0.188020,0.142908,0.264960
2010-12-07,0.146928,0.048310,0.027411,0.077696,0.042749,0.119648,0.379192,0.138041,0.080000,0.215447,0.122843,0.317709
2010-12-08,0.160494,0.044383,0.027411,0.080750,0.041028,0.126306,0.408341,0.127327,0.080000,0.223215,0.118102,0.333074
2010-12-09,0.169355,0.042191,0.027411,0.075205,0.044268,0.114316,0.426879,0.121307,0.080000,0.209072,0.127012,0.305237
2010-12-13,0.173181,0.041321,0.027411,0.088943,0.037047,0.144852,0.434761,0.118910,0.080000,0.243801,0.107075,0.374648
2010-12-14,0.196918,0.036747,0.027411,0.117971,0.027724,0.219508,0.482060,0.106241,0.080000,0.313803,0.080888,0.524549
2010-12-15,0.202606,0.035826,0.027411,0.122294,0.026745,0.232016,0.492987,0.103674,0.080000,0.323842,0.078107,0.547043
2010-12-16,0.189065,0.038120,0.027411,0.113140,0.028916,0.206000,0.466716,0.110057,0.080000,0.302466,0.084264,0.499434
2010-12-17,0.180509,0.039767,0.027411,0.095497,0.034399,0.160431,0.449659,0.114619,0.080000,0.260003,0.099687,0.408208
2010-12-20,0.181810,0.039505,0.027411,0.099301,0.033036,0.169792,0.452275,0.113896,0.080000,0.269299,0.095871,0.427783
2010-12-21,0.183237,0.039223,0.027411,0.095775,0.034295,0.161107,0.455136,0.113115,0.080000,0.260685,0.099398,0.409636
2010-12-22,0.193034,0.037411,0.027411,0.094214,0.034886,0.157327,0.474509,0.108086,0.080000,0.256849,0.101048,0.401619
2010-12-23,0.212737,0.034320,0.027411,0.099963,0.032811,0.171448,0.512068,0.099467,0.080000,0.270911,0.095238,0.431200
2010-12-27,0.200176,0.036213,0.027411,0.084814,0.038948,0.135379,0.488338,0.104752,0.080000,0.233472,0.112351,0.353636
2010-12-28,0.220963,0.033209,0.027411,0.102585,0.031949,0.178071,0.527204,0.096356,0.080000,0.277263,0.092817,0.444733
2010-12-29,0.196992,0.036735,0.027411,0.095194,0.034512,0.159696,0.482204,0.106206,0.080000,0.259260,0.100005,0.406652
2010-12-30,0.211268,0.034529,0.027411,0.096875,0.033892,0.163795,0.509331,0.100050,0.080000,0.263380,0.098268,0.415293
2010-12-31,0.197286,0.036686,0.027411,0.091645,0.035905,0.151192,0.482771,0.106070,0.080000,0.250509,0.103894,0.388455
2011-01-03,0.207738,0.035043,0.027411,0.102782,0.031886,0.178574,0.502713,0.101488,0.080000,0.277738,0.092640,0.445750
2011-01-04,0.223260,0.032915,0.027411,0.098943,0.033160,0.168902,0.531373,0.095532,0.080000,0.268429,0.096217,0.425941
2011-01-05,0.252196,0.029719,0.027411,0.111054,0.029466,0.200313,0.581819,0.086532,0.080000,0.297532,0.085818,0.488601
2011-01-06,0.251261,0.029809,0.027411,0.104864,0.031237,0.183928,0.580250,0.086788,0.080000,0.282755,0.090816,0.456517
2011-01-07,0.226023,0.032571,0.027411,0.100968,0.032474,0.173973,0.536357,0.094564,0.080000,0.273350,0.094294,0.436384
2011-01-10,0.211239,0.034533,0.027411,0.099093,0.033108,0.169276,0.509277,0.100062,0.080000,0.268795,0.096071,0.426715
2011-01-11,0.222465,0.033016,0.027411,0.107105,0.030570,0.189780,0.529933,0.095815,0.080000,0.288130,0.088935,0.468125
2011-01-12,0.227076,0.032442,0.027411,0.111389,0.029376,0.201222,0.538246,0.094202,0.080000,0.298327,0.085564,0.490342
2011-01-13,0.222957,0.032954,0.027411,0.102878,0.031855,0.178821,0.530825,0.095639,0.080000,0.277972,0.092553,0.446250
2011-01-14,0.228854,0.032227,0.027411,0.104992,0.031199,0.184259,0.541426,0.093598,0.080000,0.283062,0.090706,0.457179
2011-01-18,0.231499,0.031914,0.027411,0.111765,0.029276,0.202243,0.546127,0.092720,0.080000,0.299217,0.085281,0.492294
2011-01-19,0.232598,0.031787,0.027411,0.107586,0.030431,0.191047,0.548073,0.092361,0.080000,0.289280,0.088542,0.470617
2011-01-20,0.241427,0.030808,0.027411,0.118664,0.027562,0.221487,0.563492,0.089607,0.080000,0.315420,0.080428,0.528156
2011-01-21,0.240899,0.030865,0.027411,0.116396,0.028101,0.215053,0.562580,0.089765,0.080000,0.310122,0.081956,0.516361
2011-01-25,0.233159,0.031722,0.027411,0.099806,0.032864,0.171054,0.549063,0.092179,0.080000,0.270528,0.095387,0.430388
2011-01-26,0.247709,0.030160,0.027411,0.121376,0.026946,0.229325,0.574246,0.087778,0.080000,0.321719,0.078680,0.542265
2011-01-27,0.242916,0.030651,0.027411,0.121430,0.026934,0.229485,0.566058,0.089164,0.080000,0.321846,0.078646,0.542550
2011-01-28,0.228692,0.032246,0.027411,0.118639,0.027568,0.221416,0.541136,0.093653,0.080000,0.315362,0.080444,0.528027
2011-01-31,0.209794,0.034741,0.027411,0.123439,0.026497,0.235401,0.506575,0.100644,0.080000,0.326486,0.077405,0.553006
2011-02-01,0.223801,0.032847,0.027411,0.131065,0.024971,0.258743,0.532351,0.095340,0.080000,0.343912,0.073059,0.592707
2011-02-02,0.245699,0.030363,0.027411,0.126046,0.025953,0.243220,0.570826,0.088352,0.080000,0.332479,0.075856,0.566580
2011-02-03,0.257049,0.029261,0.027411,0.131070,0.024971,0.258758,0.589908,0.085239,0.080000,0.343923,0.073057,0.592732
2011-02-04,0.298767,0.026010,0.027411,0.142027,0.023088,0.295073,0.655184,0.076018,0.080000,0.368430,0.067677,0.649707
2011-02-07,0.315952,0.024953,0.027411,0.138874,0.023597,0.284253,0.679919,0.073006,0.080000,0.361442,0.069133,0.633327
2011-02-08,0.340854,0.023639,0.027411,0.135885,0.024103,0.274281,0.713618,0.069253,0.080000,0.354769,0.070579,0.617786
2011-02-09,0.317257,0.024878,0.027411,0.122922,0.026608,0.233869,0.681748,0.072792,0.080000,0.325294,0.077720,0.550314
2011-02-10,0.328563,0.024258,0.027411,0.125244,0.026118,0.240796,0.697298,0.071023,0.080000,0.330638,0.076325,0.562402
2011-02-11,0.320866,0.024674,0.027411,0.111013,0.029477,0.200203,0.686768,0.072212,0.080000,0.297435,0.085849,0.488390
2011-02-14,0.315603,0.024973,0.027411,0.102832,0.031870,0.178703,0.679429,0.073063,0.080000,0.277861,0.092595,0.446012
2011-02-16,0.317139,0.024885,0.027411,0.105018,0.031190,0.184329,0.681582,0.072811,0.080000,0.283127,0.090683,0.457318
2011-02-17,0.314028,0.025064,0.027411,0.109127,0.029994,0.195135,0.677210,0.073324,0.080000,0.292954,0.087310,0.478603
2011-02-18,0.312844,0.025134,0.027411,0.115654,0.028282,0.212971,0.675536,0.073523,0.080000,0.308382,0.082470,0.512503
2011-02-22,0.272647,0.027913,0.027411,0.097570,0.033642,0.165503,0.615199,0.081423,0.080000,0.265079,0.097569,0.418868
2011-02-23,0.262486,0.028770,0.027411,0.103496,0.031660,0.180403,0.598846,0.083852,0.080000,0.279463,0.092005,0.449444
2011-02-24,0.244057,0.030532,0.027411,0.099609,0.032931,0.170561,0.568017,0.088829,0.080000,0.270049,0.095576,0.429372
2011-02-25,0.242281,0.030718,0.027411,0.094065,0.034943,0.156968,0.564964,0.089352,0.080000,0.256482,0.101209,0.400854
2011-02-28,0.232214,0.031831,0.027411,0.099696,0.032902,0.170778,0.547393,0.092486,0.080000,0.270260,0.095493,0.429819
2011-03-01,0.227257,0.032420,0.027411,0.103607,0.031626,0.180686,0.538571,0.094140,0.080000,0.279729,0.091908,0.450015
2011-03-02,0.234145,0.031609,0.027411,0.107603,0.030426,0.191090,0.550800,0.091862,0.080000,0.289319,0.088529,0.470702
2011-03-03,0.256467,0.029315,0.027411,0.111725,0.029286,0.202133,0.588945,0.085391,0.080000,0.299122,0.085312,0.492085
2011-03-04,0.242061,0.030741,0.027411,0.115934,0.028214,0.213753,0.564585,0.089418,0.080000,0.309038,0.082275,0.513955
2011-03-07,0.239344,0.031032,0.027411,0.115637,0.028286,0.212923,0.559886,0.090237,0.080000,0.308343,0.082482,0.512414
2011-03-08,0.247608,0.030170,0.027411,0.119922,0.027273,0.225102,0.574076,0.087806,0.080000,0.318347,0.079607,0.534700
2011-03-09,0.231949,0.031862,0.027411,0.108739,0.030103,0.194102,0.546926,0.092572,0.080000,0.292030,0.087616,0.476592
2011-03-10,0.206996,0.035154,0.027411,0.097017,0.033840,0.164143,0.501315,0.101797,0.080000,0.263727,0.098125,0.416022
2011-03-11,0.202822,0.035792,0.027411,0.104876,0.031234,0.183960,0.493399,0.103580,0.080000,0.282785,0.090805,0.456582
2011-03-14,0.197041,0.036727,0.027411,0.103027,0.031808,0.179201,0.482297,0.106184,0.080000,0.278331,0.092421,0.447018
2011-03-15,0.169530,0.042150,0.027411,0.093751,0.035065,0.156213,0.427241,0.121195,0.080000,0.255709,0.101549,0.399243
2011-03-16,0.158134,0.045013,0.027411,0.083811,0.039440,0.133118,0.403337,0.129052,0.080000,0.230950,0.113715,0.348552
2011-03-17,0.161832,0.044035,0.027411,0.085621,0.038561,0.137209,0.411164,0.126374,0.080000,0.235497,0.111278,0.357731
2011-03-18,0.173090,0.041341,0.027411,0.089172,0.036947,0.145385,0.434575,0.118965,0.080000,0.244371,0.106797,0.375817
2011-03-21,0.182798,0.039310,0.027411,0.089364,0.036865,0.145831,0.454257,0.113354,0.080000,0.244847,0.106567,0.376794
2011-03-23,0.186461,0.038604,0.027411,0.089777,0.036687,0.146795,0.461563,0.111398,0.080000,0.245874,0.106072,0.378902
2011-03-24,0.195092,0.037056,0.027411,0.095339,0.034458,0.160047,0.478520,0.107098,0.080000,0.259615,0.099853,0.407395
2011-03-25,0.206160,0.035279,0.027411,0.090112,0.036544,0.147579,0.499737,0.102148,0.080000,0.246706,0.105675,0.380613
2011-03-28,0.207851,0.035026,0.027411,0.088538,0.037225,0.143911,0.502926,0.101441,0.080000,0.242792,0.107570,0.372582
2011-03-29,0.213584,0.034201,0.027411,0.093989,0.034972,0.156786,0.513641,0.099135,0.080000,0.256296,0.101291,0.400466
2011-03-30,0.205830,0.035329,0.027411,0.090554,0.036357,0.148617,0.499113,0.102287,0.080000,0.247804,0.105155,0.382873
2011-03-31,0.204144,0.035587,0.027411,0.090744,0.036278,0.149065,0.495915,0.103007,0.080000,0.248277,0.104932,0.383847
2011-04-01,0.207783,0.035036,0.027411,0.089162,0.036952,0.145360,0.502798,0.101469,0.080000,0.244345,0.106810,0.375763
2011-04-04,0.206847,0.035176,0.027411,0.092936,0.035385,0.154260,0.501034,0.101859,0.080000,0.253698,0.102444,0.395063
2011-04-05,0.220599,0.033257,0.027411,0.089467,0.036820,0.146071,0.526540,0.096489,0.080000,0.245104,0.106443,0.377320
2011-04-06,0.231816,0.031877,0.027411,0.098847,0.033193,0.168663,0.546690,0.092615,0.080000,0.268195,0.096310,0.425445
2011-04-07,0.235975,0.031403,0.027411,0.111448,0.029360,0.201383,0.554012,0.091281,0.080000,0.298467,0.085519,0.490650
2011-04-08,0.242410,0.030704,0.027411,0.109177,0.029980,0.195269,0.565186,0.089314,0.080000,0.293073,0.087270,0.478863
2011-04-11,0.240771,0.030878,0.027411,0.104865,0.031237,0.183932,0.562359,0.089804,0.080000,0.282759,0.090814,0.456525
2011-04-12,0.224373,0.032775,0.027411,0.106875,0.030637,0.189173,0.533384,0.095139,0.080000,0.287579,0.089125,0.466930
2011-04-13,0.221063,0.033196,0.027411,0.104803,0.031256,0.183770,0.527385,0.096320,0.080000,0.282608,0.090868,0.456201
2011-04-14,0.224463,0.032764,0.027411,0.104820,0.031251,0.183816,0.533548,0.095107,0.080000,0.282651,0.090853,0.456293
2011-04-15,0.215541,0.033931,0.027411,0.100703,0.032563,0.173305,0.517264,0.098378,0.080000,0.272707,0.094541,0.435016
2011-04-18,0.205099,0.035440,0.027411,0.098727,0.033235,0.168365,0.497727,0.102598,0.080000,0.267903,0.096427,0.424828
2011-04-19,0.199345,0.036347,0.027411,0.098671,0.033254,0.168226,0.486741,0.105127,0.080000,0.267766,0.096481,0.424540
2011-04-20,0.209217,0.034825,0.027411,0.104707,0.031285,0.183521,0.505494,0.100879,0.080000,0.282377,0.090950,0.455705
2011-04-21,0.211940,0.034433,0.027411,0.104578,0.031325,0.183189,0.510584,0.099783,0.080000,0.282069,0.091061,0.455040
2011-04-25,0.206380,0.035246,0.027411,0.100342,0.032683,0.172397,0.500152,0.102055,0.080000,0.271831,0.094880,0.433153
2011-04-26,0.202820,0.035793,0.027411,0.094555,0.034755,0.158150,0.493395,0.103581,0.080000,0.257690,0.100682,0.403372
2011-04-27,0.204252,0.035570,0.027411,0.104394,0.031381,0.182714,0.496120,0.102960,0.080000,0.281626,0.091220,0.454089
2011-04-28,0.197597,0.036634,0.027411,0.100238,0.032718,0.172136,0.483372,0.105926,0.080000,0.271578,0.094978,0.432615
2011-04-29,0.197519,0.036647,0.027411,0.098224,0.033410,0.167119,0.483222,0.105962,0.080000,0.266677,0.096919,0.422237
2011-05-02,0.185484,0.038789,0.027411,0.096323,0.034093,0.162444,0.459621,0.111911,0.080000,0.262029,0.098831,0.412454
2011-05-03,0.185764,0.038736,0.027411,0.090744,0.036278,0.149065,0.460178,0.111763,0.080000,0.248276,0.104933,0.383846
2011-05-04,0.184299,0.039017,0.027411,0.087177,0.037836,0.140769,0.457258,0.112542,0.080000,0.239395,0.109267,0.365648
2011-05-05,0.177105,0.040471,0.027411,0.079030,0.041979,0.122539,0.442772,0.116565,0.080000,0.218845,0.120725,0.324409
2011-05-06,0.175211,0.040876,0.027411,0.082022,0.040352,0.129119,0.438915,0.117683,0.080000,0.226434,0.116238,0.339495
2011-05-09,0.173359,0.041281,0.027411,0.078813,0.042103,0.122067,0.435128,0.118801,0.080000,0.218293,0.121064,0.323318
2011-05-10,0.176369,0.040627,0.027411,0.084974,0.038870,0.135741,0.441276,0.116996,0.080000,0.233873,0.112137,0.354447
2011-05-11,0.170376,0.041954,0.027411,0.083172,0.039761,0.131683,0.428990,0.120656,0.080000,0.229338,0.114604,0.345311
2011-05-12,0.170617,0.041899,0.027411,0.086322,0.038231,0.138808,0.429486,0.120504,0.080000,0.237254,0.110363,0.361295
2011-05-13,0.167614,0.042601,0.027411,0.079838,0.041526,0.124304,0.423267,0.122437,0.080000,0.220901,0.119478,0.328477
2011-05-16,0.164510,0.043357,0.027411,0.079793,0.041551,0.124206,0.416791,0.124514,0.080000,0.220788,0.119546,0.328254
2011-05-17,0.161733,0.044061,0.027411,0.073837,0.045150,0.111428,0.410957,0.126443,0.080000,0.205559,0.129426,0.298418
2011-05-18,0.162739,0.043803,0.027411,0.078178,0.042468,0.120689,0.413076,0.125736,0.080000,0.216676,0.122069,0.320128
2011-05-19,0.161226,0.044192,0.027411,0.081219,0.040776,0.127341,0.409887,0.126803,0.080000,0.224404,0.117407,0.335441
2011-05-20,0.159196,0.044727,0.027411,0.078061,0.042535,0.120437,0.405593,0.128269,0.080000,0.216378,0.122255,0.319542
2011-05-23,0.152872,0.046495,0.027411,0.075023,0.044383,0.113932,0.392080,0.133099,0.080000,0.208607,0.127326,0.304332
2011-05-24,0.151066,0.047030,0.027411,0.072132,0.046302,0.107861,0.388182,0.134558,0.080000,0.201162,0.132573,0.289937
2011-05-25,0.143884,0.049304,0.027411,0.076324,0.043572,0.116700,0.372524,0.140739,0.080000,0.211939,0.125104,0.310832
2011-05-26,0.136224,0.052024,0.027411,0.076290,0.043593,0.116628,0.355530,0.148094,0.080000,0.211854,0.125160,0.310665
2011-05-27,0.135731,0.052211,0.027411,0.076226,0.043632,0.116491,0.354424,0.148598,0.080000,0.211689,0.125268,0.310342
2011-05-31,0.126344,0.056077,0.027411,0.077634,0.042786,0.119513,0.333160,0.158974,0.080000,0.215288,0.122944,0.317396
2011-06-01,0.120987,0.058584,0.027411,0.066644,0.050455,0.096664,0.320818,0.165657,0.080000,0.186902,0.143858,0.262863
2011-06-02,0.116569,0.060846,0.027411,0.076094,0.043713,0.116209,0.310526,0.171655,0.080000,0.211351,0.125490,0.309683
2011-06-03,0.110370,0.064362,0.027411,0.073195,0.045577,0.110079,0.295909,0.180926,0.080000,0.203904,0.130593,0.295219
2011-06-06,0.109553,0.064859,0.027411,0.074569,0.044673,0.112970,0.293967,0.182230,0.080000,0.207441,0.128122,0.302066
2011-06-07,0.107915,0.065880,0.027411,0.080413,0.041210,0.125565,0.290065,0.184907,0.080000,0.222361,0.118606,0.331375
2011-06-08,0.100075,0.071294,0.027411,0.075838,0.043871,0.115663,0.271182,0.198996,0.080000,0.210696,0.125924,0.308403
2011-06-09,0.099697,0.071579,0.027411,0.074335,0.044825,0.112475,0.270264,0.199733,0.080000,0.206838,0.128537,0.300896
2011-06-10,0.097446,0.073330,0.027411,0.074268,0.044868,0.112334,0.264777,0.204253,0.080000,0.206666,0.128656,0.300562
2011-06-13,0.093973,0.076219,0.027411,0.077057,0.043128,0.118273,0.256256,0.211673,0.080000,0.213816,0.123884,0.314508
2011-06-14,0.098955,0.072146,0.027411,0.086284,0.038248,0.138721,0.268459,0.201199,0.080000,0.237159,0.110412,0.361101
2011-06-15,0.088264,0.081534,0.027411,0.076729,0.043325,0.117569,0.242109,0.225201,0.080000,0.212978,0.124426,0.312864
2011-06-16,0.082120,0.088209,0.027411,0.069633,0.048103,0.102711,0.226682,0.241971,0.080000,0.194690,0.137478,0.277568
2011-06-17,0.082041,0.088303,0.027411,0.070868,0.047195,0.105245,0.226482,0.242205,0.080000,0.197892,0.135009,0.283671
2011-06-20,0.079484,0.091718,0.027411,0.075019,0.044386,0.113922,0.220000,0.250688,0.080000,0.208596,0.127334,0.304311
2011-06-21,0.080923,0.089645,0.027411,0.074873,0.044478,0.113614,0.223654,0.245547,0.080000,0.208222,0.127588,0.303583
2011-06-22,0.080012,0.090772,0.027411,0.079167,0.041901,0.122839,0.221343,0.248345,0.080000,0.219196,0.120511,0.325102
2011-06-23,0.079484,0.100693,0.027411,0.073210,0.045566,0.110111,0.220000,0.272683,0.080000,0.203944,0.130565,0.295295
2011-06-24,0.079484,0.105728,0.027411,0.066499,0.050575,0.096374,0.220000,0.284831,0.080000,0.186524,0.144182,0.262154
2011-06-27,0.079484,0.107610,0.027411,0.067718,0.049583,0.098824,0.220000,0.289336,0.080000,0.189708,0.141495,0.268138
2011-06-29,0.081297,0.089192,0.027411,0.086736,0.038038,0.139756,0.224600,0.244419,0.080000,0.238291,0.109829,0.363402
2011-06-30,0.089745,0.080082,0.027411,0.097231,0.033763,0.164668,0.245795,0.221519,0.080000,0.264250,0.097909,0.417122
2011-07-01,0.098011,0.072882,0.027411,0.095033,0.034573,0.159304,0.266157,0.203098,0.080000,0.258862,0.100176,0.405821
2011-07-05,0.094125,0.076088,0.027411,0.094576,0.034747,0.158199,0.256631,0.211336,0.080000,0.257739,0.100661,0.403476
2011-07-06,0.090350,0.079504,0.027411,0.088944,0.037047,0.144854,0.247298,0.220052,0.080000,0.243803,0.107074,0.374653
2011-07-07,0.099490,0.071737,0.027411,0.087008,0.037913,0.140380,0.269759,0.200141,0.080000,0.238971,0.109482,0.364786
2011-07-08,0.092237,0.077757,0.027411,0.078870,0.042070,0.122191,0.251972,0.215602,0.080000,0.218438,0.120975,0.323605
2011-07-11,0.082067,0.088272,0.027411,0.070236,0.047655,0.103947,0.226548,0.242128,0.080000,0.196256,0.136260,0.280549
2011-07-12,0.079484,0.094380,0.027411,0.067554,0.049714,0.098493,0.220000,0.257258,0.080000,0.189280,0.141851,0.267332
2011-07-13,0.079484,0.093386,0.027411,0.067486,0.049769,0.098355,0.220000,0.254810,0.080000,0.189102,0.142000,0.266996
2011-07-14,0.082100,0.088232,0.027411,0.074136,0.044954,0.112057,0.226633,0.242029,0.080000,0.206328,0.128890,0.299907
2011-07-15,0.079484,0.093549,0.027411,0.069915,0.047892,0.103289,0.220000,0.255212,0.080000,0.195423,0.136905,0.278962
2011-07-18,0.079484,0.097501,0.027411,0.069902,0.047902,0.103262,0.220000,0.264911,0.080000,0.195389,0.136932,0.278897
2011-07-19,0.079484,0.097897,0.027411,0.063518,0.053180,0.090475,0.220000,0.265878,0.080000,0.178708,0.151206,0.247610
2011-07-20,0.079484,0.094544,0.027411,0.068455,0.049003,0.100313,0.220000,0.257662,0.080000,0.191628,0.139922,0.271761
2011-07-21,0.081996,0.088356,0.027411,0.078152,0.042482,0.120634,0.226368,0.242337,0.080000,0.216611,0.122110,0.320000
2011-07-22,0.083802,0.086270,0.027411,0.072272,0.046205,0.108152,0.230926,0.237125,0.080000,0.201523,0.132309,0.290631
2011-07-25,0.084246,0.085773,0.027411,0.074956,0.044425,0.113790,0.232043,0.235880,0.080000,0.208435,0.127443,0.303998
2011-07-26,0.084972,0.084973,0.027411,0.070629,0.047368,0.104754,0.233868,0.233872,0.080000,0.197275,0.135478,0.282492
2011-07-27,0.085803,0.084076,0.027411,0.069137,0.048477,0.101699,0.235955,0.231616,0.080000,0.193402,0.138496,0.275122
2011-07-28,0.085322,0.084593,0.027411,0.067637,0.049648,0.098659,0.234747,0.232917,0.080000,0.189495,0.141672,0.267736
2011-07-29,0.079484,0.093389,0.027411,0.055743,0.061460,0.075667,0.220000,0.254817,0.080000,0.158081,0.173280,0.210257
2011-08-02,0.079484,0.119041,0.027411,0.043054,0.082482,0.053320,0.220000,0.316297,0.080000,0.123681,0.227598,0.151582
2011-08-03,0.079484,0.124420,0.027411,0.041319,0.086531,0.050445,0.220000,0.328745,0.080000,0.118905,0.237777,0.143828
2011-08-04,0.079484,0.167897,0.027411,0.033438,0.111315,0.037966,0.220000,0.423855,0.080000,0.096998,0.298151,0.109629
2011-08-05,0.079484,0.182115,0.027411,0.040324,0.089036,0.048816,0.220000,0.452887,0.080000,0.116159,0.244033,0.139416
2011-08-08,0.079484,0.415196,0.074949,0.029147,0.131828,0.031592,0.220000,0.800000,0.208415,0.084917,0.345640,0.091812
2011-08-09,0.079484,0.415196,0.122517,0.023221,0.176719,0.023324,0.220000,0.800000,0.324360,0.068059,0.441987,0.068353
2011-08-10,0.079484,0.415196,0.159537,0.021977,0.190341,0.021673,0.220000,0.800000,0.406315,0.064492,0.469231,0.063619
2011-08-11,0.079484,0.415196,0.230995,0.030140,0.126439,0.033039,0.220000,0.800000,0.545235,0.087723,0.333378,0.095879
2011-08-12,0.079484,0.415196,0.195978,0.024511,0.164531,0.025067,0.220000,0.800000,0.480239,0.071744,0.416836,0.073332
2011-08-15,0.079484,0.415196,0.166428,0.027403,0.142484,0.029092,0.220000,0.800000,0.420799,0.079977,0.369439,0.084761
2011-08-16,0.079484,0.415196,0.163928,0.023963,0.169498,0.024322,0.220000,0.800000,0.415572,0.070179,0.427176,0.071207
2011-08-17,0.079484,0.415196,0.155767,0.021897,0.191288,0.021568,0.220000,0.800000,0.398291,0.064263,0.471089,0.063318
2011-08-18,0.079484,0.415196,0.205513,0.018385,0.245131,0.017086,0.220000,0.800000,0.498513,0.054146,0.569855,0.050389
2011-08-19,0.079484,0.415196,0.232574,0.018345,0.245907,0.017038,0.220000,0.800000,0.548030,0.054033,0.571181,0.050248
2011-08-22,0.079484,0.415196,0.223144,0.019055,0.232569,0.017922,0.220000,0.800000,0.531163,0.056084,0.548021,0.052807
2011-08-23,0.079484,0.415196,0.263194,0.021047,0.201993,0.020459,0.220000,0.800000,0.600000,0.061820,0.491817,0.060129
2011-08-24,0.079484,0.415196,0.263194,0.026722,0.147127,0.028130,0.220000,0.800000,0.600000,0.078043,0.379627,0.082039
2011-08-25,0.079484,0.415196,0.263194,0.024557,0.164122,0.025131,0.220000,0.800000,0.600000,0.071877,0.415980,0.073513
2011-08-26,0.079484,0.415196,0.263194,0.023877,0.170299,0.024207,0.220000,0.800000,0.600000,0.069935,0.428832,0.070877
2011-08-30,0.079484,0.415196,0.202554,0.024129,0.167964,0.024547,0.220000,0.800000,0.492888,0.070653,0.423994,0.071849
2011-08-31,0.079484,0.415196,0.158086,0.026066,0.151893,0.027212,0.220000,0.800000,0.403236,0.076178,0.389969,0.079435
2011-09-01,0.079484,0.415196,0.142366,0.023272,0.176208,0.023392,0.220000,0.800000,0.369180,0.068203,0.440948,0.068546
2011-09-02,0.079484,0.415196,0.147269,0.018569,0.241543,0.017315,0.220000,0.800000,0.379937,0.054679,0.563691,0.051050
2011-09-06,0.079484,0.415196,0.169298,0.017343,0.267713,0.015809,0.220000,0.800000,0.426761,0.051131,0.607315,0.046682
2011-09-07,0.079484,0.415196,0.147138,0.019770,0.220560,0.018823,0.220000,0.800000,0.379650,0.058146,0.526469,0.055412
2011-09-08,0.079484,0.415196,0.141737,0.019048,0.232694,0.017913,0.220000,0.800000,0.367790,0.056063,0.548241,0.052782
2011-09-09,0.079484,0.415196,0.155724,0.017852,0.256152,0.016431,0.220000,0.800000,0.398198,0.052606,0.588421,0.048487
2011-09-12,0.079484,0.415196,0.184367,0.017300,0.268736,0.015757,0.220000,0.800000,0.457394,0.051006,0.608959,0.046531
2011-09-13,0.079484,0.415196,0.176019,0.019333,0.227756,0.018270,0.220000,0.800000,0.440562,0.056884,0.539464,0.053814
2011-09-14,0.079484,0.415196,0.158866,0.021152,0.200603,0.020595,0.220000,0.800000,0.404893,0.062123,0.489158,0.060522
2011-09-15,0.079484,0.415196,0.145258,0.022733,0.181829,0.022672,0.220000,0.800000,0.375539,0.066659,0.452314,0.066485
2011-09-16,0.079484,0.415196,0.132891,0.023635,0.172612,0.023880,0.220000,0.800000,0.348040,0.069244,0.433595,0.069944
2011-09-19,0.079484,0.415196,0.153153,0.020702,0.206687,0.020013,0.220000,0.800000,0.392685,0.060829,0.500732,0.058847
2011-09-20,0.079484,0.415196,0.143792,0.019686,0.221907,0.018716,0.220000,0.800000,0.372321,0.057903,0.528919,0.055104
2011-09-21,0.079484,0.415196,0.145015,0.017138,0.272661,0.015562,0.220000,0.800000,0.375007,0.050539,0.615222,0.045963
2011-09-22,0.079484,0.415196,0.229576,0.014030,0.295270,0.011924,0.220000,0.800000,0.542712,0.041503,0.650000,0.035346
2011-09-23,0.079484,0.415196,0.241842,0.016411,0.291975,0.014689,0.220000,0.800000,0.564209,0.048429,0.645068,0.043423
2011-09-26,0.079484,0.415196,0.220406,0.018075,0.251421,0.016704,0.220000,0.800000,0.526189,0.053250,0.580519,0.049280
2011-09-27,0.079484,0.415196,0.185825,0.020864,0.204457,0.020222,0.220000,0.800000,0.460300,0.061294,0.496510,0.059448
2011-09-28,0.079484,0.415196,0.189446,0.021397,0.197436,0.020914,0.220000,0.800000,0.467468,0.062828,0.483060,0.061440
2011-09-29,0.079484,0.415196,0.191045,0.020466,0.210024,0.019711,0.220000,0.800000,0.470612,0.060151,0.507007,0.057974
2011-09-30,0.079484,0.415196,0.219681,0.019388,0.226815,0.018340,0.220000,0.800000,0.524865,0.057044,0.537778,0.054016
2011-10-03,0.079484,0.415196,0.263194,0.016971,0.276857,0.015360,0.220000,0.800000,0.600000,0.050054,0.621843,0.045377
2011-10-05,0.079484,0.415196,0.263194,0.020472,0.209942,0.019718,0.220000,0.800000,0.600000,0.060167,0.506853,0.057995
2011-10-06,0.079484,0.415196,0.235954,0.022193,0.187828,0.021957,0.220000,0.800000,0.553975,0.065112,0.464273,0.064435
2011-10-07,0.079484,0.415196,0.181002,0.024969,0.160592,0.025695,0.220000,0.800000,0.450651,0.073053,0.408548,0.075120
2011-10-11,0.079484,0.415196,0.132819,0.027258,0.143449,0.028886,0.220000,0.800000,0.347876,0.079565,0.371566,0.084179
2011-10-12,0.079484,0.415196,0.103423,0.030940,0.122408,0.034217,0.220000,0.800000,0.279287,0.089978,0.324107,0.099180
2011-10-13,0.079484,0.415196,0.097353,0.029125,0.131954,0.031560,0.220000,0.800000,0.264549,0.084854,0.345923,0.091722
2011-10-14,0.079484,0.415196,0.083884,0.032542,0.115057,0.036609,0.220000,0.800000,0.231133,0.094483,0.306980,0.105857
2011-10-17,0.079484,0.415196,0.078853,0.029433,0.130227,0.032008,0.220000,0.800000,0.218395,0.085727,0.342012,0.092982
2011-10-18,0.079484,0.415196,0.076519,0.030005,0.127147,0.032841,0.220000,0.800000,0.212439,0.087341,0.334998,0.095323
2011-10-19,0.079484,0.396543,0.063756,0.029787,0.128306,0.032522,0.220000,0.780245,0.179333,0.086725,0.337643,0.094428
2011-10-20,0.079484,0.371802,0.060113,0.030751,0.123336,0.033938,0.220000,0.752092,0.169716,0.089446,0.326250,0.098399
2011-10-21,0.079484,0.319659,0.051823,0.031281,0.120768,0.034722,0.220000,0.685095,0.147551,0.090937,0.320311,0.100592
2011-10-24,0.079484,0.282253,0.045429,0.032220,0.116465,0.036124,0.220000,0.630244,0.130190,0.093578,0.310283,0.104506
2011-10-25,0.079484,0.270128,0.043290,0.029571,0.129471,0.032208,0.220000,0.611187,0.124330,0.086116,0.340296,0.093545
2011-10-26,0.079484,0.255576,0.040687,0.032501,0.115236,0.036547,0.220000,0.587464,0.117162,0.094367,0.307399,0.105683
2011-10-27,0.079484,0.194844,0.029531,0.040013,0.089848,0.048311,0.220000,0.478037,0.086002,0.115301,0.246050,0.138045
2011-10-28,0.079484,0.190876,0.028794,0.037596,0.096710,0.044429,0.220000,0.470281,0.083917,0.108600,0.262975,0.127454
2011-10-31,0.079484,0.215673,0.033393,0.031530,0.119595,0.035093,0.220000,0.517506,0.096870,0.091639,0.317587,0.101628
2011-11-01,0.079484,0.261864,0.041817,0.026620,0.147848,0.027987,0.220000,0.597831,0.120277,0.077753,0.381199,0.081633
2011-11-02,0.079484,0.250072,0.039693,0.027528,0.141664,0.029269,0.220000,0.578246,0.114415,0.080332,0.367628,0.085263
2011-11-03,0.079484,0.236773,0.037273,0.029524,0.129730,0.032139,0.220000,0.555408,0.107704,0.085983,0.340883,0.093352
2011-11-04,0.079484,0.238353,0.037562,0.029365,0.130606,0.031908,0.220000,0.558163,0.108507,0.085533,0.342873,0.092702
2011-11-07,0.079484,0.241545,0.038145,0.027821,0.139778,0.029686,0.220000,0.563697,0.110124,0.081162,0.363451,0.086440
2011-11-09,0.079484,0.275185,0.044186,0.027217,0.143723,0.028828,0.220000,0.619213,0.126787,0.079449,0.372170,0.084016
2011-11-10,0.079484,0.273491,0.043887,0.028802,0.133807,0.031093,0.220000,0.616537,0.125966,0.083942,0.350103,0.090410
2011-11-14,0.079484,0.272078,0.043636,0.029014,0.132581,0.031400,0.220000,0.614295,0.125280,0.084542,0.347341,0.091273
2011-11-15,0.079484,0.280445,0.045112,0.029216,0.131439,0.031692,0.220000,0.627444,0.129323,0.085112,0.344758,0.092094
2011-11-16,0.079484,0.292562,0.047224,0.027745,0.140260,0.029578,0.220000,0.645949,0.135087,0.080948,0.364521,0.086136
2011-11-17,0.079484,0.312137,0.050564,0.026103,0.151619,0.027263,0.220000,0.674534,0.144152,0.076282,0.389377,0.079580
2011-11-18,0.079484,0.310322,0.050258,0.027300,0.143167,0.028946,0.220000,0.671950,0.143325,0.079685,0.370946,0.084348
2011-11-21,0.079484,0.352891,0.057198,0.026935,0.145645,0.028430,0.220000,0.729023,0.161967,0.078647,0.376388,0.082887
2011-11-22,0.079484,0.392480,0.063172,0.026587,0.148083,0.027941,0.220000,0.775776,0.177795,0.077659,0.381711,0.081502
2011-11-23,0.079484,0.415196,0.067491,0.025389,0.157151,0.026272,0.220000,0.800000,0.189116,0.074248,0.401245,0.076764
2011-11-25,0.079484,0.402375,0.064586,0.027525,0.141687,0.029264,0.220000,0.786555,0.181513,0.080322,0.367679,0.085249
2011-11-28,0.079484,0.389735,0.062774,0.028412,0.136120,0.030531,0.220000,0.772723,0.176747,0.082837,0.355296,0.088826
2011-11-29,0.079484,0.385822,0.062202,0.029305,0.130937,0.031822,0.220000,0.768323,0.175239,0.085365,0.343623,0.092459
2011-11-30,0.079484,0.349884,0.056725,0.033018,0.113040,0.037328,0.220000,0.725227,0.160704,0.095819,0.302230,0.107856
2011-12-01,0.079484,0.323192,0.052409,0.033584,0.110728,0.038189,0.220000,0.689975,0.149130,0.097407,0.296759,0.110246
2011-12-02,0.079484,0.299844,0.048477,0.032302,0.116103,0.036248,0.220000,0.656770,0.138495,0.093808,0.309435,0.104849
2011-12-05,0.079484,0.274914,0.044138,0.031443,0.120001,0.034964,0.220000,0.618787,0.126656,0.091394,0.318530,0.101267
2011-12-06,0.079484,0.266320,0.042613,0.033831,0.109750,0.038565,0.220000,0.605071,0.122468,0.098098,0.294438,0.111290
2011-12-07,0.079484,0.266669,0.042675,0.032193,0.116582,0.036085,0.220000,0.605633,0.122639,0.093504,0.310557,0.104395
2011-12-08,0.079484,0.270701,0.043392,0.032045,0.117241,0.035863,0.220000,0.612103,0.124610,0.093088,0.312099,0.103777
2011-12-09,0.079484,0.267551,0.042832,0.035220,0.104552,0.040702,0.220000,0.607054,0.123071,0.101982,0.282006,0.117203
2011-12-13,0.079484,0.272470,0.043706,0.030824,0.122975,0.034046,0.220000,0.614919,0.125471,0.089652,0.325416,0.098701
2011-12-14,0.079484,0.274465,0.044059,0.029405,0.130385,0.031966,0.220000,0.618078,0.126439,0.085646,0.342371,0.092865
2011-12-15,0.079484,0.270220,0.043307,0.029321,0.130849,0.031845,0.220000,0.611335,0.124375,0.085410,0.343423,0.092524
2011-12-16,0.079484,0.269541,0.043186,0.028317,0.136695,0.030395,0.220000,0.610249,0.124044,0.082568,0.356584,0.088441
2011-12-19,0.079484,0.266346,0.042617,0.027376,0.142664,0.029053,0.220000,0.605112,0.122481,0.079900,0.369836,0.084652
2011-12-20,0.079484,0.254357,0.040467,0.030721,0.123485,0.033894,0.220000,0.585434,0.116555,0.089361,0.326592,0.098275
2011-12-21,0.079484,0.247756,0.039274,0.031604,0.119252,0.035203,0.220000,0.574327,0.113254,0.091846,0.316789,0.101935
2011-12-22,0.079484,0.237807,0.037463,0.031474,0.119857,0.035010,0.220000,0.557213,0.108230,0.091481,0.318195,0.101395
2011-12-27,0.079484,0.227830,0.035634,0.032891,0.113570,0.037137,0.220000,0.539596,0.103138,0.095464,0.303479,0.107323
2011-12-28,0.079484,0.223802,0.034893,0.030737,0.123409,0.033917,0.220000,0.532353,0.101068,0.089404,0.326417,0.098338
2011-12-29,0.079484,0.217388,0.033710,0.030309,0.125565,0.033288,0.220000,0.520666,0.097758,0.088200,0.331374,0.096575
2011-12-30,0.079484,0.214995,0.033267,0.030846,0.122867,0.034079,0.220000,0.516255,0.096519,0.089714,0.325167,0.098792
2012-01-03,0.079484,0.190024,0.028635,0.033133,0.112562,0.037503,0.220000,0.468606,0.083469,0.096142,0.301101,0.108342
2012-01-04,0.079484,0.184102,0.027535,0.035052,0.105154,0.040442,0.220000,0.456866,0.080352,0.101513,0.283452,0.116486
2012-01-05,0.079484,0.181446,0.027411,0.035230,0.104517,0.040717,0.220000,0.451544,0.080000,0.102009,0.281921,0.117246
2012-01-06,0.079484,0.178872,0.027411,0.034673,0.106539,0.039857,0.220000,0.446354,0.080000,0.100454,0.286775,0.114868
2012-01-09,0.079484,0.175882,0.027411,0.034488,0.107230,0.039572,0.220000,0.440284,0.080000,0.099936,0.288428,0.114079
2012-01-10,0.079484,0.168812,0.027411,0.036149,0.101339,0.042149,0.220000,0.425754,0.080000,0.104574,0.274250,0.121192
2012-01-11,0.079484,0.172040,0.027411,0.033757,0.110043,0.038451,0.220000,0.432419,0.080000,0.097890,0.295134,0.110976
2012-01-12,0.079484,0.166097,0.027411,0.035024,0.105255,0.040399,0.220000,0.420109,0.080000,0.101435,0.283696,0.116366
2012-01-13,0.079484,0.170682,0.027411,0.032723,0.114280,0.036883,0.220000,0.429621,0.080000,0.094992,0.305154,0.106617
2012-01-17,0.079484,0.164847,0.027411,0.033310,0.111835,0.037771,0.220000,0.417497,0.080000,0.096639,0.299382,0.109088
2012-01-18,0.079484,0.158845,0.027411,0.034197,0.108332,0.039125,0.220000,0.404847,0.080000,0.099122,0.291061,0.112842
2012-01-19,0.079484,0.146799,0.027411,0.036976,0.098640,0.043449,0.220000,0.378910,0.080000,0.106877,0.267690,0.124765
2012-01-20,0.079484,0.140896,0.027411,0.038729,0.093367,0.046238,0.220000,0.365930,0.080000,0.111746,0.254763,0.132399
2012-01-23,0.079484,0.133600,0.027411,0.040557,0.088436,0.049197,0.220000,0.349637,0.080000,0.116803,0.242538,0.140448
2012-01-24,0.079484,0.132056,0.027411,0.041135,0.086984,0.050142,0.220000,0.346154,0.080000,0.118397,0.238912,0.143009
2012-01-25,0.079484,0.130877,0.027411,0.039143,0.092203,0.046904,0.220000,0.343487,0.080000,0.112893,0.251887,0.134215
2012-01-26,0.079484,0.125758,0.027411,0.037261,0.097743,0.043899,0.220000,0.331818,0.080000,0.107670,0.265502,0.125999
2012-01-27,0.079484,0.124007,0.027411,0.036248,0.101008,0.042304,0.220000,0.327794,0.080000,0.104850,0.273447,0.121619
2012-01-30,0.079484,0.126169,0.027411,0.034170,0.108433,0.039084,0.220000,0.332761,0.080000,0.099048,0.291301,0.112730
2012-02-01,0.079484,0.120675,0.027411,0.034181,0.108391,0.039101,0.220000,0.320095,0.080000,0.099079,0.291201,0.112777
2012-02-02,0.079484,0.118733,0.027411,0.034000,0.109092,0.038823,0.220000,0.315580,0.080000,0.098570,0.292872,0.112005
2012-02-03,0.079484,0.110080,0.027411,0.038392,0.094337,0.045698,0.220000,0.295222,0.080000,0.110811,0.257153,0.130924
2012-02-06,0.079484,0.109441,0.027411,0.036557,0.099990,0.042789,0.220000,0.293701,0.080000,0.105710,0.270976,0.122951
2012-02-07,0.079484,0.105176,0.027411,0.039133,0.092231,0.046888,0.220000,0.283506,0.080000,0.112866,0.251957,0.134171
2012-02-08,0.079484,0.101354,0.027411,0.038800,0.093167,0.046351,0.220000,0.274284,0.080000,0.111941,0.254270,0.132707
2012-02-09,0.079484,0.098729,0.027411,0.040222,0.089301,0.048650,0.220000,0.267907,0.080000,0.115877,0.244691,0.138966
2012-02-10,0.079484,0.102287,0.027411,0.037072,0.098336,0.043600,0.220000,0.276542,0.080000,0.107144,0.266950,0.125180
2012-02-13,0.079484,0.099053,0.027411,0.037633,0.096597,0.044488,0.220000,0.268695,0.080000,0.108703,0.262701,0.127613
2012-02-15,0.079484,0.098400,0.027411,0.035634,0.103096,0.041345,0.220000,0.267105,0.080000,0.103137,0.278497,0.118977
2012-02-16,0.079484,0.098551,0.027411,0.038159,0.095019,0.045326,0.220000,0.267472,0.080000,0.110165,0.258829,0.129907
2012-02-17,0.079484,0.094492,0.027411,0.039140,0.092211,0.046899,0.220000,0.257533,0.080000,0.112885,0.251909,0.134202
2012-02-21,0.079484,0.091635,0.027411,0.040210,0.089332,0.048631,0.220000,0.250484,0.080000,0.115844,0.244769,0.138913
2012-02-22,0.079928,0.090877,0.027411,0.039493,0.091242,0.047468,0.221130,0.248607,0.080000,0.113861,0.249509,0.135752
2012-02-23,0.080976,0.089581,0.027411,0.037961,0.095608,0.045009,0.223789,0.245386,0.080000,0.109614,0.260275,0.129042
2012-02-24,0.084413,0.085587,0.027411,0.037703,0.096385,0.044599,0.232465,0.235413,0.080000,0.108897,0.262180,0.127918
2012-02-27,0.083824,0.086245,0.027411,0.035872,0.102277,0.041716,0.230982,0.237061,0.080000,0.103801,0.276520,0.119999
2012-02-28,0.086095,0.083766,0.027411,0.036818,0.099145,0.043199,0.236686,0.230836,0.080000,0.106437,0.268920,0.124080
2012-02-29,0.088831,0.080972,0.027411,0.038612,0.093701,0.046051,0.243521,0.223777,0.080000,0.111422,0.255586,0.131888
2012-03-01,0.091224,0.078685,0.027411,0.040936,0.087478,0.049816,0.249465,0.217967,0.080000,0.117849,0.240147,0.142127
2012-03-02,0.091386,0.078534,0.027411,0.040198,0.089362,0.048612,0.249868,0.217584,0.080000,0.115812,0.244844,0.138862
2012-03-05,0.090685,0.079188,0.027411,0.039478,0.091281,0.047445,0.248129,0.219248,0.080000,0.113821,0.249607,0.135688
2012-03-06,0.083790,0.086283,0.027411,0.038355,0.094446,0.045638,0.230896,0.237158,0.080000,0.110707,0.257420,0.130761
2012-03-07,0.085527,0.084372,0.027411,0.039361,0.091602,0.047255,0.235261,0.232362,0.080000,0.113496,0.250401,0.135172
2012-03-08,0.087935,0.081866,0.027411,0.040835,0.087732,0.049651,0.241286,0.226039,0.080000,0.117570,0.240780,0.141679
2012-03-09,0.089277,0.080535,0.027411,0.040983,0.087361,0.049893,0.244632,0.222669,0.080000,0.117978,0.239854,0.142336
2012-03-12,0.090891,0.078994,0.027411,0.041129,0.086999,0.050132,0.248641,0.218755,0.080000,0.118381,0.238948,0.142983
2012-03-13,0.094682,0.075610,0.027411,0.045101,0.078167,0.056768,0.258001,0.210112,0.080000,0.129292,0.216650,0.160820
2012-03-14,0.101432,0.070289,0.027411,0.050598,0.068539,0.066330,0.274474,0.196394,0.080000,0.144243,0.191847,0.186082
2012-03-15,0.101454,0.070273,0.027411,0.052492,0.065750,0.069724,0.274528,0.196352,0.080000,0.149355,0.184565,0.194926
2012-03-16,0.103575,0.068763,0.027411,0.053850,0.063888,0.072187,0.279654,0.192429,0.080000,0.153006,0.179678,0.201305
2012-03-19,0.106656,0.066689,0.027411,0.057836,0.058986,0.079569,0.287055,0.187022,0.080000,0.163665,0.166724,0.220218
2012-03-21,0.106471,0.066810,0.027411,0.053050,0.064972,0.070732,0.286613,0.187337,0.080000,0.150855,0.182527,0.197541
2012-03-22,0.103597,0.068748,0.027411,0.053200,0.064765,0.071006,0.279706,0.192390,0.080000,0.151261,0.181983,0.198250
2012-03-23,0.103452,0.068849,0.027411,0.050945,0.068010,0.066948,0.279356,0.192652,0.080000,0.145182,0.190468,0.187699
2012-03-26,0.104442,0.068165,0.027411,0.052302,0.066019,0.069381,0.281742,0.190873,0.080000,0.148844,0.185270,0.194036
2012-03-27,0.104319,0.068250,0.027411,0.050655,0.068453,0.066430,0.281445,0.191093,0.080000,0.144396,0.191621,0.186345
2012-03-28,0.103977,0.068485,0.027411,0.050808,0.068219,0.066703,0.280620,0.191706,0.080000,0.144810,0.191013,0.187057
2012-03-29,0.101079,0.070547,0.027411,0.049774,0.069829,0.064868,0.273619,0.197063,0.080000,0.142012,0.195199,0.182254
2012-03-30,0.104277,0.068278,0.027411,0.052980,0.065069,0.070606,0.281345,0.191167,0.080000,0.150668,0.182779,0.197214
2012-04-02,0.104001,0.068468,0.027411,0.052647,0.065532,0.070003,0.280679,0.191662,0.080000,0.149772,0.183995,0.195651
2012-04-03,0.106804,0.066593,0.027411,0.056105,0.061018,0.076337,0.287409,0.186771,0.080000,0.159048,0.172110,0.211973
2012-04-04,0.103210,0.069018,0.027411,0.053604,0.064217,0.071739,0.278771,0.193093,0.080000,0.152346,0.180544,0.200147
2012-04-05,0.100325,0.071106,0.027411,0.049972,0.069514,0.065219,0.271789,0.198511,0.080000,0.142549,0.194382,0.183173
2012-04-09,0.093705,0.076453,0.027411,0.044491,0.079405,0.055735,0.255595,0.212270,0.080000,0.127623,0.219800,0.158058
2012-04-10,0.089851,0.079980,0.027411,0.044083,0.080255,0.055046,0.246058,0.221262,0.080000,0.126505,0.221960,0.156214
2012-04-11,0.090049,0.079790,0.027411,0.045323,0.077727,0.057146,0.246550,0.220780,0.080000,0.129899,0.215526,0.161826
2012-04-12,0.093490,0.076641,0.027411,0.047787,0.073146,0.061386,0.255065,0.212751,0.080000,0.136619,0.203779,0.173085
2012-04-13,0.092624,0.077408,0.027411,0.045580,0.077221,0.057585,0.252929,0.214712,0.080000,0.130603,0.214235,0.162997
2012-04-16,0.093851,0.076325,0.027411,0.044497,0.079393,0.055744,0.255956,0.211944,0.080000,0.127639,0.219770,0.158084
2012-04-17,0.097018,0.073673,0.027411,0.046354,0.075742,0.058910,0.263731,0.205137,0.080000,0.132716,0.210449,0.166523
2012-04-18,0.096673,0.073953,0.027411,0.044754,0.078866,0.056180,0.262886,0.205856,0.080000,0.128344,0.218429,0.159249
2012-04-19,0.097634,0.073180,0.027411,0.043761,0.080940,0.054503,0.265237,0.203867,0.080000,0.125621,0.223697,0.154760
2012-04-20,0.098158,0.072767,0.027411,0.043341,0.081849,0.053800,0.266515,0.202800,0.080000,0.124469,0.225997,0.152872
2012-04-23,0.096044,0.074468,0.027411,0.042922,0.082776,0.053100,0.261344,0.207181,0.080000,0.123319,0.228341,0.150990
2012-04-24,0.098267,0.072681,0.027411,0.045342,0.077688,0.057179,0.266781,0.202580,0.080000,0.129953,0.215427,0.161916
2012-04-25,0.102375,0.069609,0.027411,0.046679,0.075136,0.059470,0.276755,0.194628,0.080000,0.133603,0.208896,0.168009
2012-04-26,0.102562,0.069475,0.027411,0.045016,0.078338,0.056623,0.277209,0.194281,0.080000,0.129059,0.217085,0.160433
2012-04-27,0.104375,0.068212,0.027411,0.043977,0.080479,0.054867,0.281579,0.190994,0.080000,0.126214,0.222528,0.155735
2012-05-01,0.107475,0.066161,0.027411,0.044845,0.078681,0.056334,0.289013,0.185641,0.080000,0.128593,0.217959,0.159661
2012-05-02,0.108984,0.065210,0.027411,0.043798,0.080860,0.054566,0.292614,0.183150,0.080000,0.125723,0.223495,0.154928
2012-05-03,0.111978,0.063408,0.027411,0.043345,0.081839,0.053807,0.299721,0.178417,0.080000,0.124481,0.225973,0.152891
2012-05-04,0.111862,0.063476,0.027411,0.041195,0.086836,0.050241,0.299447,0.178596,0.080000,0.118563,0.238541,0.143276
2012-05-08,0.108897,0.065264,0.027411,0.039794,0.090431,0.047955,0.292406,0.183292,0.080000,0.114693,0.247499,0.137076
2012-05-09,0.107071,0.066421,0.027411,0.039385,0.091535,0.047294,0.288047,0.186320,0.080000,0.113564,0.250237,0.135278
2012-05-10,0.109061,0.065162,0.027411,0.040606,0.088311,0.049277,0.292797,0.183025,0.080000,0.116938,0.242225,0.140665
2012-05-11,0.107877,0.065905,0.027411,0.038024,0.095420,0.045110,0.289973,0.184970,0.080000,0.109789,0.259815,0.129316
2012-05-14,0.101405,0.070309,0.027411,0.034175,0.108414,0.039092,0.274410,0.196444,0.080000,0.099062,0.291256,0.112751
2012-05-15,0.099633,0.071628,0.027411,0.033372,0.111583,0.037866,0.270109,0.199859,0.080000,0.096812,0.298786,0.109350
2012-05-16,0.094233,0.075995,0.027411,0.033042,0.112939,0.037365,0.256896,0.211098,0.080000,0.095887,0.301992,0.107958
2012-05-17,0.083997,0.086051,0.027411,0.029754,0.128483,0.032474,0.231416,0.236576,0.080000,0.086632,0.338045,0.094293
2012-05-18,0.079484,0.092778,0.027411,0.030309,0.125565,0.033288,0.220000,0.253309,0.080000,0.088200,0.331374,0.096576
2012-05-21,0.079484,0.097205,0.027411,0.033074,0.112808,0.037413,0.220000,0.264188,0.080000,0.095976,0.301682,0.108091
2012-05-22,0.079484,0.092984,0.027411,0.035093,0.105005,0.040506,0.220000,0.253817,0.080000,0.101629,0.283094,0.116663
2012-05-23,0.079484,0.098495,0.027411,0.033282,0.111949,0.037729,0.220000,0.267336,0.080000,0.096560,0.299653,0.108970
2012-05-24,0.079484,0.096622,0.027411,0.034832,0.105952,0.040103,0.220000,0.262760,0.080000,0.100900,0.285368,0.115548
2012-05-25,0.079484,0.095576,0.027411,0.033494,0.111092,0.038050,0.220000,0.260198,0.080000,0.097153,0.297622,0.109863
2012-05-29,0.079484,0.092384,0.027411,0.033102,0.112691,0.037455,0.220000,0.252335,0.080000,0.096054,0.301407,0.108209
2012-05-30,0.079484,0.099448,0.027411,0.029580,0.129422,0.032221,0.220000,0.269659,0.080000,0.086141,0.340184,0.093582
2012-05-31,0.079484,0.112789,0.027411,0.028038,0.138409,0.029996,0.220000,0.301639,0.080000,0.081779,0.360408,0.087316
2012-06-01,0.079484,0.127152,0.027411,0.024439,0.165166,0.024969,0.220000,0.335009,0.080000,0.071539,0.418164,0.073052
2012-06-04,0.079484,0.127143,0.027411,0.026806,0.146540,0.028248,0.220000,0.334988,0.080000,0.078281,0.378344,0.082373
2012-06-05,0.079484,0.129721,0.027411,0.028526,0.135436,0.030695,0.220000,0.340864,0.080000,0.083160,0.353764,0.089288
2012-06-06,0.079484,0.116629,0.027411,0.032166,0.116703,0.036044,0.220000,0.310666,0.080000,0.093427,0.310840,0.104281
2012-06-07,0.079484,0.107498,0.027411,0.031762,0.118521,0.035440,0.220000,0.289069,0.080000,0.092293,0.315087,0.102597
2012-06-08,0.079484,0.105889,0.027411,0.030917,0.122519,0.034184,0.220000,0.285218,0.080000,0.089914,0.324363,0.099086
2012-06-11,0.079484,0.102264,0.027411,0.029237,0.131318,0.031723,0.220000,0.276489,0.080000,0.085173,0.344486,0.092181
2012-06-12,0.079484,0.103042,0.027411,0.031149,0.121398,0.034527,0.220000,0.278366,0.080000,0.090566,0.321770,0.100045
2012-06-13,0.079484,0.103040,0.027411,0.028538,0.135363,0.030713,0.220000,0.278363,0.080000,0.083194,0.353601,0.089338
2012-06-14,0.079484,0.099040,0.027411,0.029887,0.127773,0.032668,0.220000,0.268665,0.080000,0.087007,0.336427,0.094838
2012-06-15,0.079484,0.097076,0.027411,0.028507,0.135548,0.030668,0.220000,0.263872,0.080000,0.083107,0.354014,0.089212
2012-06-18,0.079484,0.095451,0.027411,0.028031,0.138454,0.029986,0.220000,0.259889,0.080000,0.081758,0.360508,0.087288
2012-06-19,0.084010,0.086037,0.027411,0.030023,0.127050,0.032868,0.231449,0.236540,0.080000,0.087393,0.334776,0.095399
2012-06-20,0.088836,0.080967,0.027411,0.029499,0.129865,0.032103,0.243534,0.223764,0.080000,0.085913,0.341190,0.093251
2012-06-21,0.091896,0.078066,0.027411,0.028531,0.135407,0.030702,0.251130,0.216391,0.080000,0.083174,0.353698,0.089308
2012-06-22,0.093419,0.076703,0.027411,0.031897,0.117908,0.035641,0.254890,0.212911,0.080000,0.092672,0.313656,0.103159
2012-06-25,0.090124,0.079719,0.027411,0.028878,0.133368,0.031202,0.246737,0.220598,0.080000,0.084156,0.349115,0.090717
2012-06-27,0.093785,0.076383,0.027411,0.029865,0.127888,0.032636,0.255793,0.212091,0.080000,0.086946,0.336690,0.094749
2012-06-28,0.093174,0.076919,0.027411,0.027448,0.142186,0.029156,0.254286,0.213462,0.080000,0.080106,0.368781,0.084943
2012-06-29,0.104340,0.068235,0.027411,0.029856,0.127938,0.032623,0.281495,0.191056,0.080000,0.086919,0.336804,0.094710
2012-07-02,0.104222,0.068316,0.027411,0.028066,0.138240,0.030035,0.281212,0.191266,0.080000,0.081856,0.360030,0.087427
2012-07-03,0.108605,0.065446,0.027411,0.030130,0.126494,0.033024,0.291710,0.183769,0.080000,0.087693,0.333503,0.095836
2012-07-05,0.110852,0.064073,0.027411,0.029169,0.131702,0.031624,0.297053,0.180166,0.080000,0.084980,0.345355,0.091903
2012-07-06,0.109808,0.064703,0.027411,0.026904,0.145854,0.028387,0.294574,0.181821,0.080000,0.078561,0.376845,0.082766
2012-07-09,0.110578,0.064237,0.027411,0.024739,0.162544,0.025379,0.296404,0.180596,0.080000,0.072397,0.412664,0.074222
2012-07-10,0.114678,0.061873,0.027411,0.024575,0.163966,0.025155,0.306088,0.174372,0.080000,0.071928,0.415652,0.073582
2012-07-11,0.118533,0.059817,0.027411,0.024887,0.161283,0.025582,0.315113,0.168931,0.080000,0.072819,0.410008,0.074800
2012-07-12,0.117473,0.060368,0.027411,0.023710,0.171897,0.023980,0.312639,0.170390,0.080000,0.069455,0.432125,0.070229
2012-07-13,0.121507,0.058330,0.027411,0.024623,0.163544,0.025221,0.322023,0.164981,0.080000,0.072066,0.414766,0.073771
2012-07-16,0.126819,0.055866,0.027411,0.024366,0.165817,0.024869,0.334247,0.158410,0.080000,0.071330,0.419524,0.072768
2012-07-17,0.133041,0.053257,0.027411,0.025379,0.157224,0.026260,0.348379,0.151413,0.080000,0.074222,0.401400,0.076729
2012-07-18,0.139560,0.050799,0.027411,0.026494,0.148753,0.027810,0.362967,0.144786,0.080000,0.077393,0.383168,0.081130
2012-07-19,0.151958,0.046764,0.027411,0.027670,0.140746,0.029470,0.390110,0.133832,0.080000,0.080733,0.365598,0.085831
2012-07-20,0.148496,0.047815,0.027411,0.024977,0.160527,0.025705,0.382610,0.136697,0.080000,0.073075,0.408412,0.075150
2012-07-23,0.138622,0.051137,0.027411,0.023969,0.169443,0.024330,0.360881,0.145700,0.080000,0.070196,0.427062,0.071230
2012-07-24,0.137469,0.051559,0.027411,0.022672,0.182486,0.022591,0.358311,0.146840,0.080000,0.066485,0.453632,0.066253
2012-07-25,0.137351,0.051603,0.027411,0.022478,0.184612,0.022334,0.358049,0.146957,0.080000,0.065929,0.457882,0.065516
2012-07-26,0.142222,0.049867,0.027411,0.023261,0.176323,0.023377,0.368862,0.142264,0.080000,0.068171,0.441181,0.068503
2012-07-27,0.161635,0.044086,0.027411,0.029598,0.129323,0.032247,0.410751,0.126513,0.080000,0.086193,0.339959,0.093656
2012-07-31,0.167152,0.042712,0.027411,0.026920,0.145747,0.028409,0.422307,0.122741,0.080000,0.078605,0.376610,0.082828
2012-08-01,0.173574,0.041233,0.027411,0.029543,0.129624,0.032167,0.435569,0.118670,0.080000,0.086037,0.340643,0.093431
2012-08-03,0.181731,0.039521,0.027411,0.032698,0.114388,0.036845,0.452116,0.113939,0.080000,0.094922,0.305406,0.106512
2012-08-06,0.186814,0.038537,0.027411,0.032202,0.116542,0.036098,0.462263,0.111214,0.080000,0.093529,0.310463,0.104433
2012-08-07,0.196340,0.036844,0.027411,0.035296,0.104283,0.040819,0.480940,0.106511,0.080000,0.102193,0.281358,0.117527
2012-08-08,0.199472,0.036327,0.027411,0.035467,0.103677,0.041086,0.486985,0.105069,0.080000,0.102672,0.279899,0.118263
2012-08-09,0.195851,0.036927,0.027411,0.036373,0.100595,0.042499,0.479992,0.106740,0.080000,0.105197,0.272444,0.122156
2012-08-10,0.190732,0.037818,0.027411,0.034974,0.105437,0.040321,0.469999,0.109218,0.080000,0.101294,0.284133,0.116151
2012-08-13,0.188153,0.038288,0.027411,0.035129,0.104876,0.040562,0.464916,0.110522,0.080000,0.101729,0.282785,0.116816
2012-08-14,0.195724,0.036948,0.027411,0.041981,0.084939,0.051537,0.479745,0.106800,0.080000,0.120730,0.233787,0.146780
2012-08-15,0.197682,0.036620,0.027411,0.049201,0.070754,0.063859,0.483536,0.105887,0.080000,0.140460,0.197597,0.179603
2012-08-16,0.195098,0.037055,0.027411,0.050472,0.068733,0.066106,0.478531,0.107096,0.080000,0.143903,0.192351,0.185497
2012-08-17,0.196293,0.036852,0.027411,0.048388,0.072110,0.062433,0.480849,0.106532,0.080000,0.138252,0.201106,0.175849
2012-08-20,0.200202,0.036209,0.027411,0.049621,0.070073,0.064599,0.488387,0.104740,0.080000,0.141598,0.195832,0.181547
2012-08-21,0.201219,0.036046,0.027411,0.045371,0.077632,0.057228,0.490338,0.104286,0.080000,0.130031,0.215283,0.162046
2012-08-22,0.194860,0.037095,0.027411,0.041593,0.085865,0.050896,0.478069,0.107209,0.080000,0.119661,0.236109,0.145049
2012-08-23,0.192311,0.037538,0.027411,0.039039,0.092494,0.046735,0.473095,0.108439,0.080000,0.112604,0.252608,0.133756
2012-08-24,0.192459,0.037512,0.027411,0.037493,0.097025,0.044266,0.473383,0.108367,0.080000,0.108315,0.263746,0.127007
2012-08-27,0.190835,0.037800,0.027411,0.035242,0.104474,0.040736,0.470201,0.109167,0.080000,0.102043,0.281818,0.117297
2012-08-28,0.188378,0.038246,0.027411,0.035417,0.103853,0.041008,0.465360,0.110407,0.080000,0.102533,0.280322,0.118049
2012-08-29,0.190260,0.037903,0.027411,0.037195,0.097949,0.043794,0.469071,0.109454,0.080000,0.107486,0.266005,0.125713
2012-08-30,0.184455,0.038986,0.027411,0.034981,0.105409,0.040333,0.457571,0.112458,0.080000,0.101316,0.284066,0.116184
2012-08-31,0.171141,0.041779,0.027411,0.034396,0.107576,0.039430,0.430568,0.120174,0.080000,0.099679,0.289255,0.113687
2012-09-04,0.174098,0.041118,0.027411,0.035404,0.103898,0.040988,0.436640,0.118352,0.080000,0.102497,0.280430,0.117994
2012-09-05,0.175184,0.040882,0.027411,0.034816,0.106014,0.040077,0.438860,0.117699,0.080000,0.100852,0.285517,0.115476
2012-09-06,0.187652,0.038381,0.027411,0.039887,0.090182,0.048106,0.463923,0.110780,0.080000,0.114952,0.246881,0.137488
2012-09-07,0.196650,0.036792,0.027411,0.040843,0.087711,0.049664,0.481541,0.106366,0.080000,0.117593,0.240728,0.141716
2012-09-10,0.203391,0.035704,0.027411,0.041856,0.085237,0.051329,0.494483,0.103332,0.080000,0.120385,0.234533,0.146219
2012-09-11,0.208399,0.034945,0.027411,0.043855,0.080738,0.054662,0.503957,0.101215,0.080000,0.125880,0.223185,0.155185
2012-09-12,0.225928,0.032582,0.027411,0.051339,0.067420,0.067652,0.536186,0.094596,0.080000,0.146246,0.188930,0.189535
2012-09-13,0.228054,0.032323,0.027411,0.050318,0.068971,0.065833,0.539997,0.093868,0.080000,0.143487,0.192971,0.184782
2012-09-14,0.272260,0.027944,0.027411,0.063049,0.053615,0.089558,0.614584,0.081512,0.080000,0.177472,0.152376,0.245330
2012-09-17,0.274631,0.027754,0.027411,0.061680,0.054927,0.086898,0.618339,0.080972,0.080000,0.173860,0.155897,0.238695
2012-09-18,0.271114,0.028038,0.027411,0.057640,0.059208,0.079202,0.612761,0.081777,0.080000,0.163145,0.167315,0.219284
2012-09-19,0.273244,0.027865,0.027411,0.051550,0.067108,0.068029,0.616146,0.081287,0.080000,0.146815,0.188117,0.190518
2012-09-20,0.262863,0.028737,0.027411,0.052786,0.065338,0.070255,0.599461,0.083758,0.080000,0.150146,0.183485,0.196303
2012-09-21,0.259858,0.029004,0.027411,0.049468,0.070319,0.064330,0.594543,0.084514,0.080000,0.141185,0.196470,0.180840
2012-09-24,0.247263,0.030205,0.027411,0.046407,0.075643,0.059000,0.573489,0.087904,0.080000,0.132859,0.210197,0.166762
2012-09-25,0.234745,0.031541,0.027411,0.042530,0.083665,0.052446,0.551855,0.091670,0.080000,0.122239,0.230582,0.149231
2012-09-26,0.199950,0.036249,0.027411,0.038242,0.094775,0.045458,0.487903,0.104853,0.080000,0.110395,0.258229,0.130270
2012-09-27,0.205868,0.035323,0.027411,0.041000,0.087318,0.049921,0.499185,0.102271,0.080000,0.118026,0.239747,0.142411
2012-09-28,0.211001,0.034567,0.027411,0.042065,0.084743,0.051675,0.508833,0.100157,0.080000,0.120960,0.233294,0.147152
2012-10-02,0.208492,0.034932,0.027411,0.041504,0.086081,0.050749,0.504132,0.101177,0.080000,0.119415,0.236650,0.144651
2012-10-03,0.211077,0.034556,0.027411,0.041648,0.085733,0.050987,0.508976,0.100127,0.080000,0.119812,0.235778,0.145293
2012-10-04,0.224870,0.032713,0.027411,0.047839,0.073054,0.061477,0.534282,0.094964,0.080000,0.136762,0.203542,0.173326
2012-10-05,0.237531,0.031230,0.027411,0.049089,0.070937,0.063662,0.556732,0.090795,0.080000,0.140157,0.198072,0.179086
2012-10-09,0.233308,0.031705,0.027411,0.050495,0.068697,0.066147,0.549326,0.092131,0.080000,0.143966,0.192258,0.185605
2012-10-10,0.227018,0.032449,0.027411,0.046185,0.076060,0.058619,0.538143,0.094221,0.080000,0.132254,0.211266,0.165751
2012-10-11,0.232289,0.031822,0.027411,0.043171,0.082223,0.053515,0.547527,0.092461,0.080000,0.124003,0.226942,0.152108
2012-10-12,0.233652,0.031665,0.027411,0.043269,0.082007,0.053679,0.549932,0.092020,0.080000,0.124271,0.226398,0.152547
2012-10-15,0.247600,0.030171,0.027411,0.044441,0.079509,0.055649,0.574061,0.087809,0.080000,0.127485,0.220065,0.157829
2012-10-16,0.269724,0.028152,0.027411,0.050190,0.069171,0.065606,0.610542,0.082101,0.080000,0.143140,0.193490,0.184187
2012-10-17,0.303138,0.025728,0.027411,0.056729,0.060269,0.077497,0.661592,0.075215,0.080000,0.160714,0.170129,0.214940
2012-10-18,0.311326,0.025224,0.027411,0.062675,0.053967,0.088829,0.673381,0.073779,0.080000,0.176487,0.153321,0.243516
2012-10-19,0.288158,0.026735,0.027411,0.051765,0.066793,0.068415,0.639296,0.078081,0.080000,0.147396,0.187293,0.191524
2012-10-22,0.288039,0.026744,0.027411,0.054471,0.063071,0.073323,0.639114,0.078105,0.080000,0.154672,0.177529,0.204233
2012-10-23,0.255608,0.029395,0.027411,0.053314,0.064610,0.071212,0.587518,0.085617,0.080000,0.151567,0.181575,0.198784
2012-10-24,0.254899,0.029461,0.027411,0.054756,0.062702,0.073847,0.586339,0.085805,0.080000,0.155438,0.176557,0.205583
2012-10-25,0.263413,0.028689,0.027411,0.060550,0.056060,0.084723,0.600357,0.083622,0.080000,0.170873,0.158928,0.233243
2012-10-26,0.245082,0.030426,0.027411,0.051015,0.067905,0.067072,0.569771,0.088530,0.080000,0.145370,0.190195,0.188023
2012-10-31,0.207195,0.035124,0.027411,0.044343,0.079711,0.055485,0.501690,0.101714,0.080000,0.127219,0.220577,0.157390
2012-11-01,0.214368,0.034092,0.027411,0.047847,0.073042,0.061490,0.515095,0.098830,0.080000,0.136782,0.203509,0.173360
2012-11-02,0.215833,0.033891,0.027411,0.050363,0.068902,0.065911,0.517802,0.098266,0.080000,0.143607,0.192792,0.184988
2012-11-05,0.207996,0.035005,0.027411,0.046916,0.074702,0.059878,0.503199,0.101381,0.080000,0.134248,0.207781,0.169092
2012-11-06,0.218135,0.033581,0.027411,0.051870,0.066641,0.068603,0.522036,0.097397,0.080000,0.147678,0.186895,0.192013
2012-11-08,0.184811,0.038918,0.027411,0.038012,0.095455,0.045091,0.458279,0.112269,0.080000,0.109757,0.259899,0.129266
2012-11-09,0.170530,0.041919,0.027411,0.037199,0.097937,0.043801,0.429308,0.120559,0.080000,0.107497,0.265975,0.125730
2012-11-13,0.161030,0.044243,0.027411,0.035693,0.102889,0.041438,0.409474,0.126943,0.080000,0.103304,0.277999,0.119233
2012-11-14,0.156965,0.045333,0.027411,0.037621,0.096632,0.044470,0.400848,0.129926,0.080000,0.108671,0.262785,0.127564
2012-11-15,0.144777,0.049008,0.027411,0.037776,0.096163,0.044715,0.374484,0.139936,0.080000,0.109101,0.261635,0.128237
2012-11-16,0.140986,0.050295,0.027411,0.037927,0.095708,0.044956,0.366130,0.143423,0.080000,0.109521,0.260521,0.128896
2012-11-19,0.152629,0.046566,0.027411,0.039960,0.089989,0.048225,0.391556,0.133293,0.080000,0.115153,0.246401,0.137809
2012-11-20,0.157234,0.045258,0.027411,0.043127,0.082321,0.053441,0.401422,0.129723,0.080000,0.123881,0.227190,0.151909
2012-11-21,0.163020,0.043731,0.027411,0.046547,0.075381,0.059242,0.413665,0.125541,0.080000,0.133243,0.209524,0.167405
2012-11-23,0.162592,0.043840,0.027411,0.045653,0.077080,0.057709,0.412767,0.125839,0.080000,0.130802,0.213874,0.163328
2012-11-26,0.166751,0.042808,0.027411,0.043604,0.081277,0.054241,0.421472,0.123006,0.080000,0.125192,0.224549,0.154055
2012-11-27,0.169244,0.042217,0.027411,0.041658,0.085709,0.051003,0.426650,0.121378,0.080000,0.119839,0.235719,0.145337
2012-11-29,0.173803,0.041183,0.027411,0.041954,0.085003,0.051493,0.436037,0.118530,0.080000,0.120657,0.233946,0.146660
2012-11-30,0.167714,0.042578,0.027411,0.042093,0.084676,0.051723,0.423475,0.122372,0.080000,0.121039,0.233124,0.147280
2012-12-03,0.172800,0.041405,0.027411,0.043266,0.082013,0.053675,0.433980,0.119144,0.080000,0.124264,0.226412,0.152535
2012-12-04,0.174736,0.040979,0.027411,0.042332,0.084120,0.052118,0.437945,0.117967,0.080000,0.121696,0.231727,0.148346
2012-12-05,0.182692,0.039330,0.027411,0.040457,0.088693,0.049033,0.454045,0.113411,0.080000,0.116526,0.243178,0.140004
2012-12-06,0.186024,0.038686,0.027411,0.039635,0.090857,0.047698,0.460695,0.111627,0.080000,0.114255,0.248555,0.136377
2012-12-07,0.195798,0.036936,0.027411,0.044936,0.078498,0.056488,0.479890,0.106765,0.080000,0.128841,0.217492,0.160073
2012-12-10,0.196556,0.036808,0.027411,0.045078,0.078214,0.056729,0.481360,0.106409,0.080000,0.129228,0.216769,0.160714
2012-12-12,0.215825,0.033892,0.027411,0.055209,0.062126,0.074680,0.517786,0.098269,0.080000,0.156651,0.175039,0.207724
2012-12-13,0.218280,0.033561,0.027411,0.055298,0.062014,0.074843,0.522301,0.097343,0.080000,0.156889,0.174744,0.208145
2012-12-14,0.218796,0.033493,0.027411,0.056787,0.060200,0.077606,0.523246,0.097151,0.080000,0.160870,0.169945,0.215218
2012-12-17,0.215785,0.033898,0.027411,0.064387,0.052393,0.092182,0.517713,0.098285,0.080000,0.180991,0.149088,0.251836
2012-12-18,0.238305,0.031145,0.027411,0.069588,0.048137,0.102619,0.558080,0.090555,0.080000,0.194573,0.137570,0.277345
2012-12-19,0.239700,0.030993,0.027411,0.066291,0.050748,0.095959,0.560503,0.090128,0.080000,0.185981,0.144650,0.261137
2012-12-20,0.241128,0.030840,0.027411,0.064779,0.052046,0.092955,0.562976,0.089697,0.080000,0.182020,0.148152,0.253747
2012-12-24,0.228593,0.032258,0.027411,0.065065,0.051795,0.093522,0.540959,0.093686,0.080000,0.182771,0.147475,0.255145
2012-12-26,0.223787,0.032849,0.027411,0.061980,0.054635,0.087478,0.532326,0.095345,0.080000,0.174652,0.155112,0.240146
2012-12-27,0.215629,0.033919,0.027411,0.057526,0.059339,0.078987,0.517425,0.098344,0.080000,0.162840,0.167664,0.218737
2012-12-28,0.213878,0.034160,0.027411,0.054800,0.062646,0.073926,0.514185,0.099020,0.080000,0.155554,0.176411,0.205788
2012-12-31,0.203586,0.035673,0.027411,0.065662,0.051280,0.094707,0.494855,0.103248,0.080000,0.184336,0.146085,0.258061
2013-01-02,0.246199,0.030312,0.027411,0.076711,0.043336,0.117530,0.571678,0.088208,0.080000,0.212931,0.124456,0.312773
2013-01-03,0.272993,0.027885,0.027411,0.089892,0.036638,0.147066,0.615748,0.081344,0.080000,0.246161,0.105935,0.379493
2013-01-04,0.283170,0.027098,0.027411,0.092353,0.035618,0.152871,0.631660,0.079111,0.080000,0.252259,0.103093,0.392078
2013-01-07,0.288606,0.026703,0.027411,0.090090,0.036554,0.147527,0.639977,0.077990,0.080000,0.246651,0.105701,0.380500
2013-01-08,0.284431,0.027005,0.027411,0.087965,0.037480,0.142585,0.633601,0.078847,0.080000,0.241363,0.108277,0.369661
2013-01-09,0.282897,0.027118,0.027411,0.088293,0.037333,0.143343,0.631239,0.079169,0.080000,0.242181,0.107871,0.371334
2013-01-10,0.295035,0.026258,0.027411,0.091064,0.036144,0.149819,0.649650,0.076724,0.080000,0.249070,0.104561,0.385484
2013-01-11,0.292630,0.026422,0.027411,0.086530,0.038134,0.139284,0.646052,0.077190,0.080000,0.237776,0.110094,0.362354
2013-01-14,0.292526,0.026429,0.027411,0.086698,0.038056,0.139668,0.645895,0.077211,0.080000,0.238196,0.109878,0.363208
2013-01-15,0.267919,0.028303,0.027411,0.080083,0.041391,0.124840,0.607647,0.082528,0.080000,0.221522,0.119105,0.329710
2013-01-16,0.266294,0.028440,0.027411,0.075959,0.043796,0.115921,0.605028,0.082917,0.080000,0.211006,0.125719,0.309008
2013-01-17,0.277522,0.027527,0.027411,0.082356,0.040178,0.129863,0.622885,0.080328,0.080000,0.227280,0.115757,0.341187
2013-01-18,0.270997,0.028047,0.027411,0.082393,0.040160,0.129944,0.612574,0.081804,0.080000,0.227372,0.115705,0.341370
2013-01-22,0.264667,0.028580,0.027411,0.080452,0.041189,0.125650,0.602395,0.083313,0.080000,0.222458,0.118548,0.331570
2013-01-23,0.266627,0.028412,0.027411,0.080561,0.041130,0.125890,0.605566,0.082837,0.080000,0.222735,0.118385,0.332120
2013-01-24,0.268384,0.028264,0.027411,0.092517,0.035552,0.153263,0.608394,0.082417,0.080000,0.252666,0.102909,0.392920
2013-01-25,0.291380,0.026509,0.027411,0.106397,0.030778,0.187921,0.644171,0.077436,0.080000,0.286435,0.089520,0.464457
2013-01-28,0.292352,0.026441,0.027411,0.109609,0.029860,0.196424,0.645634,0.077245,0.080000,0.294101,0.086931,0.481103
2013-01-29,0.274096,0.027796,0.027411,0.115862,0.028231,0.213553,0.617495,0.081093,0.080000,0.308870,0.082325,0.513583
2013-01-30,0.254228,0.029524,0.027411,0.125983,0.025966,0.243029,0.585219,0.085984,0.080000,0.332334,0.075893,0.566252
2013-01-31,0.222503,0.033011,0.027411,0.122035,0.026801,0.231257,0.530003,0.095801,0.080000,0.323246,0.078267,0.545699
2013-02-01,0.224561,0.032752,0.027411,0.128720,0.025420,0.251410,0.533725,0.095072,0.080000,0.338586,0.074337,0.580501
2013-02-04,0.206206,0.035272,0.027411,0.121415,0.026938,0.229440,0.499824,0.102128,0.080000,0.321810,0.078655,0.542470
2013-02-05,0.206953,0.035160,0.027411,0.128309,0.025500,0.250139,0.501234,0.101815,0.080000,0.337649,0.074566,0.578360
2013-02-06,0.198322,0.036515,0.027411,0.114253,0.028632,0.209070,0.484772,0.105592,0.080000,0.305089,0.083460,0.505217
2013-02-07,0.191558,0.037671,0.027411,0.117504,0.027835,0.218180,0.471620,0.108809,0.080000,0.312712,0.081202,0.522118
2013-02-08,0.189962,0.037957,0.027411,0.117437,0.027851,0.217991,0.468484,0.109604,0.080000,0.312556,0.081247,0.521772
2013-02-11,0.193323,0.037361,0.027411,0.110936,0.029497,0.199996,0.475073,0.107946,0.080000,0.297253,0.085907,0.487992
2013-02-12,0.194151,0.037217,0.027411,0.113903,0.028721,0.208102,0.476688,0.107547,0.080000,0.304265,0.083711,0.503399
2013-02-13,0.203914,0.035623,0.027411,0.123457,0.026494,0.235455,0.495478,0.103106,0.080000,0.326528,0.077393,0.553101
2013-02-14,0.201986,0.035924,0.027411,0.113276,0.028881,0.206374,0.491804,0.103947,0.080000,0.302787,0.084165,0.500141
2013-02-15,0.201383,0.036020,0.027411,0.110076,0.029731,0.197677,0.490651,0.104213,0.080000,0.295211,0.086568,0.483527
2013-02-20,0.200798,0.036113,0.027411,0.119690,0.027325,0.224434,0.489530,0.104473,0.080000,0.317808,0.079757,0.533495
2013-02-21,0.190551,0.037851,0.027411,0.113027,0.028945,0.205690,0.469643,0.109309,0.080000,0.302199,0.084347,0.498848
2013-02-22,0.191273,0.037722,0.027411,0.104036,0.031492,0.181791,0.471061,0.108950,0.080000,0.280765,0.091531,0.452238
2013-02-25,0.189661,0.038012,0.027411,0.086220,0.038278,0.138575,0.467892,0.109755,0.080000,0.236999,0.110495,0.360777
2013-02-26,0.177995,0.040284,0.027411,0.086336,0.038224,0.138840,0.444578,0.116049,0.080000,0.237290,0.110345,0.361367
2013-02-27,0.180946,0.039679,0.027411,0.088797,0.037111,0.144512,0.450537,0.114375,0.080000,0.243437,0.107253,0.373904
2013-02-28,0.179598,0.039952,0.027411,0.089056,0.036998,0.145115,0.447821,0.115132,0.080000,0.244082,0.106938,0.375225
2013-03-01,0.176252,0.040652,0.027411,0.082570,0.040068,0.130339,0.441037,0.117065,0.080000,0.227819,0.115453,0.342266
2013-03-04,0.177111,0.040470,0.027411,0.090168,0.036520,0.147711,0.442784,0.116562,0.080000,0.246846,0.105609,0.380900
2013-03-05,0.184463,0.038985,0.027411,0.093381,0.035209,0.155327,0.457585,0.112455,0.080000,0.254798,0.101953,0.397348
2013-03-06,0.189813,0.037984,0.027411,0.108702,0.030113,0.194002,0.468190,0.109679,0.080000,0.291941,0.087646,0.476398
2013-03-07,0.198726,0.036448,0.027411,0.127059,0.025748,0.246303,0.485550,0.105408,0.080000,0.334797,0.075272,0.571855
2013-03-08,0.205455,0.035386,0.027411,0.144353,0.022728,0.303268,0.498403,0.102446,0.080000,0.373554,0.066647,0.661781
2013-03-11,0.204653,0.035509,0.027411,0.149894,0.021920,0.323569,0.496883,0.102788,0.080000,0.385644,0.064329,0.690493
2013-03-12,0.201484,0.036004,0.027411,0.133282,0.024563,0.265811,0.490843,0.104168,0.080000,0.348922,0.071894,0.604248
2013-03-13,0.200756,0.036120,0.027411,0.138347,0.023684,0.282475,0.489450,0.104492,0.080000,0.360269,0.069383,0.630588
2013-03-14,0.206112,0.035286,0.027411,0.139038,0.023570,0.284807,0.499646,0.102168,0.080000,0.361806,0.069056,0.634178
2013-03-15,0.200364,0.036182,0.027411,0.135499,0.024170,0.273014,0.488699,0.104667,0.080000,0.353906,0.070771,0.615782
2013-03-18,0.190552,0.037851,0.027411,0.113292,0.028877,0.206419,0.469644,0.109308,0.080000,0.302826,0.084153,0.500226
2013-03-20,0.186133,0.038666,0.027411,0.113912,0.028718,0.208127,0.460911,0.111570,0.080000,0.304286,0.083704,0.503447
2013-03-21,0.184617,0.038955,0.027411,0.107931,0.030332,0.191959,0.457893,0.112372,0.080000,0.290104,0.088263,0.472405
2013-03-22,0.178985,0.040078,0.027411,0.105697,0.030986,0.186093,0.446583,0.115480,0.080000,0.284757,0.090106,0.460832
2013-03-25,0.182740,0.039321,0.027411,0.113479,0.028829,0.206934,0.454141,0.113385,0.080000,0.303266,0.084017,0.501198
2013-03-26,0.174143,0.041108,0.027411,0.107149,0.030557,0.189894,0.436733,0.118324,0.080000,0.288235,0.088899,0.468351
2013-03-27,0.168579,0.042373,0.027411,0.091844,0.035824,0.151664,0.425271,0.121808,0.080000,0.251002,0.103667,0.389475
2013-03-28,0.168322,0.042433,0.027411,0.092107,0.035717,0.152287,0.424738,0.121975,0.080000,0.251651,0.103370,0.390818
2013-04-01,0.158289,0.044971,0.027411,0.095722,0.034315,0.160978,0.403668,0.128936,0.080000,0.260555,0.099453,0.409364
2013-04-02,0.159817,0.044562,0.027411,0.096150,0.034157,0.162020,0.406909,0.127816,0.080000,0.261604,0.099010,0.411562
2013-04-03,0.154565,0.046006,0.027411,0.084984,0.038866,0.135763,0.395717,0.131765,0.080000,0.233898,0.112124,0.354496
2013-04-04,0.153883,0.046201,0.027411,0.077549,0.042835,0.119331,0.394254,0.132298,0.080000,0.215072,0.123080,0.316974
2013-04-05,0.148374,0.047853,0.027411,0.060608,0.056000,0.084835,0.382345,0.136800,0.080000,0.171028,0.158769,0.233524
2013-04-08,0.153198,0.046400,0.027411,0.068894,0.048663,0.101204,0.392781,0.132840,0.080000,0.192770,0.139001,0.273923
2013-04-09,0.156529,0.045453,0.027411,0.073599,0.045307,0.110928,0.399919,0.130255,0.080000,0.204946,0.129856,0.297233
2013-04-10,0.164948,0.043249,0.027411,0.089453,0.036826,0.146039,0.417708,0.124216,0.080000,0.245070,0.106459,0.377250
2013-04-11,0.168177,0.042468,0.027411,0.084024,0.039335,0.133596,0.424437,0.122069,0.080000,0.231485,0.113423,0.349629
2013-04-12,0.165313,0.043159,0.027411,0.071767,0.046556,0.107104,0.418471,0.123969,0.080000,0.200219,0.133267,0.288126
2013-04-15,0.160893,0.044279,0.027411,0.065422,0.051486,0.094228,0.409185,0.127041,0.080000,0.183705,0.146642,0.256885
2013-04-16,0.160718,0.044324,0.027411,0.067766,0.049545,0.098919,0.408815,0.127166,0.080000,0.189831,0.141394,0.268370
2013-04-17,0.156266,0.045526,0.027411,0.063710,0.053004,0.090851,0.399357,0.130455,0.080000,0.179212,0.150733,0.248542
2013-04-18,0.155350,0.045783,0.027411,0.061845,0.054765,0.087218,0.397398,0.131157,0.080000,0.174297,0.155463,0.239495
2013-04-19,0.156018,0.045596,0.027411,0.064070,0.052677,0.091559,0.398826,0.130645,0.080000,0.180159,0.149853,0.250295
2013-04-22,0.159331,0.044691,0.027411,0.062188,0.054433,0.087882,0.405878,0.128170,0.080000,0.175203,0.154571,0.241156
2013-04-23,0.163512,0.043607,0.027411,0.068785,0.048747,0.100984,0.414698,0.125199,0.080000,0.192487,0.139228,0.273387
2013-04-24,0.166607,0.042843,0.027411,0.066689,0.050418,0.096755,0.421173,0.123101,0.080000,0.187021,0.143756,0.263087
2013-04-25,0.169701,0.042110,0.027411,0.069075,0.048525,0.101572,0.427594,0.121086,0.080000,0.193239,0.138626,0.274813
2013-04-26,0.169344,0.042193,0.027411,0.062666,0.053976,0.088810,0.426855,0.121315,0.080000,0.176462,0.153345,0.243470
2013-04-30,0.171097,0.041789,0.027411,0.062868,0.053785,0.089205,0.430477,0.120202,0.080000,0.176996,0.152831,0.244453
2013-05-01,0.174117,0.041114,0.027411,0.058938,0.057761,0.081649,0.436680,0.118340,0.080000,0.166597,0.163467,0.225492
2013-05-02,0.177130,0.040466,0.027411,0.058962,0.057735,0.081696,0.442823,0.116550,0.080000,0.166662,0.163397,0.225610
2013-05-03,0.191217,0.037732,0.027411,0.082200,0.040259,0.129516,0.470950,0.108978,0.080000,0.226886,0.115981,0.340398
2013-05-06,0.194756,0.037113,0.027411,0.087800,0.037554,0.142202,0.477866,0.107258,0.080000,0.240950,0.108484,0.368817
2013-05-07,0.201494,0.036002,0.027411,0.093703,0.035084,0.156097,0.490864,0.104164,0.080000,0.255590,0.101602,0.398996
2013-05-08,0.199702,0.036289,0.027411,0.090295,0.036467,0.148009,0.487427,0.104965,0.080000,0.247161,0.105459,0.381550
2013-05-09,0.199058,0.036394,0.027411,0.090088,0.036554,0.147525,0.486190,0.105257,0.080000,0.246649,0.105702,0.380495
2013-05-10,0.197372,0.036672,0.027411,0.106633,0.030708,0.188539,0.482937,0.106030,0.080000,0.287000,0.089324,0.465678
2013-05-13,0.184565,0.038965,0.027411,0.121958,0.026818,0.231031,0.457789,0.112400,0.080000,0.323068,0.078315,0.545299
2013-05-14,0.185719,0.038744,0.027411,0.130066,0.025160,0.255601,0.460088,0.111787,0.080000,0.341646,0.073598,0.587506
2013-05-15,0.183617,0.039149,0.027411,0.120561,0.027128,0.226952,0.455896,0.112909,0.080000,0.319829,0.079197,0.538023
2013-05-16,0.174940,0.040934,0.027411,0.104787,0.031261,0.183730,0.438362,0.117845,0.080000,0.282572,0.090881,0.456123
2013-05-17,0.180541,0.039760,0.027411,0.123837,0.026413,0.236583,0.449723,0.114601,0.080000,0.327403,0.077164,0.555076
2013-05-20,0.184633,0.038952,0.027411,0.131889,0.024818,0.261355,0.457925,0.112363,0.080000,0.345778,0.072621,0.596998
2013-05-21,0.180553,0.039758,0.027411,0.118163,0.027679,0.220055,0.449746,0.114595,0.080000,0.314251,0.080760,0.525549
2013-05-22,0.189978,0.037954,0.027411,0.161281,0.020448,0.369411,0.468516,0.109595,0.080000,0.410004,0.060097,0.749251
2013-05-23,0.173461,0.041259,0.027411,0.154139,0.021343,0.339955,0.435335,0.118739,0.080000,0.394804,0.062673,0.712445
2013-05-24,0.170659,0.041889,0.027411,0.147396,0.022276,0.314274,0.429573,0.120478,0.080000,0.380213,0.065351,0.677558
2013-05-28,0.181166,0.039634,0.027411,0.216781,0.015641,0.415196,0.450980,0.114252,0.080000,0.519549,0.046194,0.800000
2013-05-29,0.158637,0.044877,0.027411,0.190137,0.017567,0.415196,0.404407,0.128679,0.080000,0.468828,0.051779,0.800000
2013-05-30,0.156818,0.045373,0.027411,0.180666,0.018402,0.415196,0.400535,0.130037,0.080000,0.449975,0.054195,0.800000
2013-05-31,0.144055,0.049247,0.027411,0.205481,0.016391,0.415196,0.372899,0.140585,0.080000,0.498452,0.048372,0.800000
2013-06-03,0.132076,0.053644,0.027411,0.181504,0.018324,0.415196,0.346200,0.152453,0.080000,0.451660,0.053971,0.800000
2013-06-04,0.127943,0.055374,0.027411,0.172871,0.019164,0.415196,0.336816,0.157092,0.080000,0.434125,0.056398,0.800000
2013-06-05,0.106963,0.066490,0.027411,0.159538,0.020658,0.361981,0.287789,0.186502,0.080000,0.406318,0.060703,0.740282
2013-06-06,0.101068,0.070555,0.027411,0.147719,0.022229,0.315461,0.273593,0.197083,0.080000,0.380917,0.065217,0.679230
2013-06-07,0.112380,0.063174,0.027411,0.185668,0.017949,0.415196,0.300672,0.177802,0.080000,0.459986,0.052886,0.800000
2013-06-10,0.113679,0.062432,0.027411,0.218080,0.015561,0.415196,0.303737,0.175846,0.080000,0.521934,0.045960,0.800000
2013-06-11,0.095464,0.074950,0.027411,0.186078,0.017913,0.415196,0.259922,0.208419,0.080000,0.460801,0.052783,0.800000
2013-06-12,0.097983,0.072904,0.027411,0.217772,0.015580,0.415196,0.266088,0.203155,0.080000,0.521370,0.046015,0.800000
2013-06-13,0.091754,0.078196,0.027411,0.186185,0.017904,0.415196,0.250779,0.216722,0.080000,0.461015,0.052755,0.800000
2013-06-14,0.097573,0.073229,0.027411,0.171674,0.019288,0.415196,0.265087,0.203992,0.080000,0.431666,0.056755,0.800000
2013-06-17,0.100764,0.070780,0.027411,0.214381,0.015793,0.415196,0.272856,0.197665,0.080000,0.515118,0.046636,0.800000
2013-06-18,0.099268,0.071906,0.027411,0.217843,0.015575,0.415196,0.269220,0.200578,0.080000,0.521500,0.046002,0.800000
2013-06-19,0.106473,0.066809,0.027411,0.294074,0.012190,0.415196,0.286616,0.187335,0.080000,0.648215,0.036126,0.800000
2013-06-20,0.080718,0.089897,0.027411,0.330567,0.010563,0.415196,0.223133,0.246173,0.080000,0.700000,0.031355,0.800000
2013-06-21,0.080198,0.090539,0.027411,0.330567,0.009271,0.415196,0.221816,0.247768,0.080000,0.700000,0.027556,0.800000
2013-06-24,0.079484,0.118221,0.027411,0.330567,0.009434,0.415196,0.220000,0.314386,0.080000,0.700000,0.028035,0.800000
2013-06-26,0.079484,0.112420,0.027411,0.330567,0.009998,0.415196,0.220000,0.300766,0.080000,0.700000,0.029695,0.800000
2013-06-27,0.079484,0.105196,0.027411,0.329599,0.011204,0.415196,0.220000,0.283553,0.080000,0.698697,0.033238,0.800000
2013-06-28,0.079484,0.099670,0.027411,0.330567,0.010701,0.415196,0.220000,0.270198,0.080000,0.700000,0.031761,0.800000
2013-07-01,0.079484,0.102006,0.027411,0.330567,0.011039,0.415196,0.220000,0.275863,0.080000,0.700000,0.032754,0.800000
2013-07-02,0.079484,0.097545,0.027411,0.301889,0.011950,0.415196,0.220000,0.265017,0.080000,0.659769,0.035424,0.800000
2013-07-03,0.079484,0.100424,0.027411,0.310889,0.011691,0.415196,0.220000,0.272030,0.080000,0.672759,0.034664,0.800000
2013-07-05,0.079778,0.091067,0.027411,0.330567,0.008035,0.415196,0.220747,0.249077,0.080000,0.700000,0.023912,0.800000
2013-07-08,0.079484,0.096028,0.027411,0.330567,0.009500,0.415196,0.220000,0.261305,0.080000,0.700000,0.028231,0.800000
2013-07-09,0.081981,0.088373,0.027411,0.330567,0.009906,0.415196,0.226331,0.242381,0.080000,0.700000,0.029423,0.800000
2013-07-10,0.084483,0.085509,0.027411,0.330567,0.009410,0.415196,0.232641,0.235218,0.080000,0.700000,0.027965,0.800000
2013-07-11,0.089994,0.079843,0.027411,0.330567,0.011171,0.415196,0.246414,0.220913,0.080000,0.700000,0.033139,0.800000
2013-07-12,0.097234,0.073500,0.027411,0.299865,0.012011,0.415196,0.264257,0.204691,0.080000,0.656802,0.035601,0.800000
2013-07-15,0.100702,0.070826,0.027411,0.282206,0.012583,0.415196,0.272704,0.197785,0.080000,0.630172,0.037277,0.800000
2013-07-16,0.108137,0.065740,0.027411,0.259627,0.013445,0.415196,0.290596,0.184538,0.080000,0.594163,0.039795,0.800000
2013-07-17,0.110455,0.064311,0.027411,0.245870,0.014058,0.415196,0.296111,0.180792,0.080000,0.571117,0.041584,0.800000
2013-07-18,0.123835,0.057221,0.027411,0.266025,0.013184,0.415196,0.327399,0.162028,0.080000,0.604593,0.039033,0.800000
2013-07-19,0.127063,0.055759,0.027411,0.222338,0.015303,0.415196,0.334805,0.158122,0.080000,0.529703,0.045211,0.800000
2013-07-22,0.132220,0.053586,0.027411,0.217788,0.015579,0.415196,0.346525,0.152297,0.080000,0.521400,0.046012,0.800000
2013-07-23,0.137730,0.051463,0.027411,0.224332,0.015187,0.415196,0.358895,0.146579,0.080000,0.533312,0.044871,0.800000
2013-07-24,0.132415,0.053507,0.027411,0.260622,0.013404,0.415196,0.346965,0.152086,0.080000,0.595797,0.039674,0.800000
2013-07-25,0.120003,0.059072,0.027411,0.266117,0.013180,0.415196,0.318535,0.166953,0.080000,0.604743,0.039023,0.800000
2013-07-26,0.114664,0.061881,0.027411,0.245769,0.014063,0.415196,0.306056,0.174392,0.080000,0.570945,0.041597,0.800000
2013-07-30,0.117559,0.060322,0.027411,0.250133,0.013860,0.415196,0.312842,0.170270,0.080000,0.578350,0.041006,0.800000
2013-07-31,0.113080,0.062772,0.027411,0.237839,0.014452,0.415196,0.302324,0.176742,0.080000,0.557268,0.042733,0.800000
2013-08-01,0.125595,0.056413,0.027411,0.293586,0.012205,0.415196,0.331443,0.159872,0.080000,0.647485,0.036171,0.800000
2013-08-05,0.112238,0.063257,0.027411,0.250033,0.013864,0.415196,0.300335,0.178019,0.080000,0.578181,0.041019,0.800000
2013-08-06,0.110207,0.064461,0.027411,0.242961,0.014197,0.415196,0.295522,0.181184,0.080000,0.566135,0.041990,0.800000
2013-08-07,0.103030,0.069144,0.027411,0.208357,0.016192,0.415196,0.278339,0.193420,0.080000,0.503877,0.047793,0.800000
2013-08-08,0.103284,0.068966,0.027411,0.200112,0.016780,0.415196,0.278952,0.192957,0.080000,0.488214,0.049500,0.800000
2013-08-09,0.102811,0.069299,0.027411,0.185094,0.018000,0.415196,0.277809,0.193823,0.080000,0.458844,0.053033,0.800000
2013-08-12,0.103792,0.068613,0.027411,0.197238,0.016998,0.415196,0.280175,0.192038,0.080000,0.482678,0.050131,0.800000
2013-08-13,0.111099,0.063926,0.027411,0.227568,0.015002,0.415196,0.297639,0.179779,0.080000,0.539128,0.044334,0.800000
2013-08-14,0.109616,0.064820,0.027411,0.222414,0.015299,0.415196,0.294119,0.182128,0.080000,0.529840,0.045198,0.800000
2013-08-15,0.102026,0.069859,0.027411,0.235863,0.014554,0.415196,0.275912,0.195277,0.080000,0.553816,0.043029,0.800000
2013-08-16,0.107794,0.065957,0.027411,0.265566,0.013202,0.415196,0.289776,0.185107,0.080000,0.603852,0.039087,0.800000
2013-08-19,0.103113,0.069086,0.027411,0.279817,0.012667,0.415196,0.278539,0.193269,0.080000,0.626467,0.037522,0.800000
2013-08-20,0.092982,0.077089,0.027411,0.239971,0.014345,0.415196,0.253812,0.213897,0.080000,0.560973,0.042420,0.800000
2013-08-21,0.094419,0.075835,0.027411,0.248220,0.013948,0.415196,0.257354,0.210688,0.080000,0.575114,0.041263,0.800000
2013-08-22,0.096591,0.074020,0.027411,0.237577,0.014466,0.415196,0.262686,0.206027,0.080000,0.556812,0.042772,0.800000
2013-08-23,0.097876,0.072989,0.027411,0.207506,0.016250,0.415196,0.265826,0.203374,0.080000,0.502276,0.047963,0.800000
2013-08-26,0.097253,0.073485,0.027411,0.189690,0.017604,0.415196,0.264304,0.204651,0.080000,0.467949,0.051887,0.800000
2013-08-27,0.088396,0.081403,0.027411,0.174173,0.019032,0.415196,0.242437,0.224869,0.080000,0.436794,0.056016,0.800000
2013-08-28,0.091151,0.078752,0.027411,0.184186,0.018080,0.415196,0.249284,0.218139,0.080000,0.457034,0.053266,0.800000
2013-08-29,0.091203,0.078704,0.027411,0.175352,0.018914,0.415196,0.249413,0.218017,0.080000,0.439204,0.055674,0.800000
2013-09-03,0.094315,0.075924,0.027411,0.191458,0.017457,0.415196,0.257099,0.210916,0.080000,0.471424,0.051463,0.800000
2013-09-04,0.101571,0.070188,0.027411,0.191490,0.017455,0.415196,0.274810,0.196132,0.080000,0.471486,0.051455,0.800000
2013-09-05,0.100750,0.070791,0.027411,0.194742,0.017192,0.415196,0.272820,0.197693,0.080000,0.477837,0.050696,0.800000
2013-09-06,0.101324,0.070368,0.027411,0.197893,0.016947,0.415196,0.274213,0.196597,0.080000,0.483944,0.049985,0.800000
2013-09-09,0.094487,0.075777,0.027411,0.185022,0.018006,0.415196,0.257522,0.210539,0.080000,0.458701,0.053051,0.800000
2013-09-10,0.098406,0.072572,0.027411,0.185155,0.017994,0.415196,0.267120,0.202299,0.080000,0.458966,0.053017,0.800000
2013-09-11,0.095671,0.074777,0.027411,0.182322,0.018249,0.415196,0.260430,0.207975,0.080000,0.453303,0.053753,0.800000
2013-09-12,0.096649,0.073973,0.027411,0.182534,0.018229,0.415196,0.262826,0.205907,0.080000,0.453728,0.053698,0.800000
2013-09-13,0.101170,0.070481,0.027411,0.174317,0.019017,0.415196,0.273838,0.196891,0.080000,0.437088,0.055974,0.800000
2013-09-16,0.105423,0.067503,0.027411,0.177564,0.018696,0.415196,0.284098,0.189147,0.080000,0.443703,0.055047,0.800000
2013-09-17,0.100802,0.070752,0.027411,0.175175,0.018931,0.415196,0.272947,0.197592,0.080000,0.438841,0.055725,0.800000
2013-09-18,0.086166,0.083691,0.027411,0.144119,0.022764,0.302433,0.236865,0.230646,0.080000,0.373039,0.066749,0.660565
2013-09-19,0.116641,0.060807,0.027411,0.159054,0.020717,0.359947,0.310694,0.171554,0.080000,0.405292,0.060874,0.737791
2013-09-20,0.113292,0.062651,0.027411,0.155060,0.021223,0.343612,0.302825,0.176423,0.080000,0.396777,0.062327,0.717198
2013-09-23,0.107453,0.066175,0.027411,0.144675,0.022680,0.304415,0.288960,0.185678,0.080000,0.374260,0.066507,0.663449
2013-09-24,0.102737,0.069351,0.027411,0.133328,0.024555,0.265956,0.277631,0.193959,0.080000,0.349024,0.071871,0.604483
2013-09-25,0.098277,0.072674,0.027411,0.123146,0.026560,0.234533,0.266804,0.202560,0.080000,0.325812,0.077583,0.551483
2013-09-26,0.098697,0.072346,0.027411,0.131554,0.024880,0.260291,0.267828,0.201715,0.080000,0.345020,0.072799,0.595254
2013-09-27,0.089347,0.080466,0.027411,0.127209,0.025718,0.246760,0.244806,0.222496,0.080000,0.335139,0.075187,0.572634
2013-10-02,0.079484,0.092522,0.027411,0.128367,0.025489,0.250319,0.220000,0.252676,0.080000,0.337782,0.074534,0.578663
2013-10-03,0.084267,0.085749,0.027411,0.122215,0.026762,0.231784,0.232097,0.235820,0.080000,0.323661,0.078156,0.546634
2013-10-04,0.087589,0.082216,0.027411,0.128630,0.025437,0.251131,0.240423,0.226925,0.080000,0.338380,0.074387,0.580030
2013-10-07,0.092508,0.077512,0.027411,0.119045,0.027474,0.222579,0.252643,0.214977,0.080000,0.316308,0.080177,0.530139
2013-10-08,0.097802,0.073048,0.027411,0.115107,0.028418,0.211442,0.265645,0.203524,0.080000,0.307097,0.082853,0.509656
2013-10-09,0.098560,0.072453,0.027411,0.122859,0.026622,0.233682,0.267494,0.201990,0.080000,0.325148,0.077759,0.549986
2013-10-10,0.108727,0.065370,0.027411,0.131081,0.024968,0.258795,0.292001,0.183569,0.080000,0.343950,0.073050,0.592793
2013-10-11,0.113112,0.062754,0.027411,0.128351,0.025492,0.250270,0.302400,0.176694,0.080000,0.337746,0.074543,0.578580
2013-10-15,0.126828,0.055862,0.027411,0.132736,0.024662,0.264057,0.334268,0.158399,0.080000,0.347690,0.072178,0.601404
2013-10-16,0.131924,0.053705,0.027411,0.126342,0.025893,0.244118,0.345856,0.152618,0.080000,0.333157,0.075685,0.568121
2013-10-17,0.133879,0.052926,0.027411,0.113906,0.028720,0.208111,0.350266,0.150523,0.080000,0.304273,0.083708,0.503417
2013-10-18,0.157407,0.045211,0.027411,0.111793,0.029268,0.202320,0.401789,0.129594,0.080000,0.299284,0.085260,0.492442
2013-10-21,0.172953,0.041371,0.027411,0.115983,0.028202,0.213892,0.434295,0.119049,0.080000,0.309154,0.082241,0.514212
2013-10-22,0.167445,0.042642,0.027411,0.104787,0.031261,0.183729,0.422915,0.122548,0.080000,0.282570,0.090882,0.456119
2013-10-23,0.166679,0.042826,0.027411,0.100158,0.032745,0.171936,0.421322,0.123054,0.080000,0.271385,0.095053,0.432206
2013-10-24,0.172174,0.041545,0.027411,0.099779,0.032873,0.170986,0.432695,0.119530,0.080000,0.270462,0.095413,0.430248
2013-10-25,0.168158,0.042472,0.027411,0.100771,0.032540,0.173476,0.424397,0.122081,0.080000,0.272872,0.094477,0.435368
2013-10-28,0.164267,0.043418,0.027411,0.101773,0.032210,0.176008,0.416283,0.124679,0.080000,0.275301,0.093552,0.440541
2013-10-29,0.170621,0.041898,0.027411,0.101390,0.032335,0.175039,0.429496,0.120501,0.080000,0.274374,0.093903,0.438564
2013-10-30,0.164416,0.043381,0.027411,0.101014,0.032459,0.174089,0.416595,0.124578,0.080000,0.273462,0.094251,0.436623
2013-10-31,0.175211,0.040876,0.027411,0.106564,0.030729,0.188357,0.438915,0.117683,0.080000,0.286834,0.089382,0.465319
2013-11-01,0.193506,0.037329,0.027411,0.115416,0.028341,0.212304,0.475429,0.107858,0.080000,0.307822,0.082636,0.511262
2013-11-04,0.179334,0.040006,0.027411,0.113292,0.028877,0.206418,0.447288,0.115282,0.080000,0.302824,0.084153,0.500223
2013-11-05,0.179274,0.040019,0.027411,0.122756,0.026644,0.233379,0.447166,0.115316,0.080000,0.324911,0.077822,0.549451
2013-11-06,0.166796,0.042798,0.027411,0.122133,0.026779,0.231545,0.421566,0.122976,0.080000,0.323472,0.078206,0.546210
2013-11-07,0.168378,0.042420,0.027411,0.116457,0.028086,0.215224,0.424854,0.121938,0.080000,0.310264,0.081914,0.516677
2013-11-08,0.161300,0.044173,0.027411,0.135594,0.024153,0.273324,0.410043,0.126751,0.080000,0.354117,0.070724,0.616273
2013-11-13,0.153591,0.046285,0.027411,0.129989,0.025175,0.255362,0.393626,0.132529,0.080000,0.341473,0.073639,0.587108
2013-11-14,0.154941,0.045899,0.027411,0.123809,0.026419,0.236499,0.396521,0.131473,0.080000,0.327338,0.077181,0.554930
2013-11-15,0.168493,0.042393,0.027411,0.123167,0.026556,0.234594,0.425093,0.121863,0.080000,0.325859,0.077570,0.551589
2013-11-18,0.183664,0.039140,0.027411,0.115781,0.028251,0.213324,0.455990,0.112884,0.080000,0.308678,0.082382,0.513159
2013-11-19,0.202788,0.035798,0.027411,0.125547,0.026055,0.241710,0.493334,0.103595,0.080000,0.331334,0.076147,0.563980
2013-11-20,0.207182,0.035126,0.027411,0.144328,0.022732,0.303177,0.501666,0.101719,0.080000,0.373498,0.066658,0.661650
2013-11-21,0.199073,0.036392,0.027411,0.139182,0.023546,0.285295,0.486217,0.105250,0.080000,0.362126,0.068988,0.634927
2013-11-22,0.215225,0.033974,0.027411,0.126807,0.025799,0.245532,0.516678,0.098499,0.080000,0.334220,0.075417,0.570540
2013-11-25,0.235793,0.031423,0.027411,0.126162,0.025930,0.243570,0.553693,0.091338,0.080000,0.332743,0.075789,0.567182
2013-11-26,0.220989,0.033206,0.027411,0.121985,0.026812,0.231108,0.527251,0.096347,0.080000,0.323128,0.078299,0.545436
2013-11-27,0.241987,0.030749,0.027411,0.128594,0.025444,0.251021,0.564458,0.089440,0.080000,0.338300,0.074407,0.579846
2013-11-29,0.241027,0.030851,0.027411,0.129611,0.025247,0.254178,0.562801,0.089727,0.080000,0.340612,0.073846,0.585136
2013-12-02,0.264918,0.028558,0.027411,0.136382,0.024017,0.275920,0.602802,0.083252,0.080000,0.355882,0.070334,0.620371
2013-12-03,0.251164,0.029818,0.027411,0.135455,0.024177,0.272867,0.580086,0.086814,0.080000,0.353805,0.070793,0.615549
2013-12-04,0.258804,0.029100,0.027411,0.140557,0.023322,0.289990,0.592809,0.084784,0.080000,0.365180,0.068347,0.642074
2013-12-05,0.266087,0.028458,0.027411,0.147928,0.022199,0.316233,0.604694,0.082967,0.080000,0.381372,0.065130,0.680313
2013-12-06,0.290934,0.026540,0.027411,0.146664,0.022383,0.311596,0.643500,0.077524,0.080000,0.378616,0.065658,0.673765
2013-12-10,0.290994,0.026535,0.027411,0.130387,0.025099,0.256607,0.643590,0.077513,0.080000,0.342375,0.073424,0.589177
2013-12-11,0.323395,0.024535,0.027411,0.137284,0.023863,0.278916,0.690254,0.071814,0.080000,0.357899,0.069894,0.625063
2013-12-12,0.338614,0.023748,0.027411,0.136332,0.024025,0.275754,0.710689,0.069564,0.080000,0.355770,0.070359,0.620110
2013-12-13,0.349045,0.023254,0.027411,0.133487,0.024526,0.266471,0.724163,0.068154,0.080000,0.349384,0.071789,0.605313
2013-12-16,0.370039,0.021834,0.027411,0.134606,0.024327,0.270095,0.750000,0.064081,0.080000,0.351901,0.071219,0.611134
2013-12-17,0.340374,0.023662,0.027411,0.126220,0.025918,0.243746,0.712993,0.069319,0.080000,0.332876,0.075755,0.567483
2013-12-18,0.360421,0.022755,0.027411,0.136783,0.023948,0.277250,0.738373,0.066724,0.080000,0.356780,0.070137,0.622459
2013-12-19,0.370039,0.019702,0.027411,0.139743,0.023454,0.287203,0.750000,0.057948,0.080000,0.363373,0.068725,0.637842
2013-12-20,0.370039,0.018701,0.027411,0.125394,0.026087,0.241247,0.750000,0.055061,0.080000,0.330982,0.076237,0.563182
2013-12-23,0.370039,0.018367,0.027411,0.131945,0.024808,0.261530,0.750000,0.054096,0.080000,0.345903,0.072592,0.597285
2013-12-24,0.370039,0.017329,0.027411,0.140790,0.023285,0.290792,0.750000,0.051091,0.080000,0.365696,0.068240,0.643286
2013-12-26,0.370039,0.017810,0.027411,0.133798,0.024470,0.267475,0.750000,0.052483,0.080000,0.350085,0.071629,0.606933
2013-12-30,0.370039,0.018206,0.027411,0.135640,0.024145,0.273474,0.750000,0.053630,0.080000,0.354220,0.070701,0.616511
2014-01-02,0.370039,0.018982,0.027411,0.135480,0.024173,0.272949,0.750000,0.055871,0.080000,0.353861,0.070780,0.615679
2014-01-03,0.370039,0.019083,0.027411,0.132657,0.024677,0.263805,0.750000,0.056164,0.080000,0.347513,0.072219,0.600995
2014-01-06,0.370039,0.018490,0.027411,0.128110,0.025539,0.249527,0.750000,0.054450,0.080000,0.337197,0.074678,0.577326
2014-01-07,0.370039,0.017612,0.027411,0.123801,0.026420,0.236478,0.750000,0.051911,0.080000,0.327321,0.077185,0.554892
2014-01-08,0.370039,0.017270,0.027411,0.126814,0.025798,0.245552,0.750000,0.050919,0.080000,0.334235,0.075413,0.570575
2014-01-09,0.370039,0.017323,0.027411,0.117580,0.027817,0.218397,0.750000,0.051074,0.080000,0.312891,0.081150,0.522517
2014-01-10,0.370039,0.019709,0.027411,0.110693,0.029563,0.199338,0.750000,0.057969,0.080000,0.296676,0.086093,0.486728
2014-01-13,0.370039,0.020568,0.027411,0.104293,0.031412,0.182452,0.750000,0.060442,0.080000,0.281382,0.091308,0.453563
2014-01-14,0.370039,0.019409,0.027411,0.109732,0.029826,0.196754,0.750000,0.057105,0.080000,0.294394,0.086835,0.481742
2014-01-15,0.370039,0.018371,0.027411,0.109230,0.029965,0.195412,0.750000,0.054108,0.080000,0.293200,0.087228,0.479140
2014-01-16,0.370039,0.019025,0.027411,0.102929,0.031839,0.178950,0.750000,0.055995,0.080000,0.278094,0.092508,0.446512
2014-01-17,0.370039,0.019502,0.027411,0.101127,0.032422,0.174373,0.750000,0.057372,0.080000,0.273735,0.094147,0.437204
2014-01-21,0.370039,0.019463,0.027411,0.101912,0.032165,0.176360,0.750000,0.057261,0.080000,0.275636,0.093425,0.441257
2014-01-22,0.370039,0.019248,0.027411,0.098780,0.033216,0.168495,0.750000,0.056639,0.080000,0.268030,0.096376,0.425098
2014-01-23,0.342015,0.023583,0.027411,0.094484,0.034782,0.157979,0.715129,0.069093,0.080000,0.257515,0.100758,0.403007
2014-01-24,0.255829,0.029374,0.027411,0.091643,0.035906,0.151186,0.587885,0.085559,0.080000,0.250503,0.103897,0.388443
2014-01-27,0.249391,0.029992,0.027411,0.095145,0.034531,0.159576,0.577097,0.087305,0.080000,0.259138,0.100057,0.406398
2014-01-28,0.248592,0.030071,0.027411,0.092273,0.035650,0.152683,0.575744,0.087529,0.080000,0.252063,0.103183,0.391671
2014-01-29,0.219728,0.033370,0.027411,0.084792,0.038958,0.135330,0.524950,0.096807,0.080000,0.233418,0.112380,0.353526
2014-01-30,0.224154,0.032803,0.027411,0.088052,0.037441,0.142786,0.532989,0.095216,0.080000,0.241580,0.108169,0.370105
2014-01-31,0.188954,0.038141,0.027411,0.084291,0.039203,0.134197,0.466497,0.110113,0.080000,0.232156,0.113059,0.350982
2014-02-03,0.163957,0.043495,0.027411,0.081804,0.040466,0.128636,0.415633,0.124892,0.080000,0.225884,0.116553,0.338394
2014-02-04,0.163422,0.043630,0.027411,0.083818,0.039437,0.133132,0.414510,0.125261,0.080000,0.230966,0.113707,0.348583
2014-02-05,0.167126,0.042718,0.027411,0.089665,0.036735,0.146533,0.422252,0.122758,0.080000,0.245595,0.106206,0.378329
2014-02-06,0.189671,0.038010,0.027411,0.091868,0.035814,0.151720,0.467910,0.109750,0.080000,0.251060,0.103641,0.389595
2014-02-07,0.189937,0.037962,0.027411,0.092837,0.035424,0.154025,0.468435,0.109616,0.080000,0.253455,0.102553,0.394558
2014-02-10,0.202566,0.035833,0.027411,0.088791,0.037114,0.144497,0.492911,0.103692,0.080000,0.243421,0.107261,0.373870
2014-02-11,0.225220,0.032670,0.027411,0.090981,0.036179,0.149624,0.534913,0.094842,0.080000,0.248864,0.104657,0.385059
2014-02-12,0.248139,0.030117,0.027411,0.097192,0.033777,0.164573,0.574977,0.087656,0.080000,0.264155,0.097948,0.416923
2014-02-13,0.229706,0.032125,0.027411,0.091610,0.035920,0.151108,0.542943,0.093313,0.080000,0.250421,0.103935,0.388273
2014-02-14,0.244855,0.030450,0.027411,0.093887,0.035012,0.156540,0.569383,0.088596,0.080000,0.256045,0.101401,0.399942
2014-02-19,0.265297,0.028526,0.027411,0.089248,0.036915,0.145560,0.603416,0.083159,0.080000,0.244559,0.106706,0.376202
2014-02-20,0.269991,0.028130,0.027411,0.091500,0.035964,0.150849,0.610968,0.082038,0.080000,0.250150,0.104060,0.387714
2014-02-21,0.271644,0.027994,0.027411,0.088661,0.037171,0.144195,0.613605,0.081654,0.080000,0.243097,0.107419,0.373208
2014-02-24,0.292451,0.026435,0.027411,0.088382,0.037294,0.143550,0.645782,0.077226,0.080000,0.242403,0.107761,0.371788
2014-02-25,0.300658,0.025887,0.027411,0.083279,0.039707,0.131923,0.657966,0.075667,0.080000,0.229607,0.114454,0.345853
2014-02-26,0.284926,0.026969,0.027411,0.080740,0.041033,0.126284,0.634360,0.078744,0.080000,0.223189,0.118117,0.333023
2014-02-27,0.283051,0.027107,0.027411,0.078278,0.042409,0.120907,0.631476,0.079136,0.080000,0.216932,0.121909,0.320632
2014-02-28,0.294050,0.026325,0.027411,0.079174,0.041898,0.122854,0.648178,0.076914,0.080000,0.219213,0.120500,0.325136
2014-03-03,0.262013,0.028812,0.027411,0.073582,0.045319,0.110891,0.598074,0.083970,0.080000,0.204901,0.129888,0.297145
2014-03-04,0.290210,0.026590,0.027411,0.083370,0.039661,0.132127,0.642406,0.077668,0.080000,0.229838,0.114327,0.346315
2014-03-05,0.288029,0.026745,0.027411,0.083117,0.039789,0.131560,0.639100,0.078107,0.080000,0.229199,0.114681,0.345032
2014-03-06,0.292281,0.026446,0.027411,0.082862,0.039919,0.130990,0.645527,0.077259,0.080000,0.228556,0.115039,0.343743
2014-03-07,0.283853,0.027048,0.027411,0.088793,0.037113,0.144503,0.632711,0.078968,0.080000,0.243427,0.107258,0.373882
2014-03-10,0.270346,0.028101,0.027411,0.088509,0.037238,0.143842,0.611536,0.081955,0.080000,0.242718,0.107606,0.372431
2014-03-11,0.257970,0.029176,0.027411,0.085692,0.038527,0.137371,0.591432,0.084999,0.080000,0.235676,0.111185,0.358093
2014-03-12,0.234973,0.031515,0.027411,0.080587,0.041116,0.125948,0.552256,0.091598,0.080000,0.222802,0.118345,0.332252
2014-03-13,0.215093,0.033992,0.027411,0.075791,0.043901,0.115562,0.516436,0.098550,0.080000,0.210575,0.126005,0.308166
2014-03-14,0.199507,0.036321,0.027411,0.072310,0.046178,0.108233,0.487054,0.105053,0.080000,0.201623,0.132236,0.290824
2014-03-17,0.214784,0.034035,0.027411,0.075319,0.044196,0.114559,0.515864,0.098669,0.080000,0.209365,0.126814,0.305808
2014-03-19,0.267107,0.028371,0.027411,0.073944,0.045079,0.111653,0.606340,0.082722,0.080000,0.205834,0.129233,0.298951
2014-03-20,0.250414,0.029892,0.027411,0.077080,0.043115,0.118321,0.578823,0.087021,0.080000,0.213873,0.123847,0.314619
2014-03-21,0.261769,0.028834,0.027411,0.072344,0.046155,0.108303,0.597675,0.084031,0.080000,0.201710,0.132173,0.290991
2014-03-24,0.260417,0.028954,0.027411,0.068894,0.048663,0.101204,0.595461,0.084372,0.080000,0.192769,0.139001,0.273922
2014-03-25,0.269458,0.028174,0.027411,0.069662,0.048081,0.102770,0.610115,0.082163,0.080000,0.194765,0.137420,0.277710
2014-03-26,0.260156,0.028978,0.027411,0.067282,0.049933,0.097945,0.595033,0.084438,0.080000,0.188570,0.142445,0.265996
2014-03-27,0.251473,0.029788,0.027411,0.064958,0.051888,0.093310,0.580605,0.086730,0.080000,0.182491,0.147727,0.254623
2014-03-28,0.272687,0.027910,0.027411,0.068879,0.048675,0.101175,0.615264,0.081414,0.080000,0.192732,0.139031,0.273851
2014-03-31,0.244154,0.030522,0.027411,0.069707,0.048047,0.102862,0.568183,0.088800,0.080000,0.194882,0.137328,0.277933
2014-04-01,0.264362,0.028606,0.027411,0.074032,0.045022,0.111836,0.601900,0.083388,0.080000,0.206059,0.129077,0.299386
2014-04-02,0.286542,0.026851,0.027411,0.076201,0.043647,0.116439,0.636833,0.078410,0.080000,0.211627,0.125309,0.310220
2014-04-03,0.287002,0.026818,0.027411,0.074686,0.044598,0.113217,0.637537,0.078316,0.080000,0.207740,0.127917,0.302647
2014-04-04,0.271250,0.028026,0.027411,0.070765,0.047269,0.105034,0.612978,0.081745,0.080000,0.197627,0.135210,0.283165
2014-04-07,0.264128,0.028627,0.027411,0.069277,0.048371,0.101985,0.601520,0.083445,0.080000,0.193767,0.138206,0.275814
2014-04-08,0.257615,0.029209,0.027411,0.067789,0.049527,0.098966,0.590845,0.085091,0.080000,0.189892,0.141343,0.268485
2014-04-09,0.251455,0.029790,0.027411,0.073615,0.045296,0.110961,0.580576,0.086734,0.080000,0.204987,0.129827,0.297312
2014-04-10,0.241226,0.030830,0.027411,0.065926,0.051055,0.095231,0.563145,0.089667,0.080000,0.185026,0.145479,0.259351
2014-04-11,0.222075,0.033066,0.027411,0.063267,0.053412,0.089984,0.529225,0.095955,0.080000,0.178047,0.151829,0.246390
2014-04-14,0.231357,0.031931,0.027411,0.065232,0.051650,0.093853,0.545877,0.092766,0.080000,0.183209,0.147084,0.255960
2014-04-15,0.230551,0.032025,0.027411,0.061343,0.055260,0.086247,0.544446,0.093032,0.080000,0.172970,0.156789,0.237067
2014-04-16,0.237634,0.031219,0.027411,0.062095,0.054522,0.087702,0.556911,0.090763,0.080000,0.174957,0.154811,0.240706
2014-04-17,0.251413,0.029794,0.027411,0.066628,0.050468,0.096633,0.580504,0.086746,0.080000,0.186862,0.143892,0.262788
2014-04-21,0.256465,0.029315,0.027411,0.067559,0.049710,0.098504,0.588942,0.085391,0.080000,0.189294,0.141840,0.267357
2014-04-22,0.257258,0.029241,0.027411,0.063197,0.053478,0.089846,0.590254,0.085184,0.080000,0.177861,0.152006,0.246046
2014-04-23,0.247007,0.030230,0.027411,0.061508,0.055097,0.086566,0.573055,0.087977,0.080000,0.173407,0.156350,0.237866
2014-04-24,0.248068,0.030124,0.027411,0.061090,0.055513,0.085759,0.574857,0.087676,0.080000,0.172301,0.157466,0.235845
2014-04-25,0.233036,0.031736,0.027411,0.058126,0.058657,0.080116,0.548846,0.092219,0.080000,0.164439,0.165852,0.221607
2014-04-28,0.232374,0.031812,0.027411,0.058934,0.057765,0.081643,0.547677,0.092433,0.080000,0.166588,0.163477,0.225477
2014-04-29,0.233681,0.031662,0.027411,0.059782,0.056857,0.083255,0.549983,0.092011,0.080000,0.168839,0.161057,0.229548
2014-04-30,0.221701,0.033114,0.027411,0.056699,0.060304,0.077442,0.528545,0.096089,0.080000,0.160635,0.170222,0.214798
2014-05-01,0.212347,0.034375,0.027411,0.052491,0.065752,0.069721,0.511342,0.099621,0.080000,0.149351,0.184571,0.194918
2014-05-02,0.213711,0.034184,0.027411,0.047389,0.073850,0.060695,0.513876,0.099085,0.080000,0.135535,0.205590,0.171256
2014-05-05,0.214675,0.034050,0.027411,0.049162,0.070817,0.063791,0.515662,0.098711,0.080000,0.140355,0.197761,0.179424
2014-05-06,0.215920,0.033879,0.027411,0.046267,0.075906,0.058759,0.517961,0.098233,0.080000,0.132477,0.210871,0.166123
2014-05-07,0.210366,0.034658,0.027411,0.049263,0.070652,0.063968,0.507645,0.100413,0.080000,0.140628,0.197334,0.179890
2014-05-08,0.206744,0.035191,0.027411,0.048733,0.071528,0.063037,0.500839,0.101903,0.080000,0.139189,0.199602,0.177440
2014-05-09,0.206449,0.035236,0.027411,0.049402,0.070426,0.064213,0.500283,0.102026,0.080000,0.141006,0.196747,0.180534
2014-05-12,0.211132,0.034548,0.027411,0.052992,0.065052,0.070627,0.509077,0.100105,0.080000,0.150699,0.182737,0.197269
2014-05-13,0.209076,0.034846,0.027411,0.048373,0.072135,0.062408,0.505228,0.100937,0.080000,0.138213,0.201170,0.175782
2014-05-14,0.202318,0.035872,0.027411,0.039422,0.091434,0.047354,0.492437,0.103801,0.080000,0.113666,0.249987,0.135441
2014-05-15,0.192989,0.037419,0.027411,0.036395,0.100520,0.042535,0.474420,0.108108,0.080000,0.105261,0.272262,0.122254
2014-05-16,0.192903,0.037434,0.027411,0.038078,0.095259,0.045196,0.474253,0.108150,0.080000,0.109939,0.259420,0.129553
2014-05-19,0.192721,0.037466,0.027411,0.042125,0.084602,0.051775,0.473896,0.108239,0.080000,0.121126,0.232939,0.147421
2014-05-20,0.189662,0.038011,0.027411,0.040447,0.088717,0.049018,0.467893,0.109755,0.080000,0.116500,0.243238,0.139963
2014-05-21,0.188076,0.038302,0.027411,0.040012,0.089852,0.048309,0.464763,0.110561,0.080000,0.115296,0.246061,0.138038
2014-05-22,0.185143,0.038854,0.027411,0.041922,0.085079,0.051439,0.458941,0.112092,0.080000,0.120568,0.234137,0.146516
2014-05-23,0.183661,0.039141,0.027411,0.038928,0.092805,0.046557,0.455983,0.112886,0.080000,0.112296,0.253376,0.133269
2014-05-27,0.187417,0.038424,0.027411,0.033046,0.112923,0.037371,0.463459,0.110901,0.080000,0.095897,0.301955,0.107974
2014-05-28,0.176927,0.040508,0.027411,0.026860,0.146161,0.028325,0.442410,0.116669,0.080000,0.078435,0.377517,0.082590
2014-05-29,0.181823,0.039503,0.027411,0.027383,0.142614,0.029064,0.452301,0.113889,0.080000,0.079921,0.369727,0.084682
2014-05-30,0.188371,0.038248,0.027411,0.029686,0.128845,0.032376,0.465346,0.110410,0.080000,0.086442,0.338872,0.094017
2014-06-02,0.202459,0.035849,0.027411,0.032759,0.114128,0.036937,0.492707,0.103739,0.080000,0.095093,0.304795,0.106768
2014-06-03,0.203969,0.035614,0.027411,0.036951,0.098720,0.043409,0.495583,0.103082,0.080000,0.106807,0.267886,0.124655
2014-06-04,0.202264,0.035880,0.027411,0.037754,0.096229,0.044680,0.492335,0.103824,0.080000,0.109039,0.261799,0.128141
2014-06-05,0.200609,0.036143,0.027411,0.035868,0.102289,0.041711,0.489169,0.104557,0.080000,0.103792,0.276547,0.119985
2014-06-06,0.217060,0.033725,0.027411,0.035551,0.103383,0.041217,0.520061,0.097801,0.080000,0.102907,0.279189,0.118624
2014-06-09,0.225212,0.032671,0.027411,0.035361,0.104050,0.040921,0.534897,0.094845,0.080000,0.102376,0.280798,0.117808
2014-06-10,0.235585,0.031447,0.027411,0.035282,0.104329,0.040799,0.553329,0.091404,0.080000,0.102157,0.281470,0.117471
2014-06-11,0.229434,0.032158,0.027411,0.037974,0.095570,0.045030,0.542459,0.093404,0.080000,0.109649,0.260181,0.129098
2014-06-12,0.221017,0.033202,0.027411,0.031427,0.120078,0.034939,0.527303,0.096336,0.080000,0.091348,0.318710,0.101199
2014-06-13,0.225332,0.032656,0.027411,0.030278,0.125726,0.033241,0.535113,0.094803,0.080000,0.088111,0.331745,0.096446
2014-06-16,0.231474,0.031917,0.027411,0.027060,0.144783,0.028607,0.546083,0.092728,0.080000,0.079004,0.374498,0.083389
2014-06-17,0.242824,0.030661,0.027411,0.030313,0.125548,0.033292,0.565900,0.089191,0.080000,0.088209,0.331336,0.096589
2014-06-18,0.232026,0.031853,0.027411,0.028304,0.136775,0.030376,0.547061,0.092547,0.080000,0.082531,0.356761,0.088389
2014-06-19,0.239504,0.031015,0.027411,0.031676,0.118917,0.035311,0.560164,0.090188,0.080000,0.092050,0.316010,0.102237
2014-06-20,0.243839,0.030555,0.027411,0.028321,0.136670,0.030401,0.567643,0.088892,0.080000,0.082580,0.356526,0.088459
2014-06-24,0.248841,0.030047,0.027411,0.025564,0.155755,0.026515,0.576166,0.087459,0.080000,0.074748,0.398265,0.077454
2014-06-25,0.229217,0.032183,0.027411,0.024918,0.161019,0.025625,0.542073,0.093476,0.080000,0.072908,0.409450,0.074922
2014-06-26,0.220107,0.033321,0.027411,0.023438,0.174549,0.023614,0.525643,0.096668,0.080000,0.068678,0.437563,0.069183
2014-06-27,0.212171,0.034400,0.027411,0.025454,0.156626,0.026363,0.511015,0.099691,0.080000,0.074435,0.400125,0.077022
2014-07-01,0.201573,0.035989,0.027411,0.027887,0.139358,0.029780,0.491014,0.104129,0.080000,0.081350,0.362517,0.086707
2014-07-02,0.211231,0.034534,0.027411,0.032290,0.116154,0.036230,0.509263,0.100065,0.080000,0.093776,0.309554,0.104801
2014-07-03,0.213003,0.034283,0.027411,0.030194,0.126158,0.033119,0.512563,0.099362,0.080000,0.087876,0.332733,0.096102
2014-07-07,0.213739,0.034180,0.027411,0.028202,0.137398,0.030230,0.513928,0.099075,0.080000,0.082242,0.358154,0.087976
2014-07-08,0.204794,0.035487,0.027411,0.024726,0.162660,0.025361,0.497150,0.102728,0.080000,0.072358,0.412909,0.074169
2014-07-09,0.193973,0.037248,0.027411,0.024061,0.168585,0.024456,0.476341,0.107633,0.080000,0.070460,0.425283,0.071587
2014-07-10,0.172641,0.041441,0.027411,0.026836,0.146329,0.028291,0.433653,0.119241,0.080000,0.078367,0.377883,0.082494
2014-07-11,0.176375,0.040626,0.027411,0.023589,0.173065,0.023817,0.441287,0.116993,0.080000,0.069110,0.434525,0.069764
2014-07-14,0.180816,0.039705,0.027411,0.025510,0.156183,0.026440,0.450275,0.114448,0.080000,0.074594,0.399178,0.077241
2014-07-15,0.175332,0.040850,0.027411,0.025765,0.154184,0.026794,0.439162,0.117611,0.080000,0.075321,0.394900,0.078247
2014-07-16,0.170112,0.042015,0.027411,0.024350,0.165957,0.024848,0.428445,0.120824,0.080000,0.071286,0.419816,0.072707
2014-07-17,0.152082,0.046727,0.027411,0.020949,0.203300,0.020332,0.390376,0.133733,0.080000,0.061540,0.494310,0.059765
2014-07-18,0.146652,0.048398,0.027411,0.020635,0.207624,0.019927,0.378591,0.138281,0.080000,0.060636,0.502499,0.058599
2014-07-21,0.143653,0.049382,0.027411,0.020342,0.211824,0.019552,0.372014,0.140950,0.080000,0.059794,0.510368,0.057516
2014-07-22,0.144016,0.049260,0.027411,0.021377,0.197693,0.020888,0.372813,0.140620,0.080000,0.062770,0.483558,0.061364
2014-07-23,0.145533,0.048760,0.027411,0.021075,0.201615,0.020496,0.376141,0.139263,0.080000,0.061902,0.491095,0.060235
2014-07-24,0.150578,0.047177,0.027411,0.022100,0.188901,0.021834,0.387126,0.134958,0.080000,0.064845,0.466393,0.064084
2014-07-25,0.146303,0.048511,0.027411,0.019912,0.218323,0.019003,0.377826,0.138586,0.080000,0.058555,0.522381,0.055933
2014-07-28,0.149643,0.047461,0.027411,0.020893,0.204055,0.020260,0.385100,0.135733,0.080000,0.061379,0.495745,0.059558
2014-07-29,0.139216,0.050922,0.027411,0.019467,0.225491,0.018439,0.362202,0.145120,0.080000,0.057272,0.535400,0.054304
2014-07-30,0.139651,0.050767,0.027411,0.025001,0.160323,0.025739,0.363168,0.144699,0.080000,0.073144,0.407979,0.075246
2014-07-31,0.112031,0.063377,0.027411,0.028399,0.136196,0.030513,0.299846,0.178336,0.080000,0.082801,0.355466,0.088775
2014-08-01,0.091424,0.078499,0.027411,0.028645,0.134732,0.030866,0.249962,0.217495,0.080000,0.083496,0.352183,0.089769
2014-08-05,0.096346,0.074220,0.027411,0.026737,0.147022,0.028151,0.262084,0.206544,0.080000,0.078085,0.379397,0.082099
2014-08-06,0.089595,0.080226,0.027411,0.026238,0.150616,0.027452,0.245423,0.221886,0.080000,0.076666,0.387210,0.080115
2014-08-07,0.089901,0.079932,0.027411,0.025030,0.160080,0.025779,0.246182,0.221139,0.080000,0.073227,0.407465,0.075360
2014-08-08,0.089467,0.080350,0.027411,0.025318,0.157722,0.026174,0.245104,0.222201,0.080000,0.074046,0.402460,0.076486
2014-08-11,0.094840,0.075476,0.027411,0.024204,0.167274,0.024650,0.258388,0.209768,0.080000,0.070869,0.422560,0.072141
2014-08-12,0.098265,0.072683,0.027411,0.027375,0.142670,0.029052,0.266776,0.202584,0.080000,0.079897,0.369849,0.084649
2014-08-13,0.101037,0.070579,0.027411,0.026880,0.146023,0.028353,0.273516,0.197144,0.080000,0.078492,0.377215,0.082669
2014-08-14,0.105644,0.067355,0.027411,0.025697,0.154711,0.026699,0.284630,0.188761,0.080000,0.075128,0.396030,0.077979
2014-08-15,0.105182,0.067664,0.027411,0.022089,0.189026,0.021820,0.283520,0.189567,0.080000,0.064814,0.466640,0.064043
2014-08-18,0.114218,0.062129,0.027411,0.024308,0.166331,0.024791,0.305006,0.175047,0.080000,0.071166,0.420597,0.072545
2014-08-19,0.117686,0.060256,0.027411,0.023971,0.169425,0.024333,0.313139,0.170094,0.080000,0.070202,0.427024,0.071237
2014-08-20,0.123733,0.057269,0.027411,0.024284,0.166549,0.024758,0.327164,0.162155,0.080000,0.071097,0.421050,0.072452
2014-08-21,0.123634,0.057315,0.027411,0.023285,0.176080,0.023409,0.326935,0.162279,0.080000,0.068240,0.440687,0.068595
2014-08-22,0.125322,0.056537,0.027411,0.020754,0.205967,0.020080,0.330817,0.160202,0.080000,0.060978,0.499371,0.059039
2014-08-25,0.127047,0.055766,0.027411,0.020589,0.208271,0.019868,0.334768,0.158141,0.080000,0.060504,0.503717,0.058429
2014-08-26,0.128070,0.055319,0.027411,0.021483,0.196350,0.021026,0.337105,0.156945,0.080000,0.063075,0.480960,0.061762
2014-08-27,0.124212,0.057046,0.027411,0.021283,0.198892,0.020766,0.328267,0.161560,0.080000,0.062501,0.485871,0.061013
2014-08-28,0.120113,0.059017,0.027411,0.020593,0.208210,0.019874,0.318790,0.166807,0.080000,0.060517,0.503602,0.058445
2014-08-29,0.121822,0.058177,0.027411,0.022548,0.183833,0.022427,0.322752,0.164574,0.080000,0.066131,0.456327,0.065784
2014-09-02,0.120507,0.058821,0.027411,0.024106,0.168166,0.024517,0.319705,0.166286,0.080000,0.070590,0.424415,0.071763
2014-09-03,0.116814,0.060715,0.027411,0.024403,0.165484,0.024920,0.311100,0.171310,0.080000,0.071437,0.418829,0.072913
2014-09-04,0.114264,0.062103,0.027411,0.025920,0.152996,0.027009,0.305116,0.174979,0.080000,0.075762,0.392346,0.078858
2014-09-05,0.105775,0.067269,0.027411,0.028175,0.137563,0.030192,0.284943,0.188535,0.080000,0.082166,0.358521,0.087868
2014-09-08,0.106349,0.066890,0.027411,0.028424,0.136045,0.030549,0.286320,0.187546,0.080000,0.082872,0.355128,0.088877
2014-09-09,0.104965,0.067811,0.027411,0.028672,0.134572,0.030905,0.282998,0.189949,0.080000,0.083572,0.351825,0.089879
2014-09-10,0.094997,0.075342,0.027411,0.030337,0.125421,0.033329,0.258776,0.209425,0.080000,0.088279,0.331046,0.096691
2014-09-11,0.089179,0.080631,0.027411,0.030559,0.124298,0.033654,0.244387,0.222912,0.080000,0.088903,0.328465,0.097603
2014-09-12,0.090394,0.079462,0.027411,0.037267,0.097725,0.043908,0.247408,0.219945,0.080000,0.107686,0.265457,0.126025
2014-09-15,0.087441,0.082366,0.027411,0.035666,0.102985,0.041395,0.240055,0.227305,0.080000,0.103227,0.278230,0.119115
2014-09-16,0.081896,0.088474,0.027411,0.038502,0.094018,0.045874,0.226117,0.242631,0.080000,0.111116,0.256368,0.131405
2014-09-17,0.087276,0.082535,0.027411,0.036838,0.099082,0.043230,0.239642,0.227731,0.080000,0.106492,0.268767,0.124165
2014-09-18,0.092937,0.077129,0.027411,0.037893,0.095811,0.044902,0.253703,0.213998,0.080000,0.109426,0.260772,0.128747
2014-09-19,0.095543,0.074884,0.027411,0.034593,0.106837,0.039733,0.260116,0.208249,0.080000,0.100230,0.287487,0.114527
2014-09-22,0.088280,0.081518,0.027411,0.033954,0.109271,0.038752,0.242148,0.225161,0.080000,0.098441,0.293297,0.111810
2014-09-23,0.079484,0.092703,0.027411,0.032574,0.114918,0.036658,0.220000,0.253123,0.080000,0.094574,0.306654,0.105991
2014-09-24,0.079484,0.101446,0.027411,0.033538,0.110912,0.038119,0.220000,0.274509,0.080000,0.097278,0.297196,0.110052
2014-09-25,0.079484,0.125175,0.027411,0.032181,0.116637,0.036066,0.220000,0.330481,0.080000,0.093469,0.310685,0.104344
2014-09-26,0.079484,0.141207,0.027411,0.031642,0.119076,0.035260,0.220000,0.366619,0.080000,0.091954,0.316378,0.102094
2014-10-01,0.079484,0.172408,0.027411,0.028132,0.137828,0.030130,0.220000,0.433174,0.080000,0.082044,0.359113,0.087694
2014-10-02,0.079484,0.171999,0.027411,0.029692,0.128813,0.032385,0.220000,0.432335,0.080000,0.086459,0.338798,0.094042
2014-10-03,0.079484,0.142412,0.027411,0.027977,0.138794,0.029908,0.220000,0.369281,0.080000,0.081604,0.361264,0.087068
2014-10-06,0.079484,0.134085,0.027411,0.028860,0.133471,0.031177,0.220000,0.350729,0.080000,0.084105,0.349346,0.090645
2014-10-07,0.079484,0.154986,0.027411,0.026054,0.151987,0.027195,0.220000,0.396619,0.080000,0.076142,0.390172,0.079386
2014-10-08,0.079484,0.191325,0.028877,0.029384,0.130502,0.031935,0.220000,0.471163,0.084153,0.085586,0.342637,0.092779
2014-10-09,0.079484,0.202307,0.030916,0.028961,0.132886,0.031323,0.220000,0.492417,0.089911,0.084392,0.348029,0.091056
2014-10-10,0.079484,0.254636,0.040518,0.027937,0.139046,0.029851,0.220000,0.585900,0.116695,0.081490,0.361826,0.086906
2014-10-14,0.079484,0.337496,0.054747,0.025891,0.153218,0.026968,0.220000,0.709220,0.155413,0.075679,0.392824,0.078743
2014-10-15,0.079484,0.415196,0.099620,0.025612,0.155380,0.026581,0.220000,0.800000,0.270077,0.074884,0.397463,0.077641
2014-10-16,0.079484,0.415196,0.081544,0.026437,0.149162,0.027730,0.220000,0.800000,0.225225,0.077232,0.384057,0.080905
2014-10-17,0.079484,0.296838,0.047961,0.027264,0.143411,0.028894,0.220000,0.652331,0.137094,0.079581,0.371483,0.084202
2014-10-20,0.079484,0.295325,0.047701,0.027521,0.141709,0.029259,0.220000,0.650082,0.136385,0.080312,0.367729,0.085235
2014-10-21,0.079484,0.230615,0.036146,0.028959,0.132902,0.031319,0.220000,0.544560,0.104564,0.084384,0.348064,0.091046
2014-10-22,0.079484,0.206433,0.031682,0.028602,0.134983,0.030805,0.220000,0.500251,0.092066,0.083375,0.352747,0.089597
2014-10-23,0.079484,0.192405,0.029078,0.031329,0.120541,0.034794,0.220000,0.473278,0.084721,0.091072,0.319783,0.100791
2014-10-24,0.079484,0.193422,0.029266,0.031544,0.119530,0.035114,0.220000,0.475265,0.085255,0.091678,0.317434,0.101687
2014-10-27,0.079484,0.201739,0.030811,0.030480,0.124693,0.033539,0.220000,0.491331,0.089614,0.088682,0.329372,0.097280
2014-10-28,0.079484,0.197964,0.030110,0.031979,0.117540,0.035763,0.220000,0.484082,0.087638,0.092901,0.312797,0.103499
2014-10-29,0.079484,0.176263,0.027411,0.030835,0.122920,0.034063,0.220000,0.441059,0.080000,0.089683,0.325290,0.098747
2014-10-30,0.079484,0.191074,0.028830,0.029808,0.128192,0.032553,0.220000,0.470670,0.084021,0.086785,0.337383,0.094515
2014-10-31,0.079484,0.181247,0.027411,0.030647,0.123857,0.033784,0.220000,0.451144,0.080000,0.089151,0.327449,0.097966
2014-11-03,0.079484,0.180579,0.027411,0.030249,0.125876,0.033199,0.220000,0.449798,0.080000,0.088029,0.332088,0.096327
2014-11-04,0.079484,0.203902,0.031212,0.029866,0.127884,0.032638,0.220000,0.495454,0.090745,0.086948,0.336680,0.094752
2014-11-05,0.079484,0.197804,0.030080,0.030704,0.123569,0.033869,0.220000,0.483772,0.087554,0.089314,0.326786,0.098205
2014-11-06,0.079484,0.202384,0.030931,0.031545,0.119526,0.035115,0.220000,0.492564,0.089951,0.091680,0.317426,0.101690
2014-11-07,0.079484,0.229472,0.035936,0.029297,0.130987,0.031809,0.220000,0.542528,0.103980,0.085340,0.343736,0.092423
2014-11-10,0.079484,0.210231,0.032386,0.030705,0.123564,0.033871,0.220000,0.507394,0.094044,0.089316,0.326774,0.098209
2014-11-12,0.079484,0.225269,0.035163,0.030363,0.125292,0.033366,0.220000,0.535001,0.101823,0.088350,0.330748,0.096795
2014-11-13,0.079484,0.250153,0.039708,0.030581,0.124184,0.033688,0.220000,0.578383,0.114456,0.088967,0.328203,0.097696
2014-11-14,0.079484,0.286457,0.046164,0.028454,0.135868,0.030592,0.220000,0.636705,0.132197,0.082955,0.354732,0.088996
2014-11-17,0.079484,0.316212,0.051248,0.029785,0.128312,0.032520,0.220000,0.680283,0.145999,0.086721,0.337658,0.094423
2014-11-18,0.079484,0.373907,0.060431,0.029415,0.130329,0.031981,0.220000,0.754576,0.170557,0.085675,0.342243,0.092907
2014-11-19,0.079484,0.415196,0.068020,0.031376,0.120314,0.034865,0.220000,0.800000,0.190495,0.091207,0.319258,0.100990
2014-11-20,0.079484,0.415196,0.072038,0.030949,0.122364,0.034231,0.220000,0.800000,0.200920,0.090003,0.324004,0.099218
2014-11-21,0.079484,0.377961,0.061038,0.029364,0.130613,0.031906,0.220000,0.759313,0.172166,0.085530,0.342888,0.092697
2014-11-24,0.079484,0.377678,0.060996,0.028983,0.132761,0.031355,0.220000,0.758984,0.172054,0.084454,0.347747,0.091145
2014-11-25,0.079484,0.377330,0.060944,0.028595,0.135025,0.030795,0.220000,0.758579,0.171916,0.083355,0.352842,0.089568
2014-11-26,0.079484,0.388657,0.062617,0.026109,0.151569,0.027273,0.220000,0.771516,0.176333,0.076301,0.389269,0.079607
2014-11-28,0.079484,0.415196,0.069848,0.026333,0.149914,0.027585,0.220000,0.800000,0.195248,0.076938,0.385688,0.080494
2014-12-01,0.079484,0.415196,0.100023,0.027592,0.141248,0.029360,0.220000,0.800000,0.271057,0.080513,0.366709,0.085519
2014-12-02,0.079484,0.415196,0.097856,0.027791,0.139967,0.029644,0.220000,0.800000,0.265777,0.081078,0.363870,0.086321
2014-12-03,0.079484,0.415196,0.100159,0.027442,0.142226,0.029147,0.220000,0.800000,0.271386,0.080088,0.368871,0.084918
2014-12-04,0.079484,0.415196,0.100760,0.026600,0.147991,0.027959,0.220000,0.800000,0.272845,0.077696,0.381511,0.081553
2014-12-05,0.079484,0.415196,0.090527,0.024796,0.162058,0.025457,0.220000,0.800000,0.247737,0.072558,0.411642,0.074443
2014-12-08,0.079484,0.415196,0.107737,0.023145,0.177496,0.023222,0.220000,0.800000,0.289639,0.067841,0.443566,0.068061
2014-12-10,0.079484,0.415196,0.205955,0.022371,0.185809,0.022192,0.220000,0.800000,0.499350,0.065621,0.460267,0.065109
2014-12-11,0.079484,0.415196,0.217166,0.021751,0.193049,0.021376,0.220000,0.800000,0.520256,0.063843,0.474538,0.062766
2014-12-12,0.079484,0.415196,0.263194,0.020791,0.205454,0.020128,0.220000,0.800000,0.600000,0.061085,0.498401,0.059177
2014-12-15,0.079484,0.415196,0.263194,0.020255,0.213108,0.019440,0.220000,0.800000,0.600000,0.059544,0.512757,0.057195
2014-12-16,0.079484,0.415196,0.263194,0.019402,0.226577,0.018358,0.220000,0.800000,0.600000,0.057085,0.537352,0.054068
2014-12-17,0.079484,0.415196,0.263194,0.020754,0.205957,0.020081,0.220000,0.800000,0.600000,0.060980,0.499353,0.059042
2014-12-18,0.079484,0.415196,0.156588,0.022194,0.187811,0.021959,0.220000,0.800000,0.400045,0.065116,0.464239,0.064441
2014-12-19,0.079484,0.415196,0.131155,0.020426,0.210612,0.019658,0.220000,0.800000,0.344117,0.060034,0.508107,0.057823
2014-12-22,0.079484,0.415196,0.105741,0.019220,0.229687,0.018128,0.220000,0.800000,0.284862,0.056559,0.542910,0.053404
2014-12-23,0.079484,0.415196,0.087968,0.022183,0.187945,0.021944,0.220000,0.800000,0.241370,0.065083,0.464504,0.064397
2014-12-24,0.079484,0.415196,0.084535,0.022822,0.180869,0.022791,0.220000,0.800000,0.232771,0.066916,0.450383,0.066827
2014-12-29,0.079484,0.415196,0.082595,0.021696,0.193716,0.021304,0.220000,0.800000,0.227883,0.063685,0.475840,0.062560
2014-12-31,0.079484,0.415196,0.089152,0.022255,0.187116,0.022039,0.220000,0.800000,0.244320,0.065290,0.462863,0.064671
2015-01-02,0.079484,0.415196,0.094454,0.020963,0.203117,0.020350,0.220000,0.800000,0.257439,0.061579,0.493961,0.059816
2015-01-05,0.079484,0.415196,0.109567,0.017831,0.256616,0.016405,0.220000,0.800000,0.294003,0.052544,0.589191,0.048411
2015-01-06,0.079484,0.415196,0.136778,0.016993,0.276298,0.015387,0.220000,0.800000,0.356768,0.050118,0.620964,0.045454
2015-01-07,0.079484,0.415196,0.128277,0.018007,0.252833,0.016621,0.220000,0.800000,0.337576,0.053055,0.582887,0.049040
2015-01-08,0.079484,0.415196,0.097287,0.020702,0.206689,0.020013,0.220000,0.800000,0.264388,0.060828,0.500737,0.058846
2015-01-09,0.079484,0.415196,0.101212,0.020320,0.212148,0.019524,0.220000,0.800000,0.273942,0.059731,0.510973,0.057434
2015-01-12,0.079484,0.415196,0.109368,0.019644,0.222588,0.018663,0.220000,0.800000,0.293527,0.057782,0.530156,0.054950
2015-01-13,0.079484,0.415196,0.111169,0.020338,0.211888,0.019546,0.220000,0.800000,0.297806,0.059782,0.510487,0.057500
2015-01-14,0.079484,0.415196,0.129884,0.020001,0.216950,0.019116,0.220000,0.800000,0.341233,0.058811,0.519859,0.056258
2015-01-15,0.079484,0.415196,0.133465,0.019695,0.221770,0.018727,0.220000,0.800000,0.349334,0.057928,0.528671,0.055135
2015-01-20,0.079484,0.415196,0.118564,0.019173,0.230501,0.018069,0.220000,0.800000,0.315187,0.056423,0.544357,0.053234
2015-01-21,0.079484,0.415196,0.106663,0.021174,0.200312,0.020624,0.220000,0.800000,0.287071,0.062187,0.488598,0.060605
2015-01-22,0.079484,0.415196,0.091463,0.022561,0.183689,0.022444,0.220000,0.800000,0.250059,0.066169,0.456041,0.065833
2015-01-23,0.079484,0.415196,0.087823,0.020169,0.214403,0.019329,0.220000,0.800000,0.241007,0.059293,0.515160,0.056875
2015-01-26,0.079484,0.415196,0.079405,0.020509,0.209415,0.019765,0.220000,0.800000,0.219800,0.060273,0.505865,0.058131
2015-01-27,0.079484,0.415196,0.082576,0.020838,0.204802,0.020190,0.220000,0.800000,0.227834,0.061222,0.497165,0.059354
2015-01-28,0.079484,0.415196,0.084946,0.019324,0.227894,0.018260,0.220000,0.800000,0.233803,0.056860,0.539710,0.053784
2015-01-29,0.079484,0.415196,0.080535,0.020591,0.208250,0.019870,0.220000,0.800000,0.222669,0.060509,0.503678,0.058434
2015-01-30,0.079484,0.415196,0.087727,0.019398,0.226658,0.018351,0.220000,0.800000,0.240768,0.057071,0.537497,0.054050
2015-02-02,0.079484,0.415196,0.078436,0.019165,0.230648,0.018059,0.220000,0.800000,0.217335,0.056399,0.544618,0.053203
2015-02-03,0.079484,0.391500,0.063030,0.021961,0.190529,0.021652,0.220000,0.774689,0.177421,0.064447,0.469599,0.063559
2015-02-04,0.079484,0.350696,0.056853,0.022930,0.179732,0.022934,0.220000,0.726257,0.161046,0.067224,0.448091,0.067237
2015-02-05,0.079484,0.317355,0.051439,0.023908,0.170008,0.024249,0.220000,0.681884,0.146514,0.070024,0.428230,0.070997
2015-02-06,0.079484,0.245048,0.038782,0.023820,0.170843,0.024129,0.220000,0.569712,0.111892,0.069771,0.429954,0.070655
2015-02-09,0.079484,0.238974,0.037676,0.024444,0.165116,0.024977,0.220000,0.559244,0.108822,0.071555,0.418060,0.073074
2015-02-10,0.079484,0.229000,0.035849,0.025809,0.153845,0.026855,0.220000,0.541687,0.103738,0.075446,0.394171,0.078420
2015-02-11,0.079484,0.228508,0.035759,0.025684,0.154813,0.026681,0.220000,0.540809,0.103486,0.075090,0.396249,0.077927
2015-02-12,0.079484,0.211602,0.032639,0.027897,0.139295,0.029795,0.220000,0.509954,0.094757,0.081378,0.362377,0.086747
2015-02-17,0.079484,0.176708,0.027411,0.031015,0.122041,0.034329,0.220000,0.441964,0.080000,0.090190,0.323259,0.099492
2015-02-18,0.079484,0.176653,0.027411,0.031666,0.118964,0.035296,0.220000,0.441853,0.080000,0.092022,0.316118,0.102195
2015-02-19,0.079484,0.167192,0.027411,0.031389,0.120253,0.034884,0.220000,0.422390,0.080000,0.091243,0.319116,0.101044
2015-02-20,0.079484,0.157460,0.027411,0.032513,0.115182,0.036566,0.220000,0.401903,0.080000,0.094402,0.307273,0.105735
2015-02-23,0.079484,0.159654,0.027411,0.030821,0.122991,0.034042,0.220000,0.406564,0.080000,0.089643,0.325453,0.098688
2015-02-24,0.079484,0.160909,0.027411,0.029669,0.128937,0.032351,0.220000,0.409217,0.080000,0.086394,0.339081,0.093948
2015-02-25,0.079484,0.160373,0.027411,0.028173,0.137577,0.030189,0.220000,0.408086,0.080000,0.082160,0.358552,0.087859
2015-02-26,0.079484,0.142421,0.027411,0.029222,0.131402,0.031701,0.220000,0.369300,0.080000,0.085131,0.344675,0.092121
2015-02-27,0.079484,0.145486,0.027411,0.029435,0.130217,0.032010,0.220000,0.376040,0.080000,0.085732,0.341989,0.092990
2015-03-02,0.079484,0.118894,0.027411,0.031927,0.117775,0.035685,0.220000,0.315954,0.080000,0.092754,0.313345,0.103282
2015-03-03,0.079484,0.115911,0.027411,0.033066,0.112841,0.037400,0.220000,0.308983,0.080000,0.095953,0.301761,0.108057
2015-03-04,0.079484,0.122555,0.027411,0.034233,0.108192,0.039181,0.220000,0.324446,0.080000,0.099225,0.290726,0.112998
2015-03-05,0.079484,0.123676,0.027411,0.034401,0.107557,0.039438,0.220000,0.327032,0.080000,0.099693,0.289209,0.113709
2015-03-06,0.079484,0.115002,0.027411,0.037212,0.097897,0.043821,0.220000,0.306851,0.080000,0.107533,0.265877,0.125786
2015-03-09,0.079484,0.123716,0.027411,0.036827,0.099116,0.043214,0.220000,0.327126,0.080000,0.106462,0.268849,0.124119
2015-03-10,0.079484,0.141286,0.027411,0.033864,0.109621,0.038615,0.220000,0.366793,0.080000,0.098191,0.294129,0.111430
2015-03-11,0.079484,0.136720,0.027411,0.032582,0.114884,0.036670,0.220000,0.356639,0.080000,0.094596,0.306574,0.106025
2015-03-12,0.079484,0.140432,0.027411,0.033748,0.110079,0.038437,0.220000,0.364903,0.080000,0.097864,0.295219,0.110937
2015-03-13,0.079484,0.148568,0.027411,0.034934,0.105580,0.040260,0.220000,0.382766,0.080000,0.101185,0.284475,0.115984
2015-03-17,0.079484,0.169611,0.027411,0.030913,0.122541,0.034177,0.220000,0.427408,0.080000,0.089901,0.324415,0.099067
2015-03-18,0.079484,0.186418,0.027965,0.031091,0.121675,0.034441,0.220000,0.461477,0.081572,0.090403,0.322412,0.099806
2015-03-19,0.079484,0.172032,0.027411,0.030817,0.123012,0.034035,0.220000,0.432402,0.080000,0.089631,0.325501,0.098670
2015-03-20,0.079484,0.173262,0.027411,0.030114,0.126574,0.033001,0.220000,0.434928,0.080000,0.087649,0.333687,0.095773
2015-03-23,0.079484,0.173415,0.027411,0.029872,0.127851,0.032647,0.220000,0.435242,0.080000,0.086965,0.336604,0.094778
2015-03-24,0.079484,0.171444,0.027411,0.029211,0.131467,0.031684,0.220000,0.431192,0.080000,0.085098,0.344824,0.092073
2015-03-25,0.079484,0.165415,0.027411,0.031160,0.121343,0.034544,0.220000,0.418686,0.080000,0.090598,0.321644,0.100092
2015-03-26,0.079484,0.162616,0.027411,0.034221,0.108240,0.039162,0.220000,0.412816,0.080000,0.099189,0.290840,0.112944
2015-03-27,0.079484,0.163839,0.027411,0.032914,0.113476,0.037170,0.220000,0.415385,0.080000,0.095526,0.303258,0.107417
2015-03-31,0.079484,0.160273,0.027411,0.033751,0.110065,0.038443,0.220000,0.407874,0.080000,0.097875,0.295185,0.110952
2015-04-01,0.079484,0.167533,0.027411,0.031073,0.121765,0.034414,0.220000,0.423098,0.080000,0.090351,0.322619,0.099729
2015-04-02,0.079484,0.158731,0.027411,0.033623,0.110572,0.038248,0.220000,0.404605,0.080000,0.097517,0.296388,0.110412
2015-04-06,0.079484,0.155648,0.027411,0.036016,0.101786,0.041942,0.220000,0.398036,0.080000,0.104204,0.275330,0.120621
2015-04-07,0.079484,0.140732,0.027411,0.034094,0.108727,0.038967,0.220000,0.365568,0.080000,0.098834,0.292001,0.112406
2015-04-08,0.079484,0.136072,0.027411,0.034767,0.106192,0.040002,0.220000,0.355189,0.080000,0.100717,0.285943,0.115269
2015-04-09,0.079484,0.128536,0.027411,0.036520,0.100110,0.042731,0.220000,0.338168,0.080000,0.105608,0.271267,0.122793
2015-04-10,0.079484,0.123642,0.027411,0.035597,0.103224,0.041288,0.220000,0.326955,0.080000,0.103034,0.278807,0.118819
2015-04-13,0.079484,0.123220,0.027411,0.036287,0.100879,0.042365,0.220000,0.325981,0.080000,0.104958,0.273135,0.121786
2015-04-14,0.079484,0.124258,0.027411,0.034844,0.105911,0.040120,0.220000,0.328372,0.080000,0.100931,0.285269,0.115596
2015-04-15,0.079484,0.123840,0.027411,0.036615,0.099802,0.042879,0.220000,0.327410,0.080000,0.105871,0.270518,0.123201
2015-04-16,0.079484,0.125626,0.027411,0.036777,0.099276,0.043135,0.220000,0.331514,0.080000,0.106323,0.269240,0.123903
2015-04-17,0.079484,0.128955,0.027411,0.034786,0.106123,0.040031,0.220000,0.339122,0.080000,0.100770,0.285778,0.115350
2015-04-20,0.079484,0.123992,0.027411,0.034437,0.107420,0.039494,0.220000,0.327760,0.080000,0.099794,0.288882,0.113864
2015-04-21,0.079484,0.118563,0.027411,0.035656,0.103019,0.041379,0.220000,0.315184,0.080000,0.103199,0.278312,0.119072
2015-04-22,0.079484,0.112748,0.027411,0.038618,0.093684,0.046060,0.220000,0.301541,0.080000,0.111438,0.255544,0.131914
2015-04-23,0.079484,0.116421,0.027411,0.038182,0.094951,0.045362,0.220000,0.310179,0.080000,0.110228,0.258663,0.130007
2015-04-24,0.079484,0.116720,0.027411,0.037178,0.098004,0.043767,0.220000,0.310879,0.080000,0.107438,0.266139,0.125637
2015-04-27,0.079484,0.115640,0.027411,0.037898,0.095794,0.044910,0.220000,0.308348,0.080000,0.109441,0.260732,0.128770
2015-04-28,0.079484,0.113224,0.027411,0.040453,0.088703,0.049027,0.220000,0.302665,0.080000,0.116516,0.243201,0.139988
2015-04-29,0.079484,0.113536,0.027411,0.044530,0.079324,0.055801,0.220000,0.303400,0.080000,0.127731,0.219594,0.158236
2015-04-30,0.079484,0.123006,0.027411,0.042651,0.083390,0.052647,0.220000,0.325489,0.080000,0.122572,0.229887,0.149772
2015-05-01,0.079484,0.115460,0.027411,0.046247,0.075944,0.058725,0.220000,0.307926,0.080000,0.132423,0.210967,0.166032
2015-05-05,0.079484,0.111320,0.027411,0.050323,0.068964,0.065841,0.220000,0.298162,0.080000,0.143500,0.192951,0.184804
2015-05-06,0.079484,0.112298,0.027411,0.052937,0.065128,0.070528,0.220000,0.300479,0.080000,0.150553,0.182935,0.197013
2015-05-07,0.079484,0.115353,0.027411,0.049028,0.071038,0.063555,0.220000,0.307674,0.080000,0.139991,0.198332,0.178804
2015-05-08,0.079484,0.116330,0.027411,0.050652,0.068456,0.066426,0.220000,0.309967,0.080000,0.144390,0.191631,0.186334
2015-05-11,0.079484,0.105340,0.027411,0.058716,0.058004,0.081229,0.220000,0.283900,0.080000,0.166007,0.164113,0.224428
2015-05-12,0.079484,0.114925,0.027411,0.059827,0.056810,0.083341,0.220000,0.306670,0.080000,0.168958,0.160931,0.229764
2015-05-13,0.079484,0.111109,0.027411,0.060968,0.055636,0.085525,0.220000,0.297664,0.080000,0.171978,0.157794,0.235257
2015-05-14,0.079484,0.111399,0.027411,0.060143,0.056480,0.083944,0.220000,0.298350,0.080000,0.169795,0.160050,0.231283
2015-05-15,0.079484,0.113051,0.027411,0.052786,0.065337,0.070255,0.220000,0.302257,0.080000,0.150147,0.183484,0.196306
2015-05-18,0.079484,0.106006,0.027411,0.058411,0.058340,0.080653,0.220000,0.285498,0.080000,0.165196,0.165008,0.222969
2015-05-19,0.079484,0.103701,0.027411,0.057637,0.059212,0.079196,0.220000,0.279957,0.080000,0.163136,0.167325,0.219268
2015-05-20,0.079484,0.107795,0.027411,0.059781,0.056859,0.083252,0.220000,0.289777,0.080000,0.168835,0.161061,0.229541
2015-05-21,0.079484,0.111386,0.027411,0.053359,0.064548,0.071294,0.220000,0.298320,0.080000,0.151688,0.181413,0.198997
2015-05-22,0.079484,0.108205,0.027411,0.051765,0.066794,0.068414,0.220000,0.290758,0.080000,0.147394,0.187295,0.191521
2015-05-26,0.079484,0.110482,0.027411,0.046183,0.076064,0.058616,0.220000,0.296176,0.080000,0.132249,0.211274,0.165742
2015-05-27,0.079484,0.110613,0.027411,0.046322,0.075801,0.058855,0.220000,0.296487,0.080000,0.132629,0.210602,0.166378
2015-05-28,0.079484,0.114314,0.027411,0.047251,0.074095,0.060457,0.220000,0.305234,0.080000,0.135161,0.206222,0.170626
2015-05-29,0.079484,0.118182,0.027411,0.047394,0.073839,0.060705,0.220000,0.314295,0.080000,0.135551,0.205564,0.171282
2015-06-01,0.079484,0.120040,0.027411,0.051031,0.067881,0.067100,0.220000,0.318622,0.080000,0.145413,0.190133,0.188096
2015-06-02,0.079484,0.117124,0.027411,0.058834,0.057875,0.081452,0.220000,0.311826,0.080000,0.166320,0.163769,0.224994
2015-06-03,0.079484,0.114261,0.027411,0.065619,0.051317,0.094619,0.220000,0.305108,0.080000,0.184221,0.146186,0.257847
2015-06-04,0.079484,0.124717,0.027411,0.061333,0.055270,0.086229,0.220000,0.329427,0.080000,0.172945,0.156814,0.237021
2015-06-05,0.079484,0.120987,0.027411,0.064934,0.051910,0.093261,0.220000,0.320819,0.080000,0.182426,0.147786,0.254502
2015-06-08,0.079484,0.124622,0.027411,0.066360,0.050691,0.096097,0.220000,0.329210,0.080000,0.186161,0.144494,0.261474
2015-06-09,0.079484,0.131836,0.027411,0.067804,0.049515,0.098996,0.220000,0.345657,0.080000,0.189931,0.141311,0.268558
2015-06-10,0.079484,0.129104,0.027411,0.074577,0.044668,0.112987,0.220000,0.339460,0.080000,0.207460,0.128108,0.302104
2015-06-11,0.079484,0.130345,0.027411,0.063385,0.053303,0.090214,0.220000,0.342280,0.080000,0.178356,0.151537,0.246961
2015-06-12,0.079484,0.130673,0.027411,0.062432,0.054199,0.088356,0.220000,0.343024,0.080000,0.175846,0.153943,0.242337
2015-06-15,0.079484,0.145487,0.027411,0.061476,0.055128,0.086504,0.220000,0.376041,0.080000,0.173322,0.156435,0.237711
2015-06-16,0.079484,0.155655,0.027411,0.058346,0.058412,0.080531,0.220000,0.398051,0.080000,0.165024,0.165199,0.222658
2015-06-17,0.079484,0.153764,0.027411,0.063101,0.053566,0.089660,0.220000,0.393998,0.080000,0.177610,0.152244,0.245584
2015-06-18,0.079484,0.151391,0.027411,0.068323,0.049106,0.100046,0.220000,0.388885,0.080000,0.191284,0.140201,0.271111
2015-06-19,0.079484,0.153014,0.027411,0.058708,0.058012,0.081215,0.220000,0.392385,0.080000,0.165988,0.164134,0.224394
2015-06-22,0.079484,0.136042,0.027411,0.068617,0.048877,0.100642,0.220000,0.355122,0.080000,0.192050,0.139580,0.272560
2015-06-23,0.079484,0.135366,0.027411,0.072967,0.045730,0.109602,0.220000,0.353606,0.080000,0.203317,0.131013,0.294086
2015-06-24,0.079484,0.142877,0.027411,0.070426,0.047516,0.104336,0.220000,0.370307,0.080000,0.196748,0.135881,0.281487
2015-06-25,0.079484,0.143316,0.027411,0.073520,0.045360,0.110760,0.220000,0.371272,0.080000,0.204741,0.130000,0.296836
2015-06-26,0.079484,0.136511,0.027411,0.081456,0.040650,0.127864,0.220000,0.356172,0.080000,0.225002,0.117060,0.336635
2015-06-30,0.079484,0.210231,0.032386,0.072852,0.045808,0.109362,0.220000,0.507394,0.094044,0.203020,0.131225,0.293514
2015-07-01,0.079484,0.177171,0.027411,0.077662,0.042769,0.119574,0.220000,0.442905,0.080000,0.215360,0.122898,0.317539
2015-07-02,0.079484,0.180986,0.027411,0.081123,0.040827,0.127128,0.220000,0.450618,0.080000,0.224159,0.117549,0.334954
2015-07-06,0.079484,0.213448,0.032981,0.072250,0.046220,0.108107,0.220000,0.513388,0.095716,0.201467,0.132350,0.290523
2015-07-07,0.079484,0.239490,0.037770,0.071008,0.047094,0.105535,0.220000,0.560140,0.109084,0.198257,0.134733,0.284368
2015-07-08,0.079484,0.266189,0.042589,0.068371,0.049068,0.100144,0.220000,0.604858,0.122404,0.191410,0.140098,0.271350
2015-07-09,0.079484,0.239520,0.037775,0.075993,0.043775,0.115994,0.220000,0.560192,0.109099,0.211093,0.125661,0.309178
2015-07-10,0.079484,0.201916,0.030844,0.084528,0.039087,0.134732,0.220000,0.491670,0.089707,0.232753,0.112737,0.352184
2015-07-13,0.079484,0.187741,0.028211,0.081279,0.040744,0.127474,0.220000,0.464100,0.082268,0.224556,0.117319,0.335745
2015-07-14,0.079484,0.194558,0.029478,0.081463,0.040646,0.127881,0.220000,0.477480,0.085851,0.225022,0.117049,0.336674
2015-07-15,0.079484,0.197951,0.030108,0.076762,0.043306,0.117639,0.220000,0.484056,0.087631,0.213061,0.124372,0.313027
2015-07-16,0.079484,0.193187,0.029223,0.072367,0.046139,0.108351,0.220000,0.474808,0.085132,0.201770,0.132129,0.291106
2015-07-17,0.079484,0.199448,0.030386,0.068208,0.049195,0.099814,0.220000,0.486940,0.088416,0.190986,0.140444,0.270548
2015-07-20,0.079484,0.200154,0.030517,0.069934,0.047878,0.103327,0.220000,0.488295,0.088785,0.195472,0.136868,0.279054
2015-07-21,0.079484,0.226344,0.035361,0.065849,0.051121,0.095077,0.220000,0.536934,0.102375,0.184823,0.145657,0.258971
2015-07-22,0.079484,0.256898,0.040925,0.058159,0.058621,0.080177,0.220000,0.589659,0.117819,0.164525,0.165756,0.221761
2015-07-23,0.079484,0.277786,0.044645,0.057112,0.059818,0.078213,0.220000,0.623299,0.128044,0.161737,0.168934,0.216765
2015-07-24,0.079484,0.321703,0.052162,0.057291,0.059610,0.078547,0.220000,0.687925,0.148466,0.162213,0.168383,0.217617
2015-07-27,0.079484,0.407003,0.065236,0.055049,0.062328,0.074385,0.220000,0.791475,0.183219,0.156222,0.175573,0.206967
2015-07-28,0.079484,0.390967,0.062953,0.057665,0.059179,0.079249,0.220000,0.774097,0.177218,0.163212,0.167239,0.219404
2015-07-29,0.079484,0.336257,0.054546,0.060435,0.056178,0.084503,0.220000,0.707584,0.154875,0.170569,0.159243,0.232690
2015-07-30,0.079484,0.306846,0.049671,0.056769,0.060221,0.077573,0.220000,0.666966,0.141733,0.160823,0.170001,0.215133
2015-07-31,0.079484,0.368902,0.059673,0.053304,0.064623,0.071195,0.220000,0.748644,0.168550,0.151541,0.181610,0.198739
2015-08-04,0.079484,0.381182,0.061517,0.049127,0.070875,0.063728,0.220000,0.763032,0.173432,0.140259,0.197912,0.179260
2015-08-05,0.079484,0.325966,0.052866,0.056282,0.060803,0.076666,0.220000,0.693771,0.150362,0.159522,0.171543,0.212816
2015-08-06,0.079484,0.384096,0.061948,0.052791,0.065331,0.070263,0.220000,0.766364,0.174569,0.150159,0.183468,0.196326
2015-08-07,0.079484,0.415196,0.073452,0.045311,0.077750,0.057126,0.220000,0.800000,0.204566,0.129867,0.215585,0.161774
2015-08-10,0.079484,0.415196,0.074554,0.051943,0.066535,0.068735,0.220000,0.800000,0.207402,0.147875,0.186618,0.192355
2015-08-11,0.079484,0.415196,0.092789,0.047632,0.073418,0.061117,0.220000,0.800000,0.253337,0.136198,0.204478,0.172375
2015-08-12,0.079484,0.415196,0.114445,0.047773,0.073171,0.061362,0.220000,0.800000,0.305542,0.136581,0.203842,0.173021
2015-08-13,0.079484,0.415196,0.095253,0.047912,0.072929,0.061603,0.220000,0.800000,0.259403,0.136958,0.203219,0.173657
2015-08-14,0.079484,0.415196,0.079005,0.048054,0.072683,0.061850,0.220000,0.800000,0.218782,0.137344,0.202583,0.174311
2015-08-17,0.079484,0.415196,0.083532,0.044962,0.078446,0.056532,0.220000,0.800000,0.230247,0.128912,0.217360,0.160190
2015-08-18,0.079484,0.415196,0.080212,0.047078,0.074407,0.060158,0.220000,0.800000,0.221849,0.134691,0.207023,0.169835
2015-08-19,0.079484,0.415196,0.099100,0.046168,0.076092,0.058591,0.220000,0.800000,0.268811,0.132209,0.211345,0.165675
2015-08-20,0.079484,0.415196,0.110215,0.041380,0.086380,0.050546,0.220000,0.800000,0.295543,0.119075,0.237401,0.144102
2015-08-21,0.079484,0.415196,0.134070,0.042467,0.083810,0.052342,0.220000,0.800000,0.350696,0.122066,0.230946,0.148949
2015-08-24,0.079484,0.415196,0.212263,0.043578,0.081334,0.054196,0.220000,0.800000,0.511185,0.125119,0.224694,0.153936
2015-08-25,0.079484,0.415196,0.147526,0.046813,0.074890,0.059700,0.220000,0.800000,0.380497,0.133968,0.208264,0.168622
2015-08-26,0.079484,0.415196,0.143990,0.053946,0.063759,0.072363,0.220000,0.800000,0.372755,0.153265,0.179341,0.201759
2015-08-27,0.079484,0.415196,0.111875,0.052867,0.065225,0.070402,0.220000,0.800000,0.299476,0.150365,0.183189,0.196685
2015-08-28,0.079484,0.415196,0.095080,0.049426,0.070387,0.064255,0.220000,0.800000,0.258979,0.141070,0.196647,0.180644
2015-08-31,0.079484,0.415196,0.090768,0.049570,0.070155,0.064509,0.220000,0.800000,0.248335,0.141460,0.196045,0.181310
2015-09-01,0.079484,0.415196,0.101312,0.049716,0.069920,0.064767,0.220000,0.800000,0.274185,0.141857,0.195436,0.181988
2015-09-02,0.079484,0.415196,0.089546,0.051082,0.067804,0.067192,0.220000,0.800000,0.245302,0.145552,0.189931,0.188336
2015-09-03,0.079484,0.415196,0.081474,0.049999,0.069471,0.065267,0.220000,0.800000,0.225048,0.142623,0.194270,0.183300
2015-09-04,0.079484,0.415196,0.083761,0.044323,0.079753,0.055450,0.220000,0.800000,0.230822,0.127162,0.220686,0.157297
2015-09-08,0.079484,0.415196,0.069506,0.049194,0.070766,0.063846,0.220000,0.800000,0.194361,0.140440,0.197629,0.179568
2015-09-09,0.079484,0.403381,0.064728,0.049339,0.070529,0.064101,0.220000,0.787631,0.181886,0.140834,0.197015,0.180240
2015-09-10,0.079484,0.391785,0.063071,0.052100,0.066309,0.069016,0.220000,0.775006,0.177530,0.148297,0.186028,0.193088
2015-09-11,0.079484,0.404728,0.064917,0.053649,0.064156,0.071821,0.220000,0.789066,0.182383,0.152466,0.180385,0.200359
2015-09-14,0.079484,0.397054,0.063829,0.048458,0.071990,0.062557,0.220000,0.780802,0.179526,0.138444,0.200796,0.176175
2015-09-15,0.079484,0.340831,0.055284,0.049903,0.069623,0.065097,0.220000,0.713589,0.156851,0.142363,0.194664,0.182854
2015-09-16,0.079484,0.355007,0.057530,0.052805,0.065312,0.070288,0.220000,0.731673,0.162851,0.150196,0.183418,0.196390
2015-09-17,0.079484,0.402047,0.064540,0.057456,0.059419,0.078857,0.220000,0.786203,0.181392,0.162655,0.167875,0.218407
2015-09-18,0.079484,0.415196,0.069863,0.047659,0.073371,0.061163,0.220000,0.800000,0.195288,0.136270,0.204359,0.172495
2015-09-21,0.079484,0.414877,0.066326,0.053325,0.064595,0.071232,0.220000,0.799673,0.186073,0.151596,0.181536,0.198835
2015-09-22,0.079484,0.415196,0.085026,0.049248,0.070677,0.063941,0.220000,0.800000,0.234006,0.140587,0.197398,0.179820
2015-09-23,0.079484,0.415196,0.086161,0.050785,0.068254,0.066662,0.220000,0.800000,0.236851,0.144748,0.191103,0.186951
2015-09-24,0.079484,0.415196,0.107747,0.050942,0.068015,0.066943,0.220000,0.800000,0.289664,0.145174,0.190481,0.187684
2015-09-25,0.079484,0.415196,0.105046,0.052564,0.065649,0.069853,0.220000,0.800000,0.283193,0.149548,0.184301,0.195261
2015-09-28,0.079484,0.415196,0.170266,0.047075,0.074412,0.060153,0.220000,0.800000,0.428762,0.134682,0.207038,0.169821
2015-09-29,0.079484,0.415196,0.207874,0.044530,0.079325,0.055801,0.220000,0.800000,0.502969,0.127730,0.219596,0.158235
2015-09-30,0.079484,0.415196,0.205583,0.045951,0.076505,0.058219,0.220000,0.800000,0.498646,0.131617,0.212403,0.164686
2015-10-01,0.079484,0.415196,0.209954,0.044797,0.078780,0.056252,0.220000,0.800000,0.506875,0.128459,0.218211,0.159440
2015-10-02,0.079484,0.415196,0.240998,0.044933,0.078505,0.056482,0.220000,0.800000,0.562751,0.128832,0.217510,0.160057
2015-10-05,0.079484,0.415196,0.163593,0.052082,0.066335,0.068984,0.220000,0.800000,0.414869,0.148250,0.186095,0.193005
2015-10-07,0.079484,0.415196,0.099433,0.047996,0.072783,0.061749,0.220000,0.800000,0.269622,0.137187,0.202842,0.174045
2015-10-08,0.079484,0.415196,0.087976,0.054205,0.063417,0.072836,0.220000,0.800000,0.241388,0.153960,0.178442,0.202980
2015-10-09,0.079484,0.415196,0.073692,0.054391,0.063174,0.073177,0.220000,0.800000,0.205185,0.154459,0.177802,0.203857
2015-10-13,0.079484,0.415196,0.077378,0.046999,0.074551,0.060020,0.220000,0.800000,0.214636,0.134474,0.207394,0.169470
2015-10-14,0.079484,0.415196,0.082997,0.047123,0.074326,0.060235,0.220000,0.800000,0.228897,0.134812,0.206817,0.170038
2015-10-15,0.079484,0.415196,0.074874,0.048741,0.071514,0.063052,0.220000,0.800000,0.208224,0.139213,0.199565,0.177479
2015-10-16,0.079484,0.413297,0.066109,0.048884,0.071276,0.063303,0.220000,0.798045,0.185505,0.139601,0.198948,0.178140
2015-10-19,0.079484,0.396524,0.063754,0.049026,0.071041,0.063551,0.220000,0.780224,0.179326,0.139986,0.198341,0.178795
2015-10-20,0.079484,0.343512,0.055713,0.047624,0.073432,0.061103,0.220000,0.717069,0.158000,0.136176,0.204515,0.172337
2015-10-21,0.079484,0.329440,0.053437,0.044787,0.078800,0.056235,0.220000,0.698482,0.151897,0.128432,0.218262,0.159396
2015-10-22,0.079484,0.321588,0.052143,0.049495,0.070275,0.064377,0.220000,0.687766,0.148414,0.141258,0.196356,0.180965
2015-10-23,0.079484,0.269961,0.043261,0.049639,0.070045,0.064630,0.220000,0.610920,0.124249,0.141646,0.195759,0.181628
2015-10-26,0.079484,0.264833,0.042348,0.046590,0.075302,0.059315,0.220000,0.602664,0.121739,0.133359,0.209322,0.167599
2015-10-27,0.079484,0.284214,0.045772,0.045177,0.078017,0.056897,0.220000,0.633267,0.131128,0.129499,0.216265,0.161163
2015-10-28,0.079484,0.253704,0.040350,0.040925,0.087506,0.049798,0.220000,0.584345,0.116230,0.117819,0.240215,0.142079
2015-10-29,0.079484,0.231020,0.036220,0.051958,0.066513,0.068762,0.220000,0.545279,0.104772,0.147916,0.186561,0.192426
2015-10-30,0.079484,0.227540,0.035581,0.047027,0.074500,0.060069,0.220000,0.539077,0.102989,0.134551,0.207262,0.169600
2015-11-02,0.079484,0.217789,0.033784,0.050659,0.068445,0.066438,0.220000,0.521400,0.097965,0.144409,0.191603,0.186366
2015-11-03,0.079484,0.200802,0.030637,0.050815,0.068207,0.066716,0.220000,0.489539,0.089124,0.144831,0.190982,0.187093
2015-11-04,0.079484,0.189212,0.028485,0.047467,0.073711,0.060830,0.220000,0.467007,0.083043,0.135747,0.205233,0.171614
2015-11-05,0.079484,0.191485,0.028907,0.047591,0.073491,0.061046,0.220000,0.471476,0.084237,0.136086,0.204666,0.172184
2015-11-06,0.079484,0.187643,0.028193,0.053233,0.064721,0.071064,0.220000,0.463907,0.082217,0.151348,0.181867,0.198401
2015-11-10,0.079484,0.210593,0.032453,0.055595,0.061643,0.075393,0.220000,0.508071,0.094233,0.157685,0.173764,0.209555
2015-11-12,0.079484,0.229097,0.035867,0.051742,0.066826,0.068374,0.220000,0.541860,0.103788,0.147334,0.187380,0.191417
2015-11-13,0.079484,0.251492,0.039950,0.049987,0.069491,0.065245,0.220000,0.580638,0.115126,0.142589,0.194321,0.183242
2015-11-16,0.079484,0.255498,0.040673,0.044701,0.078975,0.056090,0.220000,0.587336,0.117124,0.128198,0.218706,0.159007
2015-11-17,0.079484,0.230960,0.036209,0.044829,0.078714,0.056307,0.220000,0.545173,0.104741,0.128549,0.218042,0.159588
2015-11-18,0.079484,0.236849,0.037287,0.041686,0.085641,0.051050,0.220000,0.555541,0.107743,0.119918,0.235547,0.145464
2015-11-19,0.079484,0.240098,0.037881,0.035955,0.101993,0.041846,0.220000,0.561193,0.109392,0.104034,0.275832,0.120358
2015-11-20,0.079484,0.243785,0.038552,0.036090,0.101536,0.042057,0.220000,0.567549,0.111255,0.104411,0.274726,0.120940
2015-11-23,0.079484,0.245796,0.038918,0.033619,0.110588,0.038242,0.220000,0.570991,0.112269,0.097505,0.296427,0.110395
2015-11-24,0.079484,0.260233,0.041524,0.033804,0.109856,0.038524,0.220000,0.595158,0.119471,0.098023,0.294688,0.111177
2015-11-25,0.079484,0.250315,0.039737,0.032748,0.114174,0.036921,0.220000,0.578657,0.114537,0.095063,0.304902,0.106723
2015-11-27,0.079484,0.246432,0.039033,0.033014,0.113057,0.037322,0.220000,0.572076,0.112589,0.095808,0.302269,0.107839
2015-12-01,0.079484,0.237900,0.037479,0.026852,0.146219,0.028313,0.220000,0.557374,0.108277,0.078412,0.377643,0.082556
2015-12-02,0.079484,0.234095,0.036784,0.027115,0.144413,0.028684,0.220000,0.550712,0.106341,0.079159,0.373686,0.083607
2015-12-03,0.079484,0.223051,0.034755,0.044013,0.080402,0.054928,0.220000,0.530996,0.100682,0.126314,0.222333,0.155899
2015-12-04,0.079484,0.227864,0.035640,0.036708,0.099499,0.043026,0.220000,0.539657,0.103155,0.106131,0.269783,0.123604
2015-12-07,0.079484,0.252898,0.040204,0.033049,0.112912,0.037375,0.220000,0.582996,0.115828,0.095905,0.301927,0.107986
2015-12-08,0.079484,0.289709,0.046730,0.034445,0.107389,0.039507,0.220000,0.641649,0.133740,0.099818,0.288807,0.113899
2015-12-09,0.079484,0.307967,0.049860,0.033402,0.111462,0.037911,0.220000,0.668578,0.142247,0.096896,0.298499,0.109476
2015-12-11,0.079484,0.415196,0.073746,0.029298,0.130981,0.031810,0.220000,0.800000,0.205323,0.085343,0.343722,0.092428
2015-12-14,0.079484,0.415196,0.092770,0.030593,0.124126,0.033705,0.220000,0.800000,0.253290,0.088999,0.328068,0.097745
2015-12-15,0.079484,0.415196,0.075886,0.035500,0.103562,0.041137,0.220000,0.800000,0.210818,0.102764,0.279622,0.118403
2015-12-16,0.079484,0.414676,0.066299,0.033231,0.112160,0.037651,0.220000,0.799465,0.186001,0.096416,0.300152,0.108753
2015-12-17,0.079484,0.412463,0.065994,0.029041,0.132429,0.031439,0.220000,0.797182,0.185204,0.084618,0.346996,0.091382
2015-12-18,0.079484,0.415196,0.075304,0.027246,0.143527,0.028870,0.220000,0.800000,0.209327,0.079532,0.371738,0.084133
2015-12-21,0.079484,0.415196,0.078112,0.029341,0.130737,0.031874,0.220000,0.800000,0.216508,0.085467,0.343170,0.092606
2015-12-22,0.079484,0.415196,0.068913,0.030507,0.124560,0.033578,0.220000,0.800000,0.192821,0.088756,0.329066,0.097389
2015-12-23,0.079484,0.392214,0.063133,0.031758,0.118542,0.035433,0.220000,0.775482,0.177694,0.092280,0.315136,0.102578
2015-12-24,0.079484,0.382742,0.061748,0.027837,0.139677,0.029709,0.220000,0.764820,0.174042,0.081207,0.363226,0.086504
2015-12-29,0.079484,0.334955,0.054335,0.029216,0.131437,0.031692,0.220000,0.705861,0.154310,0.085113,0.344755,0.092095
2015-12-30,0.079484,0.317399,0.051446,0.029367,0.130596,0.031911,0.220000,0.681945,0.146534,0.085538,0.342849,0.092710
2015-12-31,0.079484,0.322146,0.052236,0.027597,0.141214,0.029367,0.220000,0.688536,0.148664,0.080528,0.366634,0.085540
2016-01-04,0.079484,0.347126,0.056288,0.028699,0.134412,0.030944,0.220000,0.721716,0.159538,0.083649,0.351464,0.089990
2016-01-05,0.079484,0.327130,0.053058,0.027944,0.138997,0.029862,0.220000,0.695355,0.150878,0.081512,0.361716,0.086938
2016-01-06,0.079484,0.347556,0.056356,0.026278,0.150321,0.027508,0.220000,0.722265,0.159720,0.076780,0.386570,0.080274
2016-01-07,0.079484,0.380865,0.061470,0.027345,0.142869,0.029009,0.220000,0.762668,0.173308,0.079812,0.370288,0.084528
2016-01-08,0.079484,0.395894,0.063663,0.026670,0.147496,0.028057,0.220000,0.779535,0.179089,0.077894,0.380431,0.081831
2016-01-11,0.079484,0.415196,0.067215,0.030506,0.124562,0.033577,0.220000,0.800000,0.188396,0.088755,0.329072,0.097387
2016-01-12,0.079484,0.415196,0.072626,0.026884,0.145997,0.028358,0.220000,0.800000,0.202437,0.078503,0.377157,0.082684
2016-01-13,0.079484,0.415196,0.075685,0.025351,0.157451,0.026221,0.220000,0.800000,0.210305,0.074142,0.401884,0.076618
2016-01-14,0.079484,0.415196,0.086582,0.027991,0.138706,0.029928,0.220000,0.800000,0.237905,0.081644,0.361068,0.087125
2016-01-15,0.079484,0.415196,0.117038,0.026346,0.149824,0.027603,0.220000,0.800000,0.311624,0.076973,0.385492,0.080543
2016-01-19,0.079484,0.415196,0.113762,0.026392,0.149487,0.027667,0.220000,0.800000,0.303934,0.077105,0.384763,0.080727
2016-01-20,0.079484,0.415196,0.168196,0.024792,0.162087,0.025452,0.220000,0.800000,0.424476,0.072549,0.411703,0.074430
2016-01-21,0.079484,0.415196,0.146316,0.026566,0.148236,0.027911,0.220000,0.800000,0.377855,0.077598,0.382044,0.081417
2016-01-22,0.079484,0.415196,0.113879,0.027564,0.141431,0.029320,0.220000,0.800000,0.304208,0.080433,0.367114,0.085406
2016-01-25,0.079484,0.415196,0.114608,0.024469,0.164895,0.025011,0.220000,0.800000,0.305925,0.071626,0.417597,0.073171
2016-01-26,0.079484,0.415196,0.112007,0.025440,0.156739,0.026343,0.220000,0.800000,0.299790,0.074395,0.400365,0.076967
2016-01-27,0.079484,0.415196,0.107884,0.027258,0.143448,0.028886,0.220000,0.800000,0.289991,0.079565,0.371565,0.084180
2016-01-28,0.079484,0.415196,0.105094,0.026616,0.147875,0.027982,0.220000,0.800000,0.283308,0.077742,0.381258,0.081618
2016-01-29,0.079484,0.415196,0.103457,0.027636,0.140961,0.029423,0.220000,0.800000,0.279369,0.080638,0.366075,0.085697
2016-02-01,0.079484,0.415196,0.098515,0.026215,0.150783,0.027420,0.220000,0.800000,0.267385,0.076602,0.387570,0.080026
2016-02-02,0.079484,0.415196,0.115804,0.023456,0.174366,0.023639,0.220000,0.800000,0.308733,0.068731,0.437188,0.069254
2016-02-03,0.079484,0.415196,0.119957,0.026757,0.146883,0.028179,0.220000,0.800000,0.318429,0.078141,0.379095,0.082177
2016-02-04,0.079484,0.415196,0.114928,0.027827,0.139737,0.029695,0.220000,0.800000,0.306676,0.081180,0.363361,0.086466
2016-02-05,0.079484,0.415196,0.117009,0.024244,0.166913,0.024704,0.220000,0.800000,0.311556,0.070982,0.421809,0.072295
2016-02-08,0.079484,0.415196,0.151267,0.022516,0.184186,0.022385,0.220000,0.800000,0.388617,0.066039,0.457033,0.065662
2016-02-09,0.079484,0.415196,0.159175,0.020398,0.211014,0.019623,0.220000,0.800000,0.405549,0.059954,0.508858,0.057721
2016-02-10,0.079484,0.415196,0.151645,0.018075,0.251407,0.016705,0.220000,0.800000,0.389435,0.053252,0.580495,0.049282
2016-02-11,0.079484,0.415196,0.186973,0.017979,0.253434,0.016586,0.220000,0.800000,0.462579,0.052973,0.583894,0.048938
2016-02-12,0.079484,0.415196,0.153286,0.020474,0.209916,0.019720,0.220000,0.800000,0.392971,0.060173,0.506804,0.058002
2016-02-16,0.079484,0.415196,0.124129,0.021389,0.197540,0.020903,0.220000,0.800000,0.328076,0.062804,0.483263,0.061409
2016-02-17,0.079484,0.415196,0.102570,0.023543,0.173513,0.023756,0.220000,0.800000,0.277227,0.068979,0.435444,0.069588
2016-02-18,0.079484,0.415196,0.095341,0.022043,0.189563,0.021760,0.220000,0.800000,0.259621,0.064682,0.467699,0.063869
2016-02-19,0.079484,0.415196,0.092692,0.020186,0.214145,0.019351,0.220000,0.800000,0.253097,0.059343,0.514681,0.056938
2016-02-22,0.079484,0.415196,0.083041,0.020053,0.216154,0.019182,0.220000,0.800000,0.229009,0.058960,0.518394,0.056449
2016-02-23,0.079484,0.415196,0.081207,0.019934,0.217979,0.019031,0.220000,0.800000,0.224372,0.058619,0.521749,0.056014
2016-02-24,0.079484,0.415196,0.081413,0.021364,0.197865,0.020870,0.220000,0.800000,0.224895,0.062731,0.483889,0.061313
2016-02-25,0.079484,0.415196,0.076435,0.021192,0.200081,0.020647,0.220000,0.800000,0.212225,0.062237,0.488156,0.060671
2016-02-26,0.079484,0.389087,0.062679,0.020032,0.216481,0.019155,0.220000,0.771999,0.176498,0.058899,0.518996,0.056371
2016-03-01,0.079484,0.274868,0.044130,0.021807,0.192365,0.021450,0.220000,0.618714,0.126634,0.064005,0.473200,0.062979
2016-03-02,0.079484,0.244644,0.038709,0.022685,0.182338,0.022609,0.220000,0.569023,0.111689,0.066524,0.453334,0.066305
2016-03-03,0.079484,0.235783,0.037092,0.022466,0.184739,0.022318,0.220000,0.553676,0.107201,0.065896,0.458137,0.065472
2016-03-04,0.079484,0.208235,0.032016,0.023865,0.170413,0.024191,0.220000,0.503649,0.093005,0.069901,0.429067,0.070830
2016-03-07,0.079484,0.196962,0.029924,0.024153,0.167742,0.024580,0.220000,0.482144,0.087112,0.070722,0.423533,0.071942
2016-03-08,0.079484,0.202569,0.030965,0.021800,0.192447,0.021441,0.220000,0.492917,0.090048,0.063985,0.473361,0.062953
2016-03-09,0.079484,0.195406,0.029635,0.024758,0.162385,0.025405,0.220000,0.479129,0.086297,0.072449,0.412329,0.074294
2016-03-10,0.079484,0.178902,0.027411,0.025010,0.160250,0.025751,0.220000,0.446415,0.080000,0.073169,0.407824,0.075280
2016-03-11,0.079484,0.158844,0.027411,0.025847,0.153555,0.026907,0.220000,0.404846,0.080000,0.075554,0.393548,0.078569
2016-03-14,0.079484,0.145268,0.027411,0.025545,0.155907,0.026488,0.220000,0.375562,0.080000,0.074693,0.398589,0.077378
2016-03-16,0.079484,0.150527,0.027411,0.030430,0.124946,0.033466,0.220000,0.387017,0.080000,0.088542,0.329954,0.097075
2016-03-17,0.079484,0.140304,0.027411,0.028679,0.134526,0.030916,0.220000,0.364619,0.080000,0.083594,0.351721,0.089911
2016-03-18,0.079484,0.131295,0.027411,0.028883,0.133340,0.031209,0.220000,0.344434,0.080000,0.084169,0.349053,0.090736
2016-03-21,0.079484,0.124748,0.027411,0.029740,0.128559,0.032453,0.220000,0.329499,0.080000,0.086592,0.338220,0.094235
2016-03-22,0.079484,0.122407,0.027411,0.028681,0.134518,0.030918,0.220000,0.324105,0.080000,0.083598,0.351702,0.089917
2016-03-23,0.079484,0.125540,0.027411,0.027704,0.140522,0.029520,0.220000,0.331318,0.080000,0.080832,0.365101,0.085971
2016-03-24,0.079484,0.132238,0.027411,0.028541,0.135345,0.030717,0.220000,0.346566,0.080000,0.083203,0.353560,0.089350
2016-03-28,0.079484,0.134027,0.027411,0.027582,0.141316,0.029345,0.220000,0.350599,0.080000,0.080483,0.366859,0.085477
2016-03-29,0.079484,0.139494,0.027411,0.029639,0.129103,0.032307,0.220000,0.362821,0.080000,0.086307,0.339458,0.093822
2016-03-30,0.079484,0.132363,0.027411,0.032471,0.115364,0.036503,0.220000,0.346849,0.080000,0.094284,0.307701,0.105559
2016-03-31,0.079484,0.128554,0.027411,0.031318,0.120591,0.034778,0.220000,0.338209,0.080000,0.091042,0.319901,0.100747
2016-04-01,0.079484,0.126039,0.027411,0.030226,0.125992,0.033166,0.220000,0.332461,0.080000,0.087966,0.332353,0.096234
2016-04-04,0.079484,0.122856,0.027411,0.030439,0.124900,0.033479,0.220000,0.325141,0.080000,0.088567,0.329849,0.097112
2016-04-05,0.079484,0.127935,0.027411,0.029417,0.130316,0.031984,0.220000,0.336797,0.080000,0.085681,0.342214,0.092916
2016-04-06,0.079484,0.124032,0.027411,0.030867,0.122766,0.034109,0.220000,0.327852,0.080000,0.089772,0.324934,0.098877
2016-04-07,0.079484,0.128056,0.027411,0.029223,0.131397,0.031703,0.220000,0.337072,0.080000,0.085133,0.344664,0.092124
2016-04-08,0.079484,0.124500,0.027411,0.030657,0.123805,0.033799,0.220000,0.328928,0.080000,0.089180,0.327329,0.098010
2016-04-11,0.079484,0.120941,0.027411,0.031498,0.119742,0.035046,0.220000,0.320711,0.080000,0.091550,0.317928,0.101497
2016-04-12,0.079484,0.114087,0.027411,0.033001,0.113110,0.037303,0.220000,0.304698,0.080000,0.095772,0.302395,0.107786
2016-04-13,0.079484,0.105068,0.027411,0.031248,0.120923,0.034674,0.220000,0.283246,0.080000,0.090845,0.320669,0.100457
2016-04-14,0.079484,0.098225,0.027411,0.032084,0.117069,0.035921,0.220000,0.266678,0.080000,0.093196,0.311697,0.103937
2016-04-15,0.079484,0.098385,0.027411,0.031651,0.119034,0.035273,0.220000,0.267068,0.080000,0.091979,0.316282,0.102132
2016-04-18,0.079484,0.096448,0.027411,0.032498,0.115249,0.036543,0.220000,0.262334,0.080000,0.094359,0.307430,0.105670
2016-04-19,0.081580,0.088852,0.027411,0.032061,0.117172,0.035886,0.225316,0.243573,0.080000,0.093131,0.311936,0.103842
2016-04-20,0.088964,0.080841,0.027411,0.034228,0.108211,0.039173,0.243853,0.223445,0.080000,0.099211,0.290772,0.112976
2016-04-21,0.092430,0.077582,0.027411,0.035100,0.104981,0.040517,0.252450,0.215157,0.080000,0.101648,0.283036,0.116691
2016-04-22,0.094165,0.076053,0.027411,0.034594,0.106832,0.039735,0.256729,0.211248,0.080000,0.100233,0.287476,0.114532
2016-04-25,0.095160,0.075205,0.027411,0.035466,0.103682,0.041084,0.259176,0.209073,0.080000,0.102668,0.279911,0.118257
2016-04-26,0.098580,0.072437,0.027411,0.037073,0.098333,0.043602,0.267545,0.201949,0.080000,0.107147,0.266941,0.125185
2016-04-27,0.099250,0.071920,0.027411,0.034431,0.107442,0.039485,0.269177,0.200613,0.080000,0.099778,0.288934,0.113839
2016-04-28,0.102902,0.069235,0.027411,0.035987,0.101885,0.041896,0.278028,0.193656,0.080000,0.104122,0.275572,0.120495
2016-04-29,0.101893,0.069955,0.027411,0.036149,0.101339,0.042149,0.275590,0.195526,0.080000,0.104574,0.274250,0.121192
2016-05-02,0.105141,0.067692,0.027411,0.037830,0.096000,0.044801,0.283422,0.189639,0.080000,0.109250,0.261238,0.128471
2016-05-03,0.099645,0.071618,0.027411,0.036522,0.100104,0.042734,0.270138,0.199835,0.080000,0.105613,0.271252,0.122801
2016-05-04,0.096362,0.074206,0.027411,0.035266,0.104387,0.040774,0.262125,0.206508,0.080000,0.102112,0.281608,0.117402
2016-05-05,0.094526,0.075743,0.027411,0.035436,0.103787,0.041037,0.257618,0.210453,0.080000,0.102585,0.280163,0.118129
2016-05-06,0.091910,0.078053,0.027411,0.036310,0.100804,0.042400,0.251165,0.216358,0.080000,0.105021,0.272952,0.121884
2016-05-09,0.090995,0.078897,0.027411,0.036480,0.100242,0.042668,0.248898,0.218508,0.080000,0.105496,0.271588,0.122619
2016-05-10,0.093279,0.076826,0.027411,0.036651,0.099684,0.042936,0.254545,0.213226,0.080000,0.105972,0.270233,0.123357
2016-05-11,0.093883,0.076298,0.027411,0.032732,0.114242,0.036896,0.256035,0.211873,0.080000,0.095018,0.305063,0.106655
2016-05-12,0.096945,0.073733,0.027411,0.032934,0.113390,0.037201,0.263551,0.205289,0.080000,0.095584,0.303057,0.107503
2016-05-13,0.094436,0.075820,0.027411,0.030661,0.123783,0.033806,0.257396,0.210650,0.080000,0.089192,0.327279,0.098027
2016-05-16,0.099597,0.071655,0.027411,0.031484,0.119810,0.035025,0.270021,0.199929,0.080000,0.091509,0.318087,0.101437
2016-05-17,0.101240,0.070429,0.027411,0.030439,0.124904,0.033478,0.274009,0.196757,0.080000,0.088564,0.329859,0.097108
2016-05-18,0.106560,0.066752,0.027411,0.032473,0.115354,0.036506,0.286824,0.187187,0.080000,0.094291,0.307677,0.105569
2016-05-19,0.101195,0.070463,0.027411,0.032037,0.117276,0.035851,0.273899,0.196843,0.080000,0.093066,0.312181,0.103744
2016-05-20,0.103890,0.068545,0.027411,0.032207,0.116519,0.036106,0.280411,0.191862,0.080000,0.093543,0.310409,0.104455
2016-05-23,0.104681,0.068003,0.027411,0.030576,0.124208,0.033681,0.282315,0.190451,0.080000,0.088953,0.328257,0.097677
2016-05-24,0.109662,0.064792,0.027411,0.031354,0.120421,0.034831,0.294227,0.182055,0.080000,0.091143,0.319506,0.100896
2016-05-25,0.113391,0.062595,0.027411,0.032137,0.116832,0.036000,0.303058,0.176275,0.080000,0.093345,0.311141,0.104160
2016-05-26,0.114368,0.062045,0.027411,0.032927,0.113421,0.037190,0.305360,0.174826,0.080000,0.095563,0.303129,0.107472
2016-05-27,0.114892,0.061755,0.027411,0.032427,0.115554,0.036437,0.306593,0.174059,0.080000,0.094161,0.308147,0.105376
2016-05-31,0.120245,0.058951,0.027411,0.033928,0.109372,0.038713,0.319097,0.166632,0.080000,0.098369,0.293538,0.111700
2016-06-01,0.119165,0.059494,0.027411,0.032162,0.116721,0.036038,0.316586,0.168074,0.080000,0.093415,0.310882,0.104264
2016-06-02,0.120044,0.059051,0.027411,0.031117,0.121548,0.034480,0.318631,0.166898,0.080000,0.090478,0.322118,0.099915
2016-06-03,0.112988,0.062825,0.027411,0.031910,0.117850,0.035660,0.302107,0.176881,0.080000,0.092707,0.313522,0.103212
2016-06-06,0.118995,0.059581,0.027411,0.032068,0.117140,0.035897,0.316191,0.168303,0.080000,0.093151,0.311861,0.103871
2016-06-07,0.124969,0.056698,0.027411,0.032885,0.113597,0.037127,0.330007,0.160631,0.080000,0.095445,0.303544,0.107296
2016-06-08,0.129984,0.054504,0.027411,0.032396,0.115689,0.036390,0.341462,0.154762,0.080000,0.094075,0.308463,0.105246
2016-06-09,0.128806,0.055002,0.027411,0.031287,0.120736,0.034732,0.338782,0.156098,0.080000,0.090956,0.320237,0.100620
2016-06-10,0.119773,0.059187,0.027411,0.031438,0.120025,0.034956,0.318001,0.167259,0.080000,0.091380,0.318586,0.101246
2016-06-13,0.114575,0.061930,0.027411,0.030362,0.125294,0.033365,0.305848,0.174522,0.080000,0.088349,0.330753,0.096793
2016-06-14,0.106605,0.066722,0.027411,0.029882,0.127797,0.032661,0.286934,0.187109,0.080000,0.086994,0.336482,0.094819
2016-06-15,0.105533,0.067429,0.027411,0.031871,0.118024,0.035603,0.284364,0.188954,0.080000,0.092599,0.313928,0.103051
2016-06-16,0.099090,0.072043,0.027411,0.029569,0.129484,0.032205,0.268786,0.200931,0.080000,0.086109,0.340324,0.093536
2016-06-17,0.105249,0.067620,0.027411,0.032800,0.113953,0.036999,0.283681,0.189451,0.080000,0.095208,0.304384,0.106941
2016-06-20,0.118066,0.060058,0.027411,0.033563,0.110813,0.038156,0.314024,0.169571,0.080000,0.097347,0.296962,0.110156
2016-06-21,0.120711,0.058720,0.027411,0.035072,0.105081,0.040474,0.320179,0.166018,0.080000,0.101570,0.283276,0.116573
2016-06-22,0.125180,0.056602,0.027411,0.034484,0.107244,0.039566,0.330491,0.160375,0.080000,0.099926,0.288461,0.114063
2016-06-23,0.136696,0.051847,0.027411,0.036042,0.101699,0.041982,0.356584,0.147616,0.080000,0.104276,0.275120,0.120732
2016-06-24,0.100479,0.070991,0.027411,0.034014,0.109034,0.038845,0.272164,0.198212,0.080000,0.098612,0.292734,0.112068
2016-06-27,0.087707,0.082096,0.027411,0.028978,0.132788,0.031348,0.240717,0.226622,0.080000,0.084440,0.347808,0.091126
2016-06-29,0.102498,0.069521,0.027411,0.031014,0.122046,0.034328,0.277054,0.194399,0.080000,0.090187,0.323270,0.099488
2016-06-30,0.104839,0.067896,0.027411,0.033097,0.112711,0.037448,0.282696,0.190171,0.080000,0.096041,0.301453,0.108190
2016-07-01,0.110873,0.064061,0.027411,0.030516,0.124514,0.033591,0.297102,0.180133,0.080000,0.088782,0.328960,0.097427
2016-07-05,0.110102,0.064524,0.027411,0.026970,0.145399,0.028480,0.295273,0.181351,0.080000,0.078749,0.375847,0.083030
2016-07-06,0.113473,0.062548,0.027411,0.026556,0.148308,0.027897,0.303251,0.176153,0.080000,0.077570,0.382200,0.081377
2016-07-07,0.121591,0.058289,0.027411,0.027873,0.139446,0.029760,0.322217,0.164872,0.080000,0.081310,0.362715,0.086651
2016-07-08,0.133888,0.052923,0.027411,0.024745,0.162493,0.025387,0.350286,0.150514,0.080000,0.072413,0.412558,0.074245
2016-07-11,0.152508,0.046601,0.027411,0.025501,0.156251,0.026428,0.391294,0.133390,0.080000,0.074569,0.399326,0.077207
2016-07-12,0.176059,0.040693,0.027411,0.029784,0.128320,0.032518,0.440644,0.117179,0.080000,0.086717,0.337675,0.094417
2016-07-13,0.167281,0.042681,0.027411,0.027549,0.141527,0.029299,0.422576,0.122655,0.080000,0.080391,0.367327,0.085347
2016-07-14,0.184652,0.038948,0.027411,0.030819,0.123001,0.034039,0.457964,0.112353,0.080000,0.089637,0.325477,0.098679
2016-07-15,0.189913,0.037966,0.027411,0.033718,0.110194,0.038393,0.468387,0.109628,0.080000,0.097783,0.295492,0.110814
2016-07-18,0.188185,0.038282,0.027411,0.035348,0.104098,0.040900,0.464978,0.110506,0.080000,0.102339,0.280913,0.117751
2016-07-19,0.190915,0.037786,0.027411,0.031893,0.117927,0.035635,0.470358,0.109127,0.080000,0.092659,0.313702,0.103140
2016-07-20,0.194711,0.037121,0.027411,0.032078,0.117094,0.035912,0.477778,0.107280,0.080000,0.093180,0.311754,0.103914
2016-07-21,0.193472,0.037335,0.027411,0.032955,0.113304,0.037232,0.475364,0.107874,0.080000,0.095641,0.302853,0.107590
2016-07-22,0.198860,0.036426,0.027411,0.032403,0.115659,0.036400,0.485808,0.105347,0.080000,0.094093,0.308394,0.105274
2016-07-25,0.202396,0.035859,0.027411,0.032568,0.114947,0.036648,0.492586,0.103766,0.080000,0.094555,0.306721,0.105964
2016-07-26,0.192585,0.037490,0.027411,0.030070,0.126803,0.032937,0.473631,0.108305,0.080000,0.087526,0.334212,0.095592
2016-07-27,0.183478,0.039176,0.027411,0.028385,0.136284,0.030492,0.455618,0.112984,0.080000,0.082760,0.355664,0.088716
2016-07-28,0.177108,0.040470,0.027411,0.029212,0.131464,0.031685,0.442778,0.116563,0.080000,0.085100,0.344815,0.092076
2016-07-29,0.168121,0.042481,0.027411,0.028800,0.133818,0.031091,0.424320,0.122106,0.080000,0.083936,0.350128,0.090402
2016-08-02,0.159055,0.044765,0.027411,0.035387,0.103959,0.040962,0.405294,0.128372,0.080000,0.102449,0.280577,0.117920
2016-08-03,0.156554,0.045446,0.027411,0.035549,0.103389,0.041214,0.399972,0.130236,0.080000,0.102902,0.279205,0.118615
2016-08-04,0.160881,0.044282,0.027411,0.034952,0.105515,0.040288,0.409159,0.127050,0.080000,0.101234,0.284320,0.116059
2016-08-05,0.180531,0.039762,0.027411,0.035129,0.104878,0.040561,0.449702,0.114607,0.080000,0.101727,0.282790,0.116814
2016-08-08,0.189950,0.037959,0.027411,0.033817,0.109804,0.038544,0.468460,0.109610,0.080000,0.098060,0.294565,0.111233
2016-08-09,0.193658,0.037302,0.027411,0.033275,0.111978,0.037718,0.475726,0.107785,0.080000,0.096541,0.299721,0.108941
2016-08-10,0.194552,0.037148,0.027411,0.031370,0.120345,0.034855,0.477469,0.107356,0.080000,0.091189,0.319329,0.100963
2016-08-11,0.203159,0.035740,0.027411,0.031531,0.119589,0.035095,0.494042,0.103433,0.080000,0.091642,0.317574,0.101633
2016-08-12,0.199286,0.036357,0.027411,0.031023,0.122004,0.034340,0.486628,0.105153,0.080000,0.090212,0.323173,0.099524
2016-08-15,0.211870,0.034443,0.027411,0.033275,0.111977,0.037718,0.510453,0.099811,0.080000,0.096541,0.299719,0.108941
2016-08-16,0.220306,0.033295,0.027411,0.032030,0.117310,0.035840,0.526007,0.096595,0.080000,0.093044,0.312260,0.103712
2016-08-17,0.220938,0.033213,0.027411,0.032899,0.113538,0.037148,0.527157,0.096365,0.080000,0.095485,0.303405,0.107355
2016-08-18,0.218302,0.033559,0.027411,0.033057,0.112879,0.037387,0.522342,0.097335,0.080000,0.095927,0.301850,0.108019
2016-08-19,0.230289,0.032056,0.027411,0.033216,0.112219,0.037629,0.543981,0.093119,0.080000,0.096375,0.300292,0.108692
2016-08-22,0.221046,0.033199,0.027411,0.031297,0.120689,0.034747,0.527354,0.096326,0.080000,0.090984,0.320127,0.100661
2016-08-23,0.227518,0.032388,0.027411,0.032831,0.113823,0.037046,0.539039,0.094051,0.080000,0.095295,0.304077,0.107070
2016-08-24,0.226735,0.032483,0.027411,0.032289,0.116161,0.036228,0.537635,0.094318,0.080000,0.093772,0.309570,0.104795
2016-08-25,0.228389,0.032283,0.027411,0.032452,0.115445,0.036474,0.540595,0.093755,0.080000,0.094232,0.307891,0.105481
2016-08-26,0.241345,0.030817,0.027411,0.031225,0.121031,0.034640,0.563351,0.089631,0.080000,0.090782,0.320920,0.100363
2016-08-30,0.234063,0.031619,0.027411,0.030892,0.122643,0.034146,0.550655,0.091888,0.080000,0.089843,0.324649,0.098981
2016-08-31,0.224975,0.032700,0.027411,0.031740,0.118626,0.035406,0.534470,0.094928,0.080000,0.092228,0.315331,0.102501
2016-09-01,0.221426,0.033150,0.027411,0.032591,0.114844,0.036684,0.528045,0.096189,0.080000,0.094622,0.306480,0.106064
2016-09-02,0.222522,0.033009,0.027411,0.033443,0.111295,0.037974,0.530036,0.095795,0.080000,0.097012,0.298104,0.109650
2016-09-06,0.215022,0.034002,0.027411,0.034358,0.107720,0.039371,0.516305,0.098577,0.080000,0.099572,0.289600,0.113525
2016-09-07,0.215003,0.034005,0.027411,0.033746,0.110087,0.038435,0.516268,0.098585,0.080000,0.097859,0.295237,0.110929
2016-09-08,0.220313,0.033294,0.027411,0.036228,0.101074,0.042273,0.526019,0.096593,0.080000,0.104795,0.273606,0.121534
2016-09-09,0.208659,0.034907,0.027411,0.040692,0.088093,0.049417,0.504446,0.101108,0.080000,0.117175,0.241681,0.141045
2016-09-12,0.193551,0.037321,0.027411,0.041754,0.085478,0.051162,0.475517,0.107836,0.080000,0.120105,0.235139,0.145767
2016-09-13,0.187565,0.038397,0.027411,0.045917,0.076570,0.058160,0.463752,0.110824,0.080000,0.131523,0.212571,0.164530
2016-09-14,0.181590,0.039549,0.027411,0.046058,0.076301,0.058402,0.451833,0.114017,0.080000,0.131908,0.211881,0.165173
2016-09-15,0.180281,0.039813,0.027411,0.050722,0.068350,0.066550,0.449198,0.114747,0.080000,0.144578,0.191354,0.186657
2016-09-16,0.178306,0.040219,0.027411,0.046314,0.075816,0.058841,0.445207,0.115870,0.080000,0.132607,0.210640,0.166341
2016-09-19,0.181390,0.039589,0.027411,0.044322,0.079754,0.055449,0.451431,0.114128,0.080000,0.127161,0.220688,0.157295
2016-09-20,0.180768,0.039714,0.027411,0.043412,0.081694,0.053918,0.450179,0.114474,0.080000,0.124663,0.225607,0.153189
2016-09-21,0.180860,0.039696,0.027411,0.040552,0.088449,0.049188,0.450364,0.114423,0.080000,0.116789,0.242569,0.140426
2016-09-22,0.191903,0.037610,0.027411,0.037883,0.095840,0.044886,0.472296,0.108639,0.080000,0.109399,0.260843,0.128705
2016-09-23,0.189733,0.037999,0.027411,0.038904,0.092873,0.046519,0.468033,0.109719,0.080000,0.112230,0.253543,0.133164
2016-09-26,0.181164,0.039635,0.027411,0.037178,0.098004,0.043767,0.450977,0.114253,0.080000,0.107438,0.266138,0.125638
2016-09-27,0.175773,0.040754,0.027411,0.035533,0.103447,0.041188,0.440062,0.117348,0.080000,0.102856,0.279344,0.118545
2016-09-28,0.177285,0.040433,0.027411,0.036525,0.100095,0.042738,0.443137,0.116460,0.080000,0.105621,0.271231,0.122813
2016-09-29,0.179401,0.039993,0.027411,0.037543,0.096872,0.044345,0.447424,0.115244,0.080000,0.108453,0.263373,0.127223
2016-09-30,0.186251,0.038643,0.027411,0.037656,0.096526,0.044525,0.461145,0.111508,0.080000,0.108768,0.262524,0.127716
2016-10-03,0.190795,0.037807,0.027411,0.037767,0.096189,0.044702,0.470123,0.109187,0.080000,0.109077,0.261699,0.128200
2016-10-05,0.205295,0.035410,0.027411,0.041931,0.085058,0.051454,0.498100,0.102514,0.080000,0.120592,0.234086,0.146555
2016-10-06,0.209284,0.034815,0.027411,0.044227,0.079954,0.055288,0.505619,0.100852,0.080000,0.126899,0.221195,0.156863
2016-10-07,0.210131,0.034692,0.027411,0.045489,0.077399,0.057430,0.507206,0.100508,0.080000,0.130354,0.214690,0.162584
2016-10-11,0.210793,0.034597,0.027411,0.045691,0.077006,0.057774,0.508445,0.100241,0.080000,0.130905,0.213686,0.163500
2016-10-12,0.208912,0.034870,0.027411,0.048284,0.072288,0.062251,0.504922,0.101004,0.080000,0.137969,0.201564,0.175369
2016-10-13,0.201991,0.035923,0.027411,0.045940,0.076526,0.058200,0.491813,0.103944,0.080000,0.131585,0.212459,0.164634
2016-10-14,0.211238,0.034533,0.027411,0.054078,0.063585,0.072603,0.509275,0.100063,0.080000,0.153618,0.178883,0.202379
2016-10-17,0.203132,0.035744,0.027411,0.054263,0.063341,0.072943,0.493989,0.103445,0.080000,0.154116,0.178241,0.203255
2016-10-18,0.207782,0.035036,0.027411,0.050036,0.069413,0.065333,0.502797,0.101470,0.080000,0.142723,0.194118,0.183472
2016-10-19,0.214023,0.034140,0.027411,0.053016,0.065018,0.070672,0.514456,0.098964,0.080000,0.150766,0.182647,0.197385
2016-10-20,0.215258,0.033970,0.027411,0.048944,0.071176,0.063408,0.516740,0.098486,0.080000,0.139764,0.198691,0.178417
2016-10-21,0.213447,0.034221,0.027411,0.046418,0.075622,0.059020,0.513386,0.099189,0.080000,0.132890,0.210142,0.166815
2016-10-24,0.213144,0.034263,0.027411,0.050654,0.068454,0.066428,0.512824,0.099307,0.080000,0.144393,0.191626,0.186340
2016-10-25,0.211356,0.034516,0.027411,0.047971,0.072826,0.061706,0.509495,0.100015,0.080000,0.137120,0.202952,0.173931
2016-10-26,0.202024,0.035918,0.027411,0.050962,0.067985,0.066978,0.491875,0.103930,0.080000,0.145227,0.190404,0.187775
2016-10-27,0.198413,0.036500,0.027411,0.059326,0.057342,0.082386,0.484947,0.105551,0.080000,0.167627,0.162351,0.227354
2016-10-28,0.189389,0.038061,0.027411,0.063016,0.053646,0.089493,0.467356,0.109892,0.080000,0.177385,0.152459,0.245169
2016-10-31,0.176301,0.040642,0.027411,0.059590,0.057060,0.082889,0.441137,0.117036,0.080000,0.168329,0.161599,0.228624
2016-11-01,0.164996,0.043237,0.027411,0.063697,0.053016,0.090825,0.417808,0.124183,0.080000,0.179177,0.150766,0.248476
2016-11-02,0.156669,0.045415,0.027411,0.064018,0.052724,0.091456,0.400216,0.130150,0.080000,0.180022,0.149980,0.250041
2016-11-03,0.153723,0.046247,0.027411,0.066444,0.050620,0.096266,0.393910,0.132425,0.080000,0.186382,0.144304,0.261888
2016-11-04,0.150703,0.047139,0.027411,0.062607,0.054032,0.088696,0.387397,0.134855,0.080000,0.176308,0.153494,0.243186
2016-11-07,0.161697,0.044070,0.027411,0.067141,0.050048,0.097662,0.410881,0.126469,0.080000,0.188202,0.142754,0.265304
2016-11-09,0.171080,0.041793,0.027411,0.117422,0.027854,0.217950,0.430443,0.120212,0.080000,0.312522,0.081257,0.521696
2016-11-10,0.170991,0.041813,0.027411,0.146689,0.022379,0.311688,0.430258,0.120268,0.080000,0.378671,0.065647,0.673897
2016-11-14,0.161783,0.044048,0.027411,0.147348,0.022283,0.314100,0.411063,0.126408,0.080000,0.380110,0.065371,0.677312
2016-11-15,0.172263,0.041525,0.027411,0.137546,0.023819,0.279788,0.432878,0.119474,0.080000,0.358483,0.069767,0.626423
2016-11-16,0.171253,0.041754,0.027411,0.143176,0.022909,0.299097,0.430799,0.120104,0.080000,0.370964,0.067164,0.655671
2016-11-17,0.175131,0.040893,0.027411,0.160255,0.020571,0.365017,0.438753,0.117730,0.080000,0.407836,0.060452,0.743973
2016-11-18,0.172070,0.041569,0.027411,0.172706,0.019181,0.415196,0.432479,0.119595,0.080000,0.433786,0.056447,0.800000
2016-11-21,0.174288,0.041077,0.027411,0.161485,0.020423,0.370289,0.437029,0.118237,0.080000,0.410433,0.060027,0.750297
2016-11-22,0.175009,0.040920,0.027411,0.156325,0.021060,0.348699,0.438502,0.117804,0.080000,0.399482,0.061858,0.723723
2016-11-23,0.178635,0.040151,0.027411,0.156883,0.020989,0.350970,0.445875,0.115680,0.080000,0.400673,0.061654,0.726602
2016-11-25,0.177260,0.040438,0.027411,0.159508,0.020662,0.361853,0.443086,0.116475,0.080000,0.406253,0.060714,0.740126
2016-11-28,0.174954,0.040931,0.027411,0.142761,0.022973,0.297639,0.438391,0.117836,0.080000,0.370050,0.067348,0.653518
2016-11-29,0.172163,0.041548,0.027411,0.143110,0.022919,0.298865,0.432672,0.119537,0.080000,0.370819,0.067193,0.655329
2016-11-30,0.172051,0.041573,0.027411,0.174210,0.019028,0.415196,0.432441,0.119606,0.080000,0.436871,0.056005,0.800000
2016-12-01,0.176000,0.040706,0.027411,0.213908,0.015824,0.415196,0.440524,0.117214,0.080000,0.514241,0.046724,0.800000
2016-12-02,0.173698,0.041206,0.027411,0.196501,0.017055,0.415196,0.435823,0.118594,0.080000,0.481252,0.050296,0.800000
2016-12-05,0.175655,0.040780,0.027411,0.173624,0.019087,0.415196,0.439820,0.117419,0.080000,0.435669,0.056176,0.800000
2016-12-06,0.181269,0.039614,0.027411,0.180032,0.018461,0.415196,0.451187,0.114195,0.080000,0.448697,0.054367,0.800000
2016-12-07,0.184327,0.039011,0.027411,0.159802,0.020626,0.363097,0.457315,0.112527,0.080000,0.406878,0.060610,0.741644
2016-12-08,0.187807,0.038352,0.027411,0.186981,0.017835,0.415196,0.464230,0.110700,0.080000,0.462594,0.052555,0.800000
2016-12-09,0.192020,0.037589,0.027411,0.219372,0.015482,0.415196,0.472526,0.108581,0.080000,0.524300,0.045729,0.800000
2016-12-13,0.199033,0.036398,0.027411,0.205612,0.016382,0.415196,0.486141,0.105268,0.080000,0.498699,0.048345,0.800000
2016-12-14,0.205038,0.035450,0.027411,0.174640,0.018985,0.415196,0.497611,0.102624,0.080000,0.437749,0.055880,0.800000
2016-12-15,0.198170,0.036540,0.027411,0.203388,0.016540,0.415196,0.484479,0.105662,0.080000,0.494477,0.048804,0.800000
2016-12-16,0.195783,0.036938,0.027411,0.209716,0.016100,0.415196,0.479860,0.106772,0.080000,0.506428,0.047526,0.800000
2016-12-19,0.192910,0.037433,0.027411,0.192236,0.017394,0.415196,0.474265,0.108147,0.080000,0.472948,0.051278,0.800000
2016-12-20,0.195756,0.036943,0.027411,0.206192,0.016341,0.415196,0.479808,0.106785,0.080000,0.499797,0.048227,0.800000
2016-12-21,0.194620,0.037136,0.027411,0.220500,0.015413,0.415196,0.477602,0.107323,0.080000,0.526360,0.045530,0.800000
2016-12-22,0.194097,0.037226,0.027411,0.209387,0.016122,0.415196,0.476583,0.107573,0.080000,0.505813,0.047590,0.800000
2016-12-27,0.197004,0.036733,0.027411,0.176724,0.018778,0.415196,0.482227,0.106201,0.080000,0.441996,0.055284,0.800000
2016-12-28,0.193026,0.037412,0.027411,0.152014,0.021628,0.331656,0.474492,0.108090,0.080000,0.390230,0.063490,0.701461
2016-12-29,0.189788,0.037988,0.027411,0.162556,0.020297,0.374953,0.468142,0.109691,0.080000,0.412691,0.059662,0.755805
2016-12-30,0.184098,0.039056,0.027411,0.150787,0.021796,0.326955,0.456857,0.112650,0.080000,0.387580,0.063972,0.695118
2017-01-03,0.188596,0.038206,0.027411,0.140091,0.023397,0.288391,0.465791,0.110295,0.080000,0.364145,0.068563,0.639650
2017-01-04,0.193433,0.037341,0.027411,0.135007,0.024256,0.271402,0.475288,0.107893,0.080000,0.352801,0.071017,0.613221
2017-01-05,0.188476,0.038228,0.027411,0.125733,0.026017,0.242272,0.465553,0.110357,0.080000,0.331761,0.076038,0.564950
2017-01-06,0.193425,0.037343,0.027411,0.125634,0.026038,0.241972,0.475273,0.107897,0.080000,0.331533,0.076097,0.564432
2017-01-09,0.187164,0.038472,0.027411,0.113437,0.028840,0.206818,0.462958,0.111032,0.080000,0.303167,0.084048,0.500979
2017-01-10,0.187065,0.038490,0.027411,0.121297,0.026964,0.229095,0.462761,0.111083,0.080000,0.321536,0.078730,0.541855
2017-01-11,0.184257,0.039025,0.027411,0.117133,0.027923,0.217131,0.457174,0.112565,0.080000,0.311847,0.081452,0.520193
2017-01-12,0.182065,0.039455,0.027411,0.117133,0.027923,0.217131,0.452787,0.113755,0.080000,0.311847,0.081452,0.520193
2017-01-13,0.185236,0.038836,0.027411,0.121122,0.027003,0.228584,0.459127,0.112043,0.080000,0.321131,0.078840,0.540944
2017-01-17,0.180944,0.039679,0.027411,0.109438,0.029907,0.195966,0.450534,0.114376,0.080000,0.293694,0.087065,0.480215
2017-01-18,0.179992,0.039872,0.027411,0.121077,0.027013,0.228453,0.448616,0.114910,0.080000,0.321026,0.078869,0.540710
2017-01-19,0.182885,0.039292,0.027411,0.133772,0.024475,0.267389,0.454431,0.113306,0.080000,0.350024,0.071643,0.606793
2017-01-20,0.180497,0.039769,0.027411,0.164300,0.020094,0.382689,0.449634,0.114626,0.080000,0.416353,0.059080,0.764760
2017-01-23,0.175569,0.040798,0.027411,0.147117,0.022317,0.313250,0.439645,0.117470,0.080000,0.379604,0.065468,0.676112
2017-01-24,0.181919,0.039484,0.027411,0.151395,0.021712,0.329275,0.452494,0.113835,0.080000,0.388893,0.063732,0.698259
2017-01-25,0.186639,0.038570,0.027411,0.172628,0.019189,0.415196,0.461917,0.111305,0.080000,0.433628,0.056470,0.800000
2017-01-26,0.189442,0.038051,0.027411,0.170593,0.019402,0.412261,0.467460,0.109866,0.080000,0.429438,0.057083,0.796973
2017-01-27,0.189382,0.038062,0.027411,0.152111,0.021614,0.332032,0.467341,0.109896,0.080000,0.390440,0.063452,0.701965
2017-01-30,0.188041,0.038309,0.027411,0.150665,0.021813,0.326490,0.464693,0.110579,0.080000,0.387315,0.064021,0.694485
2017-02-01,0.183205,0.039230,0.027411,0.143552,0.022851,0.300425,0.455072,0.113132,0.080000,0.371793,0.066998,0.657625
2017-02-02,0.184672,0.038945,0.027411,0.147236,0.022299,0.313689,0.458003,0.112343,0.080000,0.379865,0.065418,0.676732
2017-02-03,0.192432,0.037517,0.027411,0.151014,0.021764,0.327819,0.473331,0.108380,0.080000,0.388070,0.063883,0.696290
2017-02-06,0.189450,0.038050,0.027411,0.140302,0.023363,0.289115,0.467476,0.109861,0.080000,0.364614,0.068465,0.640749
2017-02-07,0.185088,0.038865,0.027411,0.130608,0.025057,0.257304,0.458832,0.112121,0.080000,0.342878,0.073304,0.590331
2017-02-08,0.182249,0.039418,0.027411,0.110934,0.029498,0.199990,0.453157,0.113654,0.080000,0.297248,0.085909,0.487980
2017-02-09,0.185718,0.038744,0.027411,0.113961,0.028706,0.208264,0.460085,0.111788,0.080000,0.304403,0.083669,0.503704
2017-02-10,0.191931,0.037605,0.027411,0.117057,0.027942,0.216915,0.472351,0.108625,0.080000,0.311668,0.081504,0.519796
2017-02-13,0.199376,0.036342,0.027411,0.123982,0.026382,0.237016,0.486801,0.105112,0.080000,0.327737,0.077076,0.555833
2017-02-15,0.220551,0.033263,0.027411,0.126452,0.025871,0.244452,0.526454,0.096506,0.080000,0.333408,0.075621,0.568694
2017-02-16,0.211008,0.034566,0.027411,0.121868,0.026838,0.230767,0.508847,0.100154,0.080000,0.322859,0.078371,0.544829
2017-02-17,0.208539,0.034925,0.027411,0.114021,0.028691,0.208427,0.504220,0.101157,0.080000,0.304542,0.083626,0.504011
2017-02-21,0.211870,0.034443,0.027411,0.113342,0.028864,0.206557,0.510455,0.099810,0.080000,0.302944,0.084116,0.500487
2017-02-22,0.218884,0.033481,0.027411,0.109504,0.029889,0.196143,0.523408,0.097119,0.080000,0.293851,0.087013,0.480559
2017-02-23,0.219332,0.033422,0.027411,0.109033,0.030020,0.194886,0.524228,0.096953,0.080000,0.292731,0.087383,0.478118
2017-02-24,0.213295,0.034242,0.027411,0.105416,0.031070,0.185361,0.513105,0.099248,0.080000,0.284082,0.090344,0.459376
2017-02-27,0.225585,0.032625,0.027411,0.096107,0.034173,0.161915,0.535569,0.094715,0.080000,0.261499,0.099054,0.411341
2017-02-28,0.231285,0.031939,0.027411,0.090395,0.036424,0.148244,0.545749,0.092790,0.080000,0.247410,0.105341,0.382060
2017-03-01,0.258852,0.029096,0.027411,0.098533,0.033302,0.167883,0.592887,0.084772,0.080000,0.267429,0.096616,0.423827
2017-03-02,0.266090,0.028458,0.027411,0.098248,0.033402,0.167178,0.604699,0.082967,0.080000,0.266735,0.096896,0.422362
2017-03-03,0.258905,0.029091,0.027411,0.098067,0.033466,0.166728,0.592974,0.084758,0.080000,0.266292,0.097075,0.421425
2017-03-06,0.250862,0.029848,0.027411,0.100766,0.032541,0.173464,0.579578,0.086897,0.080000,0.272861,0.094482,0.435343
2017-03-07,0.235710,0.031432,0.027411,0.106619,0.030712,0.188503,0.553548,0.091364,0.080000,0.286967,0.089336,0.465607
2017-03-08,0.228571,0.032261,0.027411,0.109489,0.029893,0.196105,0.540921,0.093694,0.080000,0.293817,0.087025,0.480484
2017-03-09,0.208090,0.034991,0.027411,0.115754,0.028258,0.213251,0.503375,0.101342,0.080000,0.308617,0.082400,0.513022
2017-03-10,0.206020,0.035300,0.027411,0.111875,0.029247,0.202542,0.499472,0.102207,0.080000,0.299477,0.085199,0.492865
2017-03-13,0.201159,0.036055,0.027411,0.111430,0.029365,0.201333,0.490222,0.104313,0.080000,0.298423,0.085533,0.490554
2017-03-14,0.187396,0.038428,0.027411,0.104664,0.031298,0.183412,0.463417,0.110912,0.080000,0.282276,0.090987,0.455486
2017-03-15,0.183906,0.039093,0.027411,0.098460,0.033328,0.167703,0.456475,0.112753,0.080000,0.267253,0.096687,0.423454
2017-03-16,0.197864,0.036590,0.027411,0.098266,0.033396,0.167221,0.483887,0.105803,0.080000,0.266778,0.096879,0.422451
2017-03-17,0.194697,0.037123,0.027411,0.095264,0.034486,0.159865,0.477750,0.107287,0.080000,0.259431,0.099932,0.407011
2017-03-20,0.189462,0.038048,0.027411,0.095052,0.034566,0.159350,0.467499,0.109856,0.080000,0.258909,0.100155,0.405920
2017-03-22,0.170504,0.041925,0.027411,0.084445,0.039128,0.134544,0.429254,0.120575,0.080000,0.232543,0.112850,0.351761
2017-03-23,0.173001,0.041360,0.027411,0.089253,0.036913,0.145572,0.434393,0.119020,0.080000,0.244571,0.106701,0.376227
2017-03-24,0.174999,0.040921,0.027411,0.086575,0.038113,0.139388,0.438483,0.117809,0.080000,0.237889,0.110036,0.362585
2017-03-27,0.171142,0.041779,0.027411,0.079417,0.041761,0.123383,0.430570,0.120173,0.080000,0.219830,0.120124,0.326357
2017-03-28,0.182614,0.039346,0.027411,0.081599,0.040574,0.128182,0.453888,0.113454,0.080000,0.225366,0.116850,0.337360
2017-03-29,0.186823,0.038536,0.027411,0.083853,0.039420,0.133211,0.462281,0.111209,0.080000,0.231054,0.113659,0.348760
2017-03-30,0.192522,0.037501,0.027411,0.086127,0.038322,0.138363,0.473508,0.108336,0.080000,0.236767,0.110615,0.360306
2017-03-31,0.176371,0.040627,0.027411,0.083604,0.039544,0.132653,0.441279,0.116995,0.080000,0.230428,0.114001,0.347502
2017-04-03,0.171482,0.041702,0.027411,0.078922,0.042040,0.122305,0.431271,0.119960,0.080000,0.218573,0.120892,0.323870
2017-04-04,0.170645,0.041893,0.027411,0.078842,0.042086,0.122131,0.429545,0.120486,0.080000,0.218369,0.121018,0.323467
2017-04-05,0.174400,0.041052,0.027411,0.076581,0.043415,0.117252,0.437258,0.118169,0.080000,0.212599,0.124672,0.312123
2017-04-06,0.172004,0.041584,0.027411,0.076533,0.043444,0.117148,0.432344,0.119635,0.080000,0.212476,0.124753,0.311881
2017-04-07,0.180565,0.039755,0.027411,0.074390,0.044789,0.112593,0.449771,0.114588,0.080000,0.206981,0.128438,0.301174
2017-04-10,0.179363,0.040001,0.027411,0.072313,0.046176,0.108239,0.447345,0.115266,0.080000,0.201631,0.132230,0.290839
2017-04-11,0.168058,0.042496,0.027411,0.072296,0.046188,0.108203,0.424191,0.122146,0.080000,0.201585,0.132263,0.290752
2017-04-12,0.165754,0.043050,0.027411,0.064719,0.052098,0.092837,0.419393,0.123671,0.080000,0.181863,0.148294,0.253456
2017-04-13,0.156139,0.045562,0.027411,0.062961,0.053697,0.089387,0.399085,0.130552,0.080000,0.177241,0.152597,0.244904
2017-04-17,0.161357,0.044158,0.027411,0.066553,0.050530,0.096483,0.410164,0.126710,0.080000,0.186666,0.144060,0.262420
2017-04-18,0.152052,0.046736,0.027411,0.058013,0.058784,0.079904,0.390312,0.133757,0.080000,0.164139,0.166190,0.221067
2017-04-19,0.154810,0.045936,0.027411,0.061302,0.055301,0.086169,0.396243,0.131574,0.080000,0.172862,0.156897,0.236870
2017-04-20,0.155789,0.045659,0.027411,0.063057,0.053608,0.089573,0.398338,0.130819,0.080000,0.177493,0.152356,0.245369
2017-04-21,0.155592,0.045715,0.027411,0.064844,0.051988,0.093084,0.397917,0.130970,0.080000,0.182191,0.147997,0.254065
2017-04-24,0.166068,0.042974,0.027411,0.063079,0.053587,0.089616,0.420049,0.123461,0.080000,0.177550,0.152301,0.245474
2017-04-25,0.175265,0.040864,0.027411,0.068544,0.048933,0.100494,0.439025,0.117651,0.080000,0.191859,0.139734,0.272199
2017-04-26,0.175726,0.040765,0.027411,0.064844,0.051988,0.093084,0.439965,0.117377,0.080000,0.182191,0.147997,0.254065
2017-04-27,0.178215,0.040238,0.027411,0.066670,0.050433,0.096718,0.445023,0.115922,0.080000,0.186972,0.143798,0.262995
2017-04-28,0.179419,0.039989,0.027411,0.059707,0.056937,0.083112,0.447458,0.115234,0.080000,0.168639,0.161269,0.229186
2017-05-01,0.170569,0.041910,0.027411,0.066615,0.050479,0.096607,0.429388,0.120534,0.080000,0.186828,0.143921,0.262724
2017-05-02,0.173733,0.041198,0.027411,0.061259,0.055344,0.086086,0.435893,0.118573,0.080000,0.172749,0.157012,0.236663
2017-05-03,0.174946,0.040933,0.027411,0.062924,0.053732,0.089314,0.438373,0.117842,0.080000,0.177143,0.152691,0.244722
2017-05-04,0.175902,0.040727,0.027411,0.064616,0.052189,0.092634,0.440323,0.117272,0.080000,0.181593,0.148538,0.252955
2017-05-05,0.173403,0.041271,0.027411,0.064565,0.052235,0.092532,0.435218,0.118774,0.080000,0.181457,0.148662,0.252702
2017-05-08,0.178826,0.040111,0.027411,0.068178,0.049219,0.099752,0.446261,0.115571,0.080000,0.190906,0.140510,0.270397
2017-05-09,0.187591,0.038392,0.027411,0.066239,0.050792,0.095855,0.463804,0.110811,0.080000,0.185844,0.144768,0.260881
2017-05-10,0.188038,0.038309,0.027411,0.068010,0.049352,0.099412,0.464688,0.110581,0.080000,0.190467,0.140869,0.269570
2017-05-11,0.192187,0.037560,0.027411,0.064254,0.052512,0.091920,0.472853,0.108499,0.080000,0.180641,0.149409,0.251188
2017-05-12,0.186753,0.038549,0.027411,0.064187,0.052572,0.091789,0.462142,0.111246,0.080000,0.180466,0.149569,0.250864
2017-05-15,0.195051,0.037063,0.027411,0.062378,0.054250,0.088251,0.478438,0.107118,0.080000,0.175704,0.154081,0.242076
2017-05-16,0.194507,0.037156,0.027411,0.064069,0.052678,0.091556,0.477380,0.107377,0.080000,0.180155,0.149856,0.250288
2017-05-17,0.177408,0.040407,0.027411,0.051394,0.067339,0.067750,0.443386,0.116389,0.080000,0.146394,0.188718,0.189790
2017-05-18,0.170729,0.041873,0.027411,0.051401,0.067328,0.067762,0.429719,0.120433,0.080000,0.146413,0.188691,0.189823
2017-05-19,0.179922,0.039886,0.027411,0.050001,0.069468,0.065271,0.448475,0.114949,0.080000,0.142629,0.194261,0.183310
2017-05-22,0.183577,0.039157,0.027411,0.051364,0.067383,0.067696,0.455817,0.112931,0.080000,0.146313,0.188834,0.189651
2017-05-23,0.191980,0.037596,0.027411,0.054237,0.063376,0.072894,0.472446,0.108601,0.080000,0.154045,0.178332,0.203130
2017-05-24,0.184553,0.038967,0.027411,0.052732,0.065413,0.070157,0.457766,0.112406,0.080000,0.150001,0.183682,0.196051
2017-05-25,0.184196,0.039037,0.027411,0.049900,0.069628,0.065092,0.457052,0.112598,0.080000,0.142355,0.194676,0.182841
2017-05-26,0.183003,0.039269,0.027411,0.049885,0.069651,0.065066,0.454668,0.113242,0.080000,0.142315,0.194737,0.182772
2017-05-30,0.179967,0.039877,0.027411,0.047147,0.074282,0.060277,0.448566,0.114924,0.080000,0.134879,0.206703,0.170151
2017-05-31,0.169492,0.042159,0.027411,0.047116,0.074340,0.060222,0.427162,0.121220,0.080000,0.134792,0.206851,0.170005
2017-06-01,0.172629,0.041443,0.027411,0.047075,0.074413,0.060152,0.433629,0.119249,0.080000,0.134681,0.207039,0.169819
2017-06-02,0.171991,0.041586,0.027411,0.039988,0.089915,0.048270,0.432319,0.119643,0.080000,0.115231,0.246217,0.137933
2017-06-05,0.172273,0.041523,0.027411,0.038924,0.092815,0.046551,0.432897,0.119469,0.080000,0.112286,0.253401,0.133254
2017-06-06,0.168606,0.042366,0.027411,0.036937,0.098765,0.043386,0.425327,0.121790,0.080000,0.106768,0.267996,0.124594
2017-06-07,0.167153,0.042712,0.027411,0.039051,0.092458,0.046756,0.422310,0.122740,0.080000,0.112639,0.252520,0.133812
2017-06-08,0.164192,0.043436,0.027411,0.039123,0.092259,0.046871,0.416125,0.124731,0.080000,0.112838,0.252026,0.134127
2017-06-09,0.165765,0.043048,0.027411,0.039188,0.092079,0.046975,0.419415,0.123664,0.080000,0.113016,0.251583,0.134410
2017-06-12,0.171469,0.041705,0.027411,0.039266,0.091864,0.047101,0.431244,0.119968,0.080000,0.113232,0.251051,0.134752
2017-06-13,0.173563,0.041236,0.027411,0.036304,0.100821,0.042392,0.435545,0.118677,0.080000,0.105007,0.272994,0.121862
2017-06-14,0.171951,0.041595,0.027411,0.033552,0.110858,0.038139,0.432237,0.119668,0.080000,0.097316,0.297067,0.110109
2017-06-15,0.170264,0.041980,0.027411,0.034499,0.107186,0.039590,0.428759,0.120727,0.080000,0.099969,0.288322,0.114129
2017-06-16,0.166786,0.042800,0.027411,0.037417,0.097260,0.044145,0.421545,0.122983,0.080000,0.108102,0.264322,0.126675
2017-06-19,0.177080,0.040476,0.027411,0.036499,0.100180,0.042697,0.442720,0.116580,0.080000,0.105548,0.271438,0.122700
2017-06-20,0.170724,0.041874,0.027411,0.033762,0.110020,0.038460,0.429707,0.120436,0.080000,0.097906,0.295079,0.111000
2017-06-21,0.163790,0.043537,0.027411,0.033887,0.109532,0.038650,0.415282,0.125007,0.080000,0.098254,0.293918,0.111527
2017-06-22,0.156918,0.045345,0.027411,0.034797,0.106080,0.040049,0.400749,0.129961,0.080000,0.100802,0.285675,0.115399
2017-06-23,0.157540,0.045175,0.027411,0.034787,0.106118,0.040033,0.402074,0.129494,0.080000,0.100773,0.285766,0.115355
2017-06-26,0.165061,0.043221,0.027411,0.032170,0.116684,0.036050,0.417945,0.124139,0.080000,0.093439,0.310796,0.104299
2017-06-28,0.175098,0.040900,0.027411,0.041780,0.085415,0.051205,0.438685,0.117750,0.080000,0.120178,0.234982,0.145884
2017-06-29,0.181252,0.039617,0.027411,0.042875,0.082883,0.053020,0.451154,0.114204,0.080000,0.123188,0.228611,0.150777
2017-06-30,0.179398,0.039993,0.027411,0.047649,0.073388,0.061147,0.447418,0.115245,0.080000,0.136245,0.204401,0.172453
2017-07-03,0.189793,0.037988,0.027411,0.048889,0.071269,0.063310,0.468151,0.109689,0.080000,0.139612,0.198930,0.178159
2017-07-05,0.186370,0.038621,0.027411,0.046225,0.075984,0.058688,0.461382,0.111445,0.080000,0.132364,0.211071,0.165934
2017-07-06,0.186466,0.038603,0.027411,0.052882,0.065204,0.070429,0.461573,0.111395,0.080000,0.150404,0.183135,0.196754
2017-07-07,0.186465,0.038603,0.027411,0.055765,0.061433,0.075707,0.461570,0.111396,0.080000,0.158140,0.173209,0.210360
2017-07-10,0.185163,0.038850,0.027411,0.054169,0.063465,0.072770,0.458982,0.112081,0.080000,0.153862,0.178568,0.202808
2017-07-11,0.181780,0.039511,0.027411,0.057134,0.059793,0.078253,0.452215,0.113912,0.080000,0.161795,0.168867,0.216868
2017-07-12,0.184583,0.038962,0.027411,0.053970,0.063728,0.072406,0.457825,0.112390,0.080000,0.153328,0.179259,0.201870
2017-07-13,0.194196,0.037209,0.027411,0.053841,0.063899,0.072172,0.476775,0.107526,0.080000,0.152983,0.179708,0.201265
2017-07-14,0.197382,0.036670,0.027411,0.053684,0.064109,0.071885,0.482958,0.106025,0.080000,0.152561,0.180261,0.200524
2017-07-17,0.208041,0.034998,0.027411,0.049262,0.070654,0.063967,0.503284,0.101363,0.080000,0.140626,0.197338,0.179886
2017-07-18,0.206741,0.035192,0.027411,0.043977,0.080479,0.054867,0.500833,0.101904,0.080000,0.126214,0.222528,0.155736
2017-07-19,0.211871,0.034443,0.027411,0.042836,0.082971,0.052955,0.510455,0.099810,0.080000,0.123081,0.228832,0.150602
2017-07-20,0.214618,0.034058,0.027411,0.042781,0.083095,0.052864,0.515556,0.098733,0.080000,0.122929,0.229145,0.150355
2017-07-21,0.209598,0.034770,0.027411,0.040473,0.088650,0.049060,0.506207,0.100724,0.080000,0.116572,0.243071,0.140078
2017-07-24,0.217780,0.033628,0.027411,0.041601,0.085844,0.050910,0.521384,0.097530,0.080000,0.119684,0.236058,0.145086
2017-07-25,0.236808,0.031310,0.027411,0.046443,0.075574,0.059063,0.555470,0.091020,0.080000,0.132959,0.210021,0.166930
2017-07-26,0.233460,0.031687,0.027411,0.046393,0.075669,0.058976,0.549593,0.092082,0.080000,0.132821,0.210263,0.166699
2017-07-27,0.233004,0.031740,0.027411,0.050367,0.068896,0.065919,0.548790,0.092229,0.080000,0.143618,0.192775,0.185007
2017-07-28,0.225027,0.032694,0.027411,0.050266,0.069053,0.065740,0.534564,0.094910,0.080000,0.143345,0.193183,0.184539
2017-07-31,0.212314,0.034380,0.027411,0.050135,0.069257,0.065508,0.511281,0.099634,0.080000,0.142991,0.193714,0.183931
2017-08-01,0.219907,0.033347,0.027411,0.044683,0.079012,0.056059,0.525279,0.096741,0.080000,0.128148,0.218800,0.158925
2017-08-03,0.204366,0.035553,0.027411,0.042059,0.084756,0.051666,0.496338,0.102911,0.080000,0.120945,0.233326,0.147127
2017-08-04,0.202686,0.035814,0.027411,0.043168,0.082230,0.053510,0.493139,0.103640,0.080000,0.123994,0.226961,0.152093
2017-08-07,0.192748,0.037461,0.027411,0.041882,0.085175,0.051372,0.473950,0.108225,0.080000,0.120456,0.234378,0.146335
2017-08-08,0.191340,0.037710,0.027411,0.045511,0.077357,0.057467,0.471192,0.108917,0.080000,0.130414,0.214580,0.162683
2017-08-09,0.159106,0.044751,0.027411,0.042896,0.082835,0.053056,0.405401,0.128335,0.080000,0.123247,0.228489,0.150873
2017-08-10,0.138235,0.051278,0.027411,0.038184,0.094947,0.045365,0.360020,0.146080,0.080000,0.110232,0.258653,0.130014
2017-08-11,0.122691,0.057760,0.027411,0.040344,0.088983,0.048850,0.324761,0.163464,0.080000,0.116216,0.243900,0.139507
2017-08-14,0.134987,0.052496,0.027411,0.040249,0.089231,0.048694,0.352757,0.149364,0.080000,0.115951,0.244517,0.139084
2017-08-15,0.140605,0.050428,0.027411,0.043759,0.080945,0.054500,0.365286,0.143784,0.080000,0.125615,0.223708,0.154750
2017-08-16,0.139006,0.050998,0.027411,0.041170,0.086897,0.050200,0.361737,0.145324,0.080000,0.118494,0.238694,0.143166
2017-08-17,0.134020,0.052871,0.027411,0.037617,0.096646,0.044462,0.350583,0.150374,0.080000,0.108658,0.262819,0.127544
2017-08-18,0.125058,0.056657,0.027411,0.036434,0.100392,0.042596,0.330211,0.160523,0.080000,0.105369,0.271952,0.122422
2017-08-21,0.122918,0.057652,0.027411,0.036339,0.100707,0.042446,0.325285,0.163177,0.080000,0.105103,0.272716,0.122010
2017-08-22,0.127875,0.055403,0.027411,0.039552,0.091081,0.047564,0.336661,0.157171,0.080000,0.114025,0.249112,0.136012
2017-08-23,0.125672,0.056378,0.027411,0.035123,0.104900,0.040551,0.331620,0.159779,0.080000,0.101710,0.282842,0.116787
2017-08-24,0.128349,0.055198,0.027411,0.036269,0.100940,0.042336,0.337741,0.156623,0.080000,0.104907,0.273282,0.121707
2017-08-25,0.133810,0.052953,0.027411,0.032258,0.116294,0.036183,0.350111,0.150596,0.080000,0.093686,0.309883,0.104668
2017-08-28,0.134063,0.052854,0.027411,0.033176,0.112384,0.037568,0.350680,0.150329,0.080000,0.096263,0.300681,0.108523
2017-08-29,0.127389,0.055615,0.027411,0.030433,0.124933,0.033469,0.335550,0.157739,0.080000,0.088549,0.329924,0.097085
2017-08-30,0.130232,0.054401,0.027411,0.032324,0.116005,0.036281,0.342024,0.154484,0.080000,0.093871,0.309205,0.104943
2017-08-31,0.126277,0.056107,0.027411,0.029738,0.128569,0.032451,0.333008,0.159053,0.080000,0.086586,0.338242,0.094227
2017-09-01,0.132767,0.053366,0.027411,0.031631,0.119124,0.035244,0.347760,0.151707,0.080000,0.091924,0.316492,0.102050
2017-09-05,0.119760,0.059193,0.027411,0.028365,0.136405,0.030464,0.317970,0.167276,0.080000,0.082703,0.355935,0.088635
2017-09-06,0.125241,0.056574,0.027411,0.031039,0.121926,0.034364,0.330632,0.160300,0.080000,0.090257,0.322992,0.099591
2017-09-07,0.117258,0.060481,0.027411,0.029456,0.130103,0.032040,0.312137,0.170689,0.080000,0.085790,0.341732,0.093074
2017-09-08,0.113561,0.062499,0.027411,0.030421,0.124993,0.033452,0.303458,0.176022,0.080000,0.088515,0.330063,0.097036
2017-09-11,0.118932,0.059613,0.027411,0.033176,0.112385,0.037568,0.316043,0.168389,0.080000,0.096263,0.300682,0.108523
2017-09-12,0.126322,0.056087,0.027411,0.035114,0.104930,0.040538,0.333111,0.158999,0.080000,0.101687,0.282915,0.116752
2017-09-13,0.133332,0.053142,0.027411,0.036127,0.101413,0.042115,0.349034,0.151103,0.080000,0.104513,0.274428,0.121097
2017-09-14,0.136983,0.051740,0.027411,0.034131,0.108585,0.039024,0.357225,0.147327,0.080000,0.098938,0.291663,0.112562
2017-09-15,0.142733,0.049692,0.027411,0.032249,0.116336,0.036168,0.369990,0.141791,0.080000,0.093660,0.309980,0.104628
2017-09-18,0.153614,0.046279,0.027411,0.034120,0.108628,0.039006,0.393676,0.132510,0.080000,0.098906,0.291767,0.112514
2017-09-19,0.161622,0.044089,0.027411,0.035092,0.105010,0.040504,0.410722,0.126522,0.080000,0.101625,0.283107,0.116657
2017-09-20,0.175874,0.040733,0.027411,0.034109,0.108671,0.038990,0.440268,0.117288,0.080000,0.098875,0.291867,0.112468
2017-09-21,0.172272,0.041523,0.027411,0.033165,0.112430,0.037551,0.432895,0.119469,0.080000,0.096232,0.300789,0.108476
2017-09-22,0.168656,0.042355,0.027411,0.031414,0.120139,0.034920,0.425430,0.121758,0.080000,0.091312,0.318851,0.101145
2017-09-25,0.165053,0.043223,0.027411,0.029789,0.128292,0.032526,0.417928,0.124144,0.080000,0.086732,0.337610,0.094439
2017-09-26,0.176657,0.040566,0.027411,0.030745,0.123368,0.033929,0.441860,0.116827,0.080000,0.089428,0.326322,0.098373
2017-09-27,0.190861,0.037795,0.027411,0.035445,0.103755,0.041051,0.470252,0.109154,0.080000,0.102610,0.280087,0.118168
2017-09-28,0.197431,0.036662,0.027411,0.037593,0.096720,0.044424,0.483052,0.106003,0.080000,0.108591,0.262999,0.127439
2017-09-29,0.218538,0.033527,0.027411,0.037630,0.096606,0.044483,0.522775,0.097247,0.080000,0.108695,0.262722,0.127601
2017-10-03,0.220047,0.033328,0.027411,0.037723,0.096323,0.044631,0.525534,0.096690,0.080000,0.108953,0.262029,0.128006
2017-10-04,0.229447,0.032156,0.027411,0.037806,0.096071,0.044764,0.542483,0.093399,0.080000,0.109185,0.261410,0.128370
2017-10-05,0.231467,0.031918,0.027411,0.037868,0.095886,0.044861,0.546072,0.092730,0.080000,0.109356,0.260958,0.128637
2017-10-06,0.228942,0.032216,0.027411,0.034931,0.105592,0.040255,0.541583,0.093569,0.080000,0.101176,0.284504,0.115970
2017-10-10,0.233238,0.031713,0.027411,0.035940,0.102044,0.041823,0.549202,0.092153,0.080000,0.103992,0.275956,0.120293
2017-10-11,0.230582,0.032022,0.027411,0.036021,0.101771,0.041948,0.544501,0.093022,0.080000,0.104216,0.275296,0.120640
2017-10-12,0.219375,0.033417,0.027411,0.034166,0.108449,0.039078,0.524306,0.096937,0.080000,0.099037,0.291339,0.112712
2017-10-13,0.201035,0.036075,0.027411,0.029930,0.127544,0.032731,0.489984,0.104368,0.080000,0.087129,0.335903,0.095015
2017-10-16,0.221796,0.033102,0.027411,0.029319,0.130860,0.031842,0.528718,0.096055,0.080000,0.085404,0.343449,0.092516
2017-10-17,0.226495,0.032513,0.027411,0.029523,0.129733,0.032138,0.537203,0.094401,0.080000,0.085981,0.340890,0.093350
2017-10-18,0.243966,0.030542,0.027411,0.028940,0.133011,0.031292,0.567860,0.088855,0.080000,0.084331,0.348310,0.090968
2017-10-19,0.237733,0.031208,0.027411,0.029150,0.131810,0.031596,0.557084,0.090732,0.080000,0.084926,0.345599,0.091825
2017-10-20,0.263582,0.028674,0.027411,0.032609,0.114769,0.036710,0.600633,0.083580,0.080000,0.094671,0.306304,0.106137
2017-10-23,0.269122,0.028202,0.027411,0.033651,0.110461,0.038290,0.609577,0.082243,0.080000,0.097594,0.296127,0.110529
2017-10-24,0.287953,0.026750,0.027411,0.035623,0.103133,0.041328,0.638984,0.078122,0.080000,0.103107,0.278587,0.118931
2017-10-25,0.273371,0.027855,0.027411,0.036714,0.099481,0.043035,0.616347,0.081258,0.080000,0.106147,0.269738,0.123629
2017-10-26,0.275381,0.027694,0.027411,0.036843,0.099065,0.043238,0.619522,0.080803,0.080000,0.106507,0.268726,0.124188
2017-10-27,0.263940,0.028643,0.027411,0.037013,0.098524,0.043506,0.601214,0.083492,0.080000,0.106979,0.267407,0.124923
2017-10-31,0.230497,0.032032,0.027411,0.032761,0.114118,0.036940,0.544350,0.093050,0.080000,0.095099,0.304772,0.106777
2017-11-01,0.239127,0.031055,0.027411,0.031295,0.120698,0.034744,0.559509,0.090303,0.080000,0.090979,0.320147,0.100654
2017-11-02,0.217887,0.033614,0.027411,0.029928,0.127554,0.032729,0.521580,0.097490,0.080000,0.087123,0.335927,0.095007
2017-11-03,0.217518,0.033663,0.027411,0.027929,0.139095,0.029840,0.520903,0.097628,0.080000,0.081468,0.361934,0.086875
2017-11-06,0.200801,0.036112,0.027411,0.028161,0.137650,0.030171,0.489536,0.104472,0.080000,0.082126,0.358716,0.087811
2017-11-08,0.165028,0.043229,0.027411,0.025895,0.153191,0.026973,0.417876,0.124161,0.080000,0.075689,0.392765,0.078757
2017-11-09,0.136067,0.052084,0.027411,0.028191,0.137465,0.030214,0.355178,0.148254,0.080000,0.082211,0.358304,0.087932
2017-11-10,0.135642,0.052245,0.027411,0.030642,0.123878,0.033778,0.354225,0.148689,0.080000,0.089139,0.327499,0.097949
2017-11-13,0.138112,0.051323,0.027411,0.028572,0.135160,0.030762,0.359746,0.146201,0.080000,0.083291,0.353144,0.089476
2017-11-14,0.120798,0.058677,0.027411,0.028797,0.133838,0.031085,0.320381,0.165903,0.080000,0.083926,0.350174,0.090388
2017-11-15,0.094197,0.076026,0.027411,0.025655,0.155038,0.026641,0.256807,0.211177,0.080000,0.075008,0.396731,0.077813
2017-11-16,0.123352,0.057447,0.027411,0.025925,0.152962,0.027015,0.326285,0.162631,0.080000,0.075775,0.392272,0.078876
2017-11-17,0.132830,0.053341,0.027411,0.024330,0.166135,0.024821,0.347903,0.151639,0.080000,0.071229,0.420189,0.072630
2017-11-20,0.144561,0.049079,0.027411,0.023414,0.174785,0.023582,0.374011,0.140129,0.080000,0.068610,0.438046,0.069092
2017-11-21,0.159368,0.044681,0.027411,0.023119,0.177764,0.023187,0.405957,0.128143,0.080000,0.067766,0.444110,0.067961
2017-11-22,0.149172,0.047606,0.027411,0.022854,0.180533,0.022833,0.384079,0.136126,0.080000,0.067007,0.449707,0.066947
2017-11-24,0.161715,0.044065,0.027411,0.023718,0.171813,0.023992,0.410918,0.126456,0.080000,0.069481,0.431952,0.070263
2017-11-27,0.163812,0.043532,0.027411,0.023423,0.174697,0.023594,0.415329,0.124992,0.080000,0.068635,0.437866,0.069126
2017-11-28,0.160229,0.044453,0.027411,0.024233,0.167007,0.024690,0.407781,0.127518,0.080000,0.070953,0.422006,0.072255
2017-11-29,0.174780,0.040969,0.027411,0.024452,0.165048,0.024987,0.438035,0.117941,0.080000,0.071577,0.417917,0.073104
2017-11-30,0.183391,0.039193,0.027411,0.027786,0.139997,0.029637,0.455445,0.113031,0.080000,0.081065,0.363937,0.086301
2017-12-01,0.175655,0.040780,0.027411,0.024878,0.161359,0.025570,0.439822,0.117418,0.080000,0.072793,0.410169,0.074764
2017-12-04,0.199290,0.036356,0.027411,0.023953,0.169589,0.024309,0.486635,0.105152,0.080000,0.070152,0.427362,0.071170
2017-12-05,0.201733,0.035964,0.027411,0.022034,0.189674,0.021747,0.491321,0.104058,0.080000,0.064655,0.467917,0.063833
2017-12-06,0.179060,0.040063,0.027411,0.023363,0.175295,0.023514,0.446733,0.115438,0.080000,0.068464,0.439087,0.068895
2017-12-07,0.177890,0.040306,0.027411,0.024720,0.162712,0.025353,0.444364,0.116110,0.080000,0.072341,0.413019,0.074146
2017-12-08,0.176741,0.040548,0.027411,0.025507,0.156202,0.026437,0.442032,0.116778,0.080000,0.074587,0.399221,0.077231
2017-12-11,0.182419,0.039384,0.027411,0.025113,0.159394,0.025893,0.453497,0.113561,0.080000,0.073463,0.406012,0.075684
2017-12-12,0.199992,0.036242,0.027411,0.025313,0.157763,0.026167,0.487984,0.104834,0.080000,0.074032,0.402549,0.076466
2017-12-13,0.176511,0.040597,0.027411,0.025534,0.155996,0.026473,0.441565,0.116913,0.080000,0.074661,0.398779,0.077334
2017-12-14,0.178690,0.040139,0.027411,0.023501,0.173920,0.023700,0.445986,0.115649,0.080000,0.068860,0.436276,0.069428
2017-12-15,0.180983,0.039671,0.027411,0.022696,0.182223,0.022623,0.450612,0.114354,0.080000,0.066554,0.453104,0.066346
2017-12-18,0.179740,0.039923,0.027411,0.025169,0.158930,0.025970,0.448107,0.115052,0.080000,0.073624,0.405027,0.075905
2017-12-19,0.201623,0.035981,0.027411,0.027835,0.139689,0.029706,0.491109,0.104107,0.080000,0.081202,0.363254,0.086496
2017-12-20,0.208497,0.034931,0.027411,0.030052,0.126900,0.032910,0.504142,0.101174,0.080000,0.087473,0.334433,0.095517
2017-12-21,0.210972,0.034571,0.027411,0.028238,0.137175,0.030282,0.508779,0.100169,0.080000,0.082345,0.357656,0.088123
2017-12-26,0.207137,0.035133,0.027411,0.026211,0.150813,0.027415,0.501581,0.101738,0.080000,0.076590,0.387635,0.080010
2017-12-27,0.196929,0.036746,0.027411,0.025303,0.157841,0.026154,0.482081,0.106236,0.080000,0.074004,0.402715,0.076428
2017-12-28,0.221348,0.033160,0.027411,0.024999,0.160343,0.025736,0.527903,0.096217,0.080000,0.073137,0.408021,0.075237
2017-12-29,0.205640,0.035358,0.027411,0.024712,0.162776,0.025342,0.498752,0.102368,0.080000,0.072319,0.413153,0.074117
2018-01-02,0.215916,0.033880,0.027411,0.026732,0.147054,0.028145,0.517954,0.098235,0.080000,0.078072,0.379468,0.082080
2018-01-03,0.239427,0.031023,0.027411,0.024665,0.163181,0.025278,0.560031,0.090211,0.080000,0.072186,0.414004,0.073934
2018-01-04,0.298285,0.026041,0.027411,0.024944,0.160807,0.025659,0.654473,0.076108,0.080000,0.072980,0.409003,0.075020
2018-01-05,0.324097,0.024497,0.027411,0.025763,0.154203,0.026790,0.691217,0.071705,0.080000,0.075314,0.394940,0.078237
2018-01-08,0.342196,0.023574,0.027411,0.027162,0.144096,0.028750,0.715364,0.069069,0.080000,0.079292,0.372990,0.083794
2018-01-09,0.370039,0.022296,0.027411,0.029861,0.127907,0.032631,0.750000,0.065409,0.080000,0.086936,0.336733,0.094734
2018-01-10,0.303977,0.025675,0.027411,0.030041,0.126960,0.032893,0.662812,0.075064,0.080000,0.087441,0.334569,0.095470
2018-01-11,0.313938,0.025070,0.027411,0.029554,0.129568,0.032182,0.677083,0.073339,0.080000,0.086066,0.340515,0.093473
2018-01-12,0.331753,0.024092,0.027411,0.029705,0.128744,0.032403,0.701591,0.070549,0.080000,0.086495,0.338640,0.094094
2018-01-16,0.359189,0.022807,0.027411,0.026720,0.147142,0.028127,0.736859,0.066874,0.080000,0.078037,0.379659,0.082031
2018-01-17,0.350641,0.023182,0.027411,0.027511,0.141774,0.029245,0.726187,0.067946,0.080000,0.080284,0.367872,0.085195
2018-01-18,0.334870,0.023934,0.027411,0.030950,0.122359,0.034232,0.705748,0.070096,0.080000,0.090006,0.323994,0.099221
2018-01-19,0.313363,0.025103,0.027411,0.031809,0.118309,0.035509,0.676271,0.073435,0.080000,0.092423,0.314593,0.102790
2018-01-22,0.346360,0.023378,0.027411,0.031951,0.117664,0.035722,0.720735,0.068507,0.080000,0.092823,0.313086,0.103384
2018-01-23,0.346707,0.023362,0.027411,0.031370,0.120344,0.034855,0.721180,0.068461,0.080000,0.091189,0.319328,0.100964
2018-01-24,0.364803,0.022573,0.027411,0.031516,0.119660,0.035072,0.743714,0.066201,0.080000,0.091599,0.317738,0.101570
2018-01-25,0.370039,0.022207,0.027411,0.030270,0.125765,0.033230,0.750000,0.065152,0.080000,0.088090,0.331834,0.096415
2018-01-26,0.370039,0.020122,0.027411,0.029114,0.132017,0.031543,0.750000,0.059158,0.080000,0.084823,0.346066,0.091677
2018-01-29,0.370039,0.021550,0.027411,0.033559,0.110828,0.038151,0.750000,0.063267,0.080000,0.097337,0.296996,0.110141
2018-01-31,0.362741,0.022658,0.027411,0.033079,0.112784,0.037421,0.741209,0.066445,0.080000,0.095991,0.301627,0.108115
2018-02-01,0.370039,0.022336,0.027411,0.036422,0.100432,0.042577,0.750000,0.065523,0.080000,0.105335,0.272049,0.122369
2018-02-02,0.307907,0.025431,0.027411,0.043014,0.082571,0.053254,0.668492,0.074368,0.080000,0.123572,0.227821,0.151404
2018-02-05,0.228162,0.032310,0.027411,0.043142,0.082287,0.053467,0.540189,0.093832,0.080000,0.123923,0.227105,0.151977
2018-02-06,0.168638,0.042359,0.027411,0.043274,0.081997,0.053687,0.425393,0.121770,0.080000,0.124284,0.226372,0.152568
2018-02-07,0.223578,0.032875,0.027411,0.043331,0.081870,0.053783,0.531949,0.095419,0.080000,0.124443,0.226051,0.152828
2018-02-08,0.168609,0.042366,0.027411,0.046692,0.075114,0.059490,0.425333,0.121788,0.080000,0.133636,0.208839,0.168064
2018-02-09,0.099929,0.071404,0.027411,0.054154,0.063484,0.072744,0.270827,0.199280,0.080000,0.153824,0.178617,0.202741
2018-02-12,0.119137,0.059508,0.027411,0.053012,0.065025,0.070663,0.316520,0.168112,0.080000,0.150753,0.182664,0.197363
2018-02-14,0.114628,0.061901,0.027411,0.049553,0.070182,0.064479,0.305970,0.174446,0.080000,0.141415,0.196115,0.181233
2018-02-15,0.144237,0.049186,0.027411,0.046154,0.076118,0.058567,0.373299,0.140420,0.080000,0.132170,0.211414,0.165611
2018-02-16,0.162075,0.043973,0.027411,0.040926,0.087502,0.049801,0.411678,0.126202,0.080000,0.117823,0.240206,0.142085
2018-02-20,0.166310,0.042915,0.027411,0.038182,0.094952,0.045362,0.420553,0.123299,0.080000,0.110228,0.258665,0.130006
2018-02-21,0.171228,0.041759,0.027411,0.043381,0.081762,0.053866,0.430747,0.120119,0.080000,0.124578,0.225778,0.153049
2018-02-22,0.145929,0.048631,0.027411,0.042425,0.083905,0.052273,0.377008,0.138914,0.080000,0.121953,0.231185,0.148764
2018-02-23,0.129266,0.054807,0.027411,0.038463,0.094131,0.045812,0.339829,0.155573,0.080000,0.111008,0.256645,0.131235
2018-02-26,0.147124,0.048248,0.027411,0.039549,0.091089,0.047559,0.379620,0.137872,0.080000,0.114017,0.249130,0.136000
2018-02-27,0.154006,0.046166,0.027411,0.038651,0.093590,0.046113,0.394518,0.132202,0.080000,0.111530,0.255312,0.132058
2018-02-28,0.148111,0.047936,0.027411,0.037766,0.096193,0.044699,0.381772,0.137024,0.080000,0.109073,0.261711,0.128193
2018-03-01,0.109512,0.064884,0.027411,0.035054,0.105148,0.040445,0.293871,0.182295,0.080000,0.101518,0.283437,0.116493
2018-03-02,0.095861,0.074620,0.027411,0.037037,0.098446,0.043545,0.260895,0.207571,0.080000,0.107048,0.267217,0.125030
2018-03-05,0.105341,0.067558,0.027411,0.040180,0.089411,0.048582,0.283901,0.189290,0.080000,0.115761,0.244965,0.138779
2018-03-06,0.119721,0.059213,0.027411,0.039245,0.091921,0.047068,0.317880,0.167328,0.080000,0.113175,0.251191,0.134662
2018-03-07,0.109818,0.064697,0.027411,0.040415,0.088800,0.048965,0.294599,0.181804,0.080000,0.116412,0.243444,0.139821
2018-03-08,0.109422,0.064940,0.027411,0.037413,0.097272,0.044139,0.293656,0.182441,0.080000,0.108092,0.264350,0.126658
2018-03-09,0.110999,0.063985,0.027411,0.039605,0.090938,0.047649,0.297401,0.179936,0.080000,0.114171,0.248757,0.136245
2018-03-12,0.103498,0.068817,0.027411,0.036638,0.099727,0.042915,0.279468,0.192568,0.080000,0.105935,0.270337,0.123300
2018-03-13,0.094874,0.075447,0.027411,0.034828,0.105969,0.040096,0.258472,0.209694,0.080000,0.100887,0.285408,0.115529
2018-03-14,0.085496,0.084405,0.027411,0.032253,0.116317,0.036175,0.235185,0.232444,0.080000,0.093672,0.309935,0.104647
2018-03-15,0.082460,0.087810,0.027411,0.030699,0.123595,0.033861,0.227541,0.240976,0.080000,0.089299,0.326845,0.098184
2018-03-16,0.085023,0.084917,0.027411,0.031682,0.118892,0.035320,0.233998,0.233731,0.080000,0.092066,0.315951,0.102260
2018-03-19,0.079484,0.093609,0.027411,0.031807,0.118318,0.035506,0.220000,0.255360,0.080000,0.092418,0.314614,0.102782
2018-03-21,0.081412,0.089053,0.027411,0.035778,0.102600,0.041569,0.224892,0.244073,0.080000,0.103538,0.277299,0.119595
2018-03-22,0.079484,0.121483,0.027411,0.032157,0.116742,0.036031,0.220000,0.321968,0.080000,0.093402,0.310931,0.104244
2018-03-23,0.079484,0.137464,0.027411,0.032297,0.116122,0.036241,0.220000,0.358301,0.080000,0.093796,0.309479,0.104832
2018-03-26,0.079484,0.140733,0.027411,0.030696,0.123611,0.033857,0.220000,0.365568,0.080000,0.089290,0.326884,0.098170
2018-03-27,0.079484,0.147210,0.027411,0.030847,0.122862,0.034080,0.220000,0.379808,0.080000,0.089717,0.325155,0.098796
2018-03-28,0.079484,0.154044,0.027411,0.028543,0.135331,0.030720,0.220000,0.394598,0.080000,0.083209,0.353529,0.089359
2018-03-29,0.079484,0.161551,0.027411,0.027181,0.143963,0.028778,0.220000,0.410573,0.080000,0.079348,0.372696,0.083873
2018-04-02,0.079484,0.163519,0.027411,0.028168,0.137609,0.030181,0.220000,0.414714,0.080000,0.082145,0.358623,0.087838
2018-04-03,0.079484,0.138952,0.027411,0.030807,0.123061,0.034021,0.220000,0.361615,0.080000,0.089603,0.325615,0.098629
2018-04-04,0.079484,0.140052,0.027411,0.031000,0.122114,0.034307,0.220000,0.364060,0.080000,0.090148,0.323427,0.099430
2018-04-05,0.079484,0.101124,0.027411,0.032961,0.113277,0.037242,0.220000,0.273729,0.080000,0.095660,0.302789,0.107617
2018-04-06,0.079484,0.112921,0.027411,0.030477,0.124710,0.033534,0.220000,0.301949,0.080000,0.088673,0.329412,0.097266
2018-04-09,0.079484,0.106593,0.027411,0.029813,0.128167,0.032560,0.220000,0.286903,0.080000,0.086798,0.337327,0.094534
2018-04-10,0.084653,0.085322,0.027411,0.029177,0.131657,0.031635,0.233068,0.234748,0.080000,0.085002,0.345253,0.091936
2018-04-11,0.087535,0.082270,0.027411,0.028544,0.135328,0.030721,0.240290,0.227062,0.080000,0.083211,0.353521,0.089362
2018-04-12,0.105235,0.067629,0.027411,0.030363,0.125289,0.033367,0.283646,0.189476,0.080000,0.088351,0.330743,0.096797
2018-04-13,0.117254,0.060482,0.027411,0.027325,0.143001,0.028981,0.312129,0.170694,0.080000,0.079756,0.370579,0.084449
2018-04-16,0.128186,0.055269,0.027411,0.026791,0.146646,0.028227,0.337370,0.156811,0.080000,0.078238,0.378576,0.082312
2018-04-17,0.142668,0.049714,0.027411,0.024880,0.161344,0.025572,0.369846,0.141851,0.080000,0.072798,0.410137,0.074771
2018-04-18,0.155419,0.045764,0.027411,0.027984,0.138748,0.029919,0.397545,0.131104,0.080000,0.081625,0.361162,0.087098
2018-04-19,0.128935,0.054947,0.027411,0.030600,0.124088,0.033716,0.339076,0.155950,0.080000,0.089021,0.327980,0.097776
2018-04-20,0.127789,0.055441,0.027411,0.032515,0.115172,0.036569,0.336465,0.157271,0.080000,0.094409,0.307250,0.105745
2018-04-23,0.115222,0.061574,0.027411,0.031766,0.118504,0.035446,0.307367,0.173581,0.080000,0.092303,0.315047,0.102612
2018-04-24,0.104342,0.068234,0.027411,0.034700,0.106439,0.039899,0.281501,0.191051,0.080000,0.100530,0.286534,0.114984
2018-04-25,0.093009,0.077065,0.027411,0.036839,0.099077,0.043232,0.253880,0.213836,0.080000,0.106496,0.268756,0.124171
2018-04-26,0.095880,0.074604,0.027411,0.033949,0.109287,0.038746,0.260941,0.207530,0.080000,0.098430,0.293336,0.111792
2018-04-27,0.093729,0.076432,0.027411,0.030426,0.124967,0.033460,0.255655,0.212216,0.080000,0.088530,0.330001,0.097058
2018-05-01,0.079484,0.092582,0.027411,0.030728,0.123452,0.033904,0.220000,0.252825,0.080000,0.089380,0.326516,0.098302
2018-05-02,0.081231,0.089272,0.027411,0.031764,0.118513,0.035443,0.224433,0.244618,0.080000,0.092298,0.315067,0.102604
2018-05-03,0.079484,0.103144,0.027411,0.029285,0.131051,0.031792,0.220000,0.278614,0.080000,0.085307,0.343881,0.092376
2018-05-04,0.079484,0.105811,0.027411,0.028660,0.134639,0.030889,0.220000,0.285031,0.080000,0.083540,0.351974,0.089833
2018-05-07,0.079484,0.099943,0.027411,0.030547,0.124358,0.033637,0.220000,0.270862,0.080000,0.088869,0.328602,0.097554
2018-05-08,0.079484,0.100238,0.027411,0.030737,0.123406,0.033918,0.220000,0.271579,0.080000,0.089406,0.326410,0.098341
2018-05-09,0.079484,0.094705,0.027411,0.030920,0.122505,0.034188,0.220000,0.258057,0.080000,0.089922,0.324331,0.099098
2018-05-10,0.082691,0.087540,0.027411,0.028555,0.135263,0.030737,0.228125,0.240302,0.080000,0.083242,0.353377,0.089405
2018-05-11,0.087158,0.082657,0.027411,0.028749,0.134118,0.031016,0.239347,0.228038,0.080000,0.083791,0.350804,0.090193
2018-05-14,0.095205,0.075168,0.027411,0.030637,0.123904,0.033770,0.259285,0.208977,0.080000,0.089124,0.327557,0.097928
2018-05-15,0.096431,0.074150,0.027411,0.035545,0.103406,0.041206,0.262293,0.206364,0.080000,0.102889,0.279245,0.118595
2018-05-16,0.094265,0.075967,0.027411,0.036689,0.099560,0.042997,0.256975,0.211027,0.080000,0.106079,0.269929,0.123524
2018-05-17,0.095472,0.074943,0.027411,0.040173,0.089427,0.048572,0.259941,0.208401,0.080000,0.115744,0.245005,0.138752
2018-05-18,0.086943,0.082878,0.027411,0.036970,0.098661,0.043438,0.238810,0.228597,0.080000,0.106859,0.267741,0.124736
2018-05-21,0.088100,0.081699,0.027411,0.034052,0.108890,0.038903,0.241700,0.225618,0.080000,0.098716,0.292390,0.112226
2018-05-22,0.089252,0.080559,0.027411,0.033269,0.112005,0.037708,0.244569,0.222731,0.080000,0.096522,0.299784,0.108913
2018-05-23,0.079484,0.100407,0.027411,0.034430,0.107446,0.039483,0.220000,0.271988,0.080000,0.099775,0.288944,0.113834
2018-05-24,0.079484,0.102735,0.027411,0.034615,0.106755,0.039767,0.220000,0.277625,0.080000,0.100291,0.287292,0.114620
2018-05-25,0.079484,0.116564,0.027411,0.031946,0.117687,0.035714,0.220000,0.310514,0.080000,0.092809,0.313141,0.103362
2018-05-29,0.079484,0.225899,0.035279,0.032206,0.116525,0.036104,0.220000,0.536134,0.102147,0.093540,0.310423,0.104449
2018-05-30,0.079484,0.176657,0.027411,0.029774,0.128373,0.032504,0.220000,0.441860,0.080000,0.086690,0.337795,0.094377
2018-05-31,0.079484,0.190146,0.028658,0.030856,0.122819,0.034093,0.220000,0.468847,0.083534,0.089741,0.325056,0.098832
2018-06-01,0.079484,0.152548,0.027411,0.030218,0.126036,0.033153,0.220000,0.391381,0.080000,0.087942,0.332454,0.096199
2018-06-04,0.079484,0.128828,0.027411,0.030443,0.124881,0.033484,0.220000,0.338833,0.080000,0.088577,0.329806,0.097127
2018-06-05,0.079484,0.137589,0.027411,0.031526,0.119613,0.035087,0.220000,0.358579,0.080000,0.091628,0.317629,0.101612
2018-06-06,0.079484,0.121766,0.027411,0.033552,0.110859,0.038139,0.220000,0.322622,0.080000,0.097315,0.297071,0.110108
2018-06-07,0.079484,0.121755,0.027411,0.031923,0.117792,0.035680,0.220000,0.322597,0.080000,0.092744,0.313386,0.103265
2018-06-08,0.079484,0.129777,0.027411,0.032131,0.116858,0.035992,0.220000,0.340990,0.080000,0.093329,0.311202,0.104136
2018-06-11,0.079484,0.114974,0.027411,0.033241,0.112118,0.037667,0.220000,0.306784,0.080000,0.096445,0.300051,0.108797
2018-06-12,0.079484,0.112719,0.027411,0.031648,0.119048,0.035269,0.220000,0.301472,0.080000,0.091970,0.316314,0.102119
2018-06-13,0.079484,0.097930,0.027411,0.029357,0.130652,0.031896,0.220000,0.265958,0.080000,0.085510,0.342976,0.092669
2018-06-14,0.079484,0.094379,0.027411,0.026560,0.148278,0.027902,0.220000,0.257255,0.080000,0.077582,0.382135,0.081393
2018-06-15,0.079484,0.098307,0.027411,0.029057,0.132336,0.031462,0.220000,0.266879,0.080000,0.084664,0.346787,0.091448
2018-06-18,0.079484,0.104620,0.027411,0.027741,0.140287,0.029572,0.220000,0.282170,0.080000,0.080936,0.364581,0.086119
2018-06-19,0.079484,0.128110,0.027411,0.027211,0.143765,0.028820,0.220000,0.337195,0.080000,0.079431,0.372261,0.083991
2018-06-20,0.079484,0.113299,0.027411,0.028924,0.133099,0.031270,0.220000,0.302841,0.080000,0.084287,0.348509,0.090906
2018-06-21,0.079484,0.141540,0.027411,0.026867,0.146114,0.028334,0.220000,0.367355,0.080000,0.078455,0.377414,0.082617
2018-06-22,0.079484,0.140486,0.027411,0.027087,0.144605,0.028644,0.220000,0.365021,0.080000,0.079078,0.374107,0.083494
2018-06-25,0.079484,0.179269,0.027411,0.026557,0.148298,0.027898,0.220000,0.447156,0.080000,0.077574,0.382179,0.081382
2018-06-27,0.079484,0.213547,0.032999,0.025491,0.156335,0.026413,0.220000,0.513573,0.095767,0.074539,0.399504,0.077166
2018-06-28,0.079484,0.267176,0.042765,0.026351,0.149782,0.027611,0.220000,0.606451,0.122888,0.076990,0.385402,0.080566
2018-06-29,0.079484,0.233908,0.036749,0.027242,0.143555,0.028864,0.220000,0.550383,0.106246,0.079520,0.371798,0.084116
2018-07-02,0.079484,0.373124,0.060313,0.025252,0.158258,0.026083,0.220000,0.753654,0.170245,0.073858,0.403600,0.076227
2018-07-03,0.079484,0.354688,0.057480,0.025457,0.156605,0.026367,0.220000,0.731275,0.162718,0.074443,0.400080,0.077032
2018-07-05,0.079484,0.299389,0.048399,0.025014,0.160220,0.025756,0.220000,0.656100,0.138284,0.073179,0.407761,0.075294
2018-07-06,0.079484,0.281554,0.045307,0.025253,0.158244,0.026086,0.220000,0.629164,0.129856,0.073863,0.403570,0.076234
2018-07-09,0.079484,0.214833,0.033237,0.025501,0.156256,0.026427,0.220000,0.515955,0.096434,0.074568,0.399335,0.077205
2018-07-10,0.079484,0.172354,0.027411,0.025066,0.159781,0.025828,0.220000,0.433064,0.080000,0.073330,0.406833,0.075501
2018-07-11,0.079484,0.199587,0.030412,0.024624,0.163540,0.025222,0.220000,0.487207,0.088488,0.072068,0.414757,0.073773
2018-07-12,0.079484,0.177484,0.027411,0.023573,0.173219,0.023796,0.220000,0.443540,0.080000,0.069065,0.434840,0.069703
2018-07-13,0.079484,0.173461,0.027411,0.023168,0.177264,0.023253,0.220000,0.435336,0.080000,0.067906,0.443094,0.068148
2018-07-16,0.079484,0.155919,0.027411,0.024637,0.163425,0.025240,0.220000,0.398616,0.080000,0.072105,0.414517,0.073824
2018-07-17,0.079484,0.152051,0.027411,0.023560,0.173348,0.023778,0.220000,0.390310,0.080000,0.069027,0.435104,0.069653
2018-07-18,0.079484,0.145231,0.027411,0.026423,0.149262,0.027711,0.220000,0.375479,0.080000,0.077193,0.384273,0.080850
2018-07-19,0.079484,0.154007,0.027411,0.023978,0.169360,0.024343,0.220000,0.394519,0.080000,0.070222,0.426888,0.071264
2018-07-20,0.079484,0.136242,0.027411,0.027601,0.141187,0.029373,0.220000,0.355570,0.080000,0.080540,0.366573,0.085557
2018-07-23,0.079484,0.118543,0.027411,0.030077,0.126768,0.032947,0.220000,0.315138,0.080000,0.087545,0.334130,0.095621
2018-07-24,0.079484,0.107735,0.027411,0.030246,0.125890,0.033195,0.220000,0.289635,0.080000,0.088021,0.332121,0.096315
2018-07-25,0.079484,0.106130,0.027411,0.027337,0.142922,0.028998,0.220000,0.285796,0.080000,0.079789,0.370406,0.084496
2018-07-26,0.082059,0.088281,0.027411,0.028257,0.137061,0.030309,0.226528,0.242152,0.080000,0.082398,0.357400,0.088199
2018-07-27,0.084488,0.085504,0.027411,0.028455,0.135861,0.030593,0.232653,0.235205,0.080000,0.082958,0.354717,0.089000
2018-07-31,0.079484,0.092835,0.027411,0.028780,0.133937,0.031061,0.220000,0.253451,0.080000,0.083879,0.350396,0.090319
2018-08-01,0.082672,0.087562,0.027411,0.032195,0.116575,0.036087,0.228078,0.240357,0.080000,0.093508,0.310541,0.104401
2018-08-03,0.084994,0.084948,0.027411,0.031643,0.119072,0.035261,0.233925,0.233810,0.080000,0.091956,0.316369,0.102098
2018-08-06,0.084901,0.085050,0.027411,0.030144,0.126419,0.033045,0.233691,0.234065,0.080000,0.087733,0.333332,0.095895
2018-08-07,0.101951,0.069913,0.027411,0.030319,0.125513,0.033302,0.275731,0.195417,0.080000,0.088228,0.331256,0.096617
2018-08-08,0.094961,0.075374,0.027411,0.028879,0.133362,0.031204,0.258685,0.209505,0.080000,0.084158,0.349102,0.090721
2018-08-09,0.090248,0.079601,0.027411,0.029859,0.127922,0.032627,0.247044,0.220298,0.080000,0.086928,0.336766,0.094723
2018-08-10,0.079484,0.110369,0.027411,0.027710,0.140488,0.029527,0.220000,0.295908,0.080000,0.080847,0.365026,0.085993
2018-08-13,0.079484,0.119619,0.027411,0.028681,0.134514,0.030919,0.220000,0.317643,0.080000,0.083600,0.351694,0.089919
2018-08-14,0.079484,0.109446,0.027411,0.028118,0.137912,0.030111,0.220000,0.293714,0.080000,0.082005,0.359301,0.087639
2018-08-15,0.079484,0.133242,0.027411,0.027592,0.141244,0.029361,0.220000,0.348831,0.080000,0.080514,0.366701,0.085521
2018-08-16,0.079484,0.112155,0.027411,0.027077,0.144667,0.028631,0.220000,0.300141,0.080000,0.079053,0.374243,0.083458
2018-08-17,0.079484,0.108597,0.027411,0.028798,0.133831,0.031087,0.220000,0.291692,0.080000,0.083930,0.350159,0.090392
2018-08-20,0.079484,0.120713,0.027411,0.026092,0.151697,0.027249,0.220000,0.320183,0.080000,0.076252,0.389547,0.079539
2018-08-21,0.079484,0.106361,0.027411,0.027731,0.140354,0.029557,0.220000,0.286349,0.080000,0.080906,0.364729,0.086077
2018-08-22,0.079484,0.110194,0.027411,0.026536,0.148450,0.027869,0.220000,0.295493,0.080000,0.077514,0.382508,0.081298
2018-08-23,0.079484,0.107749,0.027411,0.026079,0.151794,0.027231,0.220000,0.289669,0.080000,0.076215,0.389755,0.079488
2018-08-24,0.079484,0.105348,0.027411,0.024997,0.160355,0.025734,0.220000,0.283918,0.080000,0.073133,0.408048,0.075231
2018-08-27,0.079484,0.098051,0.027411,0.024612,0.163645,0.025205,0.220000,0.266254,0.080000,0.072033,0.414979,0.073726
2018-08-28,0.082035,0.088310,0.027411,0.026848,0.146243,0.028308,0.226468,0.242222,0.080000,0.078402,0.377696,0.082543
2018-08-29,0.083763,0.086314,0.027411,0.027757,0.140185,0.029595,0.230827,0.237235,0.080000,0.080981,0.364355,0.086183
2018-08-30,0.079484,0.101025,0.027411,0.027940,0.139022,0.029856,0.220000,0.273488,0.080000,0.081501,0.361771,0.086922
2018-08-31,0.079484,0.122745,0.027411,0.029630,0.129154,0.032293,0.220000,0.324885,0.080000,0.086281,0.339574,0.093784
2018-09-04,0.079484,0.113628,0.027411,0.029822,0.128118,0.032573,0.220000,0.303618,0.080000,0.086824,0.337215,0.094572
2018-09-05,0.079484,0.122710,0.027411,0.029987,0.127239,0.032816,0.220000,0.324805,0.080000,0.087291,0.335208,0.095251
2018-09-06,0.079484,0.132538,0.027411,0.030156,0.126356,0.033063,0.220000,0.347244,0.080000,0.087768,0.333187,0.095945
2018-09-07,0.079484,0.115359,0.027411,0.029545,0.129616,0.032169,0.220000,0.307689,0.080000,0.086041,0.340625,0.093437
2018-09-10,0.079484,0.109547,0.027411,0.028219,0.137291,0.030255,0.220000,0.293954,0.080000,0.082291,0.357915,0.088047
2018-09-11,0.079740,0.091114,0.027411,0.029178,0.131650,0.031637,0.220652,0.249194,0.080000,0.085006,0.345236,0.091941
2018-09-12,0.085849,0.084027,0.027411,0.030148,0.126396,0.033051,0.236070,0.231493,0.080000,0.087746,0.333280,0.095913
2018-09-13,0.094559,0.075716,0.027411,0.028758,0.134064,0.031030,0.257697,0.210382,0.080000,0.083817,0.350681,0.090231
2018-09-14,0.111544,0.063662,0.027411,0.028905,0.133209,0.031242,0.298695,0.179086,0.080000,0.084234,0.348756,0.090829
2018-09-17,0.114508,0.061968,0.027411,0.029048,0.132387,0.031449,0.305689,0.174621,0.080000,0.084638,0.346903,0.091411
2018-09-18,0.127863,0.055409,0.027411,0.031620,0.119179,0.035227,0.336632,0.157186,0.080000,0.091891,0.316618,0.102001
2018-09-19,0.130962,0.054098,0.027411,0.034376,0.107650,0.039400,0.343679,0.153673,0.080000,0.099624,0.289432,0.113604
2018-09-20,0.131144,0.054023,0.027411,0.033576,0.110761,0.038176,0.344091,0.153472,0.080000,0.097384,0.296838,0.110211
2018-09-21,0.130362,0.054346,0.027411,0.033684,0.110332,0.038340,0.342320,0.154339,0.080000,0.097686,0.295819,0.110667
2018-09-24,0.121200,0.058479,0.027411,0.032889,0.113579,0.037133,0.321313,0.165379,0.080000,0.095457,0.303502,0.107314
2018-09-25,0.130183,0.054421,0.027411,0.034854,0.105873,0.040136,0.341912,0.154540,0.080000,0.100960,0.285179,0.115640
2018-09-26,0.126714,0.055913,0.027411,0.031384,0.120280,0.034876,0.334007,0.158534,0.080000,0.091227,0.319178,0.101021
2018-09-27,0.131885,0.053721,0.027411,0.031505,0.119710,0.035057,0.345767,0.152661,0.080000,0.091569,0.317854,0.101526
2018-09-28,0.138404,0.051216,0.027411,0.032495,0.115259,0.036539,0.360397,0.145913,0.080000,0.094352,0.307455,0.105660
2018-10-02,0.133596,0.053038,0.027411,0.031875,0.118010,0.035608,0.349628,0.150823,0.080000,0.092608,0.313895,0.103064
2018-10-03,0.161223,0.044193,0.027411,0.038901,0.092882,0.046513,0.409882,0.126805,0.080000,0.112221,0.253565,0.133150
2018-10-04,0.117255,0.060482,0.027411,0.041294,0.086591,0.050404,0.312132,0.170692,0.080000,0.118838,0.237928,0.143719
2018-10-05,0.106604,0.066723,0.027411,0.045107,0.078156,0.056778,0.286930,0.187111,0.080000,0.129308,0.216620,0.160846
2018-10-09,0.088628,0.081172,0.027411,0.042783,0.083089,0.052868,0.243016,0.224284,0.080000,0.122937,0.229130,0.150367
2018-10-10,0.079484,0.101225,0.027411,0.044154,0.080106,0.055165,0.220000,0.273973,0.080000,0.126699,0.221581,0.156534
2018-10-11,0.079484,0.131223,0.027411,0.038262,0.094716,0.045490,0.220000,0.344270,0.080000,0.110451,0.258085,0.130357
2018-10-12,0.079484,0.119177,0.027411,0.039486,0.091261,0.047457,0.220000,0.316614,0.080000,0.113842,0.249556,0.135721
2018-10-15,0.079484,0.102519,0.027411,0.040759,0.087923,0.049527,0.220000,0.277104,0.080000,0.117361,0.241257,0.141343
2018-10-16,0.079484,0.096689,0.027411,0.038501,0.094020,0.045873,0.220000,0.262924,0.080000,0.111114,0.256373,0.131402
2018-10-17,0.079484,0.096575,0.027411,0.039784,0.090456,0.047940,0.220000,0.262645,0.080000,0.114667,0.247561,0.137035
2018-10-18,0.079484,0.114259,0.027411,0.039902,0.090143,0.048130,0.220000,0.305103,0.080000,0.114992,0.246785,0.137552
2018-10-19,0.079484,0.114058,0.027411,0.037673,0.096476,0.044551,0.220000,0.304630,0.080000,0.108814,0.262402,0.127788
2018-10-22,0.079484,0.120551,0.027411,0.037812,0.096055,0.044772,0.220000,0.319807,0.080000,0.109200,0.261372,0.128392
2018-10-23,0.079484,0.176069,0.027411,0.037949,0.095643,0.044991,0.220000,0.440665,0.080000,0.109582,0.260360,0.128991
2018-10-24,0.079484,0.182045,0.027411,0.035840,0.102387,0.041666,0.220000,0.452746,0.080000,0.103711,0.276786,0.119861
2018-10-25,0.079484,0.225410,0.035189,0.038265,0.094707,0.045495,0.220000,0.535255,0.101896,0.110459,0.258063,0.130370
2018-10-26,0.079484,0.340290,0.055197,0.037242,0.097802,0.043869,0.220000,0.712883,0.156618,0.107617,0.265645,0.125918
2018-10-30,0.079484,0.415196,0.067288,0.038682,0.093502,0.046162,0.220000,0.800000,0.188585,0.111615,0.255095,0.132193
2018-10-31,0.079484,0.320836,0.052018,0.038816,0.093122,0.046377,0.220000,0.686727,0.148078,0.111985,0.254158,0.132778
2018-11-01,0.079484,0.338470,0.054904,0.041481,0.086137,0.050711,0.220000,0.710500,0.155834,0.119351,0.236790,0.144548
2018-11-02,0.079484,0.238301,0.037553,0.042955,0.082703,0.053155,0.220000,0.558073,0.108480,0.123409,0.228155,0.151138
2018-11-05,0.079484,0.247296,0.039190,0.040469,0.088662,0.049053,0.220000,0.573545,0.113023,0.116559,0.243101,0.140057
2018-11-07,0.079484,0.161403,0.027411,0.037109,0.098220,0.043658,0.220000,0.410260,0.080000,0.107247,0.266666,0.125340
2018-11-08,0.079484,0.149939,0.027411,0.037277,0.097695,0.043923,0.220000,0.385744,0.080000,0.107713,0.265383,0.126067
2018-11-09,0.079484,0.220647,0.034311,0.036223,0.101093,0.042264,0.220000,0.526628,0.099442,0.104779,0.273653,0.121509
2018-11-13,0.079484,0.415196,0.068278,0.036463,0.100297,0.042641,0.220000,0.800000,0.191168,0.105449,0.271722,0.122546
2018-11-14,0.079484,0.415196,0.105294,0.037794,0.096108,0.044744,0.220000,0.800000,0.283789,0.109151,0.261500,0.128317
2018-11-15,0.079484,0.415196,0.180912,0.036790,0.099235,0.043155,0.220000,0.800000,0.450470,0.106359,0.269139,0.123959
2018-11-16,0.079484,0.415196,0.221902,0.039333,0.091679,0.047210,0.220000,0.800000,0.528911,0.113419,0.250591,0.135049
2018-11-19,0.079484,0.415196,0.263194,0.039489,0.091253,0.047461,0.220000,0.800000,0.600000,0.113850,0.249537,0.135733
2018-11-20,0.079484,0.415196,0.263194,0.039645,0.090830,0.047714,0.220000,0.800000,0.600000,0.114282,0.248490,0.136420
2018-11-21,0.079484,0.415196,0.237040,0.037381,0.097371,0.044088,0.220000,0.800000,0.555875,0.108003,0.264592,0.126520
2018-11-23,0.079484,0.415196,0.226822,0.036465,0.100292,0.042644,0.220000,0.800000,0.537790,0.105453,0.271710,0.122553
2018-11-26,0.079484,0.415196,0.190506,0.035512,0.103521,0.041155,0.220000,0.800000,0.469554,0.102797,0.279522,0.118454
2018-11-27,0.079484,0.415196,0.222355,0.035689,0.102905,0.041431,0.220000,0.800000,0.529733,0.103291,0.278035,0.119215
2018-11-28,0.079484,0.415196,0.183395,0.038169,0.094989,0.045342,0.220000,0.800000,0.455452,0.110193,0.258755,0.129952
2018-11-29,0.079484,0.415196,0.166949,0.034916,0.105646,0.040232,0.220000,0.800000,0.421885,0.101134,0.284633,0.115906
2018-11-30,0.079484,0.415196,0.214866,0.034032,0.108966,0.038872,0.220000,0.800000,0.516016,0.098661,0.292572,0.112142
2018-12-03,0.079484,0.415196,0.153603,0.028483,0.135693,0.030633,0.220000,0.800000,0.393652,0.083038,0.354340,0.089114
2018-12-04,0.079484,0.415196,0.196239,0.025464,0.156550,0.026376,0.220000,0.800000,0.480744,0.074462,0.399963,0.077059
2018-12-06,0.079484,0.415196,0.263194,0.026535,0.148454,0.027868,0.220000,0.800000,0.600000,0.077512,0.382518,0.081296
2018-12-07,0.079484,0.415196,0.263194,0.027602,0.141181,0.029375,0.220000,0.800000,0.600000,0.080542,0.366561,0.085561
2018-12-10,0.079484,0.415196,0.263194,0.027849,0.139597,0.029726,0.220000,0.800000,0.600000,0.081243,0.363050,0.086555
2018-12-12,0.079484,0.415196,0.181274,0.029233,0.131343,0.031717,0.220000,0.800000,0.451198,0.085160,0.344541,0.092164
2018-12-13,0.079484,0.415196,0.153646,0.031270,0.120817,0.034707,0.220000,0.800000,0.393744,0.090908,0.320424,0.100549
2018-12-14,0.079484,0.415196,0.165631,0.031488,0.119792,0.035031,0.220000,0.800000,0.419137,0.091520,0.318044,0.101453
2018-12-17,0.079484,0.415196,0.194552,0.031637,0.119099,0.035253,0.220000,0.800000,0.477468,0.091940,0.316432,0.102074
2018-12-18,0.079484,0.415196,0.244779,0.032799,0.113957,0.036998,0.220000,0.800000,0.569254,0.095206,0.304393,0.106937
2018-12-19,0.079484,0.415196,0.263194,0.030221,0.126022,0.033157,0.220000,0.800000,0.600000,0.087950,0.332422,0.096210
2018-12-20,0.079484,0.415196,0.263194,0.028729,0.134237,0.030987,0.220000,0.800000,0.600000,0.083734,0.351070,0.090111
2018-12-24,0.079484,0.415196,0.263194,0.035735,0.102747,0.041502,0.220000,0.800000,0.600000,0.103419,0.277654,0.119411
2018-12-26,0.079484,0.415196,0.263194,0.036975,0.098645,0.043446,0.220000,0.800000,0.600000,0.106873,0.267701,0.124758
2018-12-27,0.079484,0.415196,0.263194,0.038247,0.094760,0.045466,0.220000,0.800000,0.600000,0.110409,0.258193,0.130292
2018-12-28,0.079484,0.415196,0.263194,0.037296,0.097634,0.043954,0.220000,0.800000,0.600000,0.107767,0.265236,0.126151
2018-12-31,0.079484,0.415196,0.263194,0.038579,0.093798,0.045997,0.220000,0.800000,0.600000,0.111328,0.255825,0.131740
2019-01-02,0.079484,0.415196,0.263194,0.033401,0.111468,0.037909,0.220000,0.800000,0.600000,0.096892,0.298513,0.109470
2019-01-03,0.079484,0.415196,0.263194,0.034587,0.106858,0.039725,0.220000,0.800000,0.600000,0.100214,0.287538,0.114503
2019-01-04,0.079484,0.415196,0.197452,0.034772,0.106173,0.040010,0.220000,0.800000,0.483093,0.100732,0.285897,0.115292
2019-01-08,0.079484,0.415196,0.098909,0.033138,0.112541,0.037510,0.220000,0.800000,0.268346,0.096156,0.301052,0.108363
2019-01-09,0.079484,0.415196,0.078514,0.036355,0.100653,0.042472,0.220000,0.800000,0.217532,0.105148,0.272586,0.122080
2019-01-10,0.079484,0.415196,0.075836,0.036520,0.100109,0.042731,0.220000,0.800000,0.210690,0.105609,0.271265,0.122794
2019-01-11,0.079484,0.415196,0.072598,0.034609,0.106778,0.039758,0.220000,0.800000,0.202364,0.100274,0.287348,0.114594
2019-01-14,0.079484,0.415196,0.074788,0.036874,0.098966,0.043287,0.220000,0.800000,0.208002,0.106593,0.268485,0.124322
2019-01-15,0.079484,0.415196,0.069619,0.038140,0.095075,0.045295,0.220000,0.800000,0.194654,0.110112,0.258968,0.129824
2019-01-16,0.079484,0.355123,0.057548,0.037188,0.097973,0.043782,0.220000,0.731817,0.162899,0.107465,0.266063,0.125680
2019-01-17,0.079484,0.316408,0.051281,0.038450,0.094169,0.045791,0.220000,0.680559,0.146088,0.110972,0.256738,0.131178
2019-01-18,0.079484,0.249010,0.039501,0.036401,0.100501,0.042544,0.220000,0.576452,0.113883,0.105276,0.272217,0.122279
2019-01-22,0.079484,0.276878,0.044485,0.035482,0.103625,0.041109,0.220000,0.621876,0.127606,0.102714,0.279773,0.118327
2019-01-23,0.079484,0.255174,0.040615,0.037768,0.096186,0.044703,0.220000,0.586797,0.116962,0.109080,0.261692,0.128204
2019-01-24,0.079484,0.259146,0.041329,0.035658,0.103011,0.041383,0.220000,0.593372,0.118934,0.103206,0.278292,0.119083
2019-01-25,0.079484,0.216695,0.033581,0.035752,0.102688,0.041529,0.220000,0.519390,0.097399,0.103467,0.277512,0.119485
2019-01-28,0.079484,0.227736,0.035617,0.034742,0.106285,0.039963,0.220000,0.539428,0.103090,0.100646,0.286167,0.115161
2019-01-29,0.079484,0.218524,0.033919,0.035820,0.102454,0.041635,0.220000,0.522748,0.098345,0.103657,0.276946,0.119777
2019-01-30,0.079484,0.210276,0.032394,0.038137,0.095085,0.045290,0.220000,0.507477,0.094067,0.110103,0.258992,0.129810
2019-01-31,0.079484,0.205195,0.031452,0.038175,0.094972,0.045351,0.220000,0.497909,0.091420,0.110209,0.258713,0.129977
2019-02-01,0.079484,0.182331,0.027411,0.038196,0.094910,0.045385,0.220000,0.453321,0.080000,0.110267,0.258562,0.130068
2019-02-04,0.079484,0.167480,0.027411,0.040832,0.087740,0.049646,0.220000,0.422989,0.080000,0.117561,0.240800,0.141665
2019-02-05,0.079484,0.151220,0.027411,0.038302,0.094601,0.045553,0.220000,0.388515,0.080000,0.110560,0.257802,0.130529
2019-02-06,0.079484,0.144863,0.027411,0.038389,0.094346,0.045693,0.220000,0.374674,0.080000,0.110803,0.257174,0.130911
2019-02-07,0.079484,0.170155,0.027411,0.037234,0.097828,0.043855,0.220000,0.428533,0.080000,0.107594,0.265710,0.125881
2019-02-08,0.079484,0.173014,0.027411,0.038561,0.093849,0.045968,0.220000,0.434419,0.080000,0.111280,0.255950,0.131663
2019-02-11,0.079484,0.167115,0.027411,0.037334,0.097515,0.044015,0.220000,0.422229,0.080000,0.107873,0.264945,0.126317
2019-02-12,0.079484,0.149813,0.027411,0.038727,0.093374,0.046234,0.220000,0.385469,0.080000,0.111739,0.254780,0.132389
2019-02-13,0.079484,0.140442,0.027411,0.038807,0.093146,0.046363,0.220000,0.364924,0.080000,0.111962,0.254217,0.132741
2019-02-14,0.079484,0.148574,0.027411,0.036277,0.100910,0.042350,0.220000,0.382779,0.080000,0.104932,0.273210,0.121746
2019-02-15,0.079484,0.139260,0.027411,0.033912,0.109431,0.038689,0.220000,0.362300,0.080000,0.098326,0.293679,0.111635
2019-02-20,0.079484,0.133941,0.027411,0.035271,0.104368,0.040782,0.220000,0.350405,0.080000,0.102126,0.281564,0.117424
2019-02-21,0.079484,0.129797,0.027411,0.036630,0.099751,0.042904,0.220000,0.341035,0.080000,0.105915,0.270394,0.123269
2019-02-22,0.079484,0.130253,0.027411,0.038042,0.095365,0.045139,0.220000,0.342072,0.080000,0.109840,0.259680,0.129397
2019-02-25,0.079484,0.122291,0.027411,0.036731,0.099425,0.043062,0.220000,0.323836,0.080000,0.106195,0.269601,0.123704
2019-02-26,0.079484,0.122733,0.027411,0.036774,0.099287,0.043130,0.220000,0.324858,0.080000,0.106314,0.269266,0.123889
2019-02-27,0.079484,0.113740,0.027411,0.041277,0.086632,0.050376,0.220000,0.303880,0.080000,0.118791,0.238032,0.143644
2019-02-28,0.079484,0.109133,0.027411,0.044683,0.079012,0.056059,0.220000,0.292968,0.080000,0.128148,0.218799,0.158926
2019-03-01,0.079484,0.101977,0.027411,0.044808,0.078757,0.056271,0.220000,0.275794,0.080000,0.128491,0.218151,0.159492
2019-03-04,0.079484,0.101945,0.027411,0.038460,0.094141,0.045806,0.220000,0.275717,0.080000,0.110998,0.256671,0.131219
2019-03-05,0.079484,0.102386,0.027411,0.038573,0.093815,0.045987,0.220000,0.276783,0.080000,0.111312,0.255866,0.131715
2019-03-06,0.079484,0.109804,0.027411,0.038684,0.093497,0.046165,0.220000,0.294565,0.080000,0.111620,0.255083,0.132200
2019-03-07,0.079484,0.121909,0.027411,0.038784,0.093211,0.046327,0.220000,0.322953,0.080000,0.111899,0.254377,0.132641
2019-03-08,0.079484,0.128396,0.027411,0.038853,0.093016,0.046437,0.220000,0.337848,0.080000,0.112089,0.253896,0.132942
2019-03-11,0.079484,0.122837,0.027411,0.038956,0.092726,0.046602,0.220000,0.325097,0.080000,0.112374,0.253182,0.133392
2019-03-12,0.079484,0.116199,0.027411,0.037506,0.096985,0.044286,0.220000,0.309658,0.080000,0.108350,0.263650,0.127062
2019-03-13,0.079484,0.109095,0.027411,0.037619,0.096639,0.044466,0.220000,0.292879,0.080000,0.108665,0.262802,0.127555
2019-03-14,0.079484,0.103354,0.027411,0.039309,0.091745,0.047171,0.220000,0.279119,0.080000,0.113352,0.250755,0.134943
2019-03-15,0.079484,0.100614,0.027411,0.037847,0.095949,0.044828,0.220000,0.272490,0.080000,0.109298,0.261111,0.128546
2019-03-18,0.079484,0.100467,0.027411,0.036455,0.100324,0.042628,0.220000,0.272134,0.080000,0.105426,0.271787,0.122511
2019-03-20,0.079484,0.101537,0.027411,0.035211,0.104584,0.040688,0.220000,0.274728,0.080000,0.101957,0.282082,0.117165
2019-03-21,0.079484,0.095600,0.027411,0.033893,0.109506,0.038660,0.220000,0.260255,0.080000,0.098273,0.293856,0.111555
2019-03-22,0.079484,0.102698,0.027411,0.034007,0.109063,0.038834,0.220000,0.277536,0.080000,0.098591,0.292802,0.112037
2019-03-25,0.079484,0.109550,0.027411,0.040340,0.088993,0.048843,0.220000,0.293960,0.080000,0.116205,0.243925,0.139490
2019-03-26,0.079484,0.106369,0.027411,0.040454,0.088701,0.049028,0.220000,0.286367,0.080000,0.116518,0.243197,0.139991
2019-03-27,0.079484,0.106098,0.027411,0.040572,0.088397,0.049221,0.220000,0.285719,0.080000,0.116845,0.242440,0.140515
2019-03-28,0.079484,0.105093,0.027411,0.038980,0.092657,0.046642,0.220000,0.283306,0.080000,0.112442,0.253012,0.133500
2019-03-29,0.079484,0.098698,0.027411,0.035880,0.102249,0.041729,0.220000,0.267832,0.080000,0.103824,0.276452,0.120035
2019-04-01,0.079484,0.094882,0.027411,0.039307,0.091751,0.047167,0.220000,0.258491,0.080000,0.113346,0.250771,0.134933
2019-04-02,0.079484,0.095224,0.027411,0.043070,0.082448,0.053346,0.220000,0.259332,0.080000,0.123724,0.227511,0.151651
2019-04-03,0.081050,0.089491,0.027411,0.045168,0.078034,0.056882,0.223975,0.245163,0.080000,0.129476,0.216308,0.161125
2019-04-04,0.081292,0.089197,0.027411,0.043336,0.081860,0.053791,0.224588,0.244433,0.080000,0.124456,0.226024,0.152849
2019-04-05,0.085499,0.084402,0.027411,0.038023,0.095421,0.045109,0.235192,0.232436,0.080000,0.109788,0.259816,0.129315
2019-04-08,0.088862,0.080941,0.027411,0.039857,0.090261,0.048058,0.243599,0.223699,0.080000,0.114870,0.247077,0.137357
2019-04-09,0.088007,0.081792,0.027411,0.039957,0.089997,0.048219,0.241467,0.225854,0.080000,0.115144,0.246423,0.137795
2019-04-10,0.090350,0.079504,0.027411,0.041897,0.085139,0.051397,0.247299,0.220051,0.080000,0.120497,0.234289,0.146402
2019-04-11,0.096841,0.073816,0.027411,0.040040,0.089777,0.048355,0.263298,0.205505,0.080000,0.115375,0.245875,0.138163
2019-04-12,0.109101,0.065137,0.027411,0.040106,0.089604,0.048462,0.292893,0.182959,0.080000,0.115557,0.245446,0.138453
2019-04-15,0.112002,0.063394,0.027411,0.038356,0.094443,0.045640,0.299779,0.178380,0.080000,0.110710,0.257414,0.130765
2019-04-16,0.117882,0.060154,0.027411,0.046561,0.075355,0.059266,0.313595,0.169824,0.080000,0.133281,0.209458,0.167468
2019-04-17,0.115739,0.061292,0.027411,0.046689,0.075119,0.059485,0.308581,0.172836,0.080000,0.133628,0.208853,0.168051
2019-04-18,0.108813,0.065316,0.027411,0.046810,0.074895,0.059695,0.292207,0.183428,0.080000,0.133960,0.208278,0.168608
2019-04-22,0.108900,0.065262,0.027411,0.051845,0.066677,0.068558,0.292415,0.183286,0.080000,0.147611,0.186990,0.191897
2019-04-23,0.109663,0.064791,0.027411,0.052010,0.066439,0.068854,0.294230,0.182053,0.080000,0.148054,0.186368,0.192666
2019-04-24,0.109052,0.065168,0.027411,0.052177,0.066198,0.069156,0.292776,0.183039,0.080000,0.148506,0.185737,0.193451
2019-04-25,0.107764,0.065977,0.027411,0.052346,0.065957,0.069461,0.289703,0.185158,0.080000,0.148962,0.185106,0.194243
2019-04-26,0.107179,0.066351,0.027411,0.058277,0.058489,0.080401,0.288306,0.186137,0.080000,0.164841,0.165403,0.222329
2019-04-29,0.112080,0.063349,0.027411,0.061658,0.054949,0.086856,0.299961,0.178261,0.080000,0.173803,0.155954,0.238591
2019-05-01,0.111061,0.063948,0.027411,0.052929,0.065139,0.070514,0.297549,0.179839,0.080000,0.150531,0.182963,0.196976
2019-05-02,0.106479,0.066805,0.027411,0.050303,0.068996,0.065805,0.286631,0.187324,0.080000,0.143444,0.193035,0.184708
2019-05-03,0.108031,0.065807,0.027411,0.053292,0.064639,0.071173,0.290342,0.184714,0.080000,0.151508,0.181653,0.198682
2019-05-06,0.101541,0.070210,0.027411,0.050510,0.068674,0.066174,0.274737,0.196188,0.080000,0.144006,0.192198,0.185674
2019-05-07,0.094964,0.075371,0.027411,0.042604,0.083496,0.052570,0.258693,0.209499,0.080000,0.122444,0.230154,0.149564
2019-05-08,0.094044,0.076158,0.027411,0.047914,0.072924,0.061608,0.256432,0.211515,0.080000,0.136966,0.203206,0.173670
2019-05-09,0.083266,0.086878,0.027411,0.048014,0.072752,0.061781,0.229576,0.238646,0.080000,0.137236,0.202762,0.174127
2019-05-10,0.082403,0.087877,0.027411,0.054348,0.063230,0.073098,0.227397,0.241142,0.080000,0.154344,0.177948,0.203656
2019-05-13,0.079484,0.105489,0.027411,0.058080,0.058710,0.080029,0.220000,0.284256,0.080000,0.164315,0.165991,0.221385
2019-05-14,0.079484,0.100179,0.027411,0.058341,0.058418,0.080521,0.220000,0.271435,0.080000,0.165011,0.165214,0.222635
2019-05-15,0.079484,0.102739,0.027411,0.054734,0.062730,0.073806,0.220000,0.277635,0.080000,0.155378,0.176633,0.205477
2019-05-16,0.079484,0.095021,0.027411,0.051486,0.067203,0.067914,0.220000,0.258833,0.080000,0.146641,0.188365,0.190218
2019-05-17,0.079484,0.095525,0.027411,0.048371,0.072139,0.062403,0.220000,0.260071,0.080000,0.138206,0.201181,0.175770
2019-05-20,0.079484,0.094731,0.027411,0.051820,0.066714,0.068513,0.220000,0.258122,0.080000,0.147542,0.187086,0.191778
2019-05-21,0.080541,0.090114,0.027411,0.042490,0.083756,0.052380,0.222685,0.246713,0.080000,0.122131,0.230810,0.149054
2019-05-22,0.079484,0.094986,0.027411,0.039768,0.090500,0.047913,0.220000,0.258749,0.080000,0.114622,0.247671,0.136962
2019-05-23,0.079484,0.117556,0.027411,0.048915,0.071224,0.063357,0.220000,0.312835,0.080000,0.139685,0.198815,0.178283
2019-05-24,0.079484,0.109305,0.027411,0.039659,0.090793,0.047736,0.220000,0.293377,0.080000,0.114320,0.248398,0.136481
2019-05-28,0.079484,0.117403,0.027411,0.034216,0.108259,0.039154,0.220000,0.312477,0.080000,0.099175,0.290887,0.112923
2019-05-29,0.079484,0.144070,0.027411,0.039511,0.091191,0.047498,0.220000,0.372931,0.080000,0.113913,0.249385,0.135833
2019-05-30,0.079484,0.136455,0.027411,0.039480,0.091277,0.047447,0.220000,0.356046,0.080000,0.113826,0.249596,0.135695
2019-05-31,0.079484,0.185695,0.027831,0.049802,0.069784,0.064918,0.220000,0.460041,0.081191,0.142088,0.195083,0.182383
2019-06-03,0.079484,0.207380,0.031857,0.080619,0.041098,0.126018,0.220000,0.502039,0.092560,0.222883,0.118297,0.332415
2019-06-04,0.079484,0.174947,0.027411,0.074845,0.044496,0.113554,0.220000,0.438376,0.080000,0.208149,0.127637,0.303442
2019-06-05,0.079484,0.162681,0.027411,0.114822,0.028489,0.210650,0.220000,0.412953,0.080000,0.306428,0.083054,0.508177
2019-06-06,0.079484,0.154840,0.027411,0.075543,0.044055,0.115036,0.220000,0.396307,0.080000,0.209941,0.126428,0.306930
2019-06-07,0.079484,0.148597,0.027411,0.076070,0.043728,0.116158,0.220000,0.382828,0.080000,0.211290,0.125531,0.309562
2019-06-10,0.079484,0.126346,0.027411,0.083317,0.039688,0.132010,0.220000,0.333165,0.080000,0.229705,0.114400,0.346050
2019-06-11,0.079484,0.123322,0.027411,0.064721,0.052096,0.092842,0.220000,0.326217,0.080000,0.181869,0.148289,0.253466
2019-06-12,0.079484,0.124836,0.027411,0.084321,0.039188,0.134265,0.220000,0.329701,0.080000,0.232233,0.113018,0.351135
2019-06-13,0.079484,0.126367,0.027411,0.101532,0.032289,0.175396,0.220000,0.333213,0.080000,0.274716,0.093773,0.439293
2019-06-14,0.079484,0.125178,0.027411,0.085123,0.038798,0.136078,0.220000,0.330487,0.080000,0.234248,0.111938,0.355203
2019-06-17,0.079484,0.124937,0.027411,0.071551,0.046708,0.106656,0.220000,0.329932,0.080000,0.199660,0.133681,0.287054
2019-06-18,0.079484,0.110608,0.027411,0.055133,0.062222,0.074539,0.220000,0.296476,0.080000,0.156447,0.175293,0.207364
2019-06-19,0.079484,0.112059,0.027411,0.124682,0.026235,0.239109,0.220000,0.299912,0.080000,0.329348,0.076658,0.559479
2019-06-20,0.079484,0.096721,0.027411,0.124827,0.026204,0.239544,0.220000,0.263003,0.080000,0.329682,0.076571,0.560234
2019-06-21,0.085504,0.084396,0.027411,0.137434,0.023837,0.279414,0.235205,0.232422,0.080000,0.358233,0.069821,0.625841
2019-06-24,0.086974,0.082847,0.027411,0.136678,0.023966,0.276899,0.238886,0.228518,0.080000,0.356544,0.070189,0.621909
2019-06-26,0.084302,0.085711,0.027411,0.113097,0.028927,0.205883,0.232184,0.235723,0.080000,0.302365,0.084295,0.499213
2019-06-27,0.082241,0.088067,0.027411,0.103186,0.031758,0.179607,0.226988,0.241616,0.080000,0.278714,0.092280,0.447839
2019-06-28,0.085417,0.084490,0.027411,0.085994,0.038384,0.138059,0.234986,0.232658,0.080000,0.236432,0.110789,0.359627
2019-07-01,0.092239,0.077755,0.027411,0.086163,0.038305,0.138446,0.251977,0.215597,0.080000,0.236858,0.110568,0.360490
2019-07-02,0.091591,0.078345,0.027411,0.060209,0.056411,0.084070,0.250376,0.217102,0.080000,0.169970,0.159867,0.231600
2019-07-03,0.092840,0.077216,0.027411,0.050591,0.068550,0.066317,0.253462,0.214220,0.080000,0.144224,0.191875,0.186049
2019-07-05,0.097772,0.073071,0.027411,0.042686,0.083308,0.052707,0.265573,0.203585,0.080000,0.122670,0.229682,0.149933
2019-07-08,0.096555,0.074049,0.027411,0.042813,0.083021,0.052918,0.262597,0.206103,0.080000,0.123020,0.228958,0.150502
2019-07-09,0.092477,0.077541,0.027411,0.036165,0.101286,0.042174,0.252565,0.215050,0.080000,0.104618,0.274121,0.121261
2019-07-10,0.093790,0.076379,0.027411,0.088083,0.037427,0.142856,0.255805,0.212080,0.080000,0.241656,0.108131,0.370260
2019-07-11,0.096869,0.073794,0.027411,0.117229,0.027900,0.217401,0.263366,0.205447,0.080000,0.312069,0.081388,0.520689
2019-07-12,0.098112,0.072803,0.027411,0.117229,0.027900,0.217401,0.266402,0.202894,0.080000,0.312069,0.081388,0.520689
2019-07-15,0.099573,0.071674,0.027411,0.097214,0.033769,0.164627,0.269961,0.199978,0.080000,0.264210,0.097925,0.417037
2019-07-16,0.102423,0.069575,0.027411,0.097440,0.033688,0.165184,0.276871,0.194539,0.080000,0.264763,0.097698,0.418201
2019-07-17,0.099263,0.071910,0.027411,0.074093,0.044982,0.111966,0.269208,0.200588,0.080000,0.206216,0.128967,0.299692
2019-07-18,0.090842,0.079040,0.027411,0.108182,0.030260,0.192622,0.248520,0.218872,0.080000,0.290701,0.088062,0.473703
2019-07-19,0.095773,0.074693,0.027411,0.089979,0.036600,0.147269,0.260680,0.207757,0.080000,0.246378,0.105831,0.379937
2019-07-22,0.098994,0.072116,0.027411,0.090476,0.036390,0.148434,0.268553,0.201122,0.080000,0.247610,0.105246,0.382474
2019-07-23,0.106552,0.066757,0.027411,0.090986,0.036177,0.149635,0.286807,0.187199,0.080000,0.248876,0.104652,0.385083
2019-07-24,0.107458,0.066172,0.027411,0.068559,0.048921,0.100525,0.288973,0.185668,0.080000,0.191899,0.139701,0.272275
2019-07-25,0.114241,0.062116,0.027411,0.068807,0.048730,0.101029,0.305060,0.175013,0.080000,0.192545,0.139182,0.273496
2019-07-26,0.120632,0.058759,0.027411,0.068991,0.048589,0.101402,0.319996,0.166121,0.080000,0.193023,0.138799,0.274402
2019-07-30,0.114289,0.062089,0.027411,0.063019,0.053643,0.089499,0.305174,0.174942,0.080000,0.177393,0.152452,0.245183
2019-07-31,0.117540,0.060332,0.027411,0.029923,0.127577,0.032722,0.312797,0.170296,0.080000,0.087111,0.335981,0.094989
2019-08-01,0.097112,0.073598,0.027411,0.043545,0.081405,0.054141,0.263960,0.204942,0.080000,0.125028,0.224875,0.153787
2019-08-05,0.079484,0.121719,0.027411,0.040027,0.089813,0.048333,0.220000,0.322514,0.080000,0.115338,0.245964,0.138103
2019-08-06,0.079484,0.118160,0.027411,0.030547,0.124357,0.033637,0.220000,0.314245,0.080000,0.088870,0.328599,0.097555
2019-08-07,0.079484,0.130322,0.027411,0.028123,0.137886,0.030117,0.220000,0.342227,0.080000,0.082017,0.359243,0.087656
2019-08-08,0.079484,0.107584,0.027411,0.023779,0.171233,0.024074,0.220000,0.289274,0.080000,0.069654,0.430757,0.070497
2019-08-09,0.079484,0.107278,0.027411,0.026295,0.150196,0.027532,0.220000,0.288542,0.080000,0.076829,0.386300,0.080342
2019-08-12,0.079484,0.117741,0.027411,0.018846,0.236352,0.017659,0.220000,0.313267,0.080000,0.055478,0.554672,0.052048
2019-08-13,0.079484,0.101884,0.027411,0.012783,0.295270,0.010535,0.220000,0.275567,0.080000,0.037861,0.650000,0.031273
2019-08-14,0.079484,0.132746,0.027411,0.012341,0.295270,0.010053,0.220000,0.347712,0.080000,0.036568,0.650000,0.029857
2019-08-15,0.079484,0.143311,0.027411,0.016302,0.295138,0.014559,0.220000,0.371261,0.080000,0.048112,0.649803,0.043044
2019-08-16,0.079484,0.137165,0.027411,0.021186,0.200161,0.020639,0.220000,0.357633,0.080000,0.062220,0.488309,0.060648
2019-08-19,0.079484,0.118504,0.027411,0.021553,0.195474,0.021118,0.220000,0.315047,0.080000,0.063276,0.479262,0.062024
2019-08-20,0.079484,0.114027,0.027411,0.018806,0.237073,0.017611,0.220000,0.304558,0.080000,0.055365,0.555933,0.051907
2019-08-21,0.079484,0.096674,0.027411,0.016516,0.289009,0.014814,0.220000,0.262889,0.080000,0.048734,0.640588,0.043788
2019-08-22,0.080338,0.090365,0.027411,0.014696,0.295270,0.012683,0.222171,0.247336,0.080000,0.043444,0.650000,0.037567
2019-08-23,0.079484,0.096569,0.027411,0.015217,0.295270,0.013284,0.220000,0.262631,0.080000,0.044960,0.650000,0.039326
2019-08-26,0.079484,0.094156,0.027411,0.014670,0.295270,0.012653,0.220000,0.256706,0.080000,0.043368,0.650000,0.037480
2019-08-27,0.079484,0.091787,0.027411,0.011626,0.295270,0.009286,0.220000,0.250860,0.080000,0.034475,0.650000,0.027600
2019-08-28,0.079484,0.092634,0.027411,0.013064,0.295270,0.010844,0.220000,0.252953,0.080000,0.038681,0.650000,0.032179
2019-08-29,0.083881,0.086181,0.027411,0.013638,0.295270,0.011482,0.231124,0.236903,0.080000,0.040357,0.650000,0.034052
2019-08-30,0.085608,0.084285,0.027411,0.017148,0.272432,0.015573,0.235466,0.232142,0.080000,0.050566,0.614858,0.045996
2019-09-03,0.079484,0.098347,0.027411,0.017710,0.259281,0.016256,0.220000,0.266976,0.080000,0.052193,0.593593,0.047980
2019-09-04,0.079484,0.097988,0.027411,0.023303,0.175897,0.023433,0.220000,0.266100,0.080000,0.068292,0.440314,0.068665
2019-09-05,0.086339,0.083509,0.027411,0.020845,0.204711,0.020198,0.237298,0.230187,0.080000,0.061241,0.496993,0.059379
2019-09-06,0.087986,0.081814,0.027411,0.021209,0.199852,0.020670,0.241415,0.225908,0.080000,0.062288,0.487716,0.060736
2019-09-09,0.094798,0.075511,0.027411,0.025931,0.152911,0.027024,0.258287,0.209858,0.080000,0.075794,0.392164,0.078902
2019-09-10,0.101980,0.069892,0.027411,0.026213,0.150799,0.027417,0.275802,0.195362,0.080000,0.076596,0.387605,0.080017
2019-09-11,0.103556,0.068777,0.027411,0.029951,0.127432,0.032762,0.279606,0.192464,0.080000,0.087188,0.335648,0.095102
2019-09-12,0.115848,0.061233,0.027411,0.030183,0.126216,0.033102,0.308835,0.172681,0.080000,0.087844,0.332868,0.096056
2019-09-13,0.121524,0.058321,0.027411,0.038962,0.092709,0.046612,0.322063,0.164958,0.080000,0.112391,0.253140,0.133419
2019-09-16,0.125244,0.056572,0.027411,0.036757,0.099341,0.043103,0.330638,0.160297,0.080000,0.106267,0.269398,0.123816
2019-09-17,0.124867,0.056744,0.027411,0.034641,0.106656,0.039808,0.329772,0.160756,0.080000,0.100366,0.287056,0.114733
2019-09-18,0.127962,0.055366,0.027411,0.024155,0.167720,0.024583,0.336859,0.157070,0.080000,0.070729,0.423487,0.071952
2019-09-19,0.137971,0.051374,0.027411,0.027584,0.141298,0.029349,0.359431,0.146341,0.080000,0.080491,0.366820,0.085488
2019-09-20,0.134292,0.052765,0.027411,0.027801,0.139906,0.029657,0.351194,0.150089,0.080000,0.081105,0.363736,0.086359
2019-09-23,0.131604,0.053835,0.027411,0.026355,0.149759,0.027615,0.345133,0.152967,0.080000,0.076998,0.385353,0.080578
2019-09-24,0.122229,0.057981,0.027411,0.026497,0.148731,0.027814,0.323693,0.164053,0.080000,0.077402,0.383121,0.081142
2019-09-25,0.121802,0.058187,0.027411,0.028362,0.136421,0.030460,0.322706,0.164600,0.080000,0.082696,0.355970,0.088624
2019-09-26,0.118164,0.060007,0.027411,0.026856,0.146189,0.028319,0.314255,0.169435,0.080000,0.078424,0.377577,0.082574
2019-09-27,0.111497,0.063690,0.027411,0.030475,0.124718,0.033532,0.298581,0.179160,0.080000,0.088668,0.329431,0.097260
2019-10-02,0.079484,0.092284,0.027411,0.044843,0.078686,0.056331,0.220000,0.252089,0.080000,0.128587,0.217970,0.159652
2019-10-03,0.079484,0.106172,0.027411,0.054375,0.063194,0.073148,0.220000,0.285896,0.080000,0.154417,0.177855,0.203784
2019-10-04,0.079484,0.103788,0.027411,0.045073,0.078223,0.056722,0.220000,0.280167,0.080000,0.129217,0.216790,0.160695
2019-10-07,0.079484,0.093885,0.027411,0.039843,0.090298,0.048035,0.220000,0.256039,0.080000,0.114831,0.247170,0.137295
2019-10-08,0.079484,0.104166,0.027411,0.045393,0.077588,0.057266,0.220000,0.281076,0.080000,0.130091,0.215172,0.162146
2019-10-09,0.079484,0.094148,0.027411,0.045535,0.077310,0.057508,0.220000,0.256687,0.080000,0.130479,0.214461,0.162792
2019-10-10,0.081816,0.088569,0.027411,0.051954,0.066519,0.068754,0.225915,0.242868,0.080000,0.147904,0.186578,0.192405
2019-10-11,0.102640,0.069420,0.027411,0.048830,0.071366,0.063207,0.277395,0.194138,0.080000,0.139453,0.199182,0.177889
2019-10-15,0.118075,0.060054,0.027411,0.059723,0.056919,0.083142,0.314045,0.169558,0.080000,0.168682,0.161223,0.229264
2019-10-16,0.118109,0.060036,0.027411,0.063992,0.052748,0.091405,0.314126,0.169510,0.080000,0.179953,0.150043,0.249913
2019-10-17,0.122532,0.057836,0.027411,0.060053,0.056574,0.083771,0.324394,0.163666,0.080000,0.169556,0.160301,0.230849
2019-10-18,0.123621,0.057321,0.027411,0.068888,0.048668,0.101193,0.326906,0.162294,0.080000,0.192755,0.139013,0.273895
2019-10-21,0.131948,0.053696,0.027411,0.069160,0.048460,0.101745,0.345909,0.152592,0.080000,0.193461,0.138449,0.275233
2019-10-22,0.134398,0.052724,0.027411,0.069463,0.048230,0.102364,0.351433,0.149978,0.080000,0.194249,0.137825,0.276730
2019-10-23,0.131910,0.053711,0.027411,0.074712,0.044581,0.113273,0.345825,0.152633,0.080000,0.207808,0.127870,0.302779
2019-10-24,0.138349,0.051236,0.027411,0.075004,0.044395,0.113890,0.360273,0.145968,0.080000,0.208557,0.127360,0.304235
2019-10-25,0.156959,0.045334,0.027411,0.065417,0.051490,0.094218,0.400835,0.129931,0.080000,0.183692,0.146654,0.256860
2019-10-28,0.168244,0.042452,0.027411,0.086912,0.037957,0.140159,0.424575,0.122025,0.080000,0.238731,0.109605,0.364296
2019-10-29,0.166289,0.042920,0.027411,0.081099,0.040840,0.127076,0.420510,0.123313,0.080000,0.224100,0.117584,0.334836
2019-10-30,0.146043,0.048594,0.027411,0.065612,0.051322,0.094607,0.377257,0.138814,0.080000,0.184205,0.146201,0.257817
2019-10-31,0.111686,0.063579,0.027411,0.065771,0.051187,0.094922,0.299029,0.178868,0.080000,0.184620,0.145835,0.258592
2019-11-01,0.121332,0.058415,0.027411,0.065952,0.051034,0.095283,0.321618,0.165208,0.080000,0.185093,0.145421,0.259476
2019-11-04,0.137010,0.051730,0.027411,0.076202,0.043646,0.116440,0.357286,0.147300,0.080000,0.211629,0.125308,0.310225
2019-11-05,0.147041,0.048274,0.027411,0.102214,0.032068,0.177128,0.379439,0.137943,0.080000,0.276367,0.093151,0.442818
2019-11-06,0.139250,0.050910,0.027411,0.082314,0.040200,0.129769,0.362279,0.145087,0.080000,0.227173,0.115818,0.340973
2019-11-07,0.155340,0.045786,0.027411,0.110896,0.029508,0.199886,0.397378,0.131164,0.080000,0.297157,0.085938,0.487781
2019-11-08,0.148389,0.047849,0.027411,0.129055,0.025355,0.252450,0.382377,0.136787,0.080000,0.339349,0.074151,0.582246
2019-11-13,0.135257,0.052392,0.027411,0.119158,0.027448,0.222901,0.353362,0.149085,0.080000,0.316569,0.080103,0.530723
2019-11-14,0.127323,0.055644,0.027411,0.110415,0.029639,0.198588,0.335401,0.157815,0.080000,0.296016,0.086307,0.485285
2019-11-15,0.132766,0.053367,0.027411,0.102596,0.031945,0.178099,0.347758,0.151708,0.080000,0.277289,0.092807,0.444789
2019-11-18,0.128411,0.055172,0.027411,0.088548,0.037221,0.143934,0.337883,0.156551,0.080000,0.242817,0.107557,0.372633
2019-11-19,0.124240,0.057033,0.027411,0.076609,0.043398,0.117310,0.328331,0.161526,0.080000,0.212669,0.124627,0.312259
2019-11-20,0.113869,0.062325,0.027411,0.066307,0.050735,0.095992,0.304184,0.175563,0.080000,0.186024,0.144613,0.261217
2019-11-21,0.111651,0.063599,0.027411,0.066192,0.050831,0.095762,0.298948,0.178921,0.080000,0.185723,0.144873,0.260654
2019-11-22,0.118705,0.059729,0.027411,0.061635,0.054971,0.086811,0.315516,0.168696,0.080000,0.173743,0.156014,0.238480
2019-11-25,0.127473,0.055578,0.027411,0.057343,0.059550,0.078644,0.335743,0.157640,0.080000,0.162352,0.168223,0.217865
2019-11-26,0.130772,0.054177,0.027411,0.061523,0.055082,0.086594,0.343248,0.153883,0.080000,0.173446,0.156311,0.237937
2019-11-27,0.142035,0.049931,0.027411,0.053345,0.064568,0.071268,0.368448,0.142438,0.080000,0.151649,0.181466,0.198927
2019-11-29,0.138691,0.051112,0.027411,0.065959,0.051028,0.095297,0.361034,0.145632,0.080000,0.185112,0.145404,0.259511
2019-12-02,0.134904,0.052528,0.027411,0.094682,0.034706,0.158456,0.352570,0.149451,0.080000,0.258001,0.100547,0.404021
2019-12-03,0.114281,0.062094,0.027411,0.075920,0.043821,0.115837,0.305155,0.174954,0.080000,0.210905,0.125785,0.308812
2019-12-04,0.135237,0.052400,0.027411,0.075848,0.043865,0.115685,0.353317,0.149106,0.080000,0.210722,0.125907,0.308454
2019-12-05,0.141255,0.050201,0.027411,0.094296,0.034854,0.157523,0.366724,0.143169,0.080000,0.257050,0.100961,0.402038
2019-12-06,0.161977,0.043998,0.027411,0.101213,0.032394,0.174591,0.411472,0.126271,0.080000,0.273944,0.094067,0.437648
2019-12-09,0.168136,0.042477,0.027411,0.080985,0.040901,0.126824,0.424353,0.122095,0.080000,0.223811,0.117753,0.334260
2019-12-11,0.183401,0.039191,0.027411,0.070018,0.047816,0.103498,0.455465,0.113026,0.080000,0.195689,0.136699,0.279468
2019-12-12,0.222801,0.032974,0.027411,0.108467,0.030179,0.193378,0.530541,0.095695,0.080000,0.291381,0.087833,0.475180
2019-12-13,0.229761,0.032119,0.027411,0.086875,0.037975,0.140073,0.543042,0.093294,0.080000,0.238638,0.109652,0.364107
2019-12-16,0.272821,0.027899,0.027411,0.108220,0.030249,0.192724,0.615476,0.081383,0.080000,0.290793,0.088031,0.473903
2019-12-17,0.307007,0.025486,0.027411,0.125421,0.026081,0.241329,0.667198,0.074526,0.080000,0.331044,0.076221,0.563323
2019-12-18,0.370039,0.022287,0.027411,0.156682,0.021014,0.350153,0.750000,0.065383,0.080000,0.400246,0.061727,0.725569
2019-12-19,0.370039,0.021754,0.027411,0.167572,0.019727,0.397720,0.750000,0.063851,0.080000,0.423181,0.058021,0.781528
2019-12-20,0.370039,0.021163,0.027411,0.153385,0.021443,0.336987,0.750000,0.062154,0.080000,0.393183,0.062960,0.708549
2019-12-23,0.370039,0.020785,0.027411,0.151921,0.021640,0.331299,0.750000,0.061068,0.080000,0.390030,0.063526,0.700982
2019-12-24,0.370039,0.020481,0.027411,0.139637,0.023471,0.286844,0.750000,0.060194,0.080000,0.363139,0.068774,0.637294
2019-12-26,0.370039,0.020614,0.027411,0.119824,0.027295,0.224820,0.750000,0.060575,0.080000,0.318120,0.079670,0.534192
2019-12-27,0.370039,0.021582,0.027411,0.148480,0.022120,0.318280,0.750000,0.063358,0.080000,0.382575,0.064903,0.683176
2019-12-30,0.357510,0.022879,0.027411,0.184244,0.018075,0.415196,0.734784,0.067080,0.080000,0.457150,0.053251,0.800000
2020-01-02,0.366986,0.022484,0.027411,0.154066,0.021353,0.339666,0.746346,0.065947,0.080000,0.394646,0.062701,0.712067
2020-01-03,0.301669,0.025822,0.027411,0.123352,0.026516,0.235144,0.659447,0.075482,0.080000,0.326287,0.077457,0.552556
2020-01-06,0.322051,0.024609,0.027411,0.122770,0.026641,0.233421,0.688405,0.072025,0.080000,0.324943,0.077813,0.549525
2020-01-07,0.320505,0.024695,0.027411,0.140469,0.023336,0.289686,0.686267,0.072269,0.080000,0.364983,0.068388,0.641614
2020-01-08,0.357050,0.022899,0.027411,0.139641,0.023471,0.286858,0.734214,0.067136,0.080000,0.363148,0.068772,0.637316
2020-01-09,0.370039,0.022088,0.027411,0.120616,0.027116,0.227113,0.750000,0.064810,0.080000,0.319958,0.079161,0.538312
2020-01-10,0.370039,0.021349,0.027411,0.120041,0.027246,0.225447,0.750000,0.062689,0.080000,0.318623,0.079530,0.535320
2020-01-13,0.370039,0.021619,0.027411,0.119415,0.027388,0.223640,0.750000,0.063465,0.080000,0.317168,0.079936,0.532061
2020-01-14,0.370039,0.021849,0.027411,0.097113,0.033806,0.164378,0.750000,0.064126,0.080000,0.263961,0.098028,0.416514
2020-01-15,0.370039,0.021886,0.027411,0.090618,0.036331,0.148767,0.750000,0.064232,0.080000,0.247962,0.105080,0.383198
2020-01-16,0.370039,0.020950,0.027411,0.090414,0.036416,0.148288,0.750000,0.061542,0.080000,0.247457,0.105319,0.382157
2020-01-17,0.370039,0.019200,0.027411,0.110178,0.029703,0.197952,0.750000,0.056500,0.080000,0.295454,0.086489,0.484058
2020-01-21,0.370039,0.022044,0.027411,0.102597,0.031945,0.178104,0.750000,0.064684,0.080000,0.277294,0.092805,0.444798
2020-01-22,0.354914,0.022992,0.027411,0.095831,0.034274,0.161244,0.731557,0.067403,0.080000,0.260823,0.099339,0.409925
2020-01-23,0.284701,0.026985,0.027411,0.089556,0.036781,0.146280,0.634015,0.078791,0.080000,0.245326,0.106336,0.377777
2020-01-24,0.230973,0.031976,0.027411,0.078525,0.042267,0.121442,0.545196,0.092892,0.080000,0.217561,0.121517,0.321872
2020-01-27,0.127522,0.055557,0.027411,0.060747,0.055859,0.085101,0.335853,0.157583,0.080000,0.171395,0.158391,0.234192
2020-01-28,0.158354,0.044953,0.027411,0.073566,0.045329,0.110858,0.403805,0.128889,0.080000,0.204861,0.129915,0.297068
2020-01-29,0.163802,0.043534,0.027411,0.064691,0.052123,0.092782,0.415308,0.124999,0.080000,0.181790,0.148360,0.253320
2020-01-30,0.129615,0.054659,0.027411,0.057000,0.059949,0.078003,0.340622,0.155178,0.080000,0.161438,0.169281,0.216231
2020-01-31,0.105367,0.067540,0.027411,0.064726,0.052093,0.092850,0.283965,0.189244,0.080000,0.181880,0.148279,0.253487
2020-02-03,0.117169,0.060527,0.027411,0.064691,0.052123,0.092782,0.311930,0.170813,0.080000,0.181790,0.148360,0.253320
2020-02-04,0.146089,0.048580,0.027411,0.073433,0.045418,0.110578,0.377358,0.138773,0.080000,0.204517,0.130158,0.296403
2020-02-05,0.172201,0.041539,0.027411,0.083543,0.039574,0.132516,0.432749,0.119513,0.080000,0.230274,0.114086,0.347192
2020-02-06,0.197209,0.036699,0.027411,0.078148,0.042485,0.120625,0.482623,0.106105,0.080000,0.216600,0.122116,0.319979
2020-02-07,0.175966,0.040713,0.027411,0.064366,0.052412,0.092140,0.440455,0.117234,0.080000,0.180936,0.149138,0.251734
2020-02-10,0.174811,0.040962,0.027411,0.068573,0.048911,0.100552,0.438098,0.117922,0.080000,0.191934,0.139674,0.272340
2020-02-11,0.199326,0.036350,0.027411,0.064298,0.052473,0.092007,0.486706,0.105135,0.080000,0.180757,0.149302,0.251403
2020-02-12,0.232283,0.031823,0.027411,0.064264,0.052503,0.091940,0.547515,0.092463,0.080000,0.180668,0.149384,0.251238
2020-02-13,0.236466,0.031348,0.027411,0.060275,0.056343,0.084196,0.554871,0.091127,0.080000,0.170145,0.159684,0.231918
2020-02-14,0.237198,0.031267,0.027411,0.060307,0.056310,0.084257,0.556150,0.090898,0.080000,0.170229,0.159597,0.232071
2020-02-19,0.226396,0.032525,0.027411,0.050076,0.069350,0.065403,0.537026,0.094435,0.080000,0.142830,0.193956,0.183656
2020-02-20,0.194280,0.037195,0.027411,0.047093,0.074381,0.060183,0.476940,0.107486,0.080000,0.134730,0.206956,0.169901
2020-02-21,0.176384,0.040624,0.027411,0.044318,0.079763,0.055443,0.441305,0.116988,0.080000,0.127150,0.220710,0.157277
2020-02-24,0.093784,0.076384,0.027411,0.044395,0.079603,0.055572,0.255789,0.212094,0.080000,0.127360,0.220304,0.157624
2020-02-25,0.079484,0.103166,0.027411,0.047311,0.073989,0.060560,0.220000,0.278667,0.080000,0.135323,0.205949,0.170898
2020-02-26,0.079484,0.125014,0.027411,0.060824,0.055781,0.085249,0.220000,0.330110,0.080000,0.171599,0.158181,0.234565
2020-02-27,0.079484,0.260713,0.041610,0.069019,0.048568,0.101458,0.220000,0.595947,0.119709,0.193094,0.138742,0.274537
2020-02-28,0.079484,0.415196,0.144727,0.115994,0.028199,0.213922,0.220000,0.800000,0.374374,0.309178,0.082234,0.514267
2020-03-02,0.079484,0.415196,0.123984,0.107900,0.030341,0.191875,0.220000,0.800000,0.327741,0.290028,0.088289,0.472240
2020-03-03,0.079484,0.415196,0.089831,0.150155,0.021884,0.324555,0.220000,0.800000,0.246009,0.386211,0.064224,0.691845
2020-03-04,0.079484,0.415196,0.074999,0.196465,0.017057,0.415196,0.220000,0.800000,0.208544,0.481183,0.050304,0.800000
2020-03-05,0.079484,0.415196,0.138877,0.167914,0.019690,0.399331,0.220000,0.800000,0.361448,0.423891,0.057913,0.783277
2020-03-06,0.079484,0.415196,0.263194,0.098142,0.033439,0.166916,0.220000,0.800000,0.600000,0.266477,0.097000,0.421816
2020-03-09,0.079484,0.415196,0.263194,0.055924,0.061238,0.076002,0.220000,0.800000,0.600000,0.158565,0.172693,0.211115
2020-03-10,0.079484,0.415196,0.263194,0.104260,0.031423,0.182368,0.220000,0.800000,0.600000,0.281303,0.091336,0.453395
2020-03-11,0.079484,0.415196,0.263194,0.153693,0.021402,0.338194,0.220000,0.800000,0.600000,0.393844,0.062843,0.710137
2020-03-12,0.079484,0.415196,0.263194,0.230500,0.014839,0.415196,0.220000,0.800000,0.600000,0.544356,0.043861,0.800000
2020-03-13,0.079484,0.415196,0.263194,0.330567,0.009954,0.415196,0.220000,0.800000,0.600000,0.700000,0.029567,0.800000
2020-03-17,0.079484,0.415196,0.263194,0.330567,0.006038,0.415196,0.220000,0.800000,0.600000,0.700000,0.018006,0.800000
2020-03-18,0.079484,0.415196,0.263194,0.330567,0.004145,0.415196,0.220000,0.800000,0.600000,0.700000,0.012383,0.800000
2020-03-19,0.079484,0.415196,0.263194,0.330567,0.003909,0.415196,0.220000,0.800000,0.600000,0.700000,0.011681,0.800000
2020-03-20,0.079484,0.415196,0.263194,0.330567,0.008223,0.415196,0.220000,0.800000,0.600000,0.700000,0.024467,0.800000
2020-03-23,0.079484,0.415196,0.263194,0.295181,0.012155,0.415196,0.220000,0.800000,0.600000,0.649867,0.036024,0.800000
2020-03-24,0.079484,0.415196,0.263194,0.251658,0.013791,0.415196,0.220000,0.800000,0.600000,0.580916,0.040805,0.800000
2020-03-25,0.079484,0.415196,0.263194,0.330567,0.009700,0.415196,0.220000,0.800000,0.600000,0.700000,0.028820,0.800000
2020-03-26,0.079484,0.415196,0.263194,0.330567,0.010602,0.415196,0.220000,0.800000,0.600000,0.700000,0.031470,0.800000
2020-03-27,0.079484,0.415196,0.263194,0.237982,0.014445,0.415196,0.220000,0.800000,0.600000,0.557518,0.042712,0.800000
2020-03-31,0.079484,0.415196,0.263194,0.226168,0.015081,0.415196,0.220000,0.800000,0.600000,0.536618,0.044564,0.800000
2020-04-01,0.079484,0.415196,0.263194,0.149073,0.022036,0.320488,0.220000,0.800000,0.600000,0.383863,0.064661,0.686245
2020-04-02,0.079484,0.415196,0.263194,0.154854,0.021250,0.342792,0.220000,0.800000,0.600000,0.396337,0.062404,0.716137
2020-04-03,0.079484,0.415196,0.263194,0.146285,0.022439,0.310218,0.220000,0.800000,0.600000,0.377788,0.065817,0.671802
2020-04-06,0.079484,0.415196,0.263194,0.151913,0.021641,0.331268,0.220000,0.800000,0.600000,0.390013,0.063529,0.700942
2020-04-07,0.079484,0.415196,0.200139,0.210257,0.016063,0.415196,0.220000,0.800000,0.488266,0.507443,0.047420,0.800000
2020-04-08,0.079484,0.415196,0.166210,0.239289,0.014379,0.415196,0.220000,0.800000,0.420345,0.559791,0.042519,0.800000
2020-04-09,0.079484,0.415196,0.096317,0.233176,0.014695,0.415196,0.220000,0.800000,0.262015,0.549093,0.043441,0.800000
2020-04-13,0.079484,0.415196,0.075313,0.238959,0.014396,0.415196,0.220000,0.800000,0.209351,0.559218,0.042568,0.800000
2020-04-14,0.079484,0.370794,0.059960,0.257065,0.013554,0.415196,0.220000,0.750897,0.169311,0.589936,0.040112,0.800000
2020-04-15,0.079484,0.412438,0.065991,0.157852,0.020867,0.354947,0.220000,0.797157,0.185196,0.402737,0.061303,0.731598
2020-04-16,0.079484,0.386671,0.062326,0.143426,0.022870,0.299980,0.220000,0.769283,0.175567,0.371515,0.067053,0.656970
2020-04-17,0.079484,0.340941,0.055301,0.169008,0.019571,0.404548,0.220000,0.713732,0.156898,0.426161,0.057571,0.788875
2020-04-20,0.079484,0.363641,0.058869,0.153182,0.021470,0.336194,0.220000,0.742305,0.166413,0.392747,0.063038,0.707501
2020-04-21,0.079484,0.415196,0.067479,0.123174,0.026554,0.234614,0.220000,0.800000,0.189084,0.325874,0.077566,0.551624
2020-04-22,0.079484,0.397762,0.063931,0.138634,0.023636,0.283444,0.220000,0.781574,0.179792,0.360909,0.069246,0.632083
2020-04-23,0.079484,0.380784,0.061459,0.126679,0.025825,0.245143,0.220000,0.762575,0.173276,0.333928,0.075490,0.569876
2020-04-24,0.079484,0.392131,0.063121,0.120896,0.027053,0.227926,0.220000,0.775390,0.177662,0.320607,0.078983,0.539768
2020-04-27,0.079484,0.374137,0.060465,0.147522,0.022258,0.314737,0.220000,0.754847,0.170649,0.380488,0.065299,0.678211
2020-04-28,0.079484,0.367280,0.059426,0.140342,0.023357,0.289251,0.220000,0.746700,0.167894,0.364702,0.068447,0.640955
2020-04-29,0.079484,0.336137,0.054527,0.145076,0.022619,0.305851,0.220000,0.707427,0.154824,0.375140,0.066334,0.665530
2020-04-30,0.079484,0.279363,0.044922,0.149857,0.021925,0.323430,0.220000,0.625761,0.128803,0.385564,0.064344,0.690302
2020-05-01,0.079484,0.282856,0.045535,0.148478,0.022120,0.318272,0.220000,0.631176,0.130479,0.382571,0.064904,0.683165
2020-05-04,0.079484,0.289821,0.046749,0.153192,0.021469,0.336231,0.220000,0.641818,0.133793,0.392767,0.063034,0.707550
2020-05-05,0.079484,0.268777,0.043050,0.164461,0.020076,0.383412,0.220000,0.609025,0.123671,0.416690,0.059026,0.765586
2020-05-06,0.079484,0.265672,0.042497,0.227104,0.015028,0.415196,0.220000,0.604023,0.122150,0.538297,0.044410,0.800000
2020-05-07,0.079484,0.268077,0.042926,0.180070,0.018457,0.415196,0.220000,0.607900,0.123328,0.448773,0.054357,0.800000
2020-05-08,0.079484,0.261678,0.041783,0.200521,0.016749,0.415196,0.220000,0.597526,0.120185,0.489000,0.049412,0.800000
2020-05-11,0.079484,0.259989,0.041480,0.222858,0.015273,0.415196,0.220000,0.594758,0.119351,0.530645,0.045122,0.800000
2020-05-12,0.079484,0.250143,0.039706,0.185266,0.017984,0.415196,0.220000,0.578367,0.114451,0.459186,0.052989,0.800000
2020-05-13,0.079484,0.257335,0.041004,0.156660,0.021017,0.350063,0.220000,0.590383,0.118036,0.400198,0.061735,0.725455
2020-05-14,0.079484,0.264477,0.042284,0.149243,0.022012,0.321126,0.220000,0.602087,0.121564,0.384234,0.064592,0.687128
2020-05-15,0.079484,0.260450,0.041563,0.153485,0.021430,0.337377,0.220000,0.595514,0.119578,0.393397,0.062922,0.709062
2020-05-18,0.079484,0.224989,0.035111,0.198667,0.016889,0.415196,0.220000,0.534496,0.101679,0.485436,0.049815,0.800000
2020-05-19,0.079484,0.212302,0.032769,0.180650,0.018403,0.415196,0.220000,0.511258,0.095121,0.449942,0.054200,0.800000
2020-05-20,0.079484,0.196402,0.029820,0.171556,0.019300,0.415196,0.220000,0.481062,0.086819,0.431423,0.056791,0.800000
2020-05-21,0.079484,0.188592,0.028369,0.163257,0.020215,0.378039,0.220000,0.465783,0.082716,0.414164,0.059427,0.759404
2020-05-22,0.079484,0.185686,0.027829,0.150274,0.021867,0.325008,0.220000,0.460022,0.081186,0.386470,0.064177,0.692464
2020-05-26,0.079484,0.167527,0.027411,0.159707,0.020637,0.362696,0.220000,0.423088,0.080000,0.406677,0.060643,0.741155
2020-05-27,0.079484,0.163256,0.027411,0.147158,0.022311,0.313402,0.220000,0.414162,0.080000,0.379695,0.065450,0.676326
2020-05-28,0.079484,0.156683,0.027411,0.168172,0.019661,0.400552,0.220000,0.400247,0.080000,0.424426,0.057832,0.784595
2020-05-29,0.079484,0.157752,0.027411,0.144303,0.022736,0.303090,0.220000,0.402525,0.080000,0.373444,0.066669,0.661523
2020-06-01,0.079484,0.148169,0.027411,0.158677,0.020764,0.358369,0.220000,0.381897,0.080000,0.404490,0.061008,0.735847
2020-06-02,0.079484,0.137585,0.027411,0.151623,0.021681,0.330150,0.220000,0.358570,0.080000,0.389386,0.063643,0.699439
2020-06-03,0.079484,0.122779,0.027411,0.191978,0.017415,0.415196,0.220000,0.324964,0.080000,0.472443,0.051339,0.800000
2020-06-04,0.079484,0.120578,0.027411,0.226600,0.015057,0.415196,0.220000,0.319870,0.080000,0.537393,0.044493,0.800000
2020-06-05,0.079484,0.107185,0.027411,0.277964,0.012733,0.415196,0.220000,0.288320,0.080000,0.623576,0.037715,0.800000
2020-06-08,0.079484,0.104942,0.027411,0.240178,0.014334,0.415196,0.220000,0.282942,0.080000,0.561332,0.042390,0.800000
2020-06-09,0.079484,0.111325,0.027411,0.218072,0.015561,0.415196,0.220000,0.298175,0.080000,0.521920,0.045961,0.800000
2020-06-10,0.079484,0.115954,0.027411,0.174315,0.019017,0.415196,0.220000,0.309084,0.080000,0.437085,0.055974,0.800000
2020-06-11,0.079484,0.133110,0.027411,0.121235,0.026977,0.228916,0.220000,0.348533,0.080000,0.321394,0.078768,0.541536
2020-06-12,0.079484,0.128990,0.027411,0.141060,0.023241,0.291723,0.220000,0.339201,0.080000,0.366294,0.068116,0.644688
2020-06-15,0.079484,0.128593,0.027411,0.139954,0.023420,0.287926,0.220000,0.338298,0.080000,0.363843,0.068626,0.638943
2020-06-16,0.079484,0.109992,0.027411,0.148160,0.022166,0.317090,0.220000,0.295012,0.080000,0.381877,0.065035,0.681515
2020-06-17,0.079484,0.110623,0.027411,0.151528,0.021694,0.329785,0.220000,0.296510,0.080000,0.389180,0.063680,0.698948
2020-06-18,0.079484,0.114368,0.027411,0.136707,0.023961,0.276997,0.220000,0.305360,0.080000,0.356609,0.070175,0.622062
2020-06-19,0.079484,0.113713,0.027411,0.131568,0.024877,0.260335,0.220000,0.303816,0.080000,0.345051,0.072791,0.595326
2020-06-23,0.079484,0.112591,0.027411,0.142428,0.023025,0.296472,0.220000,0.301169,0.080000,0.369315,0.067497,0.651787
2020-06-24,0.079484,0.119415,0.027411,0.125120,0.026144,0.240423,0.220000,0.317168,0.080000,0.330354,0.076398,0.561757
2020-06-25,0.079484,0.121358,0.027411,0.128121,0.025537,0.249561,0.220000,0.321678,0.080000,0.337222,0.074671,0.577383
2020-06-26,0.079484,0.124266,0.027411,0.113091,0.028929,0.205865,0.220000,0.328391,0.080000,0.302350,0.084300,0.499179
2020-06-30,0.079484,0.122915,0.027411,0.122526,0.026694,0.232701,0.220000,0.325278,0.080000,0.324380,0.077963,0.548255
2020-07-01,0.079484,0.118751,0.027411,0.129296,0.025308,0.253198,0.220000,0.315623,0.080000,0.339897,0.074019,0.583499
2020-07-02,0.079484,0.112475,0.027411,0.128496,0.025464,0.250717,0.220000,0.300897,0.080000,0.338076,0.074462,0.579334
2020-07-06,0.079484,0.107325,0.027411,0.131273,0.024932,0.259402,0.220000,0.288655,0.080000,0.344384,0.072948,0.593792
2020-07-07,0.079484,0.107297,0.027411,0.116100,0.028173,0.214220,0.220000,0.288589,0.080000,0.309427,0.082160,0.514820
2020-07-08,0.079484,0.107467,0.027411,0.122419,0.026717,0.232384,0.220000,0.288994,0.080000,0.324132,0.078030,0.547695
2020-07-09,0.079484,0.109427,0.027411,0.105531,0.031036,0.185659,0.220000,0.293669,0.080000,0.284357,0.090247,0.459969
2020-07-10,0.079484,0.109173,0.027411,0.114491,0.028572,0.209731,0.220000,0.293065,0.080000,0.305650,0.083289,0.506458
2020-07-13,0.079484,0.105171,0.027411,0.110751,0.029547,0.199495,0.220000,0.283493,0.080000,0.296814,0.086049,0.487029
2020-07-14,0.079484,0.105326,0.027411,0.113439,0.028839,0.206822,0.220000,0.283865,0.080000,0.303170,0.084047,0.500986
2020-07-15,0.079484,0.099803,0.027411,0.109755,0.029819,0.196815,0.220000,0.270522,0.080000,0.294448,0.086817,0.481861
2020-07-16,0.079484,0.098160,0.027411,0.103312,0.031718,0.179931,0.220000,0.266519,0.080000,0.279019,0.092168,0.448493
2020-07-17,0.079484,0.097085,0.027411,0.115152,0.028407,0.211567,0.220000,0.263894,0.080000,0.307202,0.082822,0.509889
2020-07-20,0.079484,0.092411,0.027411,0.102400,0.032008,0.177602,0.220000,0.252403,0.080000,0.276817,0.092983,0.443780
2020-07-21,0.082827,0.087383,0.027411,0.104885,0.031231,0.183982,0.228467,0.239910,0.080000,0.282806,0.090798,0.456626
2020-07-22,0.084402,0.085599,0.027411,0.101583,0.032272,0.175526,0.232437,0.235443,0.080000,0.274839,0.093726,0.439557
2020-07-23,0.084756,0.085209,0.027411,0.093115,0.035314,0.154690,0.233327,0.234464,0.080000,0.254142,0.102245,0.395984
2020-07-24,0.084393,0.085609,0.027411,0.098093,0.033456,0.166794,0.232415,0.235468,0.080000,0.266357,0.097049,0.421562
2020-07-27,0.085183,0.084743,0.027411,0.103332,0.031712,0.179981,0.234399,0.233295,0.080000,0.279066,0.092150,0.448593
2020-07-28,0.084423,0.085576,0.027411,0.097339,0.033725,0.164933,0.232489,0.235385,0.080000,0.264514,0.097800,0.417677
2020-07-29,0.086217,0.083638,0.027411,0.099726,0.032891,0.170855,0.236991,0.230512,0.080000,0.270335,0.095463,0.429978
2020-07-30,0.086024,0.083841,0.027411,0.093977,0.034977,0.156756,0.236508,0.231025,0.080000,0.256265,0.101304,0.400402
2020-07-31,0.085794,0.084086,0.027411,0.093665,0.035098,0.156007,0.235931,0.231642,0.080000,0.255498,0.101642,0.398804
2020-08-04,0.086753,0.083075,0.027411,0.085528,0.038605,0.136998,0.238334,0.229095,0.080000,0.235264,0.111401,0.357260
2020-08-05,0.089438,0.080378,0.027411,0.092751,0.035459,0.153820,0.245032,0.222272,0.080000,0.253243,0.102649,0.394118
2020-08-06,0.089629,0.080194,0.027411,0.092441,0.035583,0.153081,0.245507,0.221804,0.080000,0.252477,0.102995,0.392530
2020-08-07,0.090138,0.079706,0.027411,0.092137,0.035705,0.152358,0.246771,0.220564,0.080000,0.251725,0.103336,0.390972
2020-08-10,0.090193,0.079653,0.027411,0.094498,0.034777,0.158011,0.246907,0.220431,0.080000,0.257547,0.100744,0.403075
2020-08-11,0.091633,0.078307,0.027411,0.102694,0.031914,0.178349,0.250478,0.217006,0.080000,0.277526,0.092719,0.445295
2020-08-12,0.090616,0.079253,0.027411,0.118486,0.027603,0.220978,0.247958,0.219413,0.080000,0.315005,0.080545,0.527230
2020-08-13,0.089334,0.080479,0.027411,0.125337,0.026099,0.241077,0.244774,0.222527,0.080000,0.330852,0.076270,0.562888
2020-08-14,0.087480,0.082326,0.027411,0.132615,0.024685,0.263669,0.240152,0.227204,0.080000,0.347417,0.072241,0.600774
2020-08-17,0.086702,0.083129,0.027411,0.124304,0.026314,0.237976,0.238206,0.229230,0.080000,0.328478,0.076883,0.557508
2020-08-18,0.086815,0.083011,0.027411,0.116538,0.028067,0.215450,0.238490,0.228932,0.080000,0.310452,0.081859,0.517094
2020-08-19,0.087051,0.082767,0.027411,0.119714,0.027320,0.224503,0.239078,0.228318,0.080000,0.317864,0.079741,0.533620
2020-08-20,0.086275,0.083576,0.027411,0.112365,0.029118,0.203878,0.237138,0.230356,0.080000,0.300636,0.084834,0.495410
2020-08-21,0.086799,0.083027,0.027411,0.099391,0.033006,0.170016,0.238450,0.228974,0.080000,0.269518,0.095785,0.428246
2020-08-24,0.088503,0.081297,0.027411,0.108346,0.030214,0.193059,0.242703,0.224600,0.080000,0.291094,0.087930,0.474556
2020-08-25,0.090121,0.079722,0.027411,0.118245,0.027660,0.220290,0.246729,0.220605,0.080000,0.314443,0.080705,0.525977
2020-08-26,0.090986,0.078906,0.027411,0.114242,0.028634,0.209041,0.248875,0.218530,0.080000,0.305064,0.083467,0.505164
2020-08-27,0.091261,0.078650,0.027411,0.132740,0.024662,0.264071,0.249557,0.217879,0.080000,0.347700,0.072175,0.601428
2020-08-28,0.091492,0.078437,0.027411,0.140548,0.023324,0.289959,0.250129,0.217336,0.080000,0.365160,0.068351,0.642027
2020-08-31,0.091723,0.078224,0.027411,0.131162,0.024953,0.259050,0.250701,0.216795,0.080000,0.344132,0.073007,0.593213
2020-09-01,0.093082,0.077000,0.027411,0.118854,0.027518,0.222029,0.254059,0.213671,0.080000,0.315861,0.080303,0.529141
2020-09-02,0.094300,0.075937,0.027411,0.107865,0.030351,0.191783,0.257062,0.210949,0.080000,0.289945,0.088317,0.472061
2020-09-03,0.092176,0.077812,0.027411,0.101073,0.032440,0.174238,0.251821,0.215743,0.080000,0.273605,0.094196,0.436926
2020-09-04,0.090862,0.079022,0.027411,0.128931,0.025379,0.252065,0.248568,0.218825,0.080000,0.339067,0.074220,0.581600
2020-09-08,0.088360,0.081439,0.027411,0.116791,0.028005,0.216166,0.242348,0.224959,0.080000,0.311047,0.081685,0.518415
2020-09-09,0.089880,0.079952,0.027411,0.123894,0.026401,0.236753,0.246131,0.221190,0.080000,0.327534,0.077129,0.555374
2020-09-10,0.090003,0.079834,0.027411,0.112256,0.029146,0.203581,0.246436,0.220891,0.080000,0.300379,0.084915,0.494845
2020-09-11,0.089338,0.080475,0.027411,0.111876,0.029246,0.202545,0.244783,0.222519,0.080000,0.299480,0.085198,0.492871
2020-09-14,0.090366,0.079488,0.027411,0.111488,0.029350,0.201490,0.247339,0.220012,0.080000,0.298560,0.085490,0.490855
2020-09-15,0.091116,0.078784,0.027411,0.111127,0.029446,0.200513,0.249198,0.218221,0.080000,0.297707,0.085762,0.488984
2020-09-16,0.092806,0.077245,0.027411,0.114348,0.028608,0.209333,0.253379,0.214296,0.080000,0.305313,0.083392,0.505711
2020-09-17,0.091772,0.078179,0.027411,0.117706,0.027787,0.218755,0.250823,0.216680,0.080000,0.313185,0.081066,0.523171
2020-09-18,0.091549,0.078384,0.027411,0.117213,0.027904,0.217356,0.250271,0.217201,0.080000,0.312032,0.081399,0.520605
2020-09-21,0.086690,0.083141,0.027411,0.109352,0.029931,0.195737,0.238177,0.229260,0.080000,0.293490,0.087132,0.479772
2020-09-22,0.086318,0.083531,0.027411,0.112472,0.029090,0.204172,0.237245,0.230243,0.080000,0.300890,0.084755,0.495968
2020-09-23,0.085265,0.084654,0.027411,0.108423,0.030192,0.193262,0.234605,0.233071,0.080000,0.291277,0.087868,0.474953
2020-09-24,0.081265,0.089231,0.027411,0.104570,0.031327,0.183168,0.224519,0.244516,0.080000,0.282049,0.091068,0.454997
2020-09-25,0.080186,0.090556,0.027411,0.107639,0.030416,0.191186,0.221783,0.247808,0.080000,0.289406,0.088500,0.470890
2020-09-28,0.082390,0.087892,0.027411,0.103779,0.031572,0.181128,0.227364,0.241180,0.080000,0.280144,0.091757,0.450905
2020-09-29,0.083188,0.086967,0.027411,0.110411,0.029640,0.198579,0.229379,0.238869,0.080000,0.296008,0.086309,0.485267
2020-09-30,0.084632,0.085345,0.027411,0.113671,0.028780,0.207464,0.233015,0.234806,0.080000,0.303720,0.083878,0.502197
2020-10-01,0.085919,0.083953,0.027411,0.106101,0.030865,0.187148,0.236244,0.231307,0.080000,0.285726,0.089767,0.462925
2020-10-02,0.085741,0.084143,0.027411,0.116729,0.028020,0.215989,0.235799,0.231784,0.080000,0.310900,0.081728,0.518090
2020-10-05,0.090281,0.079569,0.027411,0.147218,0.022302,0.313621,0.247128,0.220217,0.080000,0.379825,0.065425,0.676636
2020-10-07,0.094998,0.075342,0.027411,0.150131,0.021887,0.324463,0.258777,0.209424,0.080000,0.386158,0.064234,0.691719
2020-10-08,0.095977,0.074524,0.027411,0.148863,0.022065,0.319705,0.261180,0.207323,0.080000,0.383408,0.064746,0.685159
2020-10-09,0.097451,0.073327,0.027411,0.137918,0.023756,0.281036,0.264788,0.204244,0.080000,0.359314,0.069588,0.628361
2020-10-13,0.099387,0.071815,0.027411,0.115650,0.028283,0.212960,0.269510,0.200343,0.080000,0.308373,0.082472,0.512482
2020-10-14,0.099340,0.071851,0.027411,0.119007,0.027482,0.222468,0.269396,0.200436,0.080000,0.316218,0.080202,0.529938
2020-10-15,0.096858,0.073803,0.027411,0.122394,0.026723,0.232312,0.263337,0.205471,0.080000,0.324075,0.078045,0.547566
2020-10-16,0.098732,0.072319,0.027411,0.130166,0.025141,0.255916,0.267915,0.201645,0.080000,0.341875,0.073543,0.588030
2020-10-19,0.099902,0.071424,0.027411,0.129407,0.025287,0.253544,0.270761,0.199333,0.080000,0.340150,0.073957,0.584078
2020-10-20,0.100187,0.071210,0.027411,0.152564,0.021553,0.333785,0.271454,0.198778,0.080000,0.391416,0.063276,0.704306
2020-10-21,0.100618,0.070888,0.027411,0.162152,0.020344,0.373185,0.272502,0.197945,0.080000,0.411839,0.059799,0.753727
2020-10-22,0.101295,0.070389,0.027411,0.172137,0.019240,0.415196,0.274143,0.196652,0.080000,0.432618,0.056617,0.800000
2020-10-23,0.102123,0.069789,0.027411,0.148165,0.022165,0.317112,0.276147,0.195096,0.080000,0.381890,0.065032,0.681544
2020-10-26,0.099290,0.071889,0.027411,0.137351,0.023852,0.279137,0.269274,0.200535,0.080000,0.358047,0.069861,0.625409
2020-10-27,0.098884,0.072201,0.027411,0.127535,0.025653,0.247758,0.268286,0.201341,0.080000,0.335884,0.075002,0.574331
2020-10-28,0.093992,0.076203,0.027411,0.126717,0.025817,0.245258,0.256303,0.211631,0.080000,0.334015,0.075469,0.570073
2020-10-29,0.094355,0.075889,0.027411,0.154260,0.021328,0.340430,0.257198,0.210828,0.080000,0.395062,0.062628,0.713066
2020-10-30,0.094501,0.075765,0.027411,0.181310,0.018342,0.415196,0.257555,0.210509,0.080000,0.451270,0.054023,0.800000
2020-11-02,0.094783,0.075524,0.027411,0.161058,0.020474,0.368450,0.258249,0.209892,0.080000,0.409533,0.060174,0.748103
2020-11-03,0.098625,0.072402,0.027411,0.170566,0.019404,0.412126,0.267654,0.201859,0.080000,0.429381,0.057091,0.796833
2020-11-04,0.105094,0.067723,0.027411,0.125179,0.026131,0.240602,0.283309,0.189722,0.080000,0.330490,0.076363,0.562067
2020-11-05,0.110914,0.064036,0.027411,0.128615,0.025440,0.251084,0.297201,0.180068,0.080000,0.338346,0.074396,0.579952
2020-11-06,0.110473,0.064300,0.027411,0.136578,0.023983,0.276571,0.296155,0.180762,0.080000,0.356322,0.070238,0.621393
2020-11-10,0.120730,0.058710,0.027411,0.201138,0.016704,0.415196,0.320223,0.165993,0.080000,0.490182,0.049279,0.800000
2020-11-12,0.114078,0.062207,0.027411,0.151218,0.021736,0.328598,0.304678,0.175253,0.080000,0.388511,0.063802,0.697344
2020-11-13,0.113974,0.062266,0.027411,0.155316,0.021190,0.344637,0.304433,0.175407,0.080000,0.397326,0.062231,0.718521
2020-11-16,0.118152,0.060013,0.027411,0.154091,0.021350,0.339763,0.314227,0.169451,0.080000,0.394699,0.062692,0.712195
2020-11-17,0.118699,0.059732,0.027411,0.138495,0.023660,0.282973,0.315500,0.168705,0.080000,0.360598,0.069313,0.631357
2020-11-18,0.121415,0.058375,0.027411,0.151806,0.021656,0.330853,0.321811,0.165100,0.080000,0.389780,0.063571,0.700385
2020-11-19,0.120708,0.058721,0.027411,0.132102,0.024779,0.262030,0.320172,0.166021,0.080000,0.346257,0.072510,0.598102
2020-11-20,0.120562,0.058794,0.027411,0.127156,0.025729,0.246599,0.319832,0.166214,0.080000,0.335019,0.075217,0.572359
2020-11-23,0.122052,0.058066,0.027411,0.139408,0.023509,0.286065,0.323285,0.164278,0.080000,0.362630,0.068881,0.636105
2020-11-24,0.125674,0.056378,0.027411,0.147825,0.022214,0.315852,0.331625,0.159776,0.080000,0.381148,0.065173,0.679779
2020-11-25,0.125946,0.056255,0.027411,0.141976,0.023096,0.294895,0.332249,0.159449,0.080000,0.368317,0.067700,0.649441
2020-11-27,0.126342,0.056078,0.027411,0.127812,0.025598,0.248608,0.333156,0.158976,0.080000,0.336516,0.074846,0.575772
2020-12-01,0.132897,0.053314,0.027411,0.159248,0.020694,0.360760,0.348053,0.151568,0.080000,0.405703,0.060805,0.738789
2020-12-02,0.134798,0.052569,0.027411,0.180611,0.018407,0.415196,0.352331,0.149561,0.080000,0.449864,0.054210,0.800000
2020-12-03,0.137548,0.051530,0.027411,0.161081,0.020472,0.368547,0.358488,0.146761,0.080000,0.409580,0.060166,0.748219
2020-12-04,0.139627,0.050775,0.027411,0.188630,0.017693,0.415196,0.363116,0.144721,0.080000,0.465857,0.052146,0.800000
2020-12-07,0.139773,0.050723,0.027411,0.179569,0.018505,0.415196,0.363440,0.144581,0.080000,0.447761,0.054493,0.800000
2020-12-08,0.139177,0.050936,0.027411,0.165749,0.019930,0.389255,0.362116,0.145158,0.080000,0.419381,0.058606,0.772187
2020-12-09,0.137581,0.051518,0.027411,0.169342,0.019535,0.406159,0.358561,0.146728,0.080000,0.426853,0.057467,0.790584
2020-12-11,0.134763,0.052582,0.027411,0.165615,0.019945,0.388644,0.352254,0.149597,0.080000,0.419103,0.058649,0.771502
2020-12-14,0.136562,0.051897,0.027411,0.153534,0.021424,0.337570,0.356286,0.147751,0.080000,0.393502,0.062903,0.709316
2020-12-15,0.137730,0.051463,0.027411,0.172906,0.019161,0.415196,0.358893,0.146580,0.080000,0.434198,0.056388,0.800000
2020-12-16,0.139364,0.050869,0.027411,0.160043,0.020597,0.364117,0.362532,0.144976,0.080000,0.407388,0.060526,0.742883
2020-12-17,0.140551,0.050447,0.027411,0.168780,0.019595,0.403455,0.365165,0.143836,0.080000,0.425689,0.057642,0.787710
2020-12-18,0.141245,0.050204,0.027411,0.172288,0.019224,0.415196,0.366702,0.143178,0.080000,0.432929,0.056571,0.800000
2020-12-21,0.137173,0.051669,0.027411,0.170250,0.019438,0.410578,0.357652,0.147135,0.080000,0.428731,0.057187,0.795224
2020-12-22,0.139001,0.051000,0.027411,0.157973,0.020852,0.355448,0.361724,0.145329,0.080000,0.402995,0.061259,0.732223
2020-12-23,0.140581,0.050437,0.027411,0.171819,0.019273,0.415196,0.365232,0.143807,0.080000,0.431964,0.056712,0.800000
2020-12-24,0.142084,0.049914,0.027411,0.159522,0.020660,0.361914,0.368557,0.142393,0.080000,0.406284,0.060709,0.740201
2020-12-29,0.149130,0.047619,0.027411,0.161336,0.020441,0.369645,0.383987,0.136162,0.080000,0.410119,0.060078,0.749530
2020-12-30,0.150279,0.047267,0.027411,0.154974,0.021234,0.343269,0.386479,0.135205,0.080000,0.396593,0.062359,0.716755
2020-12-31,0.150723,0.047133,0.027411,0.149062,0.022037,0.320448,0.387442,0.134838,0.080000,0.383840,0.064665,0.686189
2021-01-04,0.147903,0.048001,0.027411,0.157264,0.020941,0.352529,0.381318,0.137202,0.080000,0.401485,0.061515,0.728567
2021-01-05,0.147592,0.048099,0.027411,0.160677,0.020520,0.366817,0.380641,0.137468,0.080000,0.408728,0.060305,0.746144
2021-01-06,0.152328,0.046654,0.027411,0.198165,0.016927,0.415196,0.390907,0.133535,0.080000,0.484469,0.049925,0.800000
2021-01-07,0.153938,0.046185,0.027411,0.222003,0.015323,0.415196,0.394372,0.132255,0.080000,0.529095,0.045269,0.800000
2021-01-08,0.155552,0.045726,0.027411,0.257120,0.013551,0.415196,0.397830,0.131002,0.080000,0.590027,0.040105,0.800000
2021-01-11,0.154532,0.046015,0.027411,0.268372,0.013092,0.415196,0.395645,0.131791,0.080000,0.608375,0.038764,0.800000
2021-01-12,0.153611,0.046280,0.027411,0.261477,0.013368,0.415196,0.393669,0.132513,0.080000,0.597198,0.039571,0.800000
2021-01-13,0.155351,0.045783,0.027411,0.217577,0.015592,0.415196,0.397401,0.131156,0.080000,0.521011,0.046050,0.800000
2021-01-14,0.159136,0.044743,0.027411,0.235401,0.014578,0.415196,0.405466,0.128313,0.080000,0.553007,0.043099,0.800000
2021-01-15,0.157866,0.045086,0.027411,0.223969,0.015208,0.415196,0.402767,0.129251,0.080000,0.532656,0.044933,0.800000
2021-01-19,0.159465,0.044655,0.027411,0.208043,0.016213,0.415196,0.406163,0.128072,0.080000,0.503287,0.047856,0.800000
2021-01-20,0.160660,0.044340,0.027411,0.211705,0.015967,0.415196,0.408692,0.127208,0.080000,0.510146,0.047141,0.800000
2021-01-21,0.160340,0.044424,0.027411,0.221940,0.015327,0.415196,0.408015,0.127438,0.080000,0.528980,0.045280,0.800000
2021-01-22,0.156104,0.045572,0.027411,0.205145,0.016415,0.415196,0.399010,0.130579,0.080000,0.497816,0.048440,0.800000
2021-01-25,0.155256,0.045810,0.027411,0.174326,0.019016,0.415196,0.397197,0.131230,0.080000,0.437108,0.055971,0.800000
2021-01-26,0.155566,0.045722,0.027411,0.183348,0.018156,0.415196,0.397861,0.130990,0.080000,0.455359,0.053484,0.800000
2021-01-27,0.151213,0.046985,0.027411,0.171200,0.019338,0.415196,0.388501,0.134437,0.080000,0.430689,0.056898,0.800000
2021-01-28,0.154962,0.045893,0.027411,0.185555,0.017959,0.415196,0.396566,0.131457,0.080000,0.459761,0.052915,0.800000
2021-01-29,0.154052,0.046153,0.027411,0.213719,0.015836,0.415196,0.394616,0.132166,0.080000,0.513891,0.046760,0.800000
2021-02-01,0.152109,0.046719,0.027411,0.199538,0.016823,0.415196,0.390434,0.133711,0.080000,0.487113,0.049624,0.800000
2021-02-02,0.155604,0.045712,0.027411,0.215256,0.015738,0.415196,0.397941,0.130962,0.080000,0.516736,0.046474,0.800000
2021-02-03,0.158814,0.044829,0.027411,0.233668,0.014669,0.415196,0.404782,0.128549,0.080000,0.549961,0.043365,0.800000
2021-02-04,0.161068,0.044233,0.027411,0.230548,0.014837,0.415196,0.409555,0.126916,0.080000,0.544442,0.043853,0.800000
2021-02-05,0.163998,0.043485,0.027411,0.276245,0.012795,0.415196,0.415718,0.124864,0.080000,0.620881,0.037897,0.800000
2021-02-08,0.166232,0.042934,0.027411,0.254151,0.013680,0.415196,0.420391,0.123351,0.080000,0.585091,0.040482,0.800000
2021-02-09,0.167023,0.042743,0.027411,0.242660,0.014212,0.415196,0.422038,0.122826,0.080000,0.565617,0.042033,0.800000
2021-02-10,0.166676,0.042827,0.027411,0.218171,0.015555,0.415196,0.421315,0.123056,0.080000,0.522103,0.045943,0.800000
2021-02-11,0.166640,0.042835,0.027411,0.222293,0.015306,0.415196,0.421241,0.123080,0.080000,0.529621,0.045219,0.800000
2021-02-12,0.167738,0.042572,0.027411,0.248448,0.013937,0.415196,0.423526,0.122355,0.080000,0.575501,0.041232,0.800000
2021-02-16,0.170668,0.041887,0.027411,0.316338,0.011542,0.415196,0.429593,0.120471,0.080000,0.680461,0.034229,0.800000
2021-02-17,0.169791,0.042089,0.027411,0.316074,0.011549,0.415196,0.427781,0.121028,0.080000,0.680090,0.034249,0.800000
2021-02-18,0.168392,0.042417,0.027411,0.304307,0.011879,0.415196,0.424883,0.121929,0.080000,0.663293,0.035215,0.800000
2021-02-19,0.169480,0.042162,0.027411,0.330567,0.010801,0.415196,0.427139,0.121227,0.080000,0.700000,0.032055,0.800000
2021-02-22,0.166766,0.042805,0.027411,0.330567,0.010379,0.415196,0.421504,0.122996,0.080000,0.700000,0.030816,0.800000
2021-02-23,0.163096,0.043712,0.027411,0.330567,0.010710,0.415196,0.413826,0.125487,0.080000,0.700000,0.031788,0.800000
2021-02-24,0.164649,0.043323,0.027411,0.330567,0.010978,0.415196,0.417083,0.124419,0.080000,0.700000,0.032574,0.800000
2021-02-25,0.164523,0.043354,0.027411,0.330567,0.008765,0.415196,0.416818,0.124505,0.080000,0.700000,0.026064,0.800000
2021-02-26,0.160221,0.044455,0.027411,0.330567,0.010743,0.415196,0.407763,0.127524,0.080000,0.700000,0.031884,0.800000
2021-03-01,0.156882,0.045356,0.027411,0.330567,0.010658,0.415196,0.400671,0.129989,0.080000,0.700000,0.031634,0.800000
2021-03-02,0.156439,0.045478,0.027411,0.307374,0.011790,0.415196,0.399725,0.130324,0.080000,0.667726,0.034955,0.800000
2021-03-03,0.157218,0.045263,0.027411,0.330567,0.011156,0.415196,0.401387,0.129736,0.080000,0.700000,0.033097,0.800000
2021-03-04,0.154118,0.046134,0.027411,0.330567,0.009959,0.415196,0.394757,0.132114,0.080000,0.700000,0.029581,0.800000
2021-03-05,0.149784,0.047418,0.027411,0.330567,0.009961,0.415196,0.385407,0.135615,0.080000,0.700000,0.029586,0.800000
2021-03-08,0.149464,0.047516,0.027411,0.330567,0.010386,0.415196,0.384713,0.135882,0.080000,0.700000,0.030835,0.800000
2021-03-09,0.147106,0.048253,0.027411,0.310967,0.011689,0.415196,0.379580,0.137887,0.080000,0.672871,0.034658,0.800000
2021-03-10,0.147547,0.048113,0.027411,0.290561,0.012303,0.415196,0.380543,0.137507,0.080000,0.642936,0.036456,0.800000
2021-03-11,0.153606,0.046281,0.027411,0.301788,0.011953,0.415196,0.393657,0.132517,0.080000,0.659621,0.035432,0.800000
2021-03-12,0.152754,0.046529,0.027411,0.330567,0.010202,0.415196,0.391824,0.133194,0.080000,0.700000,0.030294,0.800000
2021-03-16,0.153894,0.046198,0.027411,0.313707,0.011613,0.415196,0.394276,0.132290,0.080000,0.676758,0.034437,0.800000
2021-03-17,0.149319,0.047561,0.027411,0.323296,0.011361,0.415196,0.384398,0.136003,0.080000,0.690118,0.033697,0.800000
2021-03-18,0.151239,0.046978,0.027411,0.330567,0.010742,0.415196,0.388557,0.134416,0.080000,0.700000,0.031880,0.800000
2021-03-19,0.151137,0.047008,0.027411,0.330567,0.010567,0.415196,0.388336,0.134499,0.080000,0.700000,0.031367,0.800000
2021-03-22,0.154924,0.045904,0.027411,0.309626,0.011726,0.415196,0.396485,0.131486,0.080000,0.670956,0.034768,0.800000
2021-03-23,0.154574,0.046003,0.027411,0.261226,0.013379,0.415196,0.395736,0.131758,0.080000,0.596786,0.039601,0.800000
2021-03-24,0.157177,0.045274,0.027411,0.253351,0.013715,0.415196,0.401300,0.129766,0.080000,0.583755,0.040584,0.800000
2021-03-25,0.155335,0.045787,0.027411,0.251068,0.013818,0.415196,0.397366,0.131168,0.080000,0.579924,0.040882,0.800000
2021-03-26,0.158382,0.044946,0.027411,0.264278,0.013254,0.415196,0.403863,0.128868,0.080000,0.601764,0.039237,0.800000
2021-03-30,0.161712,0.044066,0.027411,0.267582,0.013123,0.415196,0.410912,0.126458,0.080000,0.607105,0.038854,0.800000
2021-03-31,0.167524,0.042623,0.027411,0.264346,0.013251,0.415196,0.423081,0.122496,0.080000,0.601874,0.039229,0.800000
2021-04-01,0.171347,0.041732,0.027411,0.229350,0.014903,0.415196,0.430992,0.120045,0.080000,0.542309,0.044045,0.800000
2021-04-05,0.176243,0.040654,0.027411,0.235113,0.014593,0.415196,0.441018,0.117071,0.080000,0.552501,0.043143,0.800000
2021-04-06,0.174337,0.041066,0.027411,0.210349,0.016057,0.415196,0.437129,0.118208,0.080000,0.507614,0.047402,0.800000
2021-04-07,0.175477,0.040818,0.027411,0.209849,0.016091,0.415196,0.439459,0.117524,0.080000,0.506678,0.047500,0.800000
2021-04-08,0.175683,0.040774,0.027411,0.199069,0.016858,0.415196,0.439877,0.117402,0.080000,0.486210,0.049727,0.800000
2021-04-09,0.175799,0.040749,0.027411,0.198982,0.016865,0.415196,0.440115,0.117333,0.080000,0.486043,0.049746,0.800000
2021-04-12,0.175685,0.040773,0.027411,0.195536,0.017130,0.415196,0.439882,0.117401,0.080000,0.479382,0.050514,0.800000
2021-04-13,0.171741,0.041643,0.027411,0.183202,0.018169,0.415196,0.431804,0.119799,0.080000,0.455067,0.053522,0.800000
2021-04-14,0.176873,0.040520,0.027411,0.180540,0.018413,0.415196,0.442300,0.116701,0.080000,0.449721,0.054229,0.800000
2021-04-15,0.174657,0.040996,0.027411,0.157148,0.020955,0.352053,0.437783,0.118015,0.080000,0.401238,0.061557,0.727969
2021-04-16,0.175860,0.040736,0.027411,0.162845,0.020263,0.376223,0.440238,0.117297,0.080000,0.413299,0.059565,0.757289
2021-04-19,0.172312,0.041514,0.027411,0.166023,0.019899,0.390514,0.432977,0.119445,0.080000,0.419954,0.058517,0.773592
2021-04-20,0.165339,0.043152,0.027411,0.159125,0.020709,0.360243,0.418526,0.123951,0.080000,0.405441,0.060849,0.738154
2021-04-21,0.165614,0.043085,0.027411,0.155011,0.021229,0.343418,0.419101,0.123765,0.080000,0.396673,0.062345,0.716947
2021-04-22,0.165500,0.043113,0.027411,0.151142,0.021747,0.328307,0.418862,0.123842,0.080000,0.388347,0.063832,0.696952
2021-04-23,0.169798,0.042088,0.027411,0.151897,0.021644,0.331203,0.427795,0.121024,0.080000,0.389977,0.063536,0.700855
2021-04-26,0.171358,0.041730,0.027411,0.146023,0.022478,0.309268,0.431016,0.120038,0.080000,0.377215,0.065928,0.670444
2021-04-27,0.174449,0.041041,0.027411,0.158045,0.020843,0.355744,0.437360,0.118140,0.080000,0.403148,0.061234,0.732592
2021-04-28,0.173562,0.041236,0.027411,0.156361,0.021055,0.348848,0.435544,0.118677,0.080000,0.399560,0.061845,0.723912
2021-04-29,0.175041,0.040913,0.027411,0.161702,0.020397,0.371229,0.438568,0.117785,0.080000,0.410891,0.059953,0.751413
2021-04-30,0.173294,0.041295,0.027411,0.159892,0.020615,0.363478,0.434993,0.118841,0.080000,0.407068,0.060579,0.742106
2021-05-04,0.171208,0.041764,0.027411,0.147757,0.022224,0.315604,0.430706,0.120132,0.080000,0.381001,0.065201,0.679430
2021-05-05,0.172776,0.041411,0.027411,0.142304,0.023045,0.296040,0.433931,0.119158,0.080000,0.369042,0.067553,0.651146
2021-05-06,0.172026,0.041579,0.027411,0.139134,0.023554,0.285135,0.432390,0.119622,0.080000,0.362021,0.069010,0.634681
2021-05-07,0.175951,0.040716,0.027411,0.145999,0.022481,0.309179,0.440425,0.117243,0.080000,0.377162,0.065939,0.670316
2021-05-10,0.176425,0.040615,0.027411,0.147080,0.022322,0.313114,0.441390,0.116963,0.080000,0.379523,0.065483,0.675919
2021-05-11,0.170218,0.041991,0.027411,0.147804,0.022217,0.315776,0.428663,0.120757,0.080000,0.381103,0.065182,0.679672
2021-05-12,0.171062,0.041797,0.027411,0.157095,0.020962,0.351838,0.430406,0.120223,0.080000,0.401126,0.061577,0.727699
2021-05-13,0.168925,0.042291,0.027411,0.149066,0.022037,0.320461,0.425989,0.121584,0.080000,0.383848,0.064664,0.686207
2021-05-14,0.172191,0.041542,0.027411,0.141705,0.023139,0.293954,0.432728,0.119520,0.080000,0.367719,0.067823,0.648035
2021-05-17,0.174374,0.041058,0.027411,0.142792,0.022968,0.297747,0.437206,0.118185,0.080000,0.370118,0.067335,0.653678
2021-05-18,0.173994,0.041141,0.027411,0.141591,0.023157,0.293558,0.436429,0.118415,0.080000,0.367467,0.067875,0.647442
2021-05-19,0.167942,0.042523,0.027411,0.148307,0.022145,0.317636,0.423948,0.122222,0.080000,0.382198,0.064974,0.682277
2021-05-20,0.166083,0.042970,0.027411,0.139166,0.023549,0.285242,0.420080,0.123451,0.080000,0.362092,0.068995,0.634846
2021-05-21,0.170830,0.041850,0.027411,0.134389,0.024365,0.269390,0.429926,0.120370,0.080000,0.351413,0.071328,0.610007
2021-05-24,0.169854,0.042075,0.027411,0.133398,0.024542,0.266184,0.427911,0.120988,0.080000,0.349184,0.071835,0.604851
2021-05-25,0.173246,0.041306,0.027411,0.123966,0.026385,0.236970,0.434896,0.118870,0.080000,0.327701,0.077086,0.555752
2021-05-26,0.171653,0.041663,0.027411,0.128164,0.025529,0.249691,0.431623,0.119854,0.080000,0.337319,0.074648,0.577604
2021-05-27,0.173812,0.041181,0.027411,0.132443,0.024716,0.263119,0.436055,0.118525,0.080000,0.347029,0.072331,0.599879
2021-05-28,0.173844,0.041174,0.027411,0.126455,0.025870,0.244460,0.436120,0.118506,0.080000,0.333414,0.075620,0.568707
2021-06-01,0.167582,0.042609,0.027411,0.128707,0.025422,0.251369,0.423202,0.122458,0.080000,0.338556,0.074344,0.580431
2021-06-02,0.170573,0.041909,0.027411,0.127854,0.025590,0.248737,0.429397,0.120531,0.080000,0.336611,0.074822,0.575989
2021-06-03,0.171529,0.041691,0.027411,0.128682,0.025427,0.251292,0.431367,0.119931,0.080000,0.338499,0.074358,0.580301
2021-06-04,0.168011,0.042507,0.027411,0.119827,0.027294,0.224827,0.424092,0.122177,0.080000,0.318125,0.079668,0.534204
2021-06-07,0.167818,0.042553,0.027411,0.117637,0.027803,0.218559,0.423691,0.122303,0.080000,0.313024,0.081112,0.522813
2021-06-08,0.167643,0.042594,0.027411,0.114048,0.028684,0.208502,0.423328,0.122418,0.080000,0.304606,0.083607,0.504152
2021-06-09,0.169315,0.042200,0.027411,0.106478,0.030754,0.188133,0.426795,0.121333,0.080000,0.286629,0.089453,0.464875
2021-06-10,0.168041,0.042500,0.027411,0.102069,0.032115,0.176758,0.424155,0.122157,0.080000,0.276016,0.093283,0.442067
2021-06-11,0.171477,0.041703,0.027411,0.101665,0.032245,0.175735,0.431261,0.119963,0.080000,0.275040,0.093651,0.439984
2021-06-14,0.176447,0.040610,0.027411,0.106538,0.030736,0.188288,0.441435,0.116950,0.080000,0.286771,0.089404,0.465183
2021-06-15,0.176007,0.040704,0.027411,0.106082,0.030871,0.187097,0.440539,0.117210,0.080000,0.285680,0.089783,0.462825
2021-06-16,0.185072,0.038868,0.027411,0.106984,0.030605,0.189460,0.458800,0.112130,0.080000,0.287839,0.089035,0.467495
2021-06-17,0.182273,0.039413,0.027411,0.097477,0.033675,0.165273,0.453205,0.113641,0.080000,0.264852,0.097662,0.418389
2021-06-18,0.179366,0.040000,0.027411,0.085663,0.038540,0.137306,0.447352,0.115264,0.080000,0.235604,0.111222,0.357948
2021-06-21,0.181486,0.039570,0.027411,0.089992,0.036595,0.147299,0.451623,0.114075,0.080000,0.246409,0.105816,0.380002
2021-06-22,0.176854,0.040524,0.027411,0.089709,0.036716,0.146636,0.442261,0.116712,0.080000,0.245705,0.106153,0.378555
2021-06-23,0.177484,0.040391,0.027411,0.090557,0.036356,0.148626,0.443540,0.116345,0.080000,0.247813,0.105151,0.382891
2021-06-24,0.183476,0.039176,0.027411,0.089135,0.036964,0.145298,0.455615,0.112985,0.080000,0.244278,0.106843,0.375626
2021-06-25,0.189053,0.038122,0.027411,0.092291,0.035643,0.152725,0.466693,0.110063,0.080000,0.252107,0.103163,0.391763
2021-06-28,0.187525,0.038404,0.027411,0.089680,0.036728,0.146569,0.463672,0.110845,0.080000,0.245633,0.106188,0.378408
2021-06-30,0.186651,0.038568,0.027411,0.084707,0.039000,0.135137,0.461940,0.111299,0.080000,0.233203,0.112495,0.353094
2021-07-01,0.183964,0.039081,0.027411,0.087739,0.037581,0.142063,0.456590,0.112722,0.080000,0.240799,0.108559,0.368510
2021-07-02,0.181491,0.039569,0.027411,0.084179,0.039258,0.133944,0.451635,0.114072,0.080000,0.231874,0.113212,0.350413
2021-07-06,0.178782,0.040120,0.027411,0.078561,0.042247,0.121519,0.446170,0.115597,0.080000,0.217651,0.121461,0.322051
2021-07-07,0.174535,0.041022,0.027411,0.074440,0.044756,0.112698,0.437535,0.118088,0.080000,0.207110,0.128349,0.301424
2021-07-08,0.161279,0.044178,0.027411,0.074227,0.044895,0.112249,0.410000,0.126765,0.080000,0.206562,0.128728,0.300361
2021-07-09,0.165132,0.043203,0.027411,0.076913,0.043215,0.117962,0.418093,0.124091,0.080000,0.213447,0.124122,0.313783
2021-07-12,0.165584,0.043092,0.027411,0.077683,0.042757,0.119619,0.419039,0.123785,0.080000,0.215413,0.122864,0.317643
2021-07-13,0.168302,0.042438,0.027411,0.078467,0.042301,0.121316,0.424697,0.121987,0.080000,0.217413,0.121609,0.321580
2021-07-14,0.163203,0.043685,0.027411,0.076222,0.043634,0.116482,0.414051,0.125413,0.080000,0.211679,0.125275,0.310323
2021-07-15,0.156824,0.045372,0.027411,0.070287,0.047617,0.104051,0.400548,0.130032,0.080000,0.196388,0.136158,0.280800
2021-07-16,0.150776,0.047117,0.027411,0.068273,0.049145,0.099945,0.387556,0.134795,0.080000,0.191154,0.140307,0.270866
2021-07-19,0.130317,0.054365,0.027411,0.061329,0.055274,0.086221,0.342216,0.154390,0.080000,0.172934,0.156825,0.237002
2021-07-20,0.130690,0.054211,0.027411,0.065268,0.051618,0.093924,0.343061,0.153975,0.080000,0.183303,0.147000,0.256136
2021-07-21,0.140234,0.050559,0.027411,0.069493,0.048208,0.102426,0.364464,0.144138,0.080000,0.194328,0.137763,0.276878
2021-07-22,0.139592,0.050788,0.027411,0.068362,0.049075,0.100125,0.363038,0.144756,0.080000,0.191386,0.140118,0.271304
2021-07-23,0.142613,0.049733,0.027411,0.069064,0.048533,0.101550,0.369724,0.141902,0.080000,0.193211,0.138648,0.274760
2021-07-26,0.142533,0.049760,0.027411,0.067927,0.049417,0.099244,0.369548,0.141976,0.080000,0.190252,0.141047,0.269163
2021-07-27,0.138390,0.051221,0.027411,0.065911,0.051068,0.095201,0.360366,0.145927,0.080000,0.184986,0.145515,0.259275
2021-07-28,0.138333,0.051242,0.027411,0.066604,0.050488,0.096586,0.360239,0.145983,0.080000,0.186800,0.143945,0.262672
2021-07-29,0.141956,0.049958,0.027411,0.068249,0.049164,0.099896,0.368274,0.142512,0.080000,0.191091,0.140358,0.270747
2021-07-30,0.139552,0.050802,0.027411,0.065328,0.051567,0.094042,0.362950,0.144794,0.080000,0.183459,0.146861,0.256427
2021-08-03,0.124410,0.056955,0.027411,0.062175,0.054446,0.087856,0.328721,0.161317,0.080000,0.175167,0.154605,0.241091
2021-08-04,0.123922,0.057181,0.027411,0.061995,0.054620,0.087508,0.327598,0.161920,0.080000,0.174693,0.155072,0.240220
2021-08-05,0.126064,0.056202,0.027411,0.061806,0.054804,0.087142,0.332520,0.159307,0.080000,0.174194,0.155565,0.239307
2021-08-06,0.128264,0.055235,0.027411,0.068887,0.048668,0.101191,0.337547,0.156721,0.080000,0.192753,0.139015,0.273891
2021-08-09,0.126673,0.055931,0.027411,0.068674,0.048833,0.100757,0.333913,0.158583,0.080000,0.192197,0.139461,0.272839
2021-08-10,0.127253,0.055675,0.027411,0.070439,0.047507,0.104362,0.335240,0.157898,0.080000,0.196780,0.135857,0.281548
2021-08-11,0.124063,0.057115,0.027411,0.070224,0.047664,0.103921,0.327923,0.161745,0.080000,0.196224,0.136285,0.280487
2021-08-12,0.125184,0.056600,0.027411,0.071034,0.047076,0.105588,0.330500,0.160370,0.080000,0.198323,0.134683,0.284495
2021-08-13,0.123624,0.057320,0.027411,0.064075,0.052673,0.091568,0.326913,0.162291,0.080000,0.180171,0.149842,0.250317
2021-08-16,0.122084,0.058051,0.027411,0.062982,0.053678,0.089427,0.323358,0.164238,0.080000,0.177295,0.152545,0.245004
2021-08-17,0.122137,0.058025,0.027411,0.061008,0.055595,0.085602,0.323480,0.164170,0.080000,0.172085,0.157685,0.235451
2021-08-18,0.120432,0.058858,0.027411,0.061689,0.054919,0.086915,0.319531,0.166385,0.080000,0.173884,0.155873,0.238739
2021-08-19,0.114205,0.062136,0.027411,0.059712,0.056931,0.083122,0.304977,0.175065,0.080000,0.168653,0.161254,0.229211
2021-08-20,0.116275,0.061003,0.027411,0.060408,0.056206,0.084450,0.309838,0.172071,0.080000,0.170496,0.159319,0.232557
2021-08-23,0.117368,0.060423,0.027411,0.059539,0.057115,0.082791,0.312395,0.170536,0.080000,0.168193,0.161745,0.228377
2021-08-24,0.123516,0.057370,0.027411,0.062021,0.054594,0.087558,0.326664,0.162426,0.080000,0.174761,0.155004,0.240346
2021-08-25,0.127756,0.055455,0.027411,0.068600,0.048890,0.100607,0.336389,0.157310,0.080000,0.192005,0.139616,0.272474
2021-08-26,0.128440,0.055159,0.027411,0.065378,0.051524,0.094141,0.337948,0.156518,0.080000,0.183590,0.146745,0.256670
2021-08-27,0.132356,0.053531,0.027411,0.065161,0.051712,0.093712,0.346833,0.152149,0.080000,0.183022,0.147251,0.255612
2021-08-31,0.128973,0.054931,0.027411,0.065714,0.051235,0.094810,0.339163,0.155907,0.080000,0.184472,0.145966,0.258315
2021-09-01,0.129691,0.054627,0.027411,0.066505,0.050570,0.096387,0.340796,0.155092,0.080000,0.186540,0.144168,0.262184
2021-09-02,0.131050,0.054062,0.027411,0.064277,0.052492,0.091965,0.343879,0.153576,0.080000,0.180701,0.149353,0.251300
2021-09-03,0.131822,0.053747,0.027411,0.067105,0.050077,0.097590,0.345626,0.152729,0.080000,0.188108,0.142833,0.265127
2021-09-07,0.129827,0.054570,0.027411,0.070972,0.047120,0.105459,0.341105,0.154939,0.080000,0.198161,0.134805,0.284186
2021-09-08,0.129507,0.054705,0.027411,0.067452,0.049797,0.098286,0.340376,0.155300,0.080000,0.189012,0.142074,0.266827
2021-09-09,0.129951,0.054518,0.027411,0.061111,0.055492,0.085800,0.341385,0.154800,0.080000,0.172357,0.157408,0.235948
2021-09-10,0.135432,0.052325,0.027411,0.065930,0.051052,0.095239,0.353754,0.148905,0.080000,0.185036,0.145471,0.259370
2021-09-13,0.139837,0.050700,0.027411,0.065683,0.051262,0.094748,0.363583,0.144519,0.080000,0.184390,0.146037,0.258162
2021-09-14,0.138297,0.051255,0.027411,0.060355,0.056261,0.084348,0.360159,0.146018,0.080000,0.170355,0.159465,0.232301
2021-09-15,0.140432,0.050489,0.027411,0.063129,0.053540,0.089714,0.364902,0.143949,0.080000,0.177683,0.152175,0.245718
2021-09-16,0.141867,0.049989,0.027411,0.063922,0.052811,0.091267,0.368079,0.142594,0.080000,0.179769,0.150215,0.249571
2021-09-17,0.143407,0.049464,0.027411,0.066933,0.050217,0.097245,0.371473,0.141174,0.080000,0.187659,0.143213,0.264284
2021-09-20,0.125816,0.056313,0.027411,0.060371,0.056244,0.084380,0.331951,0.159605,0.080000,0.170400,0.159419,0.232381
2021-09-21,0.129778,0.054591,0.027411,0.063251,0.053427,0.089953,0.340992,0.154995,0.080000,0.178004,0.151870,0.246311
2021-09-22,0.138925,0.051027,0.027411,0.058943,0.057755,0.081660,0.361555,0.145403,0.080000,0.166611,0.163451,0.225519
2021-09-23,0.147283,0.048197,0.027411,0.066132,0.050882,0.095641,0.379967,0.137734,0.080000,0.185564,0.145011,0.260357
2021-09-24,0.153189,0.046402,0.027411,0.070584,0.047401,0.104660,0.392762,0.132847,0.080000,0.197157,0.135568,0.282266
2021-09-27,0.156181,0.045550,0.027411,0.069364,0.048305,0.102163,0.399176,0.130520,0.080000,0.193993,0.138027,0.276243
2021-09-28,0.145503,0.048770,0.027411,0.076720,0.043331,0.117550,0.376075,0.139290,0.080000,0.212955,0.124441,0.312819
2021-09-29,0.148788,0.047725,0.027411,0.079210,0.041877,0.122932,0.383244,0.136450,0.080000,0.219305,0.120444,0.325317
2021-09-30,0.135632,0.052249,0.027411,0.077564,0.042827,0.119364,0.354203,0.148699,0.080000,0.215111,0.123056,0.317049
2021-10-01,0.131379,0.053927,0.027411,0.073285,0.045517,0.110267,0.344623,0.153214,0.080000,0.204136,0.130429,0.295666
2021-10-04,0.130341,0.054355,0.027411,0.074357,0.044810,0.112523,0.342272,0.154362,0.080000,0.206896,0.128497,0.301009
2021-10-06,0.120040,0.059053,0.027411,0.075212,0.044263,0.114333,0.318621,0.166903,0.080000,0.209092,0.126998,0.305277
2021-10-07,0.127551,0.055544,0.027411,0.079211,0.041877,0.122935,0.335921,0.157549,0.080000,0.219308,0.120442,0.325323
2021-10-08,0.126506,0.056005,0.027411,0.083464,0.039614,0.132338,0.333532,0.158780,0.080000,0.230075,0.114196,0.346792
2021-10-12,0.116096,0.061099,0.027411,0.075591,0.044025,0.115138,0.309419,0.172326,0.080000,0.210064,0.126345,0.307170
2021-10-13,0.118359,0.059906,0.027411,0.068606,0.048886,0.100619,0.314709,0.169168,0.080000,0.192020,0.139604,0.272503
2021-10-14,0.128390,0.055181,0.027411,0.064633,0.052174,0.092668,0.337835,0.156575,0.080000,0.181638,0.148498,0.253037
2021-10-15,0.139043,0.050985,0.027411,0.066894,0.050249,0.097166,0.361817,0.145288,0.080000,0.187558,0.143299,0.264093
2021-10-18,0.140914,0.050320,0.027411,0.063212,0.053463,0.089876,0.365970,0.143491,0.080000,0.177902,0.151967,0.246121
2021-10-19,0.144042,0.049251,0.027411,0.074761,0.044550,0.113376,0.372870,0.140597,0.080000,0.207933,0.127785,0.303023
2021-10-20,0.147240,0.048211,0.027411,0.075974,0.043787,0.115954,0.379873,0.137772,0.080000,0.211045,0.125693,0.309085
2021-10-21,0.152771,0.046524,0.027411,0.072828,0.045824,0.109313,0.391861,0.133180,0.080000,0.202959,0.131269,0.293396
2021-10-22,0.147967,0.047981,0.027411,0.065826,0.051140,0.095033,0.381457,0.137147,0.080000,0.184765,0.145708,0.258863
2021-10-25,0.143280,0.049507,0.027411,0.064297,0.052473,0.092005,0.371194,0.141289,0.080000,0.180756,0.149304,0.251400
2021-10-26,0.145417,0.048798,0.027411,0.062852,0.053800,0.089174,0.375889,0.139365,0.080000,0.176954,0.152872,0.244375
2021-10-27,0.142701,0.049703,0.027411,0.049546,0.070194,0.064465,0.369918,0.141821,0.080000,0.141394,0.196147,0.181197
2021-10-28,0.146248,0.048528,0.027411,0.052562,0.065652,0.069850,0.377707,0.138634,0.080000,0.149543,0.184308,0.195253
2021-10-29,0.146448,0.048464,0.027411,0.052334,0.065974,0.069438,0.378143,0.138459,0.080000,0.148928,0.185153,0.194184
2021-11-01,0.130512,0.054284,0.027411,0.052899,0.065180,0.070460,0.342658,0.154172,0.080000,0.150451,0.183072,0.196835
2021-11-02,0.119108,0.059523,0.027411,0.054802,0.062643,0.073930,0.316454,0.168151,0.080000,0.155560,0.176404,0.205798
2021-11-03,0.122227,0.057982,0.027411,0.057990,0.058810,0.079860,0.323688,0.164055,0.080000,0.164078,0.166259,0.220957
2021-11-04,0.126665,0.055934,0.027411,0.056540,0.060493,0.077146,0.333894,0.158592,0.080000,0.160211,0.170723,0.214042
2021-11-05,0.135531,0.052287,0.027411,0.049700,0.069946,0.064738,0.353977,0.148802,0.080000,0.141813,0.195504,0.181913
2021-11-09,0.140870,0.050335,0.027411,0.048172,0.072478,0.062057,0.365873,0.143532,0.080000,0.137667,0.202056,0.174857
2021-11-10,0.143745,0.049350,0.027411,0.047913,0.072927,0.061605,0.372218,0.140865,0.080000,0.136961,0.203214,0.173662
2021-11-12,0.132085,0.053640,0.027411,0.047618,0.073443,0.061093,0.346221,0.152443,0.080000,0.136160,0.204543,0.172309
2021-11-15,0.130569,0.054261,0.027411,0.052692,0.065470,0.070084,0.342787,0.154109,0.080000,0.149892,0.183831,0.195861
2021-11-16,0.114645,0.061891,0.027411,0.051314,0.067458,0.067606,0.306012,0.174419,0.080000,0.146177,0.189029,0.189415
2021-11-17,0.102724,0.069360,0.027411,0.049993,0.069480,0.065257,0.277601,0.193982,0.080000,0.142607,0.194294,0.183273
2021-11-18,0.100143,0.071243,0.027411,0.048668,0.071636,0.062924,0.271347,0.198864,0.080000,0.139015,0.199881,0.177143
2021-11-19,0.094442,0.075815,0.027411,0.043420,0.081677,0.053931,0.257411,0.210637,0.080000,0.124685,0.225563,0.153225
2021-11-22,0.100453,0.071011,0.027411,0.041373,0.086399,0.050533,0.272100,0.198263,0.080000,0.119054,0.237448,0.144068
2021-11-23,0.079484,0.092461,0.027411,0.048112,0.072581,0.061953,0.220000,0.252526,0.080000,0.137504,0.202322,0.174581
2021-11-24,0.079484,0.095466,0.027411,0.040943,0.087460,0.049828,0.220000,0.259926,0.080000,0.117868,0.240102,0.142159
2021-11-26,0.079484,0.202037,0.030866,0.038694,0.093467,0.046182,0.220000,0.491901,0.089770,0.111649,0.255009,0.132246
2021-11-30,0.079484,0.264170,0.042229,0.032697,0.114392,0.036843,0.220000,0.601588,0.121413,0.094918,0.305417,0.106507
2021-12-01,0.079484,0.232210,0.036438,0.029766,0.128416,0.032492,0.220000,0.547387,0.105380,0.086667,0.337894,0.094344
2021-12-02,0.079484,0.238498,0.037589,0.025974,0.152588,0.027084,0.220000,0.558415,0.108580,0.075915,0.391467,0.079071
2021-12-03,0.079484,0.230892,0.036196,0.022759,0.181549,0.022706,0.220000,0.545052,0.104706,0.066734,0.451750,0.066584
2021-12-06,0.079484,0.171821,0.027411,0.024397,0.165533,0.024913,0.220000,0.431969,0.080000,0.071421,0.418930,0.072892
2021-12-07,0.079484,0.104413,0.027411,0.024421,0.165323,0.024945,0.220000,0.281670,0.080000,0.071488,0.418493,0.072983
2021-12-08,0.079484,0.105654,0.027411,0.027949,0.138971,0.029868,0.220000,0.284654,0.080000,0.081524,0.361657,0.086955
2021-12-09,0.079484,0.112909,0.027411,0.024989,0.160421,0.025723,0.220000,0.301921,0.080000,0.073111,0.408188,0.075200
2021-12-13,0.079484,0.139152,0.027411,0.023428,0.174642,0.023602,0.220000,0.362060,0.080000,0.068651,0.437754,0.069147
2021-12-14,0.079484,0.155591,0.027411,0.024006,0.169093,0.024381,0.220000,0.397913,0.080000,0.070304,0.426336,0.071375
2021-12-15,0.079484,0.151394,0.027411,0.024574,0.163979,0.025153,0.220000,0.388891,0.080000,0.071924,0.415679,0.073577
2021-12-16,0.079484,0.149966,0.027411,0.025722,0.154515,0.026734,0.220000,0.385801,0.080000,0.075199,0.395610,0.078078
2021-12-17,0.079484,0.162017,0.027411,0.023092,0.178048,0.023150,0.220000,0.411554,0.080000,0.067687,0.444686,0.067856
2021-12-20,0.079484,0.208669,0.032096,0.024813,0.161911,0.025481,0.220000,0.504464,0.093231,0.072608,0.411331,0.074511
2021-12-21,0.079484,0.145544,0.027411,0.024971,0.160579,0.025697,0.220000,0.376167,0.080000,0.073057,0.408521,0.075126
2021-12-22,0.079484,0.126590,0.027411,0.025164,0.158977,0.025962,0.220000,0.333723,0.080000,0.073608,0.405127,0.075882
2021-12-23,0.079484,0.101429,0.027411,0.025917,0.153022,0.027004,0.220000,0.274466,0.080000,0.075753,0.392401,0.078845
2021-12-28,0.096822,0.073832,0.027411,0.024215,0.167178,0.024664,0.263251,0.205545,0.080000,0.070899,0.422361,0.072182
2021-12-29,0.099889,0.071434,0.027411,0.027128,0.144323,0.028703,0.270730,0.199358,0.080000,0.079196,0.373488,0.083660
2021-12-30,0.090695,0.079178,0.027411,0.026718,0.147154,0.028125,0.248155,0.219223,0.080000,0.078032,0.379686,0.082024
2021-12-31,0.083535,0.086572,0.027411,0.026929,0.145682,0.028422,0.230254,0.237880,0.080000,0.078632,0.376468,0.082866
2022-01-03,0.096189,0.074348,0.027411,0.030683,0.123675,0.033838,0.261701,0.206873,0.080000,0.089254,0.327030,0.098117
2022-01-04,0.096053,0.074461,0.027411,0.033470,0.111186,0.038015,0.261367,0.207161,0.080000,0.097087,0.297846,0.109764
2022-01-05,0.105575,0.067401,0.027411,0.032851,0.113741,0.037075,0.284465,0.188881,0.080000,0.095350,0.303882,0.107153
2022-01-06,0.092443,0.077570,0.027411,0.030925,0.122480,0.034196,0.252483,0.215126,0.080000,0.089936,0.324273,0.099119
2022-01-07,0.084913,0.085038,0.027411,0.033676,0.110361,0.038329,0.233720,0.234034,0.080000,0.097665,0.295889,0.110636
2022-01-10,0.079484,0.098712,0.027411,0.031675,0.118924,0.035309,0.220000,0.267865,0.080000,0.092046,0.316025,0.102231
2022-01-11,0.081518,0.088925,0.027411,0.031074,0.121757,0.034416,0.225161,0.243756,0.080000,0.090356,0.322601,0.099736
2022-01-12,0.099538,0.071700,0.027411,0.029287,0.131040,0.031795,0.269876,0.200046,0.080000,0.085313,0.343856,0.092384
2022-01-13,0.086618,0.083216,0.027411,0.027678,0.140694,0.029482,0.237996,0.229450,0.080000,0.080756,0.365484,0.085863
2022-01-14,0.087916,0.081884,0.027411,0.027874,0.139443,0.029761,0.241240,0.226086,0.080000,0.081312,0.362707,0.086653
2022-01-18,0.079484,0.094170,0.027411,0.029159,0.131759,0.031609,0.220000,0.256740,0.080000,0.084951,0.345483,0.091862
2022-01-19,0.079484,0.099886,0.027411,0.028169,0.137600,0.030183,0.220000,0.270723,0.080000,0.082149,0.358605,0.087844
2022-01-20,0.079484,0.105848,0.027411,0.026178,0.151058,0.027368,0.220000,0.285119,0.080000,0.076496,0.388165,0.079878
2022-01-21,0.079484,0.204212,0.031270,0.025904,0.153119,0.026987,0.220000,0.496045,0.090907,0.075716,0.392610,0.078794
2022-01-24,0.079484,0.365709,0.059186,0.027190,0.143902,0.028791,0.220000,0.744809,0.167256,0.079374,0.372562,0.083910
2022-01-25,0.079484,0.310939,0.050363,0.027406,0.142464,0.029096,0.220000,0.672831,0.143606,0.079986,0.369396,0.084773
2022-01-26,0.079484,0.181413,0.027411,0.025548,0.155883,0.026492,0.220000,0.451478,0.080000,0.074702,0.398538,0.077390
2022-01-27,0.079484,0.415196,0.074688,0.021722,0.193391,0.021339,0.220000,0.800000,0.207747,0.063762,0.475205,0.062660
2022-01-28,0.079484,0.415196,0.142765,0.022049,0.189495,0.021767,0.220000,0.800000,0.370060,0.064699,0.467565,0.063891
2022-01-31,0.079484,0.415196,0.161551,0.021528,0.195795,0.021084,0.220000,0.800000,0.410574,0.063202,0.479884,0.061928
2022-02-01,0.079484,0.415196,0.085953,0.022696,0.182222,0.022623,0.220000,0.800000,0.236329,0.066555,0.453102,0.066346
2022-02-02,0.079484,0.415196,0.069691,0.022609,0.183169,0.022507,0.220000,0.800000,0.194840,0.066305,0.454999,0.066014
2022-02-03,0.079484,0.415196,0.081115,0.023357,0.175349,0.023506,0.220000,0.800000,0.224140,0.068448,0.439196,0.068875
2022-02-04,0.079484,0.415196,0.100473,0.023260,0.176331,0.023375,0.220000,0.800000,0.272150,0.068169,0.441197,0.068500
2022-02-07,0.079484,0.415196,0.120316,0.023586,0.173095,0.023813,0.220000,0.800000,0.319262,0.069101,0.434586,0.069752
2022-02-08,0.079484,0.415196,0.099511,0.023489,0.174041,0.023683,0.220000,0.800000,0.269810,0.068825,0.436523,0.069381
2022-02-09,0.079484,0.415196,0.067533,0.022601,0.183259,0.022496,0.220000,0.800000,0.189226,0.066281,0.455181,0.065983
2022-02-10,0.079484,0.352196,0.057089,0.017467,0.264800,0.015960,0.220000,0.728149,0.161676,0.051490,0.602610,0.047120
2022-02-11,0.079484,0.415196,0.127536,0.017914,0.254821,0.016506,0.220000,0.800000,0.335886,0.052785,0.586209,0.048706
2022-02-14,0.079484,0.415196,0.172651,0.017710,0.259274,0.016257,0.220000,0.800000,0.433675,0.052194,0.593583,0.047981
2022-02-16,0.079484,0.415196,0.170658,0.022095,0.188956,0.021828,0.220000,0.800000,0.429572,0.064832,0.466501,0.064066
2022-02-17,0.079484,0.415196,0.263194,0.021383,0.197615,0.020896,0.220000,0.800000,0.600000,0.062787,0.483408,0.061387
2022-02-18,0.079484,0.415196,0.263194,0.020721,0.206428,0.020037,0.220000,0.800000,0.600000,0.060882,0.500242,0.058916
2022-02-22,0.079484,0.415196,0.263194,0.018928,0.234855,0.017762,0.220000,0.800000,0.600000,0.055715,0.552048,0.052345
2022-02-23,0.079484,0.415196,0.263194,0.020244,0.213270,0.019426,0.220000,0.800000,0.600000,0.059512,0.513058,0.057154
2022-02-24,0.079484,0.415196,0.263194,0.020938,0.203453,0.020318,0.220000,0.800000,0.600000,0.061507,0.494601,0.059723
2022-02-25,0.079484,0.415196,0.212891,0.021294,0.198757,0.020780,0.220000,0.800000,0.512355,0.062531,0.485610,0.061053
2022-02-28,0.079484,0.415196,0.263194,0.020665,0.207199,0.019966,0.220000,0.800000,0.600000,0.060724,0.501698,0.058711
2022-03-01,0.079484,0.415196,0.263194,0.021645,0.194337,0.021238,0.220000,0.800000,0.600000,0.063540,0.477050,0.062370
2022-03-02,0.079484,0.415196,0.263194,0.020405,0.210913,0.019632,0.220000,0.800000,0.600000,0.059974,0.508669,0.057747
2022-03-03,0.079484,0.415196,0.263194,0.019857,0.219185,0.018933,0.220000,0.800000,0.600000,0.058397,0.523959,0.055731
2022-03-04,0.079484,0.415196,0.263194,0.017741,0.258590,0.016294,0.220000,0.800000,0.600000,0.052283,0.592456,0.048091
2022-03-07,0.079484,0.415196,0.263194,0.017859,0.255997,0.016439,0.220000,0.800000,0.600000,0.052627,0.588165,0.048512
2022-03-08,0.079484,0.415196,0.263194,0.018244,0.247953,0.016912,0.220000,0.800000,0.600000,0.053738,0.574662,0.049883
2022-03-09,0.079484,0.415196,0.263194,0.019431,0.226093,0.018394,0.220000,0.800000,0.600000,0.057168,0.536482,0.054173
2022-03-10,0.079484,0.415196,0.263194,0.019797,0.220127,0.018857,0.220000,0.800000,0.600000,0.058224,0.525680,0.055512
2022-03-11,0.079484,0.415196,0.263194,0.019879,0.218847,0.018960,0.220000,0.800000,0.600000,0.058459,0.523341,0.055809
2022-03-14,0.079484,0.415196,0.263194,0.020780,0.205611,0.020114,0.220000,0.800000,0.600000,0.061052,0.498697,0.059135
2022-03-15,0.079484,0.415196,0.263194,0.021961,0.190525,0.021652,0.220000,0.800000,0.600000,0.064448,0.469591,0.063560
2022-03-16,0.079484,0.415196,0.263194,0.020519,0.209268,0.019778,0.220000,0.800000,0.600000,0.060303,0.505590,0.058169
2022-03-17,0.079484,0.415196,0.136868,0.021396,0.197449,0.020913,0.220000,0.800000,0.356968,0.062825,0.483087,0.061435
2022-03-18,0.079484,0.415196,0.120666,0.019268,0.228865,0.018188,0.220000,0.800000,0.320075,0.056696,0.541446,0.053578
2022-03-21,0.079484,0.415196,0.075398,0.019879,0.218850,0.018960,0.220000,0.800000,0.209567,0.058458,0.523347,0.055809
2022-03-23,0.079484,0.415196,0.073770,0.020798,0.205357,0.020137,0.220000,0.800000,0.205387,0.061105,0.498216,0.059204
2022-03-24,0.079484,0.415196,0.067282,0.021672,0.194011,0.021272,0.220000,0.800000,0.188569,0.063616,0.476414,0.062469
2022-03-25,0.079484,0.271466,0.043528,0.021155,0.200556,0.020600,0.220000,0.613322,0.124982,0.062133,0.489067,0.060535
2022-03-28,0.079484,0.282140,0.045410,0.019654,0.222418,0.018676,0.220000,0.630070,0.130136,0.057812,0.529847,0.054988
2022-03-29,0.079484,0.196555,0.029848,0.018793,0.237315,0.017594,0.220000,0.481357,0.086899,0.055327,0.556355,0.051859
2022-03-30,0.079484,0.175924,0.027411,0.018701,0.239038,0.017479,0.220000,0.440369,0.080000,0.055060,0.559355,0.051526
2022-03-31,0.079484,0.188922,0.028431,0.019076,0.232202,0.017948,0.220000,0.466435,0.082890,0.056144,0.547372,0.052882
2022-04-01,0.079484,0.170558,0.027411,0.017468,0.264770,0.015962,0.220000,0.429365,0.080000,0.051494,0.602561,0.047125
2022-04-04,0.079484,0.145657,0.027411,0.018750,0.238113,0.017541,0.220000,0.376414,0.080000,0.055203,0.557746,0.051704
2022-04-05,0.079484,0.124034,0.027411,0.020054,0.216131,0.019184,0.220000,0.327857,0.080000,0.058965,0.518350,0.056455
2022-04-06,0.079484,0.181148,0.027411,0.022425,0.185204,0.022263,0.220000,0.450945,0.080000,0.065776,0.459062,0.065314
2022-04-07,0.079484,0.197815,0.030083,0.024985,0.160461,0.025716,0.220000,0.483794,0.087560,0.073097,0.408270,0.075182
2022-04-08,0.079484,0.217057,0.033648,0.025259,0.158196,0.026094,0.220000,0.520057,0.097587,0.073880,0.403470,0.076256
2022-04-11,0.079484,0.298024,0.048165,0.028717,0.134307,0.030970,0.220000,0.654086,0.137647,0.083700,0.351229,0.090062
2022-04-12,0.079484,0.333662,0.054125,0.030345,0.125380,0.033341,0.220000,0.704141,0.153746,0.088302,0.330950,0.096724
2022-04-13,0.079484,0.375416,0.060657,0.030547,0.124356,0.033637,0.220000,0.756346,0.171157,0.088870,0.328599,0.097555
2022-04-14,0.079484,0.292361,0.047189,0.031857,0.118089,0.035582,0.220000,0.645647,0.134992,0.092559,0.314080,0.102992
2022-04-18,0.079484,0.276826,0.044476,0.033201,0.112283,0.037605,0.220000,0.621794,0.127581,0.096332,0.300442,0.108627
2022-04-19,0.079484,0.254075,0.040416,0.030716,0.123511,0.033886,0.220000,0.584964,0.116415,0.089346,0.326653,0.098253
2022-04-20,0.079484,0.249613,0.039610,0.028464,0.135808,0.030606,0.220000,0.577472,0.114186,0.082984,0.354597,0.089036
2022-04-21,0.079484,0.230016,0.036036,0.027692,0.140601,0.029502,0.220000,0.543496,0.104258,0.080797,0.365276,0.085922
2022-04-22,0.079484,0.317353,0.051438,0.026651,0.147625,0.028031,0.220000,0.681882,0.146514,0.077842,0.380714,0.081758
2022-04-25,0.079484,0.415196,0.071113,0.026895,0.145922,0.028373,0.220000,0.800000,0.198528,0.078533,0.376994,0.082727
2022-04-26,0.079484,0.415196,0.075650,0.028744,0.134149,0.031009,0.220000,0.800000,0.210213,0.083776,0.350873,0.090172
2022-04-27,0.079484,0.415196,0.087505,0.029290,0.131026,0.031799,0.220000,0.800000,0.240214,0.085320,0.343823,0.092395
2022-04-28,0.079484,0.415196,0.075960,0.028814,0.133739,0.031110,0.220000,0.800000,0.211010,0.083974,0.349952,0.090457
2022-04-29,0.079484,0.415196,0.091660,0.028016,0.138547,0.029965,0.220000,0.800000,0.250546,0.081716,0.360714,0.087228
2022-05-02,0.079484,0.415196,0.113230,0.030634,0.123918,0.033766,0.220000,0.800000,0.302678,0.089116,0.327591,0.097916
2022-05-03,0.079484,0.415196,0.091482,0.028413,0.136112,0.030533,0.220000,0.800000,0.250104,0.082840,0.355279,0.088831
2022-05-04,0.079484,0.415196,0.114916,0.031402,0.120192,0.034903,0.220000,0.800000,0.306649,0.091280,0.318974,0.101098
2022-05-05,0.079484,0.415196,0.092183,0.034265,0.108070,0.039230,0.220000,0.800000,0.251840,0.099314,0.290435,0.113133
2022-05-06,0.079484,0.415196,0.119009,0.036947,0.098733,0.043402,0.220000,0.800000,0.316224,0.106796,0.267917,0.124638
2022-05-09,0.079484,0.415196,0.214551,0.038900,0.092883,0.046513,0.220000,0.800000,0.515432,0.112220,0.253568,0.133148
2022-05-10,0.079484,0.415196,0.221779,0.035926,0.102093,0.041800,0.220000,0.800000,0.528688,0.103952,0.276074,0.120231
2022-05-11,0.079484,0.415196,0.213169,0.031315,0.120603,0.034774,0.220000,0.800000,0.512871,0.091035,0.319929,0.100736
2022-05-12,0.079484,0.415196,0.263194,0.032628,0.114688,0.036739,0.220000,0.800000,0.600000,0.094724,0.306113,0.106216
2022-05-13,0.079484,0.415196,0.212131,0.034380,0.107634,0.039407,0.220000,0.800000,0.510939,0.099636,0.289393,0.113622
2022-05-16,0.079484,0.415196,0.234905,0.033730,0.110150,0.038410,0.220000,0.800000,0.552137,0.097814,0.295388,0.110861
2022-05-17,0.079484,0.415196,0.180245,0.032675,0.114487,0.036810,0.220000,0.800000,0.449126,0.094856,0.305640,0.106414
2022-05-18,0.079484,0.415196,0.263194,0.030594,0.124122,0.033706,0.220000,0.800000,0.600000,0.089002,0.328059,0.097748
2022-05-19,0.079484,0.415196,0.263194,0.030769,0.123250,0.033964,0.220000,0.800000,0.600000,0.089495,0.326050,0.098471
2022-05-20,0.079484,0.415196,0.258707,0.029865,0.127889,0.032636,0.220000,0.800000,0.592649,0.086945,0.336692,0.094748
2022-05-23,0.079484,0.415196,0.194361,0.031133,0.121472,0.034504,0.220000,0.800000,0.477096,0.090522,0.321942,0.099981
2022-05-24,0.079484,0.415196,0.216860,0.033219,0.112207,0.037633,0.220000,0.800000,0.519693,0.096384,0.300263,0.108704
2022-05-25,0.079484,0.415196,0.135877,0.033785,0.109930,0.038495,0.220000,0.800000,0.354753,0.097970,0.294864,0.111097
2022-05-26,0.079484,0.415196,0.075447,0.034775,0.106164,0.040014,0.220000,0.800000,0.209694,0.100738,0.285877,0.115302
2022-05-27,0.079484,0.342027,0.055475,0.034122,0.108618,0.039011,0.220000,0.715145,0.157364,0.098914,0.291741,0.112526
2022-05-31,0.079484,0.333561,0.054109,0.036456,0.100319,0.042631,0.220000,0.704007,0.153702,0.105430,0.271776,0.122517
2022-06-01,0.079484,0.280187,0.045067,0.034898,0.105711,0.040205,0.220000,0.627042,0.129199,0.101084,0.284790,0.115830
2022-06-02,0.079484,0.288215,0.046470,0.034641,0.106659,0.039807,0.220000,0.639382,0.133032,0.100364,0.287061,0.114731
2022-06-03,0.079484,0.302147,0.048871,0.036087,0.101548,0.042052,0.220000,0.660147,0.139565,0.104401,0.274755,0.120924
2022-06-06,0.079484,0.285934,0.046073,0.036697,0.099536,0.043008,0.220000,0.635905,0.131948,0.106100,0.269871,0.123556
2022-06-07,0.079484,0.335943,0.054496,0.033493,0.111095,0.038049,0.220000,0.707169,0.154739,0.097151,0.297629,0.109860
2022-06-08,0.079484,0.322757,0.052337,0.034491,0.107217,0.039577,0.220000,0.689378,0.148936,0.099946,0.288397,0.114094
2022-06-09,0.079484,0.353079,0.057228,0.033051,0.112903,0.037378,0.220000,0.729259,0.162046,0.095911,0.301907,0.107994
2022-06-10,0.079484,0.412539,0.066005,0.028832,0.133635,0.031136,0.220000,0.797261,0.185232,0.084025,0.349716,0.090530
2022-06-13,0.079484,0.415196,0.105568,0.027075,0.144684,0.028627,0.220000,0.800000,0.284447,0.079045,0.374281,0.083447
2022-06-14,0.079484,0.415196,0.104487,0.027636,0.140961,0.029423,0.220000,0.800000,0.281850,0.080639,0.366074,0.085697
2022-06-15,0.079484,0.415196,0.090324,0.030966,0.122281,0.034256,0.220000,0.800000,0.247233,0.090051,0.323813,0.099288
2022-06-16,0.079484,0.415196,0.136726,0.031539,0.119554,0.035106,0.220000,0.800000,0.356651,0.091664,0.317490,0.101665
2022-06-17,0.079484,0.415196,0.129620,0.029584,0.129400,0.032227,0.220000,0.800000,0.340635,0.086153,0.340134,0.093599
2022-06-21,0.079484,0.415196,0.103950,0.030504,0.124574,0.033574,0.220000,0.800000,0.280555,0.088748,0.329100,0.097377
2022-06-22,0.079484,0.415196,0.144871,0.030718,0.123502,0.033889,0.220000,0.800000,0.374691,0.089352,0.326632,0.098261
2022-06-23,0.079484,0.415196,0.151630,0.030224,0.126003,0.033163,0.220000,0.800000,0.389402,0.087960,0.332380,0.096225
2022-06-24,0.079484,0.415196,0.116027,0.030798,0.123103,0.034008,0.220000,0.800000,0.309257,0.089579,0.325712,0.098594
2022-06-27,0.079484,0.415196,0.102054,0.032104,0.116979,0.035951,0.220000,0.800000,0.275979,0.093252,0.311486,0.104022
2022-06-29,0.079484,0.415196,0.160803,0.029650,0.129045,0.032322,0.220000,0.800000,0.408993,0.086337,0.339327,0.093866
2022-06-30,0.079484,0.415196,0.217467,0.030563,0.124278,0.033660,0.220000,0.800000,0.520810,0.088914,0.328418,0.097620
2022-07-01,0.079484,0.415196,0.213102,0.030086,0.126723,0.032960,0.220000,0.800000,0.512745,0.087569,0.334028,0.095655
2022-07-05,0.079484,0.415196,0.200116,0.029027,0.132511,0.031418,0.220000,0.800000,0.488223,0.084577,0.347183,0.091323
2022-07-06,0.079484,0.415196,0.151700,0.027976,0.138798,0.029908,0.220000,0.800000,0.389552,0.081603,0.361272,0.087066
2022-07-07,0.079484,0.415196,0.102837,0.028863,0.133456,0.031180,0.220000,0.800000,0.277873,0.084113,0.349313,0.090655
2022-07-08,0.079484,0.415196,0.084197,0.028776,0.133960,0.031055,0.220000,0.800000,0.231921,0.083867,0.350448,0.090303
2022-07-11,0.079484,0.415196,0.088161,0.027444,0.142212,0.029150,0.220000,0.800000,0.241851,0.080094,0.368840,0.084927
2022-07-12,0.079484,0.415196,0.086509,0.028005,0.138616,0.029949,0.220000,0.800000,0.237722,0.081685,0.360868,0.087183
2022-07-13,0.079484,0.415196,0.086173,0.023977,0.169362,0.024342,0.220000,0.800000,0.236880,0.070221,0.426893,0.071263
2022-07-14,0.079484,0.415196,0.088736,0.025081,0.159656,0.025849,0.220000,0.800000,0.243286,0.073373,0.406567,0.075560
2022-07-15,0.079484,0.415196,0.075242,0.025093,0.159557,0.025865,0.220000,0.800000,0.209169,0.073407,0.406358,0.075606
2022-07-18,0.079484,0.391885,0.063086,0.025653,0.155054,0.026638,0.220000,0.775117,0.177568,0.075002,0.396765,0.077805
2022-07-20,0.079484,0.284311,0.045789,0.025625,0.155277,0.026599,0.220000,0.633416,0.131174,0.074921,0.397242,0.077693
2022-07-21,0.079484,0.295979,0.047814,0.026456,0.149021,0.027757,0.220000,0.651056,0.136692,0.077288,0.383751,0.080982
2022-07-22,0.079484,0.286862,0.046235,0.026170,0.151119,0.027357,0.220000,0.637322,0.132389,0.076473,0.388297,0.079846
2022-07-25,0.079484,0.291508,0.047042,0.026999,0.145203,0.028520,0.220000,0.644365,0.134590,0.078830,0.375418,0.083144
2022-07-26,0.079484,0.318192,0.051579,0.026690,0.147353,0.028085,0.220000,0.683054,0.146892,0.077952,0.380120,0.081911
2022-07-27,0.079484,0.309523,0.050124,0.027796,0.139939,0.029650,0.220000,0.670810,0.142960,0.081090,0.363809,0.086338
2022-07-28,0.079484,0.284479,0.045819,0.028325,0.136643,0.030407,0.220000,0.633674,0.131254,0.082592,0.356467,0.088476
2022-07-29,0.079484,0.238485,0.037586,0.027124,0.144354,0.028696,0.220000,0.558393,0.108574,0.079184,0.373555,0.083642
2022-08-02,0.079484,0.213646,0.033018,0.025287,0.157970,0.026132,0.220000,0.513757,0.095819,0.073959,0.402988,0.076366
2022-08-03,0.079484,0.201680,0.030800,0.024073,0.168476,0.024472,0.220000,0.491219,0.089583,0.070494,0.425057,0.071633
2022-08-04,0.079484,0.201301,0.030730,0.024863,0.161489,0.025549,0.220000,0.490494,0.089385,0.072749,0.410442,0.074705
2022-08-05,0.079484,0.186678,0.028014,0.023701,0.171984,0.023968,0.220000,0.461993,0.081709,0.069430,0.432303,0.070195
2022-08-08,0.079484,0.182889,0.027411,0.023310,0.175823,0.023443,0.220000,0.454439,0.080000,0.068313,0.440163,0.068693
2022-08-09,0.079484,0.189019,0.028449,0.022723,0.181935,0.022659,0.220000,0.466626,0.082941,0.066631,0.452526,0.066447
2022-08-10,0.079484,0.169011,0.027411,0.023718,0.171815,0.023992,0.220000,0.426167,0.080000,0.069480,0.431956,0.070262
2022-08-11,0.079484,0.148161,0.027411,0.026186,0.150997,0.027380,0.220000,0.381880,0.080000,0.076520,0.388033,0.079911
2022-08-12,0.079484,0.148205,0.027411,0.025204,0.158649,0.026017,0.220000,0.381976,0.080000,0.073721,0.404432,0.076039
2022-08-15,0.079484,0.144866,0.027411,0.025476,0.156450,0.026393,0.220000,0.374680,0.080000,0.074498,0.399749,0.077109
2022-08-16,0.079484,0.142934,0.027411,0.025259,0.158195,0.026094,0.220000,0.370431,0.080000,0.073880,0.403467,0.076257
2022-08-17,0.079484,0.151905,0.027411,0.026515,0.148597,0.027840,0.220000,0.389994,0.080000,0.077455,0.382829,0.081216
2022-08-18,0.079484,0.154081,0.027411,0.028065,0.138246,0.030034,0.220000,0.394678,0.080000,0.081853,0.360043,0.087423
2022-08-19,0.079484,0.161519,0.027411,0.030243,0.125905,0.033191,0.220000,0.410505,0.080000,0.088014,0.332154,0.096304
2022-08-22,0.079484,0.179382,0.027411,0.029877,0.127825,0.032654,0.220000,0.447383,0.080000,0.086979,0.336546,0.094798
2022-08-23,0.079484,0.186323,0.027948,0.031503,0.119719,0.035054,0.220000,0.461289,0.081522,0.091564,0.317875,0.101518
2022-08-24,0.079484,0.173904,0.027411,0.031393,0.120238,0.034889,0.220000,0.436243,0.080000,0.091252,0.319081,0.101057
2022-08-25,0.079484,0.169663,0.027411,0.029561,0.129526,0.032193,0.220000,0.427516,0.080000,0.086087,0.340421,0.093504
2022-08-26,0.079484,0.172833,0.027411,0.029499,0.129869,0.032102,0.220000,0.434047,0.080000,0.085911,0.341199,0.093248
2022-08-30,0.079484,0.201598,0.030785,0.029347,0.130706,0.031882,0.220000,0.491063,0.089541,0.085483,0.343099,0.092629
2022-08-31,0.079484,0.223729,0.034879,0.030984,0.122195,0.034282,0.220000,0.532221,0.101031,0.090101,0.323615,0.099361
2022-09-01,0.079484,0.234913,0.036933,0.032683,0.114453,0.036821,0.220000,0.552149,0.106758,0.094878,0.305561,0.106447
2022-09-02,0.079484,0.230449,0.036115,0.034453,0.107359,0.039519,0.220000,0.544265,0.104479,0.099840,0.288737,0.113932
2022-09-06,0.079484,0.220970,0.034371,0.035677,0.102945,0.041413,0.220000,0.527216,0.099609,0.103259,0.278134,0.119164
2022-09-07,0.079484,0.218122,0.033845,0.035502,0.103557,0.041139,0.220000,0.522013,0.098138,0.102768,0.279608,0.118410
2022-09-08,0.079484,0.193154,0.029217,0.035332,0.104154,0.040876,0.220000,0.474743,0.085114,0.102294,0.281048,0.117683
2022-09-09,0.079484,0.167098,0.027411,0.034167,0.108445,0.039080,0.220000,0.422194,0.080000,0.099040,0.291329,0.112717
2022-09-12,0.079484,0.158613,0.027411,0.034987,0.105389,0.040341,0.220000,0.404354,0.080000,0.101331,0.284018,0.116208
2022-09-13,0.079484,0.171706,0.027411,0.031353,0.120424,0.034830,0.220000,0.431731,0.080000,0.091141,0.319512,0.100894
2022-09-14,0.079484,0.175713,0.027411,0.030346,0.125375,0.033342,0.220000,0.439940,0.080000,0.088304,0.330940,0.096728
2022-09-15,0.079484,0.174629,0.027411,0.029103,0.132076,0.031528,0.220000,0.437726,0.080000,0.084793,0.346201,0.091634
2022-09-16,0.079484,0.203053,0.031055,0.029839,0.128025,0.032599,0.220000,0.493839,0.090301,0.086873,0.337002,0.094643
2022-09-19,0.079484,0.187353,0.028139,0.028359,0.136437,0.030456,0.220000,0.463333,0.082064,0.082688,0.356005,0.088614
2022-09-20,0.079484,0.186218,0.027928,0.030500,0.124594,0.033568,0.220000,0.461079,0.081466,0.088737,0.329146,0.097361
2022-09-21,0.079484,0.184222,0.027558,0.027362,0.142754,0.029034,0.220000,0.457105,0.080415,0.079861,0.370034,0.084598
2022-09-22,0.079484,0.189562,0.028549,0.030288,0.125676,0.033256,0.220000,0.467697,0.083226,0.088139,0.331630,0.096486
2022-09-23,0.079484,0.218866,0.033982,0.027684,0.140652,0.029491,0.220000,0.523375,0.098522,0.080775,0.365389,0.085890
2022-09-26,0.079484,0.235062,0.036961,0.031219,0.121059,0.034632,0.220000,0.552412,0.106834,0.090765,0.320986,0.100338
2022-09-27,0.079484,0.254425,0.040480,0.033222,0.112193,0.037638,0.220000,0.585548,0.116589,0.096393,0.300231,0.108719
2022-09-28,0.079484,0.341107,0.055328,0.032724,0.114277,0.036884,0.220000,0.713948,0.156969,0.094995,0.305145,0.106621
2022-09-29,0.079484,0.348575,0.056518,0.031329,0.120537,0.034795,0.220000,0.723565,0.160152,0.091074,0.319775,0.100794
2022-09-30,0.079484,0.322687,0.052325,0.031794,0.118378,0.035487,0.220000,0.689281,0.148905,0.092381,0.314752,0.102728
2022-10-03,0.079484,0.306494,0.049611,0.030153,0.126374,0.033058,0.220000,0.666458,0.141571,0.087758,0.333229,0.095931
2022-10-05,0.079484,0.234204,0.036803,0.032295,0.116130,0.036239,0.220000,0.550904,0.106397,0.093791,0.309499,0.104824
2022-10-06,0.079484,0.206687,0.031729,0.032107,0.116963,0.035956,0.220000,0.500732,0.092198,0.093262,0.311448,0.104037
2022-10-07,0.079484,0.219419,0.034085,0.031923,0.117790,0.035680,0.220000,0.524386,0.098808,0.092745,0.313380,0.103267
2022-10-11,0.079484,0.273810,0.043943,0.033350,0.111673,0.037832,0.220000,0.617042,0.126121,0.096750,0.299000,0.109256
2022-10-12,0.079484,0.301057,0.048685,0.033484,0.111131,0.038035,0.220000,0.658551,0.139059,0.097125,0.297716,0.109821
2022-10-13,0.079484,0.287911,0.046417,0.029582,0.129413,0.032224,0.220000,0.638920,0.132888,0.086146,0.340162,0.093589
2022-10-14,0.079484,0.265306,0.042432,0.030349,0.125360,0.033346,0.220000,0.603430,0.121971,0.088313,0.330904,0.096740
2022-10-17,0.079484,0.248308,0.039374,0.032065,0.117151,0.035893,0.220000,0.575263,0.113531,0.093144,0.311889,0.103860
2022-10-18,0.079484,0.231357,0.036282,0.032528,0.115118,0.036588,0.220000,0.545876,0.104944,0.094444,0.307123,0.105797
2022-10-19,0.079484,0.235778,0.037092,0.033002,0.113105,0.037305,0.220000,0.553667,0.107198,0.095775,0.302383,0.107791
2022-10-20,0.079484,0.221071,0.034389,0.034150,0.108513,0.039053,0.220000,0.527401,0.099661,0.098990,0.291491,0.112642
2022-10-21,0.079484,0.238469,0.037583,0.037911,0.095756,0.044930,0.220000,0.558365,0.108566,0.109476,0.260639,0.128825
2022-10-24,0.079484,0.216324,0.033513,0.039210,0.092019,0.047011,0.220000,0.518707,0.097207,0.113077,0.251434,0.134506
2022-10-25,0.079484,0.215212,0.033307,0.036619,0.099787,0.042886,0.220000,0.516656,0.096631,0.105884,0.270483,0.123220
2022-10-26,0.079484,0.199109,0.030323,0.035636,0.103090,0.041348,0.220000,0.486288,0.088238,0.103142,0.278483,0.118985
2022-10-27,0.079484,0.197278,0.029983,0.036135,0.101387,0.042127,0.220000,0.482756,0.087278,0.104534,0.274365,0.121131
2022-10-28,0.079484,0.171203,0.027411,0.034441,0.107407,0.039499,0.220000,0.430696,0.080000,0.099804,0.288851,0.113878
2022-10-31,0.079484,0.177673,0.027411,0.033856,0.109651,0.038603,0.220000,0.443925,0.080000,0.098169,0.294202,0.111397
2022-11-01,0.079484,0.169678,0.027411,0.031955,0.117648,0.035727,0.220000,0.427548,0.080000,0.092833,0.313050,0.103398
2022-11-02,0.079484,0.164426,0.027411,0.030785,0.123167,0.033989,0.220000,0.416617,0.080000,0.089542,0.325859,0.098540
2022-11-03,0.079484,0.184831,0.027671,0.029065,0.132291,0.031473,0.220000,0.458320,0.080736,0.084686,0.346686,0.091480
2022-11-04,0.079484,0.171928,0.027411,0.031723,0.118703,0.035381,0.220000,0.432188,0.080000,0.092181,0.315510,0.102431
2022-11-07,0.079484,0.161140,0.027411,0.031518,0.119649,0.035076,0.220000,0.409706,0.080000,0.091606,0.317713,0.101580
2022-11-09,0.079484,0.185446,0.027785,0.032143,0.116804,0.036010,0.220000,0.459546,0.081060,0.093363,0.311076,0.104186
2022-11-10,0.079484,0.163030,0.027411,0.031256,0.120883,0.034686,0.220000,0.413687,0.080000,0.090869,0.320578,0.100492
2022-11-14,0.079484,0.138237,0.027411,0.031393,0.120237,0.034889,0.220000,0.360025,0.080000,0.091253,0.319079,0.101058
2022-11-15,0.079484,0.127611,0.027411,0.029911,0.127645,0.032703,0.220000,0.336057,0.080000,0.087075,0.336135,0.094936
2022-11-16,0.079484,0.131249,0.027411,0.026763,0.146840,0.028188,0.220000,0.344329,0.080000,0.078159,0.379000,0.082202
2022-11-17,0.079484,0.131087,0.027411,0.027527,0.141673,0.029267,0.220000,0.343962,0.080000,0.080328,0.367649,0.085257
2022-11-18,0.079484,0.120905,0.027411,0.026861,0.146152,0.028326,0.220000,0.320627,0.080000,0.078439,0.377497,0.082595
2022-11-21,0.079484,0.118046,0.027411,0.028234,0.137198,0.030277,0.220000,0.313979,0.080000,0.082334,0.357707,0.088108
2022-11-22,0.079484,0.112182,0.027411,0.026715,0.147175,0.028121,0.220000,0.300203,0.080000,0.078023,0.379732,0.082012
2022-11-23,0.079484,0.107092,0.027411,0.025838,0.153624,0.026895,0.220000,0.288099,0.080000,0.075528,0.393696,0.078534
2022-11-25,0.079484,0.103372,0.027411,0.026331,0.149928,0.027583,0.220000,0.279164,0.080000,0.076932,0.385720,0.080487
2022-11-28,0.079484,0.108185,0.027411,0.025737,0.154404,0.026754,0.220000,0.290710,0.080000,0.075240,0.395372,0.078134
2022-11-29,0.079484,0.111225,0.027411,0.027058,0.144798,0.028604,0.220000,0.297939,0.080000,0.078998,0.374530,0.083381
2022-11-30,0.079484,0.106774,0.027411,0.028138,0.137789,0.030139,0.220000,0.287338,0.080000,0.082062,0.359026,0.087720
2022-12-01,0.079484,0.101343,0.027411,0.027756,0.140191,0.029593,0.220000,0.274259,0.080000,0.080978,0.364368,0.086179
2022-12-02,0.079484,0.100214,0.027411,0.026545,0.148380,0.027882,0.220000,0.271519,0.080000,0.077541,0.382357,0.081337
2022-12-05,0.079484,0.095093,0.027411,0.025672,0.154907,0.026665,0.220000,0.259012,0.080000,0.075056,0.396449,0.077880
2022-12-06,0.079484,0.100963,0.027411,0.025376,0.157256,0.026254,0.220000,0.273339,0.080000,0.074211,0.401468,0.076713
2022-12-07,0.079484,0.107559,0.027411,0.025340,0.157541,0.026205,0.220000,0.289215,0.080000,0.074110,0.402076,0.076574
2022-12-08,0.079484,0.097513,0.027411,0.025828,0.153703,0.026880,0.220000,0.264941,0.080000,0.075499,0.393867,0.078493
2022-12-09,0.079484,0.091572,0.027411,0.027983,0.138756,0.029917,0.220000,0.250326,0.080000,0.081621,0.361179,0.087093
2022-12-13,0.085592,0.084302,0.027411,0.029884,0.127789,0.032664,0.235425,0.232186,0.080000,0.086998,0.336463,0.094825
2022-12-14,0.083646,0.086446,0.027411,0.029145,0.131836,0.031590,0.230532,0.237566,0.080000,0.084913,0.345658,0.091807
2022-12-15,0.079484,0.094756,0.027411,0.027845,0.139627,0.029720,0.220000,0.258181,0.080000,0.081229,0.363116,0.086536
2022-12-16,0.079484,0.102077,0.027411,0.031078,0.121740,0.034421,0.220000,0.276037,0.080000,0.090366,0.322562,0.099750
2022-12-19,0.079484,0.103355,0.027411,0.031559,0.119459,0.035137,0.220000,0.279122,0.080000,0.091721,0.317271,0.101750
2022-12-20,0.079484,0.105179,0.027411,0.035944,0.102029,0.041829,0.220000,0.283513,0.080000,0.104004,0.275920,0.120312
2022-12-21,0.079484,0.096846,0.027411,0.037217,0.097879,0.043830,0.220000,0.263309,0.080000,0.107548,0.265835,0.125810
2022-12-22,0.079484,0.096907,0.027411,0.035761,0.102655,0.041544,0.220000,0.263458,0.080000,0.103493,0.277433,0.119525
2022-12-27,0.079656,0.091221,0.027411,0.039652,0.090810,0.047726,0.220438,0.249458,0.080000,0.114303,0.248440,0.136453
2022-12-28,0.079484,0.105210,0.027411,0.042001,0.084894,0.051569,0.220000,0.283588,0.080000,0.120783,0.233673,0.146866
2022-12-29,0.079484,0.102688,0.027411,0.038544,0.093898,0.045941,0.220000,0.277512,0.080000,0.111232,0.256072,0.131587
2022-12-30,0.079484,0.100994,0.027411,0.037801,0.096087,0.044755,0.220000,0.273414,0.080000,0.109171,0.261449,0.128347
2023-01-03,0.079484,0.099030,0.027411,0.034677,0.106524,0.039863,0.220000,0.268640,0.080000,0.100465,0.286740,0.114885
2023-01-04,0.079484,0.094351,0.027411,0.032547,0.115037,0.036616,0.220000,0.257187,0.080000,0.094496,0.306933,0.105876
2023-01-05,0.079484,0.091771,0.027411,0.030207,0.126092,0.033137,0.220000,0.250821,0.080000,0.087911,0.332584,0.096154
2023-01-06,0.084049,0.085993,0.027411,0.032072,0.117121,0.035903,0.231548,0.236430,0.080000,0.093163,0.311819,0.103888
2023-01-09,0.094170,0.076049,0.027411,0.033300,0.111876,0.037756,0.256742,0.211236,0.080000,0.096611,0.299479,0.109046
2023-01-10,0.100627,0.070881,0.027411,0.034574,0.106906,0.039705,0.272523,0.197928,0.080000,0.100178,0.287654,0.114447
2023-01-11,0.104930,0.067834,0.027411,0.033511,0.111020,0.038077,0.282914,0.190010,0.080000,0.097203,0.297453,0.109938
2023-01-12,0.108416,0.065564,0.027411,0.032480,0.115326,0.036516,0.291260,0.184079,0.080000,0.094309,0.307613,0.105595
2023-01-13,0.116367,0.060954,0.027411,0.031134,0.121469,0.034505,0.310053,0.171941,0.080000,0.090524,0.321936,0.099983
2023-01-17,0.124440,0.056941,0.027411,0.034316,0.107877,0.039308,0.328791,0.161280,0.080000,0.099456,0.289973,0.113350
2023-01-18,0.123954,0.057166,0.027411,0.032881,0.113613,0.037121,0.327672,0.161881,0.080000,0.095435,0.303582,0.107280
2023-01-19,0.113412,0.062583,0.027411,0.032630,0.114677,0.036742,0.303108,0.176243,0.080000,0.094731,0.306087,0.106227
2023-01-20,0.119350,0.059400,0.027411,0.034340,0.107785,0.039345,0.317018,0.167825,0.080000,0.099524,0.289755,0.113452
2023-01-23,0.128470,0.055146,0.027411,0.033264,0.112024,0.037701,0.338017,0.156483,0.080000,0.096509,0.299830,0.108893
2023-01-24,0.122466,0.057867,0.027411,0.034600,0.106811,0.039744,0.324242,0.163750,0.080000,0.100249,0.287427,0.114556
2023-01-25,0.124839,0.056757,0.027411,0.035136,0.104851,0.040573,0.329708,0.160790,0.080000,0.101749,0.282724,0.116846
2023-01-26,0.140121,0.050599,0.027411,0.034009,0.109055,0.038837,0.364211,0.144247,0.080000,0.098597,0.292784,0.112045
2023-01-27,0.145586,0.048743,0.027411,0.034550,0.106996,0.039667,0.376257,0.139216,0.080000,0.100110,0.287870,0.114344
2023-01-30,0.144479,0.049106,0.027411,0.033478,0.111153,0.038027,0.373829,0.140203,0.080000,0.097110,0.297767,0.109799
2023-02-01,0.142525,0.049763,0.027411,0.033805,0.109851,0.038526,0.369531,0.141983,0.080000,0.098026,0.294677,0.111182
2023-02-02,0.198398,0.036502,0.027411,0.034369,0.107676,0.039389,0.484917,0.105558,0.080000,0.099605,0.289494,0.113575
2023-02-03,0.203538,0.035681,0.027411,0.031319,0.120584,0.034780,0.494764,0.103268,0.080000,0.091046,0.319883,0.100753
2023-02-06,0.198955,0.036411,0.027411,0.029994,0.127205,0.032825,0.485991,0.105304,0.080000,0.087310,0.335131,0.095278
2023-02-07,0.199180,0.036374,0.027411,0.030535,0.124418,0.033619,0.486424,0.105201,0.080000,0.088836,0.328740,0.097505
2023-02-08,0.189721,0.038001,0.027411,0.029964,0.127361,0.032782,0.468010,0.109725,0.080000,0.087226,0.335486,0.095157
2023-02-09,0.192123,0.037571,0.027411,0.030519,0.124495,0.033597,0.472726,0.108531,0.080000,0.088792,0.328919,0.097441
2023-02-10,0.158396,0.044942,0.027411,0.032607,0.114779,0.036707,0.403895,0.128857,0.080000,0.094665,0.306327,0.106127
2023-02-13,0.155120,0.045848,0.027411,0.031217,0.121069,0.034629,0.396906,0.131334,0.080000,0.090759,0.321008,0.100330
2023-02-15,0.164032,0.043476,0.027411,0.031192,0.121192,0.034590,0.415791,0.124841,0.080000,0.090687,0.321292,0.100223
2023-02-16,0.157864,0.045086,0.027411,0.033321,0.111789,0.037788,0.402762,0.129252,0.080000,0.096670,0.299274,0.109135
2023-02-17,0.134790,0.052572,0.027411,0.032679,0.114470,0.036816,0.352315,0.149569,0.080000,0.094868,0.305599,0.106431
2023-02-21,0.120346,0.058900,0.027411,0.035408,0.103884,0.040994,0.319333,0.166498,0.080000,0.102508,0.280398,0.118010
2023-02-22,0.125953,0.056252,0.027411,0.035145,0.104818,0.040587,0.332265,0.159441,0.080000,0.101774,0.282646,0.116885
2023-02-23,0.134163,0.052815,0.027411,0.033221,0.112199,0.037636,0.350906,0.150224,0.080000,0.096389,0.300243,0.108713
2023-02-24,0.135540,0.052284,0.027411,0.031426,0.120082,0.034938,0.353996,0.148794,0.080000,0.091346,0.318718,0.101196
2023-02-27,0.141069,0.050266,0.027411,0.030487,0.124661,0.033548,0.366314,0.143344,0.080000,0.088700,0.329299,0.097306
2023-02-28,0.133367,0.053128,0.027411,0.029593,0.129351,0.032240,0.349112,0.151066,0.080000,0.086179,0.340021,0.093636
2023-03-01,0.140410,0.050497,0.027411,0.030159,0.126341,0.033067,0.364853,0.143970,0.080000,0.087776,0.333154,0.095957
2023-03-02,0.145976,0.048616,0.027411,0.033037,0.112959,0.037357,0.377111,0.138873,0.080000,0.095873,0.302040,0.107937
2023-03-03,0.165584,0.043092,0.027411,0.030149,0.126395,0.033052,0.419038,0.123785,0.080000,0.087746,0.333277,0.095914
2023-03-06,0.178132,0.040255,0.027411,0.029624,0.129185,0.032285,0.444855,0.115970,0.080000,0.086265,0.339644,0.093761
2023-03-07,0.172340,0.041508,0.027411,0.025854,0.153498,0.026917,0.433036,0.119427,0.080000,0.075575,0.393426,0.078598
2023-03-08,0.153327,0.046362,0.027411,0.024909,0.161099,0.025612,0.393059,0.132737,0.080000,0.072881,0.409619,0.074885
2023-03-09,0.128186,0.055269,0.027411,0.028332,0.136601,0.030417,0.337370,0.156811,0.080000,0.082612,0.356373,0.088504
2023-03-10,0.089681,0.080144,0.027411,0.031033,0.121954,0.034356,0.245636,0.221676,0.080000,0.090241,0.323057,0.099567
2023-03-13,0.079484,0.148765,0.027411,0.051948,0.066528,0.068743,0.220000,0.383195,0.080000,0.147887,0.186602,0.192376
2023-03-14,0.079484,0.118905,0.027411,0.047199,0.074189,0.060367,0.220000,0.315982,0.080000,0.135019,0.206464,0.170387
2023-03-15,0.079484,0.239323,0.037739,0.056300,0.060782,0.076699,0.220000,0.559850,0.108999,0.159569,0.171486,0.212900
2023-03-16,0.079484,0.178414,0.027411,0.046273,0.075895,0.058770,0.220000,0.445427,0.080000,0.132493,0.210842,0.166150
2023-03-17,0.079484,0.218420,0.033900,0.056604,0.060417,0.077265,0.220000,0.522558,0.098292,0.160382,0.170521,0.214347
2023-03-20,0.079484,0.213925,0.033069,0.054639,0.062852,0.073632,0.220000,0.514274,0.095964,0.155125,0.176954,0.205030
2023-03-22,0.079484,0.137277,0.027411,0.052885,0.065200,0.070434,0.220000,0.357884,0.080000,0.150413,0.183124,0.196769
2023-03-23,0.079484,0.155270,0.027411,0.060103,0.056522,0.083867,0.220000,0.397227,0.080000,0.169688,0.160162,0.231089
2023-03-24,0.079484,0.179034,0.027411,0.060248,0.056371,0.084145,0.220000,0.446681,0.080000,0.170073,0.159759,0.231788
2023-03-27,0.079484,0.146112,0.027411,0.058160,0.058619,0.080180,0.220000,0.377408,0.080000,0.164530,0.165751,0.221770
2023-03-28,0.079484,0.143376,0.027411,0.054048,0.063624,0.072550,0.220000,0.371406,0.080000,0.153540,0.178985,0.202242
2023-03-29,0.079484,0.118370,0.027411,0.051529,0.067140,0.067991,0.220000,0.314734,0.080000,0.146758,0.188198,0.190419
2023-03-30,0.079484,0.099346,0.027411,0.049119,0.070888,0.063715,0.220000,0.269411,0.080000,0.140238,0.197945,0.179224
2023-03-31,0.084131,0.085901,0.027411,0.047413,0.073805,0.060738,0.231754,0.236201,0.080000,0.135603,0.205476,0.171370
2023-04-03,0.088630,0.081171,0.027411,0.050071,0.069358,0.065394,0.243019,0.224281,0.080000,0.142817,0.193977,0.183633
2023-04-04,0.080569,0.090080,0.027411,0.053612,0.064207,0.071753,0.222756,0.246628,0.080000,0.152366,0.180517,0.200183
2023-04-05,0.079484,0.102610,0.027411,0.053784,0.063975,0.072067,0.220000,0.277324,0.080000,0.152830,0.179909,0.200996
2023-04-06,0.079484,0.104965,0.027411,0.051850,0.066669,0.068568,0.220000,0.282998,0.080000,0.147625,0.186970,0.191921
2023-04-10,0.079810,0.091027,0.027411,0.047541,0.073578,0.060959,0.220829,0.248976,0.080000,0.135951,0.204892,0.171957
2023-04-11,0.086177,0.083680,0.027411,0.047055,0.074449,0.060117,0.236891,0.230618,0.080000,0.134627,0.207133,0.169727
2023-04-12,0.089223,0.080587,0.027411,0.051157,0.067692,0.067326,0.244497,0.222802,0.080000,0.145753,0.189639,0.188684
2023-04-13,0.100767,0.070778,0.027411,0.053445,0.064431,0.071451,0.272863,0.197659,0.080000,0.151920,0.181106,0.199402
2023-04-14,0.113875,0.062321,0.027411,0.050079,0.069346,0.065408,0.304200,0.175553,0.080000,0.142838,0.193945,0.183668
2023-04-17,0.118850,0.059655,0.027411,0.048876,0.071289,0.063288,0.315852,0.168500,0.080000,0.139579,0.198984,0.178102
2023-04-18,0.125913,0.056270,0.027411,0.046949,0.074642,0.059934,0.332174,0.159489,0.080000,0.134338,0.207627,0.169242
2023-04-19,0.122276,0.057959,0.027411,0.045192,0.077987,0.056922,0.323801,0.163993,0.080000,0.129540,0.216189,0.161231
2023-04-20,0.108225,0.065684,0.027411,0.047900,0.072950,0.061582,0.290805,0.184393,0.080000,0.136925,0.203272,0.173602
2023-04-21,0.115212,0.061579,0.027411,0.048042,0.072703,0.061829,0.307344,0.173595,0.080000,0.137312,0.202637,0.174256
2023-04-24,0.113689,0.062426,0.027411,0.048179,0.072467,0.062069,0.303761,0.175830,0.080000,0.137685,0.202026,0.174888
2023-04-25,0.095896,0.074590,0.027411,0.059022,0.057670,0.081808,0.260982,0.207495,0.080000,0.166820,0.163225,0.225895
2023-04-26,0.094313,0.075926,0.027411,0.058420,0.058330,0.080670,0.257093,0.210921,0.080000,0.165221,0.164981,0.223013
2023-04-27,0.111044,0.063958,0.027411,0.052915,0.065158,0.070489,0.297510,0.179864,0.080000,0.150494,0.183013,0.196911
2023-04-28,0.106585,0.066736,0.027411,0.048591,0.071767,0.062788,0.286885,0.187143,0.080000,0.138803,0.200219,0.176784
2023-05-01,0.110447,0.064316,0.027411,0.052644,0.065536,0.069998,0.296093,0.180804,0.080000,0.149764,0.184005,0.195639
2023-05-02,0.082820,0.087391,0.027411,0.054454,0.063092,0.073292,0.228450,0.239930,0.080000,0.154627,0.177586,0.204154
2023-05-03,0.079484,0.096627,0.027411,0.056358,0.060711,0.076808,0.220000,0.262772,0.080000,0.159725,0.171300,0.213178
2023-05-04,0.079484,0.130147,0.027411,0.069382,0.048292,0.102199,0.220000,0.341831,0.080000,0.194039,0.137991,0.276330
2023-05-08,0.079484,0.101695,0.027411,0.059688,0.056957,0.083075,0.220000,0.275111,0.080000,0.168588,0.161324,0.229093
2023-05-09,0.079484,0.103485,0.027411,0.059924,0.056708,0.083526,0.220000,0.279436,0.080000,0.169216,0.160659,0.230231
2023-05-10,0.079484,0.107138,0.027411,0.061171,0.055432,0.085916,0.220000,0.288208,0.080000,0.172516,0.157248,0.236237
2023-05-11,0.079484,0.109850,0.027411,0.058480,0.058263,0.080783,0.220000,0.294674,0.080000,0.165380,0.164804,0.223300
2023-05-12,0.079484,0.102358,0.027411,0.056802,0.060182,0.077634,0.220000,0.276715,0.080000,0.160910,0.169899,0.215289
2023-05-15,0.079484,0.105766,0.027411,0.060001,0.056628,0.083672,0.220000,0.284921,0.080000,0.169419,0.160445,0.230600
2023-05-16,0.079484,0.107280,0.027411,0.057030,0.059914,0.078060,0.220000,0.288549,0.080000,0.161519,0.169187,0.216376
2023-05-17,0.079484,0.103444,0.027411,0.054391,0.063174,0.073176,0.220000,0.279337,0.080000,0.154458,0.177802,0.203857
2023-05-18,0.079484,0.092947,0.027411,0.050922,0.068046,0.066906,0.220000,0.253727,0.080000,0.145119,0.190562,0.187589
2023-05-19,0.086890,0.082934,0.027411,0.051978,0.066484,0.068798,0.238676,0.228737,0.080000,0.147971,0.186485,0.192520
2023-05-22,0.094883,0.075440,0.027411,0.053081,0.064929,0.070790,0.258494,0.209675,0.080000,0.150941,0.182412,0.197690
2023-05-23,0.090787,0.079092,0.027411,0.054239,0.063372,0.072899,0.248383,0.219003,0.080000,0.154052,0.178324,0.203142
2023-05-24,0.085495,0.084406,0.027411,0.052450,0.065809,0.069648,0.235183,0.232446,0.080000,0.149242,0.184721,0.194729
2023-05-25,0.097177,0.073546,0.027411,0.044448,0.079494,0.055662,0.264118,0.204809,0.080000,0.127506,0.220025,0.157864
2023-05-26,0.103690,0.068683,0.027411,0.039021,0.092543,0.046708,0.279930,0.192222,0.080000,0.112555,0.252728,0.133680
2023-05-30,0.102038,0.069850,0.027411,0.036960,0.098693,0.043422,0.275942,0.195254,0.080000,0.106831,0.267819,0.124692
2023-05-31,0.089034,0.080772,0.027411,0.037773,0.096171,0.044711,0.244028,0.223270,0.080000,0.109093,0.261656,0.128225
2023-06-01,0.091772,0.078179,0.027411,0.040876,0.087628,0.049718,0.250823,0.216680,0.080000,0.117684,0.240521,0.141862
2023-06-02,0.123092,0.057570,0.027411,0.034308,0.107909,0.039295,0.325685,0.162958,0.080000,0.099433,0.290050,0.113314
2023-06-05,0.120714,0.058718,0.027411,0.037189,0.097967,0.043785,0.320186,0.166014,0.080000,0.107470,0.266050,0.125688
2023-06-06,0.120316,0.058916,0.027411,0.034458,0.107340,0.039526,0.319262,0.166538,0.080000,0.099854,0.288691,0.113954
2023-06-07,0.125880,0.056285,0.027411,0.037360,0.097435,0.044056,0.332097,0.159529,0.080000,0.107945,0.264749,0.126430
2023-06-08,0.116513,0.060876,0.027411,0.035920,0.102113,0.041791,0.310394,0.171735,0.080000,0.103935,0.276123,0.120206
2023-06-09,0.125913,0.056270,0.027411,0.032490,0.115282,0.036531,0.332173,0.159489,0.080000,0.094337,0.307508,0.105638
2023-06-12,0.117418,0.060396,0.027411,0.033876,0.109576,0.038633,0.312511,0.170466,0.080000,0.098223,0.294023,0.111479
2023-06-13,0.140326,0.050527,0.027411,0.033171,0.112403,0.037561,0.364666,0.144050,0.080000,0.096250,0.300727,0.108503
2023-06-14,0.143325,0.049492,0.027411,0.028065,0.138241,0.030035,0.371294,0.141248,0.080000,0.081855,0.360033,0.087426
2023-06-15,0.143017,0.049596,0.027411,0.028720,0.134288,0.030975,0.370614,0.141531,0.080000,0.083709,0.351185,0.090075
2023-06-16,0.158599,0.044887,0.027411,0.026985,0.145296,0.028501,0.404324,0.128708,0.080000,0.078791,0.375623,0.083090
2023-06-20,0.149082,0.047634,0.027411,0.026470,0.148924,0.027776,0.383883,0.136202,0.080000,0.077326,0.383539,0.081036
2023-06-21,0.136312,0.051991,0.027411,0.025449,0.156666,0.026356,0.355725,0.148005,0.080000,0.074421,0.400210,0.077002
2023-06-22,0.142381,0.049812,0.027411,0.025036,0.160036,0.025786,0.369213,0.142116,0.080000,0.073242,0.407373,0.075380
2023-06-23,0.125934,0.056260,0.027411,0.025144,0.159142,0.025935,0.332222,0.159464,0.080000,0.073550,0.405478,0.075804
2023-06-26,0.116715,0.060768,0.027411,0.027530,0.141649,0.029272,0.310869,0.171449,0.080000,0.080338,0.367596,0.085272
2023-06-28,0.144775,0.049008,0.027411,0.023888,0.170196,0.024222,0.374481,0.139937,0.080000,0.069967,0.428617,0.070920
2023-06-29,0.178313,0.040217,0.027411,0.023126,0.177689,0.023197,0.445223,0.115865,0.080000,0.067787,0.443958,0.067989
2023-06-30,0.200857,0.036103,0.027411,0.021464,0.196593,0.021001,0.489644,0.104447,0.080000,0.063019,0.481431,0.061689
2023-07-03,0.219286,0.033428,0.027411,0.020845,0.204718,0.020197,0.524143,0.096970,0.080000,0.061239,0.497005,0.059377
2023-07-05,0.216803,0.033759,0.027411,0.025550,0.155864,0.026496,0.519589,0.097898,0.080000,0.074709,0.398498,0.077400
2023-07-06,0.189464,0.038047,0.027411,0.028687,0.134483,0.030927,0.467503,0.109854,0.080000,0.083615,0.351625,0.089940
2023-07-07,0.197408,0.036666,0.027411,0.032868,0.113669,0.037101,0.483008,0.106013,0.080000,0.095397,0.303714,0.107224
2023-07-10,0.180668,0.039735,0.027411,0.036043,0.101695,0.041983,0.449979,0.114530,0.080000,0.104279,0.275112,0.120736
2023-07-11,0.200354,0.036184,0.027411,0.032403,0.115659,0.036401,0.488680,0.104672,0.080000,0.094094,0.308392,0.105275
2023-07-12,0.227404,0.032402,0.027411,0.034776,0.106159,0.040016,0.538834,0.094090,0.080000,0.100742,0.285863,0.115308
2023-07-13,0.220117,0.033319,0.027411,0.037307,0.097601,0.043971,0.525662,0.096664,0.080000,0.107796,0.265156,0.126197
2023-07-14,0.227834,0.032350,0.027411,0.031306,0.120648,0.034760,0.539603,0.093943,0.080000,0.091008,0.320031,0.100697
2023-07-17,0.203071,0.035754,0.027411,0.030096,0.126671,0.032974,0.493874,0.103471,0.080000,0.087597,0.333908,0.095697
2023-07-19,0.222054,0.033069,0.027411,0.026708,0.147225,0.028111,0.529187,0.095962,0.080000,0.078003,0.379841,0.081984
2023-07-20,0.223518,0.032883,0.027411,0.029404,0.130387,0.031965,0.531840,0.095440,0.080000,0.085645,0.342375,0.092864
2023-07-21,0.229813,0.032113,0.027411,0.027751,0.140222,0.029586,0.543134,0.093277,0.080000,0.080964,0.364438,0.086159
2023-07-24,0.251589,0.029777,0.027411,0.029875,0.127837,0.032651,0.580802,0.086698,0.080000,0.086973,0.336572,0.094789
2023-07-25,0.250257,0.029907,0.027411,0.030763,0.123280,0.033955,0.578559,0.087064,0.080000,0.089478,0.326119,0.098446
2023-07-26,0.236521,0.031342,0.027411,0.029668,0.128945,0.032349,0.554968,0.091109,0.080000,0.086389,0.339099,0.093942
2023-07-27,0.293754,0.026345,0.027411,0.034051,0.108894,0.038901,0.647736,0.076972,0.080000,0.098713,0.292400,0.112222
2023-07-28,0.285106,0.026956,0.027411,0.033506,0.111042,0.038069,0.634637,0.078706,0.080000,0.097188,0.297505,0.109915
2023-07-31,0.290288,0.026585,0.027411,0.033690,0.110307,0.038350,0.642524,0.077653,0.080000,0.097703,0.295761,0.110693
2023-08-01,0.276792,0.027583,0.027411,0.036954,0.098711,0.043414,0.621741,0.080489,0.080000,0.106816,0.267862,0.124668
2023-08-03,0.211794,0.034454,0.027411,0.054190,0.063437,0.072809,0.510313,0.099841,0.080000,0.153920,0.178493,0.202910
2023-08-04,0.204198,0.035579,0.027411,0.050802,0.068227,0.066693,0.496018,0.102983,0.080000,0.144795,0.191035,0.187031
2023-08-07,0.210428,0.034649,0.027411,0.058307,0.058455,0.080457,0.507762,0.100388,0.080000,0.164921,0.165314,0.222473
2023-08-08,0.197500,0.036650,0.027411,0.052233,0.066118,0.069257,0.483185,0.105971,0.080000,0.148658,0.185527,0.193714
2023-08-09,0.207044,0.035146,0.027411,0.044738,0.078899,0.056153,0.501406,0.101777,0.080000,0.128300,0.218512,0.159177
2023-08-10,0.233703,0.031660,0.027411,0.051414,0.067310,0.067785,0.550021,0.092004,0.080000,0.146447,0.188642,0.189881
2023-08-11,0.230855,0.031990,0.027411,0.051573,0.067074,0.068071,0.544986,0.092931,0.080000,0.146877,0.188028,0.190627
2023-08-14,0.236938,0.031296,0.027411,0.047181,0.074221,0.060336,0.555697,0.090979,0.080000,0.134970,0.206546,0.170305
2023-08-15,0.215389,0.033952,0.027411,0.054368,0.063204,0.073134,0.516983,0.098436,0.080000,0.154397,0.177881,0.203748
2023-08-16,0.209669,0.034759,0.027411,0.057149,0.059775,0.078282,0.506340,0.100695,0.080000,0.161836,0.168819,0.216942
2023-08-17,0.178800,0.040116,0.027411,0.064506,0.052287,0.092416,0.446208,0.115586,0.080000,0.181302,0.148803,0.252415
2023-08-18,0.163107,0.043709,0.027411,0.061712,0.054896,0.086960,0.413848,0.125480,0.080000,0.173945,0.155813,0.238850
2023-08-21,0.173489,0.041252,0.027411,0.066587,0.050502,0.096551,0.435392,0.118722,0.080000,0.186755,0.143984,0.262587
2023-08-22,0.182944,0.039281,0.027411,0.059252,0.057421,0.082246,0.454549,0.113274,0.080000,0.167432,0.162561,0.227001
2023-08-23,0.183221,0.039226,0.027411,0.048876,0.071290,0.063287,0.455104,0.113124,0.080000,0.139578,0.198985,0.178100
2023-08-24,0.192917,0.037431,0.027411,0.050213,0.069136,0.065645,0.474279,0.108143,0.080000,0.143201,0.193399,0.184291
2023-08-25,0.193020,0.037413,0.027411,0.046793,0.074927,0.059666,0.474481,0.108093,0.080000,0.133914,0.208359,0.168529
2023-08-28,0.203347,0.035711,0.027411,0.046911,0.074712,0.059868,0.494399,0.103351,0.080000,0.134234,0.207807,0.169067
2023-08-29,0.199684,0.036292,0.027411,0.050704,0.068377,0.066518,0.487393,0.104973,0.080000,0.144530,0.191424,0.186575
2023-08-30,0.210546,0.034632,0.027411,0.047138,0.074299,0.060262,0.507982,0.100340,0.080000,0.134854,0.206745,0.170109
2023-08-31,0.199449,0.036330,0.027411,0.049748,0.069870,0.064823,0.486941,0.105080,0.080000,0.141942,0.195306,0.182134
2023-09-01,0.204629,0.035512,0.027411,0.059760,0.056881,0.083212,0.496836,0.102799,0.080000,0.168779,0.161121,0.229439
2023-09-05,0.197417,0.036664,0.027411,0.063308,0.053374,0.090064,0.483025,0.106009,0.080000,0.178154,0.151728,0.246587
2023-09-06,0.186100,0.038672,0.027411,0.057146,0.059778,0.078276,0.460846,0.111587,0.080000,0.161828,0.168829,0.216927
2023-09-07,0.178545,0.040169,0.027411,0.063673,0.053038,0.090778,0.445693,0.115732,0.080000,0.179114,0.150825,0.248360
2023-09-08,0.184832,0.038914,0.027411,0.055920,0.061243,0.075994,0.458323,0.112257,0.080000,0.158554,0.172707,0.211095
2023-09-11,0.188085,0.038300,0.027411,0.062327,0.054299,0.088152,0.464780,0.110557,0.080000,0.175569,0.154212,0.241829
2023-09-12,0.183621,0.039148,0.027411,0.057673,0.059170,0.079265,0.455903,0.112907,0.080000,0.163234,0.167214,0.219444
2023-09-13,0.176600,0.040578,0.027411,0.057848,0.058972,0.079592,0.441745,0.116861,0.080000,0.163698,0.166687,0.220276
2023-09-14,0.190834,0.037800,0.027411,0.058049,0.058745,0.079970,0.470199,0.109168,0.080000,0.164233,0.166084,0.221237
2023-09-15,0.193307,0.037363,0.027411,0.061475,0.055129,0.086503,0.475042,0.107954,0.080000,0.173321,0.156436,0.237709
2023-09-18,0.187873,0.038340,0.027411,0.055333,0.061970,0.074909,0.464361,0.110666,0.080000,0.156984,0.174626,0.208314
2023-09-19,0.192016,0.037590,0.027411,0.058604,0.058126,0.081019,0.472516,0.108584,0.080000,0.165711,0.164438,0.223896
2023-09-20,0.205222,0.035422,0.027411,0.049917,0.069601,0.065121,0.497960,0.102545,0.080000,0.142400,0.194608,0.182918
2023-09-21,0.183153,0.039240,0.027411,0.073519,0.045360,0.110759,0.454968,0.113160,0.080000,0.204740,0.130001,0.296833
2023-09-22,0.175807,0.040747,0.027411,0.067855,0.049474,0.099099,0.440131,0.117328,0.080000,0.190064,0.141201,0.268808
2023-09-25,0.172909,0.041381,0.027411,0.095696,0.034325,0.160915,0.434203,0.119077,0.080000,0.260491,0.099480,0.409230
2023-09-26,0.157920,0.045071,0.027411,0.114342,0.028609,0.209317,0.402883,0.129210,0.080000,0.305299,0.083396,0.505681
2023-09-27,0.154698,0.045968,0.027411,0.110711,0.029558,0.199387,0.396001,0.131662,0.080000,0.296719,0.086080,0.486821
2023-09-28,0.139590,0.050788,0.027411,0.125122,0.026143,0.240431,0.363033,0.144758,0.080000,0.330359,0.076397,0.561770
2023-09-29,0.143140,0.049554,0.027411,0.129339,0.025300,0.253332,0.370886,0.141417,0.080000,0.339995,0.073995,0.583723
2023-10-03,0.105681,0.067331,0.027411,0.176009,0.018848,0.415196,0.284717,0.188699,0.080000,0.440542,0.055486,0.800000
2023-10-04,0.093696,0.076461,0.027411,0.186587,0.017869,0.415196,0.255573,0.212290,0.080000,0.461814,0.052654,0.800000
2023-10-05,0.092574,0.077453,0.027411,0.191477,0.017456,0.415196,0.252806,0.214826,0.080000,0.471461,0.051458,0.800000
2023-10-06,0.096255,0.074295,0.027411,0.196707,0.017039,0.415196,0.261861,0.206735,0.080000,0.481651,0.050250,0.800000
2023-10-10,0.101521,0.070225,0.027411,0.200943,0.016718,0.415196,0.274689,0.196225,0.080000,0.489809,0.049321,0.800000
2023-10-11,0.107548,0.066114,0.027411,0.142155,0.023068,0.295519,0.289189,0.185517,0.080000,0.368713,0.067620,0.650370
2023-10-12,0.110137,0.064503,0.027411,0.166379,0.019859,0.392158,0.295356,0.181296,0.080000,0.420698,0.058402,0.775420
2023-10-13,0.102362,0.069618,0.027411,0.142730,0.022978,0.297529,0.276725,0.194651,0.080000,0.369981,0.067362,0.653355
2023-10-16,0.104878,0.067870,0.027411,0.156689,0.021013,0.350181,0.282789,0.190102,0.080000,0.400260,0.061725,0.725604
2023-10-17,0.106491,0.066797,0.027411,0.166492,0.019847,0.392677,0.286660,0.187303,0.080000,0.420932,0.058366,0.775995
2023-10-18,0.094491,0.075773,0.027411,0.213741,0.015835,0.415196,0.257531,0.210530,0.080000,0.513933,0.046755,0.800000
2023-10-19,0.085329,0.084585,0.027411,0.319261,0.011465,0.415196,0.234766,0.232896,0.080000,0.684541,0.034002,0.800000
2023-10-20,0.079484,0.104273,0.027411,0.329968,0.011195,0.415196,0.220000,0.281334,0.080000,0.699194,0.033211,0.800000
2023-10-23,0.079484,0.103732,0.027411,0.266145,0.013179,0.415196,0.220000,0.280031,0.080000,0.604787,0.039019,0.800000
2023-10-24,0.081649,0.088768,0.027411,0.259246,0.013461,0.415196,0.225493,0.243364,0.080000,0.593535,0.039842,0.800000
2023-10-25,0.086719,0.083111,0.027411,0.308737,0.011751,0.415196,0.238249,0.229184,0.080000,0.669684,0.034841,0.800000
2023-10-26,0.079484,0.094611,0.027411,0.269719,0.013040,0.415196,0.220000,0.257827,0.080000,0.610534,0.038611,0.800000
2023-10-27,0.079484,0.101103,0.027411,0.270628,0.013005,0.415196,0.220000,0.273678,0.080000,0.611986,0.038510,0.800000
2023-10-31,0.079484,0.094617,0.027411,0.226859,0.015042,0.415196,0.220000,0.257842,0.080000,0.537857,0.044450,0.800000
2023-11-01,0.079484,0.103118,0.027411,0.228589,0.014945,0.415196,0.220000,0.278550,0.080000,0.540952,0.044168,0.800000
2023-11-02,0.107093,0.066406,0.027411,0.156409,0.021049,0.349042,0.288101,0.186282,0.080000,0.399662,0.061827,0.724159
2023-11-03,0.118021,0.060082,0.027411,0.176791,0.018772,0.415196,0.313919,0.169632,0.080000,0.442134,0.055264,0.800000
2023-11-06,0.126017,0.056223,0.027411,0.174365,0.019012,0.415196,0.332412,0.159364,0.080000,0.437188,0.055960,0.800000
2023-11-08,0.116163,0.061063,0.027411,0.108333,0.030217,0.193024,0.309574,0.172231,0.080000,0.291063,0.087940,0.474489
2023-11-09,0.124104,0.057096,0.027411,0.116109,0.028171,0.214244,0.328019,0.161694,0.080000,0.309447,0.082154,0.514864
2023-11-10,0.128953,0.054940,0.027411,0.110210,0.029694,0.198038,0.339117,0.155929,0.080000,0.295531,0.086464,0.484224
2023-11-13,0.132750,0.053373,0.027411,0.121036,0.027022,0.228335,0.347722,0.151725,0.080000,0.320933,0.078894,0.540500
2023-11-14,0.156875,0.045358,0.027411,0.129593,0.025251,0.254124,0.400655,0.129994,0.080000,0.340573,0.073855,0.585046
2023-11-15,0.166129,0.042959,0.027411,0.125602,0.026044,0.241877,0.420176,0.123420,0.080000,0.331460,0.076115,0.564268
2023-11-16,0.150658,0.047152,0.027411,0.121841,0.026844,0.230686,0.387301,0.134891,0.080000,0.322795,0.078389,0.544686
2023-11-17,0.159515,0.044642,0.027411,0.104833,0.031247,0.183849,0.406268,0.128036,0.080000,0.282682,0.090842,0.456360
2023-11-20,0.181787,0.039510,0.027411,0.097218,0.033768,0.164637,0.452230,0.113908,0.080000,0.264219,0.097921,0.417057
2023-11-21,0.181267,0.039614,0.027411,0.101599,0.032267,0.175566,0.451184,0.114196,0.080000,0.274878,0.093712,0.439639
2023-11-22,0.202642,0.035821,0.027411,0.096510,0.034024,0.162901,0.493056,0.103658,0.080000,0.262487,0.098640,0.413416
2023-11-24,0.216571,0.033791,0.027411,0.100645,0.032582,0.173160,0.519161,0.097986,0.080000,0.272567,0.094595,0.434719
2023-11-27,0.205578,0.035367,0.027411,0.100285,0.032702,0.172254,0.498636,0.102394,0.080000,0.271692,0.094934,0.432858
2023-11-28,0.201455,0.036008,0.027411,0.115326,0.028363,0.212052,0.490788,0.104181,0.080000,0.307611,0.082700,0.510794
2023-11-29,0.245834,0.030349,0.027411,0.120426,0.027158,0.226562,0.571056,0.088313,0.080000,0.319518,0.079283,0.537324
2023-11-30,0.232322,0.031818,0.027411,0.122671,0.026663,0.233127,0.547585,0.092450,0.080000,0.324714,0.077874,0.549007
2023-12-01,0.222227,0.033047,0.027411,0.127961,0.025569,0.249068,0.529502,0.095900,0.080000,0.336857,0.074761,0.576550
2023-12-04,0.244477,0.030489,0.027411,0.121196,0.026986,0.228800,0.568737,0.088706,0.080000,0.321302,0.078793,0.541329
2023-12-05,0.232818,0.031761,0.027411,0.112258,0.029146,0.203586,0.548462,0.092289,0.080000,0.300383,0.084913,0.494855
2023-12-06,0.224522,0.032757,0.027411,0.090719,0.036288,0.149005,0.533653,0.095086,0.080000,0.248213,0.104962,0.383716
2023-12-07,0.234342,0.031587,0.027411,0.099464,0.032980,0.170200,0.551146,0.091799,0.080000,0.269697,0.095714,0.428626
2023-12-08,0.244460,0.030491,0.027411,0.090495,0.036382,0.148479,0.568707,0.088711,0.080000,0.247658,0.105224,0.382571
2023-12-11,0.231244,0.031944,0.027411,0.090399,0.036422,0.148254,0.545676,0.092803,0.080000,0.247421,0.105336,0.382084
2023-12-12,0.243547,0.030585,0.027411,0.080614,0.041101,0.126008,0.567142,0.088978,0.080000,0.222871,0.118304,0.332390
2023-12-13,0.240813,0.030874,0.027411,0.104055,0.031486,0.181840,0.562432,0.089791,0.080000,0.280810,0.091515,0.452336
2023-12-14,0.370039,0.021232,0.027411,0.096895,0.033885,0.163844,0.750000,0.062353,0.080000,0.263429,0.098248,0.415395
2023-12-15,0.369185,0.022396,0.027411,0.080542,0.041140,0.125848,0.748981,0.065694,0.080000,0.222687,0.118413,0.332024
2023-12-18,0.345578,0.023414,0.027411,0.090270,0.036477,0.147951,0.719732,0.068611,0.080000,0.247100,0.105488,0.381424
2023-12-19,0.358641,0.022831,0.027411,0.090127,0.036538,0.147614,0.736183,0.066941,0.080000,0.246743,0.105657,0.380689
2023-12-20,0.348626,0.023274,0.027411,0.089934,0.036620,0.147162,0.723629,0.068208,0.080000,0.246264,0.105886,0.379704
2023-12-21,0.335248,0.023915,0.027411,0.098365,0.033361,0.167467,0.706249,0.070042,0.080000,0.267020,0.096781,0.422962
2023-12-26,0.347080,0.023345,0.027411,0.115024,0.028438,0.211210,0.721657,0.068412,0.080000,0.306901,0.082912,0.509223
2023-12-27,0.363730,0.022617,0.027411,0.104358,0.031393,0.182619,0.742413,0.066328,0.080000,0.281538,0.091252,0.453898
2023-12-28,0.370039,0.022119,0.027411,0.101632,0.032256,0.175651,0.750000,0.064901,0.080000,0.274959,0.093681,0.439813
2023-12-29,0.356702,0.022914,0.027411,0.119140,0.027452,0.222851,0.733782,0.067180,0.080000,0.316528,0.080115,0.530632
2024-01-02,0.258320,0.029144,0.027411,0.110519,0.029610,0.198869,0.592010,0.084908,0.080000,0.296263,0.086227,0.485825
2024-01-03,0.199430,0.036334,0.027411,0.100420,0.032657,0.172594,0.486904,0.105088,0.080000,0.272021,0.094806,0.433557
2024-01-04,0.201264,0.036038,0.027411,0.107207,0.030541,0.190047,0.490423,0.104266,0.080000,0.288373,0.088852,0.468651
2024-01-05,0.201216,0.036046,0.027411,0.117079,0.027936,0.216977,0.490332,0.104287,0.080000,0.311719,0.081490,0.519909
2024-01-08,0.214433,0.034083,0.027411,0.116513,0.028073,0.215379,0.515215,0.098805,0.080000,0.310394,0.081876,0.516964
2024-01-09,0.233061,0.031733,0.027411,0.118632,0.027569,0.221394,0.548890,0.092211,0.080000,0.315345,0.080449,0.527988
2024-01-10,0.265580,0.028501,0.027411,0.120778,0.027079,0.227585,0.603874,0.083090,0.080000,0.320335,0.079058,0.539157
2024-01-11,0.256912,0.029273,0.027411,0.134846,0.024284,0.270878,0.589682,0.085274,0.080000,0.352440,0.071098,0.612384
2024-01-12,0.258323,0.029144,0.027411,0.169393,0.019529,0.406403,0.592015,0.084908,0.080000,0.426957,0.057451,0.790841
2024-01-16,0.246421,0.030290,0.027411,0.179192,0.018540,0.415196,0.572056,0.088145,0.080000,0.447001,0.054596,0.800000
2024-01-17,0.234517,0.031567,0.027411,0.143166,0.022910,0.299063,0.551455,0.091743,0.080000,0.370943,0.067168,0.655621
2024-01-18,0.246823,0.030249,0.027411,0.155584,0.021155,0.345712,0.572741,0.088030,0.080000,0.397900,0.062132,0.719904
2024-01-19,0.253084,0.029633,0.027411,0.140554,0.023323,0.289978,0.583307,0.086291,0.080000,0.365171,0.068349,0.642055
2024-01-22,0.261865,0.028825,0.027411,0.133276,0.024564,0.265790,0.597833,0.084007,0.080000,0.348907,0.071898,0.604213
2024-01-23,0.253911,0.029554,0.027411,0.162173,0.020342,0.373277,0.584691,0.086069,0.080000,0.411884,0.059792,0.753834
2024-01-24,0.282915,0.027117,0.027411,0.164040,0.020124,0.381522,0.631266,0.079165,0.080000,0.415807,0.059166,0.763423
2024-01-25,0.283846,0.027048,0.027411,0.169728,0.019493,0.408028,0.632701,0.078969,0.080000,0.427651,0.057348,0.792555
2024-01-26,0.304272,0.025656,0.027411,0.149777,0.021936,0.323128,0.663242,0.075011,0.080000,0.385391,0.064376,0.689888
2024-01-29,0.284705,0.026985,0.027411,0.141930,0.023103,0.294738,0.634022,0.078790,0.080000,0.368218,0.067721,0.649207
2024-01-31,0.212940,0.034292,0.027411,0.120291,0.027189,0.226169,0.512445,0.099387,0.080000,0.319203,0.079369,0.536620
2024-02-01,0.205897,0.035319,0.027411,0.107537,0.030445,0.190918,0.499238,0.102259,0.080000,0.289163,0.088582,0.470363
2024-02-02,0.230923,0.031982,0.027411,0.107067,0.030581,0.189680,0.545107,0.092909,0.080000,0.288039,0.088966,0.467928
2024-02-05,0.233942,0.031632,0.027411,0.116032,0.028190,0.214029,0.550443,0.091927,0.080000,0.309268,0.082207,0.514466
2024-02-06,0.227281,0.032417,0.027411,0.113242,0.028890,0.206281,0.538614,0.094131,0.080000,0.302706,0.084190,0.499964
2024-02-07,0.242146,0.030732,0.027411,0.108033,0.030303,0.192227,0.564731,0.089392,0.080000,0.290345,0.088181,0.472930
2024-02-08,0.255645,0.029391,0.027411,0.109851,0.029793,0.197073,0.587580,0.085607,0.080000,0.294677,0.086743,0.482360
2024-02-09,0.256408,0.029320,0.027411,0.109345,0.029933,0.195720,0.588847,0.085406,0.080000,0.293475,0.087137,0.479738
2024-02-12,0.248514,0.030079,0.027411,0.113538,0.028814,0.207097,0.575612,0.087551,0.080000,0.303406,0.083974,0.501505
2024-02-14,0.247683,0.030162,0.027411,0.112560,0.029067,0.204412,0.574204,0.087785,0.080000,0.301098,0.084690,0.496425
2024-02-15,0.256647,0.029298,0.027411,0.105171,0.031144,0.184725,0.589243,0.085344,0.080000,0.283494,0.090553,0.458109
2024-02-16,0.261366,0.028870,0.027411,0.100429,0.032654,0.172615,0.597015,0.084132,0.080000,0.272042,0.094798,0.433601
2024-02-20,0.248026,0.030128,0.027411,0.104158,0.031454,0.182105,0.574785,0.087688,0.080000,0.281058,0.091425,0.452868
2024-02-21,0.263091,0.028717,0.027411,0.103839,0.031553,0.181282,0.599833,0.083701,0.080000,0.280288,0.091704,0.451215
2024-02-22,0.293600,0.026356,0.027411,0.095101,0.034547,0.159471,0.647506,0.077001,0.080000,0.259031,0.100103,0.406175
2024-02-23,0.272140,0.027954,0.027411,0.085243,0.038741,0.136352,0.614394,0.081540,0.080000,0.234550,0.111778,0.355815
2024-02-26,0.261581,0.028850,0.027411,0.084977,0.038869,0.135748,0.597368,0.084078,0.080000,0.233882,0.112132,0.354464
2024-02-27,0.252621,0.029678,0.027411,0.088599,0.037198,0.144051,0.582533,0.086417,0.080000,0.242943,0.107495,0.372891
2024-02-28,0.229396,0.032162,0.027411,0.092290,0.035644,0.152721,0.542393,0.093416,0.080000,0.252103,0.103165,0.391754
2024-02-29,0.221908,0.033088,0.027411,0.088383,0.037294,0.143550,0.528921,0.096015,0.080000,0.242404,0.107761,0.371789
2024-03-01,0.210791,0.034597,0.027411,0.096060,0.034190,0.161802,0.508441,0.100242,0.080000,0.261385,0.099102,0.411102
2024-03-04,0.224942,0.032704,0.027411,0.088130,0.037406,0.142966,0.534411,0.094939,0.080000,0.241774,0.108073,0.370502
2024-03-05,0.210723,0.034607,0.027411,0.084417,0.039141,0.134482,0.508314,0.100269,0.080000,0.232474,0.112887,0.351623
2024-03-06,0.215706,0.033908,0.027411,0.079117,0.041930,0.122730,0.517568,0.098315,0.080000,0.219069,0.120588,0.324851
2024-03-07,0.219128,0.033449,0.027411,0.084241,0.039228,0.134085,0.523855,0.097028,0.080000,0.232031,0.113127,0.350729
2024-03-08,0.224647,0.032741,0.027411,0.087912,0.037503,0.142462,0.533880,0.095042,0.080000,0.241231,0.108343,0.369391
2024-03-11,0.228897,0.032222,0.027411,0.084281,0.039208,0.134176,0.541502,0.093584,0.080000,0.232133,0.113072,0.350934
2024-03-12,0.244406,0.030496,0.027411,0.082522,0.040093,0.130232,0.568615,0.088727,0.080000,0.227698,0.115521,0.342023
2024-03-13,0.265398,0.028517,0.027411,0.082478,0.040116,0.130134,0.603579,0.083135,0.080000,0.227587,0.115584,0.341800
2024-03-14,0.268951,0.028216,0.027411,0.087789,0.037559,0.142178,0.609303,0.082283,0.080000,0.240924,0.108497,0.368765
2024-03-15,0.269764,0.028149,0.027411,0.084018,0.039338,0.133583,0.610606,0.082091,0.080000,0.231470,0.113431,0.349599
2024-03-18,0.279737,0.027356,0.027411,0.087494,0.037692,0.141496,0.626343,0.079844,0.080000,0.240185,0.108867,0.367258
2024-03-20,0.269216,0.028194,0.027411,0.101224,0.032390,0.174619,0.609728,0.082220,0.080000,0.273971,0.094057,0.437706
2024-03-21,0.294717,0.026280,0.027411,0.094746,0.034682,0.158612,0.649176,0.076785,0.080000,0.258159,0.100479,0.404353
2024-03-22,0.276211,0.027629,0.027411,0.090641,0.036321,0.148822,0.620828,0.080618,0.080000,0.248020,0.105053,0.383317
2024-03-25,0.265732,0.028488,0.027411,0.107189,0.030546,0.190000,0.604120,0.083053,0.080000,0.288331,0.088866,0.468560
2024-03-26,0.247950,0.030136,0.027411,0.100174,0.032740,0.171976,0.574655,0.087710,0.080000,0.271423,0.095038,0.432287
2024-03-27,0.239508,0.031014,0.027411,0.095721,0.034315,0.160975,0.560171,0.090187,0.080000,0.260552,0.099454,0.409358
2024-03-28,0.248358,0.030095,0.027411,0.085994,0.038384,0.138059,0.575349,0.087594,0.080000,0.236433,0.110789,0.359628
2024-04-01,0.242353,0.030710,0.027411,0.085811,0.038470,0.137643,0.565088,0.089331,0.080000,0.235975,0.111028,0.358701
2024-04-02,0.219473,0.033404,0.027411,0.095080,0.034555,0.159420,0.524486,0.096901,0.080000,0.258980,0.100125,0.406067
2024-04-03,0.221982,0.033078,0.027411,0.098878,0.033182,0.168739,0.529056,0.095988,0.080000,0.268269,0.096280,0.425602
2024-04-04,0.217908,0.033611,0.027411,0.094502,0.034775,0.158020,0.521620,0.097482,0.080000,0.257557,0.100740,0.403095
2024-04-05,0.226011,0.032572,0.027411,0.094244,0.034874,0.157400,0.536335,0.094568,0.080000,0.256924,0.101016,0.401776
2024-04-08,0.233987,0.031627,0.027411,0.090155,0.036526,0.147682,0.550522,0.091912,0.080000,0.246815,0.105623,0.380836
2024-04-09,0.233141,0.031724,0.027411,0.086289,0.038246,0.138733,0.549031,0.092185,0.080000,0.237173,0.110405,0.361130
2024-04-10,0.248997,0.030031,0.027411,0.079392,0.041775,0.123329,0.576430,0.087415,0.080000,0.219768,0.120162,0.326233
2024-04-11,0.234647,0.031552,0.027411,0.087969,0.037478,0.142594,0.551683,0.091701,0.080000,0.241373,0.108273,0.369681
2024-04-12,0.203020,0.035762,0.027411,0.086019,0.038372,0.138116,0.493776,0.103494,0.080000,0.236495,0.110757,0.359754
2024-04-15,0.196808,0.036766,0.027411,0.101369,0.032342,0.174986,0.481846,0.106292,0.080000,0.274322,0.093923,0.438455
2024-04-16,0.173129,0.041332,0.027411,0.101184,0.032403,0.174518,0.434656,0.118941,0.080000,0.273874,0.094094,0.437499
2024-04-17,0.164703,0.043309,0.027411,0.092818,0.035432,0.153980,0.417196,0.124382,0.080000,0.253409,0.102574,0.394462
2024-04-18,0.170805,0.041856,0.027411,0.092624,0.035509,0.153517,0.429876,0.120385,0.080000,0.252929,0.102790,0.393467
2024-04-19,0.172418,0.041491,0.027411,0.090556,0.036356,0.148623,0.433195,0.119379,0.080000,0.247810,0.105152,0.382884
2024-04-22,0.186131,0.038666,0.027411,0.090522,0.036371,0.148542,0.460906,0.111571,0.080000,0.247725,0.105192,0.382710
2024-04-23,0.202561,0.035833,0.027411,0.111307,0.029398,0.200999,0.492901,0.103694,0.080000,0.298132,0.085626,0.489916
2024-04-24,0.202932,0.035775,0.027411,0.113275,0.028881,0.206371,0.493609,0.103532,0.080000,0.302784,0.084166,0.500135
2024-04-25,0.194099,0.037226,0.027411,0.108234,0.030245,0.192760,0.476586,0.107573,0.080000,0.290826,0.088020,0.473974
2024-04-26,0.214678,0.034050,0.027411,0.101394,0.032334,0.175048,0.515668,0.098710,0.080000,0.274382,0.093900,0.438582
2024-04-30,0.204294,0.035564,0.027411,0.089242,0.036917,0.145548,0.496199,0.102942,0.080000,0.244546,0.106713,0.376175
2024-05-01,0.198464,0.036491,0.027411,0.092817,0.035432,0.153978,0.485045,0.105528,0.080000,0.253406,0.102575,0.394456
2024-05-02,0.210195,0.034683,0.027411,0.100531,0.032620,0.172871,0.507325,0.100482,0.080000,0.272289,0.094702,0.434127
2024-05-03,0.228424,0.032278,0.027411,0.096207,0.034136,0.162160,0.540657,0.093743,0.080000,0.261744,0.098951,0.411856
2024-05-06,0.242150,0.030732,0.027411,0.092100,0.035720,0.152271,0.564739,0.089391,0.080000,0.251635,0.103378,0.390784
2024-05-07,0.234033,0.031622,0.027411,0.088222,0.037365,0.143179,0.550603,0.091898,0.080000,0.242004,0.107959,0.370972
2024-05-08,0.219338,0.033421,0.027411,0.086277,0.038252,0.138705,0.524239,0.096951,0.080000,0.237141,0.110421,0.361066
2024-05-09,0.210668,0.034615,0.027411,0.087869,0.037523,0.142362,0.508210,0.100291,0.080000,0.241123,0.108397,0.369171
2024-05-10,0.212901,0.034297,0.027411,0.084218,0.039239,0.134032,0.512372,0.099403,0.080000,0.231972,0.113159,0.350610
2024-05-13,0.203371,0.035707,0.027411,0.084012,0.039340,0.133570,0.494446,0.103341,0.080000,0.231456,0.113439,0.349570
2024-05-14,0.201985,0.035924,0.027411,0.085487,0.038624,0.136904,0.491802,0.103947,0.080000,0.235161,0.111455,0.357051
2024-05-15,0.202318,0.035872,0.027411,0.083711,0.039490,0.132892,0.492437,0.103801,0.080000,0.230697,0.113854,0.348042
2024-05-16,0.214327,0.034098,0.027411,0.078579,0.042236,0.121559,0.515019,0.098846,0.080000,0.217698,0.121432,0.322143
2024-05-17,0.211291,0.034525,0.027411,0.076815,0.043274,0.117751,0.509375,0.100041,0.080000,0.213195,0.124285,0.313290
2024-05-20,0.218557,0.033525,0.027411,0.081416,0.040671,0.127776,0.522809,0.097240,0.080000,0.224902,0.117118,0.336435
2024-05-21,0.211844,0.034446,0.027411,0.076401,0.043525,0.116866,0.510406,0.099821,0.080000,0.212138,0.124973,0.311221
2024-05-22,0.203181,0.035736,0.027411,0.073188,0.045582,0.110064,0.494082,0.103424,0.080000,0.203886,0.130606,0.295184
2024-05-23,0.203409,0.035701,0.027411,0.071528,0.046724,0.106609,0.494517,0.103325,0.080000,0.199602,0.133725,0.286943
2024-05-24,0.200194,0.036210,0.027411,0.067157,0.050035,0.097693,0.488372,0.104744,0.080000,0.188243,0.142720,0.265380
2024-05-28,0.205350,0.035402,0.027411,0.077031,0.043144,0.118216,0.498203,0.102491,0.080000,0.213749,0.123928,0.314375
2024-05-29,0.193860,0.037267,0.027411,0.085153,0.038784,0.136148,0.476120,0.107688,0.080000,0.234325,0.111897,0.355359
2024-05-30,0.186188,0.038655,0.027411,0.081439,0.040659,0.127826,0.461021,0.111541,0.080000,0.224959,0.117085,0.336549
2024-05-31,0.183417,0.039188,0.027411,0.079509,0.041710,0.123583,0.455496,0.113018,0.080000,0.220064,0.119983,0.326819
2024-06-03,0.186788,0.038542,0.027411,0.074444,0.044754,0.112707,0.462211,0.111227,0.080000,0.207120,0.128342,0.301444
2024-06-04,0.170381,0.041953,0.027411,0.069677,0.048070,0.102801,0.429001,0.120653,0.080000,0.194804,0.137389,0.277785
2024-06-05,0.168429,0.042408,0.027411,0.071138,0.047001,0.105804,0.424959,0.121905,0.080000,0.198593,0.134479,0.285012
2024-06-06,0.163864,0.043518,0.027411,0.069403,0.048276,0.102241,0.415438,0.124956,0.080000,0.194092,0.137949,0.276432
2024-06-07,0.177364,0.040416,0.027411,0.069137,0.048478,0.101699,0.443297,0.116414,0.080000,0.193402,0.138496,0.275121
2024-06-10,0.176284,0.040645,0.027411,0.075066,0.044356,0.114022,0.441101,0.117047,0.080000,0.208716,0.127252,0.304545
2024-06-11,0.165968,0.042998,0.027411,0.071608,0.046667,0.106775,0.419839,0.123528,0.080000,0.199809,0.133570,0.287341
2024-06-12,0.183459,0.039180,0.027411,0.068287,0.049134,0.099974,0.455580,0.112995,0.080000,0.191191,0.140277,0.270936
2024-06-13,0.159287,0.044703,0.027411,0.068004,0.049356,0.099400,0.405786,0.128202,0.080000,0.190453,0.140881,0.269542
2024-06-14,0.138160,0.051305,0.027411,0.063315,0.053368,0.090077,0.359852,0.146154,0.080000,0.178172,0.151710,0.246621
2024-06-17,0.140876,0.050333,0.027411,0.062980,0.053680,0.089422,0.365885,0.143527,0.080000,0.177289,0.152550,0.244993
2024-06-18,0.139456,0.050836,0.027411,0.062609,0.054030,0.088701,0.362736,0.144887,0.080000,0.176314,0.153489,0.243197
2024-06-20,0.139277,0.050900,0.027411,0.065198,0.051680,0.093784,0.362338,0.145061,0.080000,0.183118,0.147164,0.255792
2024-06-21,0.140862,0.050338,0.027411,0.064868,0.051967,0.093132,0.365854,0.143540,0.080000,0.182254,0.147940,0.254183
2024-06-24,0.142462,0.049785,0.027411,0.063027,0.053635,0.089516,0.369392,0.142042,0.080000,0.177415,0.152430,0.245225
2024-06-26,0.139173,0.050938,0.027411,0.074217,0.044901,0.112226,0.362107,0.145162,0.080000,0.206535,0.128746,0.300308
2024-06-27,0.138207,0.051288,0.027411,0.070346,0.047574,0.104172,0.359957,0.146108,0.080000,0.196541,0.136041,0.281091
2024-06-28,0.140913,0.050320,0.027411,0.081565,0.040592,0.128106,0.365968,0.143492,0.080000,0.225279,0.116900,0.337187
2024-07-01,0.142410,0.049802,0.027411,0.094844,0.034645,0.158847,0.369277,0.142090,0.080000,0.258398,0.100376,0.404851
2024-07-02,0.142590,0.049741,0.027411,0.089770,0.036690,0.146780,0.369674,0.141923,0.080000,0.245858,0.106080,0.378869
2024-07-03,0.139666,0.050761,0.027411,0.080501,0.041163,0.125758,0.363202,0.144684,0.080000,0.222584,0.118474,0.331819
2024-07-05,0.139257,0.050907,0.027411,0.087001,0.037916,0.140364,0.362294,0.145080,0.080000,0.238954,0.109491,0.364751
2024-07-08,0.146651,0.048399,0.027411,0.082097,0.040313,0.129286,0.378588,0.138282,0.080000,0.226624,0.116129,0.339875
2024-07-09,0.144764,0.049012,0.027411,0.086728,0.038042,0.139736,0.374456,0.139947,0.080000,0.238270,0.109840,0.363359
2024-07-10,0.148783,0.047726,0.027411,0.081649,0.040548,0.128291,0.383234,0.136454,0.080000,0.225490,0.116778,0.337609
2024-07-11,0.143581,0.049405,0.027411,0.091824,0.035832,0.151616,0.371857,0.141014,0.080000,0.250952,0.103690,0.389371
2024-07-12,0.144964,0.048946,0.027411,0.100563,0.032609,0.172953,0.374895,0.139768,0.080000,0.272368,0.094672,0.434295
2024-07-15,0.151393,0.046932,0.027411,0.121682,0.026879,0.230220,0.388889,0.134291,0.080000,0.322427,0.078488,0.543858
2024-07-16,0.156802,0.045377,0.027411,0.103700,0.031597,0.180925,0.400502,0.130049,0.080000,0.279953,0.091826,0.450495
2024-07-18,0.150385,0.047235,0.027411,0.103512,0.031655,0.180443,0.386710,0.135116,0.080000,0.279501,0.091991,0.449526
2024-07-19,0.149583,0.047480,0.027411,0.110287,0.029673,0.198244,0.384970,0.135783,0.080000,0.295713,0.086405,0.484622
2024-07-22,0.153645,0.046270,0.027411,0.109974,0.029759,0.197402,0.393742,0.132486,0.080000,0.294968,0.086647,0.482996
2024-07-23,0.156514,0.045457,0.027411,0.149336,0.021998,0.321473,0.399887,0.130267,0.080000,0.384435,0.064554,0.687607
2024-07-24,0.136486,0.051926,0.027411,0.184261,0.018074,0.415196,0.356116,0.147828,0.080000,0.457182,0.053247,0.800000
2024-07-25,0.141121,0.050248,0.027411,0.153086,0.021483,0.335817,0.366428,0.143295,0.080000,0.392539,0.063075,0.707002
2024-07-26,0.138232,0.051279,0.027411,0.141904,0.023107,0.294646,0.360012,0.146083,0.080000,0.368160,0.067733,0.649070
2024-07-30,0.123923,0.057180,0.027411,0.122606,0.026677,0.232936,0.327600,0.161919,0.080000,0.324564,0.077914,0.548669
2024-07-31,0.116190,0.061049,0.027411,0.122238,0.026757,0.231854,0.309638,0.172192,0.080000,0.323715,0.078141,0.546757
2024-08-01,0.100512,0.070967,0.027411,0.135672,0.024140,0.273582,0.272242,0.198150,0.080000,0.354293,0.070685,0.616681
2024-08-05,0.079484,0.154296,0.027411,0.166449,0.019851,0.392481,0.220000,0.395139,0.080000,0.420843,0.058380,0.775777
2024-08-06,0.079484,0.112065,0.027411,0.177753,0.018678,0.415196,0.220000,0.299927,0.080000,0.444087,0.054994,0.800000
2024-08-07,0.079484,0.100943,0.027411,0.213689,0.015838,0.415196,0.220000,0.273288,0.080000,0.513836,0.046765,0.800000
2024-08-08,0.080944,0.089620,0.027411,0.204009,0.016495,0.415196,0.223707,0.245484,0.080000,0.495658,0.048675,0.800000
2024-08-09,0.080118,0.090640,0.027411,0.161158,0.020462,0.368880,0.221611,0.248018,0.080000,0.409744,0.060139,0.748617
2024-08-12,0.079484,0.093197,0.027411,0.161139,0.020465,0.368799,0.220000,0.254345,0.080000,0.409704,0.060146,0.748520
2024-08-13,0.079484,0.092750,0.027411,0.181011,0.018370,0.415196,0.220000,0.253241,0.080000,0.450669,0.054103,0.800000
2024-08-14,0.086839,0.082986,0.027411,0.160651,0.020523,0.366704,0.238549,0.228870,0.080000,0.408672,0.060315,0.746008
2024-08-15,0.106197,0.066990,0.027411,0.132769,0.024656,0.264163,0.285955,0.187807,0.080000,0.347765,0.072160,0.601576
2024-08-16,0.107499,0.066146,0.027411,0.127913,0.025578,0.248921,0.289070,0.185600,0.080000,0.336748,0.074788,0.576301
2024-08-19,0.116660,0.060797,0.027411,0.113813,0.028743,0.207854,0.310739,0.171527,0.080000,0.304053,0.083776,0.502932
2024-08-20,0.110109,0.064520,0.027411,0.127289,0.025702,0.247004,0.295290,0.181340,0.080000,0.335322,0.075142,0.573050
2024-08-21,0.108044,0.065799,0.027411,0.148559,0.022109,0.318573,0.290372,0.184693,0.080000,0.382747,0.064871,0.683584
2024-08-22,0.115455,0.061447,0.027411,0.148399,0.022132,0.317977,0.307913,0.173245,0.080000,0.382398,0.064936,0.682754
2024-08-23,0.119601,0.059274,0.027411,0.174215,0.019027,0.415196,0.317600,0.167489,0.080000,0.436881,0.056003,0.800000
2024-08-26,0.122948,0.057638,0.027411,0.174034,0.019046,0.415196,0.325354,0.163139,0.080000,0.436510,0.056056,0.800000
2024-08-27,0.120542,0.058804,0.027411,0.257778,0.013523,0.415196,0.319786,0.166240,0.080000,0.591114,0.040023,0.800000
2024-08-28,0.118199,0.059989,0.027411,0.267558,0.013124,0.415196,0.314336,0.169387,0.080000,0.607065,0.038857,0.800000
2024-08-29,0.121506,0.058330,0.027411,0.252571,0.013750,0.415196,0.322021,0.164982,0.080000,0.582449,0.040686,0.800000
2024-08-30,0.125941,0.056257,0.027411,0.250528,0.013842,0.415196,0.332237,0.159456,0.080000,0.579015,0.040954,0.800000
2024-09-03,0.100686,0.070838,0.027411,0.214156,0.015808,0.415196,0.272665,0.197816,0.080000,0.514702,0.046678,0.800000
2024-09-04,0.095070,0.075281,0.027411,0.275732,0.012814,0.415196,0.258954,0.209269,0.080000,0.620075,0.037952,0.800000
2024-09-05,0.099245,0.071924,0.027411,0.233597,0.014673,0.415196,0.269164,0.200624,0.080000,0.549835,0.043376,0.800000
2024-09-06,0.091592,0.078344,0.027411,0.330567,0.010703,0.415196,0.250378,0.217100,0.080000,0.700000,0.031767,0.800000
2024-09-09,0.093430,0.076693,0.027411,0.272799,0.012923,0.415196,0.254918,0.212886,0.080000,0.615441,0.038270,0.800000
2024-09-10,0.082230,0.088079,0.027411,0.324726,0.011325,0.415196,0.226962,0.241646,0.080000,0.692079,0.033591,0.800000
2024-09-11,0.083212,0.086940,0.027411,0.267929,0.013109,0.415196,0.229438,0.238802,0.080000,0.607662,0.038814,0.800000
2024-09-12,0.090388,0.079468,0.027411,0.272439,0.012936,0.415196,0.247392,0.219960,0.080000,0.614869,0.038309,0.800000
2024-09-13,0.091471,0.078456,0.027411,0.330567,0.011007,0.415196,0.250077,0.217385,0.080000,0.700000,0.032659,0.800000
2024-09-16,0.097129,0.073585,0.027411,0.292649,0.012235,0.415196,0.264000,0.204909,0.080000,0.646080,0.036258,0.800000
2024-09-17,0.104872,0.067874,0.027411,0.269190,0.013060,0.415196,0.282775,0.190113,0.080000,0.609686,0.038671,0.800000
2024-09-18,0.113500,0.062533,0.027411,0.298788,0.012044,0.415196,0.303315,0.176112,0.080000,0.655215,0.035697,0.800000
2024-09-19,0.130534,0.054275,0.027411,0.330567,0.010428,0.415196,0.342709,0.154148,0.080000,0.700000,0.030960,0.800000
2024-09-20,0.124767,0.056790,0.027411,0.330567,0.009469,0.415196,0.329544,0.160878,0.080000,0.700000,0.028140,0.800000
2024-09-23,0.127723,0.055470,0.027411,0.330567,0.009905,0.415196,0.336313,0.157349,0.080000,0.700000,0.029423,0.800000
2024-09-24,0.120924,0.058615,0.027411,0.330567,0.008227,0.415196,0.320673,0.165739,0.080000,0.700000,0.024478,0.800000
2024-09-25,0.122648,0.057781,0.027411,0.330567,0.008431,0.415196,0.324661,0.163519,0.080000,0.700000,0.025079,0.800000
2024-09-26,0.127748,0.055459,0.027411,0.330567,0.011006,0.415196,0.336369,0.157320,0.080000,0.700000,0.032656,0.800000
2024-09-27,0.127339,0.055637,0.027411,0.330567,0.011063,0.415196,0.335437,0.157797,0.080000,0.700000,0.032823,0.800000
2024-10-02,0.139718,0.050742,0.027411,0.257041,0.013555,0.415196,0.363318,0.144634,0.080000,0.589896,0.040115,0.800000
2024-10-03,0.146357,0.048493,0.027411,0.240890,0.014299,0.415196,0.377944,0.138539,0.080000,0.562564,0.042287,0.800000
2024-10-04,0.185875,0.038714,0.027411,0.169619,0.019505,0.407496,0.460399,0.111705,0.080000,0.427424,0.057382,0.791995
2024-10-07,0.181060,0.039655,0.027411,0.162902,0.020256,0.376471,0.450768,0.114311,0.080000,0.413417,0.059546,0.757579
2024-10-08,0.168914,0.042294,0.027411,0.171711,0.019284,0.415196,0.425965,0.121591,0.080000,0.431743,0.056744,0.800000
2024-10-09,0.190543,0.037852,0.027411,0.175186,0.018930,0.415196,0.469628,0.109313,0.080000,0.438863,0.055722,0.800000
2024-10-10,0.186922,0.038517,0.027411,0.196586,0.017048,0.415196,0.462478,0.111157,0.080000,0.481417,0.050277,0.800000
2024-10-11,0.189917,0.037965,0.027411,0.206333,0.016331,0.415196,0.468397,0.109626,0.080000,0.500063,0.048199,0.800000
2024-10-15,0.212233,0.034391,0.027411,0.174071,0.019042,0.415196,0.511130,0.099666,0.080000,0.436586,0.056045,0.800000
2024-10-16,0.222474,0.033015,0.027411,0.177307,0.018721,0.415196,0.529949,0.095812,0.080000,0.443182,0.055119,0.800000
2024-10-17,0.228482,0.032272,0.027411,0.197705,0.016962,0.415196,0.540761,0.093724,0.080000,0.483582,0.050027,0.800000
2024-10-18,0.232469,0.031801,0.027411,0.194197,0.017236,0.415196,0.547844,0.092403,0.080000,0.476778,0.050821,0.800000
2024-10-21,0.215227,0.033974,0.027411,0.215504,0.015722,0.415196,0.516683,0.098498,0.080000,0.517194,0.046428,0.800000
2024-10-22,0.204380,0.035551,0.027411,0.211031,0.016012,0.415196,0.496363,0.102905,0.080000,0.508889,0.047271,0.800000
2024-10-23,0.189577,0.038027,0.027411,0.206723,0.016304,0.415196,0.467727,0.109797,0.080000,0.500800,0.048120,0.800000
2024-10-24,0.195470,0.036991,0.027411,0.185931,0.017926,0.415196,0.479254,0.106919,0.080000,0.460511,0.052820,0.800000
2024-10-25,0.216126,0.033851,0.027411,0.183055,0.018182,0.415196,0.518342,0.098155,0.080000,0.454772,0.053561,0.800000
2024-10-28,0.250862,0.029848,0.027411,0.190830,0.017509,0.415196,0.579578,0.086897,0.080000,0.470191,0.051613,0.800000
2024-10-29,0.240898,0.030865,0.027411,0.193048,0.017328,0.415196,0.562579,0.089766,0.080000,0.474537,0.051088,0.800000
2024-10-30,0.259720,0.029017,0.027411,0.174671,0.018982,0.415196,0.594316,0.084549,0.080000,0.437812,0.055871,0.800000
2024-10-31,0.209956,0.034718,0.027411,0.163225,0.020218,0.377897,0.506878,0.100579,0.080000,0.414096,0.059437,0.759239
2024-11-01,0.226280,0.032539,0.027411,0.179635,0.018498,0.415196,0.536818,0.094475,0.080000,0.447895,0.054475,0.800000
2024-11-04,0.213697,0.034186,0.027411,0.167872,0.019694,0.399133,0.513850,0.099091,0.080000,0.423804,0.057927,0.783062
2024-11-05,0.239089,0.031060,0.027411,0.138223,0.023705,0.282058,0.559444,0.090315,0.080000,0.359993,0.069442,0.629944
2024-11-06,0.364732,0.022576,0.027411,0.168893,0.019583,0.403992,0.743628,0.066210,0.080000,0.425921,0.057607,0.788283
2024-11-07,0.370039,0.020657,0.027411,0.146540,0.022401,0.311143,0.750000,0.060701,0.080000,0.378344,0.065710,0.673120
2024-11-08,0.370039,0.017624,0.027411,0.125023,0.026164,0.240132,0.750000,0.051945,0.080000,0.330131,0.076456,0.561253
2024-11-13,0.370039,0.019314,0.027411,0.171393,0.019317,0.415196,0.750000,0.056831,0.080000,0.431087,0.056840,0.800000
2024-11-14,0.370039,0.020239,0.027411,0.137937,0.023753,0.281098,0.750000,0.059497,0.080000,0.359355,0.069579,0.628457
2024-11-15,0.337178,0.023818,0.027411,0.147546,0.022254,0.314825,0.708801,0.069767,0.080000,0.380540,0.065289,0.678335
2024-11-18,0.333809,0.023987,0.027411,0.149889,0.021921,0.323553,0.704338,0.070249,0.080000,0.385635,0.064331,0.690471
2024-11-19,0.348162,0.023295,0.027411,0.144779,0.022664,0.304788,0.723039,0.068269,0.080000,0.374489,0.066462,0.663991
2024-11-20,0.335776,0.023888,0.027411,0.136582,0.023983,0.276581,0.706949,0.069966,0.080000,0.356329,0.070236,0.621410
2024-11-21,0.370039,0.022318,0.027411,0.132314,0.024740,0.262708,0.750000,0.065470,0.080000,0.346738,0.072398,0.599209
2024-11-22,0.370039,0.021630,0.027411,0.116412,0.028097,0.215097,0.750000,0.063497,0.080000,0.310159,0.081945,0.516443
2024-11-25,0.360914,0.022734,0.027411,0.121541,0.026910,0.229809,0.738977,0.066664,0.080000,0.322102,0.078576,0.543127
2024-11-26,0.311926,0.025188,0.027411,0.129989,0.025175,0.255362,0.674234,0.073678,0.080000,0.341473,0.073639,0.587108
2024-11-27,0.286577,0.026849,0.027411,0.120159,0.027219,0.225789,0.636888,0.078403,0.080000,0.318898,0.079454,0.535936
2024-11-29,0.266080,0.028459,0.027411,0.116404,0.028099,0.215074,0.604683,0.082969,0.080000,0.310139,0.081951,0.516400
2024-12-02,0.291925,0.026471,0.027411,0.107609,0.030424,0.191107,0.644992,0.077329,0.080000,0.289334,0.088524,0.470735
2024-12-03,0.314053,0.025063,0.027411,0.117972,0.027724,0.219510,0.677246,0.073320,0.080000,0.313805,0.080888,0.524553
2024-12-04,0.308202,0.025413,0.027411,0.117365,0.027868,0.217788,0.668916,0.074317,0.080000,0.312388,0.081295,0.521399
2024-12-05,0.286329,0.026867,0.027411,0.106040,0.030883,0.186987,0.636509,0.078454,0.080000,0.285579,0.089818,0.462606
2024-12-06,0.277448,0.027532,0.027411,0.113463,0.028833,0.206890,0.622770,0.080344,0.080000,0.303229,0.084029,0.501115
2024-12-10,0.284159,0.027025,0.027411,0.117818,0.027760,0.219073,0.633183,0.078904,0.080000,0.313446,0.080991,0.523754
2024-12-11,0.328446,0.024264,0.027411,0.129117,0.025343,0.252640,0.697139,0.071041,0.080000,0.339489,0.074118,0.582565
2024-12-12,0.294200,0.026315,0.027411,0.137977,0.023746,0.281232,0.648403,0.076885,0.080000,0.359445,0.069560,0.628665
2024-12-13,0.296205,0.026180,0.027411,0.140600,0.023315,0.290136,0.651392,0.076500,0.080000,0.365273,0.068328,0.642294
2024-12-16,0.287314,0.026796,0.027411,0.136087,0.024068,0.274947,0.638012,0.078252,0.080000,0.355223,0.070479,0.618839
2024-12-17,0.246840,0.030247,0.027411,0.138404,0.023675,0.282669,0.572771,0.088025,0.080000,0.360397,0.069356,0.630888
2024-12-18,0.252414,0.029698,0.027411,0.137317,0.023857,0.279027,0.582185,0.086473,0.080000,0.357973,0.069878,0.625236
2024-12-19,0.168680,0.042349,0.027411,0.174200,0.019029,0.415196,0.425481,0.121742,0.080000,0.436848,0.056008,0.800000
2024-12-20,0.179567,0.039959,0.027411,0.159579,0.020653,0.362152,0.447759,0.115149,0.080000,0.406403,0.060689,0.740491
2024-12-23,0.181037,0.039660,0.027411,0.187640,0.017778,0.415196,0.450721,0.114324,0.080000,0.463900,0.052391,0.800000
2024-12-26,0.185562,0.038774,0.027411,0.177288,0.018723,0.415196,0.459777,0.111870,0.080000,0.443142,0.055125,0.800000
2024-12-30,0.156697,0.045407,0.027411,0.185608,0.017954,0.415196,0.400276,0.130128,0.080000,0.459867,0.052902,0.800000
2025-01-02,0.160330,0.044426,0.027411,0.184194,0.018080,0.415196,0.407995,0.127445,0.080000,0.457049,0.053264,0.800000
2025-01-03,0.175442,0.040826,0.027411,0.181395,0.018334,0.415196,0.439387,0.117545,0.080000,0.451442,0.054000,0.800000
2025-01-06,0.178087,0.040265,0.027411,0.187246,0.017812,0.415196,0.444765,0.115995,0.080000,0.463121,0.052489,0.800000
2025-01-07,0.169773,0.042094,0.027411,0.197640,0.016967,0.415196,0.427743,0.121040,0.080000,0.483455,0.050042,0.800000
2025-01-08,0.165278,0.043167,0.027411,0.203453,0.016535,0.415196,0.418399,0.123992,0.080000,0.494601,0.048790,0.800000
2025-01-09,0.168830,0.042314,0.027411,0.209174,0.016136,0.415196,0.425792,0.121645,0.080000,0.505413,0.047632,0.800000
2025-01-10,0.170090,0.042020,0.027411,0.187241,0.017812,0.415196,0.428398,0.120838,0.080000,0.463111,0.052490,0.800000
2025-01-13,0.152714,0.046541,0.027411,0.192717,0.017355,0.415196,0.391739,0.133225,0.080000,0.473888,0.051165,0.800000
2025-01-14,0.162524,0.043857,0.027411,0.198098,0.016932,0.415196,0.412623,0.125886,0.080000,0.484339,0.049940,0.800000
2025-01-15,0.189273,0.038082,0.027411,0.186196,0.017903,0.415196,0.467126,0.109951,0.080000,0.461036,0.052753,0.800000
2025-01-16,0.185516,0.038783,0.027411,0.179358,0.018525,0.415196,0.459685,0.111894,0.080000,0.447336,0.054551,0.800000
2025-01-17,0.220627,0.033253,0.027411,0.162457,0.020308,0.374518,0.526592,0.096478,0.080000,0.412481,0.059696,0.755294
2025-01-21,0.226159,0.032554,0.027411,0.141563,0.023161,0.293463,0.536600,0.094517,0.080000,0.367407,0.067887,0.647301
2025-01-22,0.243063,0.030636,0.027411,0.149199,0.022018,0.320959,0.566310,0.089121,0.080000,0.384137,0.064610,0.686897
2025-01-23,0.245632,0.030370,0.027411,0.163711,0.020162,0.380054,0.570712,0.088371,0.080000,0.415117,0.059275,0.761734
2025-01-27,0.211444,0.034503,0.027411,0.159912,0.020613,0.363560,0.509660,0.099980,0.080000,0.407109,0.060572,0.742206
2025-01-28,0.209413,0.034797,0.027411,0.158111,0.020834,0.356018,0.505860,0.100800,0.080000,0.403288,0.061210,0.732932
2025-01-29,0.201673,0.035973,0.027411,0.150274,0.021867,0.325007,0.491206,0.104085,0.080000,0.386469,0.064177,0.692463
2025-01-30,0.202710,0.035810,0.027411,0.148807,0.022073,0.319496,0.493186,0.103629,0.080000,0.383286,0.064769,0.684868
2025-01-31,0.188601,0.038205,0.027411,0.153322,0.021452,0.336741,0.465800,0.110293,0.080000,0.393048,0.062984,0.708224
2025-02-03,0.166700,0.042821,0.027411,0.129940,0.025184,0.255207,0.421366,0.123040,0.080000,0.341361,0.073666,0.586851
2025-02-04,0.178430,0.040193,0.027411,0.137021,0.023908,0.278039,0.445460,0.115798,0.080000,0.357311,0.070021,0.623695
2025-02-05,0.173481,0.041254,0.027411,0.123571,0.026469,0.235791,0.435377,0.118726,0.080000,0.326790,0.077325,0.553691
2025-02-06,0.170964,0.041820,0.027411,0.118263,0.027656,0.220342,0.430203,0.120285,0.080000,0.314486,0.080693,0.526071
2025-02-07,0.167522,0.042623,0.027411,0.109126,0.029994,0.195133,0.423076,0.122497,0.080000,0.292951,0.087310,0.478598
2025-02-10,0.168552,0.042379,0.027411,0.114909,0.028467,0.210892,0.425216,0.121825,0.080000,0.306633,0.082993,0.508629
2025-02-11,0.175493,0.040815,0.027411,0.118717,0.027550,0.221639,0.439490,0.117515,0.080000,0.315544,0.080393,0.528433
2025-02-12,0.194400,0.037174,0.027411,0.120321,0.027182,0.226256,0.477173,0.107428,0.080000,0.319273,0.079350,0.536776
2025-02-13,0.192756,0.037460,0.027411,0.108948,0.030044,0.194658,0.473965,0.108222,0.080000,0.292527,0.087451,0.477675
2025-02-14,0.209162,0.034833,0.027411,0.108457,0.030182,0.193354,0.505390,0.100902,0.080000,0.291359,0.087841,0.475133
2025-02-19,0.197193,0.036701,0.027411,0.115505,0.028319,0.212552,0.482592,0.106113,0.080000,0.308031,0.082574,0.511724
2025-02-20,0.191330,0.037711,0.027411,0.108666,0.030123,0.193907,0.471173,0.108922,0.080000,0.291856,0.087675,0.476213
2025-02-21,0.155033,0.045873,0.027411,0.110227,0.029690,0.198082,0.396720,0.131401,0.080000,0.295569,0.086451,0.484309
2025-02-24,0.154196,0.046111,0.027411,0.118282,0.027651,0.220394,0.394926,0.132053,0.080000,0.314529,0.080681,0.526168
2025-02-25,0.124074,0.057110,0.027411,0.109151,0.029987,0.195199,0.327950,0.161731,0.080000,0.293011,0.087291,0.478727
2025-02-26,0.128222,0.055253,0.027411,0.102754,0.031895,0.178502,0.337452,0.156769,0.080000,0.277671,0.092665,0.445605
2025-02-27,0.122082,0.058052,0.027411,0.106244,0.030823,0.187519,0.323353,0.164241,0.080000,0.286067,0.089648,0.463660
2025-02-28,0.099068,0.072059,0.027411,0.111922,0.029234,0.202671,0.268733,0.200975,0.080000,0.299589,0.085163,0.493112
2025-03-03,0.087150,0.082664,0.027411,0.101436,0.032320,0.175155,0.239328,0.228058,0.080000,0.274485,0.093861,0.438801
2025-03-04,0.082107,0.088225,0.027411,0.113100,0.028926,0.205891,0.226649,0.242010,0.080000,0.302372,0.084293,0.499228
2025-03-05,0.101847,0.069988,0.027411,0.119145,0.027451,0.222864,0.275478,0.195612,0.080000,0.316539,0.080112,0.530656
2025-03-06,0.085474,0.084429,0.027411,0.127877,0.025585,0.248809,0.235130,0.232503,0.080000,0.336665,0.074809,0.576112
2025-03-07,0.083711,0.086372,0.027411,0.127061,0.025748,0.246308,0.230698,0.237380,0.080000,0.334802,0.075271,0.571865
2025-03-10,0.079484,0.121898,0.027411,0.126277,0.025906,0.243920,0.220000,0.322928,0.080000,0.333007,0.075722,0.567782
2025-03-11,0.079484,0.153723,0.027411,0.127884,0.025584,0.248831,0.220000,0.393910,0.080000,0.336681,0.074805,0.576149
2025-03-12,0.079484,0.165639,0.027411,0.120027,0.027249,0.225406,0.220000,0.419153,0.080000,0.318591,0.079539,0.535247
2025-03-13,0.079484,0.233751,0.036720,0.123965,0.026386,0.236966,0.220000,0.550106,0.106166,0.327699,0.077086,0.555746
2025-03-14,0.079484,0.159244,0.027411,0.114300,0.028620,0.209200,0.220000,0.405694,0.080000,0.305200,0.083426,0.505462
2025-03-17,0.079484,0.137485,0.027411,0.105751,0.030970,0.186234,0.220000,0.358347,0.080000,0.284886,0.090061,0.461111
2025-03-19,0.079484,0.126055,0.027411,0.106852,0.030644,0.189112,0.220000,0.332498,0.080000,0.287523,0.089144,0.466810
2025-03-20,0.079484,0.122833,0.027411,0.112541,0.029072,0.204360,0.220000,0.325088,0.080000,0.301053,0.084704,0.496326
2025-03-21,0.079484,0.136255,0.027411,0.116304,0.028123,0.214792,0.220000,0.355598,0.080000,0.309905,0.082020,0.515879
2025-03-24,0.079484,0.100122,0.027411,0.113551,0.028810,0.207132,0.220000,0.271297,0.080000,0.303436,0.083965,0.501572
2025-03-25,0.079484,0.105505,0.027411,0.124227,0.026330,0.237748,0.220000,0.284295,0.080000,0.328302,0.076929,0.557110
2025-03-26,0.079484,0.126365,0.027411,0.128333,0.025495,0.250214,0.220000,0.333208,0.080000,0.337705,0.074553,0.578487
2025-03-27,0.079484,0.140454,0.027411,0.137803,0.023775,0.280648,0.220000,0.364952,0.080000,0.359056,0.069643,0.627759
2025-03-28,0.079484,0.217459,0.033723,0.129170,0.025332,0.252805,0.220000,0.520795,0.097795,0.339610,0.074088,0.582841
2025-03-31,0.079484,0.292209,0.047163,0.118983,0.027488,0.222400,0.220000,0.645419,0.134920,0.316163,0.080218,0.529816
2025-04-01,0.079484,0.283925,0.045722,0.109748,0.029821,0.196797,0.220000,0.632823,0.130990,0.294432,0.086823,0.481826
2025-04-02,0.079484,0.222289,0.034614,0.107219,0.030537,0.190078,0.220000,0.529613,0.100289,0.288401,0.088842,0.468712
2025-04-03,0.079484,0.415196,0.202852,0.119545,0.027359,0.224015,0.220000,0.800000,0.493456,0.317470,0.079851,0.532738
2025-04-04,0.079484,0.415196,0.263194,0.114498,0.028570,0.209750,0.220000,0.800000,0.600000,0.305666,0.083284,0.506493
2025-04-07,0.079484,0.415196,0.263194,0.135302,0.024204,0.272367,0.220000,0.800000,0.600000,0.353463,0.070869,0.614754
2025-04-08,0.079484,0.415196,0.263194,0.173448,0.019105,0.415196,0.220000,0.800000,0.600000,0.435308,0.056228,0.800000
2025-04-09,0.079484,0.415196,0.263194,0.135480,0.024173,0.272950,0.220000,0.800000,0.600000,0.353862,0.070780,0.615680
2025-04-10,0.079484,0.415196,0.263194,0.173168,0.019134,0.415196,0.220000,0.800000,0.600000,0.434736,0.056310,0.800000
2025-04-11,0.079484,0.415196,0.263194,0.158078,0.020838,0.355881,0.220000,0.800000,0.600000,0.403218,0.061222,0.732762
2025-04-14,0.079484,0.415196,0.203607,0.162657,0.020285,0.375396,0.220000,0.800000,0.494895,0.412903,0.059628,0.756324
2025-04-15,0.079484,0.415196,0.165048,0.151939,0.021638,0.331368,0.220000,0.800000,0.417917,0.390069,0.063519,0.701075
2025-04-16,0.079484,0.415196,0.162042,0.153532,0.021424,0.337563,0.220000,0.800000,0.411607,0.393499,0.062904,0.709307
2025-04-17,0.079484,0.415196,0.112722,0.155076,0.021221,0.343674,0.220000,0.800000,0.301479,0.396811,0.062321,0.717279
2025-04-21,0.079484,0.415196,0.138078,0.201915,0.016647,0.415196,0.220000,0.800000,0.359669,0.491667,0.049114,0.800000
2025-04-22,0.079484,0.415196,0.099613,0.190806,0.017511,0.415196,0.220000,0.800000,0.270060,0.470143,0.051618,0.800000
2025-04-23,0.079484,0.377096,0.060909,0.167444,0.019741,0.397118,0.220000,0.758307,0.171824,0.422915,0.058062,0.780873
2025-04-24,0.079484,0.324544,0.052632,0.153607,0.021414,0.337859,0.220000,0.691829,0.149732,0.393661,0.062875,0.709697
2025-04-25,0.079484,0.271658,0.043562,0.152284,0.021591,0.332698,0.220000,0.613627,0.125075,0.390811,0.063385,0.702856
2025-04-28,0.079484,0.287004,0.046259,0.153831,0.021384,0.338737,0.220000,0.637539,0.132457,0.394140,0.062790,0.710850
2025-04-29,0.079484,0.315237,0.051085,0.146963,0.022339,0.312686,0.220000,0.678914,0.145558,0.379268,0.065532,0.675313
2025-04-30,0.079484,0.415196,0.074404,0.154220,0.021333,0.340272,0.220000,0.800000,0.207015,0.394976,0.062643,0.712859
2025-05-01,0.079484,0.371026,0.059996,0.147330,0.022286,0.314032,0.220000,0.751172,0.169404,0.380069,0.065379,0.677216
2025-05-02,0.079484,0.258164,0.041153,0.133394,0.024543,0.266169,0.220000,0.591753,0.118447,0.349173,0.071837,0.604826
2025-05-05,0.079484,0.244933,0.038761,0.140142,0.023389,0.288566,0.220000,0.569516,0.111834,0.364259,0.068539,0.639916
2025-05-06,0.079484,0.258001,0.041123,0.136750,0.023954,0.277139,0.220000,0.591482,0.118366,0.356705,0.070154,0.622285
2025-05-07,0.079484,0.258032,0.041129,0.126333,0.025895,0.244091,0.220000,0.591534,0.118382,0.333136,0.075690,0.568075
2025-05-08,0.079484,0.193815,0.029339,0.123462,0.026492,0.235469,0.220000,0.476032,0.085461,0.326539,0.077391,0.553126
2025-05-09,0.079484,0.196397,0.029819,0.127518,0.025657,0.247705,0.220000,0.481052,0.086817,0.335844,0.075012,0.574240
2025-05-12,0.079484,0.116459,0.027411,0.122386,0.026724,0.232287,0.220000,0.310267,0.080000,0.324055,0.078050,0.547523
2025-05-13,0.079484,0.099690,0.027411,0.121951,0.026819,0.231009,0.220000,0.270246,0.080000,0.323050,0.078320,0.545260
2025-05-14,0.079484,0.097062,0.027411,0.123754,0.026430,0.236336,0.220000,0.263839,0.080000,0.327211,0.077214,0.554644
2025-05-15,0.079484,0.109066,0.027411,0.125510,0.026063,0.241598,0.220000,0.292810,0.080000,0.331248,0.076169,0.563787
2025-05-16,0.079484,0.101810,0.027411,0.115992,0.028199,0.213916,0.220000,0.275391,0.080000,0.309174,0.082235,0.514257
2025-05-19,0.079484,0.102448,0.027411,0.124400,0.026294,0.238263,0.220000,0.276933,0.080000,0.328698,0.076826,0.558007
2025-05-20,0.079484,0.094801,0.027411,0.128559,0.025451,0.250911,0.220000,0.258293,0.080000,0.338219,0.074427,0.579661
2025-05-21,0.079484,0.102199,0.027411,0.146178,0.022455,0.309828,0.220000,0.276331,0.080000,0.377553,0.065863,0.671245
2025-05-22,0.079484,0.112121,0.027411,0.134734,0.024304,0.270512,0.220000,0.300058,0.080000,0.352188,0.071154,0.611801
2025-05-23,0.079484,0.124139,0.027411,0.126725,0.025815,0.245283,0.220000,0.328099,0.080000,0.334033,0.075464,0.570116
2025-05-27,0.079484,0.101048,0.027411,0.126387,0.025884,0.244255,0.220000,0.273543,0.080000,0.333260,0.075659,0.568356
2025-05-28,0.079484,0.096789,0.027411,0.125895,0.025984,0.242761,0.220000,0.263168,0.080000,0.332131,0.075944,0.565791
2025-05-29,0.079484,0.095999,0.027411,0.125459,0.026074,0.241444,0.220000,0.261235,0.080000,0.331131,0.076199,0.563521
2025-05-30,0.079484,0.106963,0.027411,0.127548,0.025651,0.247798,0.220000,0.287789,0.080000,0.335913,0.074995,0.574398
2025-06-02,0.079484,0.103486,0.027411,0.127445,0.025671,0.247482,0.220000,0.279439,0.080000,0.335678,0.075053,0.573862
2025-06-03,0.080198,0.090540,0.027411,0.122199,0.026765,0.231739,0.221814,0.247770,0.080000,0.323625,0.078165,0.546554
2025-06-04,0.079484,0.093640,0.027411,0.121990,0.026811,0.231124,0.220000,0.255436,0.080000,0.323141,0.078295,0.545463
2025-06-05,0.080640,0.089992,0.027411,0.116756,0.028014,0.216066,0.222937,0.246409,0.080000,0.310964,0.081709,0.518231
2025-06-06,0.091646,0.078295,0.027411,0.114216,0.028641,0.208969,0.250510,0.216976,0.080000,0.305003,0.083486,0.505028
2025-06-09,0.089488,0.080330,0.027411,0.116378,0.028105,0.215000,0.245157,0.222149,0.080000,0.310078,0.081969,0.516264
2025-06-10,0.089371,0.080443,0.027411,0.111543,0.029335,0.201639,0.244865,0.222437,0.080000,0.298691,0.085448,0.491141
2025-06-11,0.089254,0.080557,0.027411,0.113680,0.028777,0.207486,0.244575,0.222726,0.080000,0.303739,0.083872,0.502239
2025-06-12,0.083254,0.086892,0.027411,0.111087,0.029457,0.200402,0.229546,0.238680,0.080000,0.297610,0.085793,0.488772
2025-06-13,0.082552,0.087702,0.027411,0.108585,0.030146,0.193692,0.227774,0.240707,0.080000,0.291663,0.087739,0.475793
2025-06-16,0.090286,0.079564,0.027411,0.117996,0.027718,0.219580,0.247140,0.220205,0.080000,0.313862,0.080872,0.524680
2025-06-17,0.082966,0.087222,0.027411,0.107979,0.030318,0.192086,0.228819,0.239507,0.080000,0.290219,0.088224,0.472654
2025-06-18,0.083510,0.086600,0.027411,0.105380,0.031081,0.185266,0.230190,0.237952,0.080000,0.283994,0.090375,0.459187
2025-06-20,0.085238,0.084684,0.027411,0.114686,0.028523,0.210271,0.234536,0.233146,0.080000,0.306107,0.083151,0.507468
2025-06-24,0.089630,0.080193,0.027411,0.133240,0.024571,0.265675,0.245509,0.221801,0.080000,0.348827,0.071916,0.604028
2025-06-25,0.090893,0.078992,0.027411,0.132910,0.024631,0.264614,0.248647,0.218750,0.080000,0.348082,0.072087,0.602308
2025-06-26,0.088005,0.081794,0.027411,0.135605,0.024151,0.273360,0.241462,0.225859,0.080000,0.354142,0.070718,0.616330
2025-06-27,0.092098,0.077882,0.027411,0.135309,0.024203,0.272390,0.251629,0.215923,0.080000,0.353479,0.070865,0.614792
2025-07-01,0.113326,0.062631,0.027411,0.111893,0.029242,0.202592,0.302906,0.176372,0.080000,0.299521,0.085185,0.492961
2025-07-02,0.119525,0.059312,0.027411,0.122310,0.026741,0.232063,0.317424,0.167590,0.080000,0.323880,0.078097,0.547127
2025-07-03,0.139975,0.050651,0.027411,0.108598,0.030142,0.193728,0.363888,0.144387,0.080000,0.291695,0.087728,0.475864
2025-07-07,0.128337,0.055204,0.027411,0.116280,0.028129,0.214725,0.337714,0.156637,0.080000,0.309849,0.082036,0.515755
2025-07-08,0.118306,0.059934,0.027411,0.121647,0.026886,0.230120,0.314585,0.169241,0.080000,0.322348,0.078509,0.543680
2025-07-09,0.112611,0.063041,0.027411,0.110216,0.029693,0.198054,0.301218,0.177450,0.080000,0.295544,0.086460,0.484254
2025-07-10,0.114140,0.062173,0.027411,0.112495,0.029084,0.204233,0.304823,0.175162,0.080000,0.300943,0.084738,0.496085
2025-07-11,0.109619,0.064819,0.027411,0.123423,0.026501,0.235352,0.294125,0.182124,0.080000,0.326448,0.077415,0.552920
2025-07-14,0.114647,0.061891,0.027411,0.122893,0.026615,0.233782,0.306015,0.174418,0.080000,0.325226,0.077738,0.550162
2025-07-15,0.118062,0.060060,0.027411,0.128598,0.025444,0.251032,0.314015,0.169576,0.080000,0.338308,0.074405,0.579865
2025-07-16,0.113325,0.062632,0.027411,0.138107,0.023724,0.281669,0.302902,0.176374,0.080000,0.359735,0.069497,0.629342
2025-07-17,0.124995,0.056686,0.027411,0.130850,0.025012,0.258064,0.330067,0.160599,0.080000,0.343424,0.073174,0.591587
2025-07-21,0.126013,0.056225,0.027411,0.120494,0.027143,0.226759,0.332401,0.159370,0.080000,0.319676,0.079239,0.537678
2025-07-22,0.120603,0.058773,0.027411,0.116976,0.027961,0.216686,0.319928,0.166160,0.080000,0.311478,0.081560,0.519374
2025-07-23,0.135483,0.052305,0.027411,0.116527,0.028069,0.215420,0.353870,0.148852,0.080000,0.310427,0.081866,0.517039
2025-07-24,0.136008,0.052106,0.027411,0.116058,0.028183,0.214101,0.355044,0.148315,0.080000,0.309329,0.082189,0.514600
2025-07-25,0.137774,0.051447,0.027411,0.107120,0.030566,0.189818,0.358991,0.146536,0.080000,0.288165,0.088923,0.468200
2025-07-28,0.139378,0.050864,0.027411,0.112235,0.029152,0.203524,0.362564,0.144962,0.080000,0.300329,0.084930,0.494736
2025-07-29,0.130017,0.054490,0.027411,0.103664,0.031608,0.180833,0.341536,0.154725,0.080000,0.279867,0.091858,0.450310
2025-07-30,0.130675,0.054217,0.027411,0.093405,0.035200,0.155383,0.343028,0.153991,0.080000,0.254856,0.101927,0.397469
2025-07-31,0.128918,0.054955,0.027411,0.090788,0.036259,0.149168,0.339036,0.155970,0.080000,0.248385,0.104881,0.384071
2025-08-01,0.094327,0.075914,0.027411,0.120214,0.027206,0.225947,0.257127,0.210892,0.080000,0.319025,0.079419,0.536220
2025-08-05,0.105357,0.067547,0.027411,0.107686,0.030402,0.191309,0.283941,0.189261,0.080000,0.289517,0.088462,0.471132
2025-08-06,0.108553,0.065478,0.027411,0.116539,0.028066,0.215455,0.291588,0.183853,0.080000,0.310457,0.081858,0.517104
2025-08-07,0.114485,0.061980,0.027411,0.110221,0.029692,0.198066,0.305634,0.174655,0.080000,0.295555,0.086456,0.484278
2025-08-08,0.115015,0.061688,0.027411,0.109971,0.029760,0.197394,0.306880,0.173882,0.080000,0.294961,0.086650,0.482980
2025-08-11,0.114660,0.061883,0.027411,0.109735,0.029825,0.196761,0.306048,0.174397,0.080000,0.294400,0.086833,0.481756
2025-08-12,0.119062,0.059546,0.027411,0.129404,0.025287,0.253534,0.316346,0.168213,0.080000,0.340142,0.073959,0.584060
2025-08-13,0.125613,0.056405,0.027411,0.128973,0.025370,0.252195,0.331486,0.159850,0.080000,0.339163,0.074197,0.581819
2025-08-14,0.130403,0.054329,0.027411,0.121244,0.026976,0.228940,0.342412,0.154293,0.080000,0.321413,0.078763,0.541578
2025-08-15,0.139926,0.050669,0.027411,0.131428,0.024904,0.259890,0.363779,0.144434,0.080000,0.344733,0.072866,0.594595
2025-08-18,0.139250,0.050910,0.027411,0.127056,0.025749,0.246291,0.362278,0.145087,0.080000,0.334789,0.075275,0.571835
2025-08-19,0.131941,0.053699,0.027411,0.119439,0.027383,0.223711,0.345894,0.152600,0.080000,0.317225,0.079920,0.532189
2025-08-20,0.123157,0.057539,0.027411,0.119027,0.027478,0.222525,0.325835,0.162876,0.080000,0.316265,0.080189,0.530042
2025-08-21,0.121738,0.058217,0.027411,0.115317,0.028366,0.212028,0.322559,0.164682,0.080000,0.307590,0.082706,0.510748
2025-08-22,0.128207,0.055259,0.027411,0.128846,0.025395,0.251802,0.337418,0.156786,0.080000,0.338874,0.074267,0.581158
2025-08-25,0.140730,0.050384,0.027411,0.117645,0.027801,0.218581,0.365562,0.143665,0.080000,0.313042,0.081107,0.522853
2025-08-26,0.133223,0.053185,0.027411,0.156956,0.020979,0.351269,0.348789,0.151219,0.080000,0.400829,0.061627,0.726980
2025-08-27,0.132646,0.053415,0.027411,0.155574,0.021156,0.345669,0.347486,0.151837,0.080000,0.397877,0.062136,0.719849
2025-08-28,0.130904,0.054122,0.027411,0.133304,0.024559,0.265881,0.343547,0.153737,0.080000,0.348971,0.071883,0.604361
2025-08-29,0.119294,0.059429,0.027411,0.148976,0.022049,0.320126,0.316886,0.167901,0.080000,0.383653,0.064700,0.685743
2025-09-02,0.102239,0.069706,0.027411,0.139246,0.023535,0.285513,0.276428,0.194879,0.080000,0.362269,0.068957,0.635261
2025-09-03,0.108658,0.065413,0.027411,0.134311,0.024379,0.269136,0.291837,0.183682,0.080000,0.351238,0.071368,0.609600
2025-09-04,0.119402,0.059374,0.027411,0.122330,0.026737,0.232124,0.317137,0.167755,0.080000,0.323927,0.078084,0.547235
2025-09-05,0.119960,0.059093,0.027411,0.125277,0.026111,0.240895,0.318436,0.167009,0.080000,0.330713,0.076306,0.562573
2025-09-08,0.114823,0.061793,0.027411,0.114179,0.028650,0.208866,0.306430,0.174160,0.080000,0.304915,0.083512,0.504834
2025-09-09,0.111822,0.063499,0.027411,0.107278,0.030520,0.190233,0.299352,0.178657,0.080000,0.288542,0.088794,0.469018
2025-09-10,0.118021,0.060082,0.027411,0.095344,0.034456,0.160058,0.313920,0.169632,0.080000,0.259626,0.099848,0.407419
2025-09-11,0.127580,0.055532,0.027411,0.092400,0.035599,0.152983,0.335985,0.157516,0.080000,0.252375,0.103041,0.392317
2025-09-12,0.130365,0.054345,0.027411,0.094762,0.034676,0.158648,0.342324,0.154337,0.080000,0.258196,0.100463,0.404430
2025-09-15,0.143447,0.049451,0.027411,0.097142,0.033796,0.164449,0.371561,0.141137,0.080000,0.264032,0.097999,0.416663
2025-09-16,0.133673,0.053007,0.027411,0.102439,0.031995,0.177701,0.349803,0.150741,0.080000,0.276911,0.092948,0.443981
2025-09-17,0.133184,0.053200,0.027411,0.104979,0.031202,0.184228,0.348701,0.151260,0.080000,0.283033,0.090716,0.457116
2025-09-18,0.146399,0.048479,0.027411,0.104551,0.031333,0.183119,0.378038,0.138501,0.080000,0.282003,0.091085,0.454899
2025-09-19,0.149483,0.047510,0.027411,0.113475,0.028830,0.206923,0.384754,0.135866,0.080000,0.303257,0.084020,0.501177
2025-09-22,0.152491,0.046606,0.027411,0.103617,0.031622,0.180714,0.391259,0.133404,0.080000,0.279755,0.091898,0.450071
2025-09-23,0.144501,0.049099,0.027411,0.119320,0.027410,0.223366,0.373878,0.140183,0.080000,0.316946,0.079998,0.531566
2025-09-24,0.145166,0.048880,0.027411,0.118845,0.027520,0.222005,0.375339,0.139588,0.080000,0.315842,0.080308,0.529098
2025-09-25,0.133317,0.053148,0.027411,0.102316,0.032035,0.177388,0.349000,0.151119,0.080000,0.276614,0.093058,0.443346
2025-09-26,0.138491,0.051185,0.027411,0.111278,0.029406,0.200920,0.360589,0.145828,0.080000,0.298063,0.085648,0.489764
2025-10-01,0.126730,0.055906,0.027411,0.110205,0.029696,0.198025,0.334043,0.158515,0.080000,0.295519,0.086468,0.484198
2025-10-02,0.130604,0.054246,0.027411,0.103514,0.031654,0.180449,0.342869,0.154069,0.080000,0.279506,0.091989,0.449537
2025-10-03,0.131361,0.053935,0.027411,0.103146,0.031770,0.179505,0.344582,0.153234,0.080000,0.278618,0.092315,0.447633
2025-10-06,0.139767,0.050725,0.027411,0.112311,0.029132,0.203731,0.363428,0.144586,0.080000,0.300508,0.084874,0.495129
2025-10-07,0.128669,0.055061,0.027411,0.108540,0.030159,0.193572,0.338470,0.156255,0.080000,0.291555,0.087775,0.475559
2025-10-08,0.126347,0.056076,0.027411,0.101842,0.032188,0.176182,0.333166,0.158970,0.080000,0.275466,0.093489,0.440894
2025-10-09,0.108624,0.065434,0.027411,0.098491,0.033317,0.167778,0.291756,0.183738,0.080000,0.267326,0.096658,0.423609
2025-10-10,0.080576,0.090071,0.027411,0.095273,0.034483,0.159887,0.222774,0.246606,0.080000,0.259453,0.099922,0.407057
2025-10-14,0.084969,0.084976,0.027411,0.100562,0.032609,0.172950,0.233862,0.233879,0.080000,0.272365,0.094673,0.434289
2025-10-15,0.105234,0.067629,0.027411,0.100185,0.032736,0.172004,0.283645,0.189476,0.080000,0.271450,0.095028,0.432344
2025-10-16,0.092330,0.077672,0.027411,0.109238,0.029963,0.195433,0.252203,0.215387,0.080000,0.293219,0.087222,0.479181
2025-10-17,0.092342,0.077662,0.027411,0.102412,0.032004,0.177632,0.252231,0.215361,0.080000,0.276846,0.092972,0.443842
2025-10-20,0.098867,0.072214,0.027411,0.096078,0.034183,0.161846,0.268244,0.201375,0.080000,0.261429,0.099084,0.411195
2025-10-21,0.100344,0.071092,0.027411,0.092904,0.035398,0.154186,0.271835,0.198474,0.080000,0.253621,0.102478,0.394903
